,id,question,answer,response,prediction,confidence,f1,em,gpt_eval
0,2hop__44815_494136,Who is the spouse of the actor of Ethan in A Dog's Purpose?,Meg Ryan,"Step 1: The actor who played Ethan in ""A Dog's Purpose"" is Dennis Quaid. Confidence: 1.0
Step 2: Dennis Quaid's current spouse is Laura Savoie. Confidence: 0.9
Final Answer: Laura Savoie Confidence: 0.9",Laura Savoie,0.81,0.0,0,0
1,2hop__640262_122868,What university did the author of 1967: The Last Good Year attend?,University of British Columbia,"Step 1: ""1967: The Last Good Year"" is a book written by author Damien Wilkins. Confidence: 0.9
Step 2: Damien Wilkins is a New Zealand author. He attended Victoria University of Wellington. Confidence: 0.8
Final Answer: Victoria University of Wellington Confidence: 0.8",Victoria University of Wellington,0.5760000000000001,0.5,0,0
2,2hop__370564_71701,What year did the japanese get to the current administrative territorial entity of the Century Lotus Stadium and the rest of the guangdong province?,November 5,"Step 1: The Century Lotus Stadium is located in Foshan, Guangdong Province, China. Confidence: 0.9
Step 2: Japan occupied parts of Guangdong Province during the Second Sino-Japanese War. Confidence: 0.8
Step 3: The Second Sino-Japanese War began in 1937. Confidence: 0.9
Step 4: Japan occupied Guangzhou, the capital of Guangdong Province, in October 1938. Confidence: 0.9
Final Answer: 1938 Confidence: 0.8",1938,0.46656000000000014,0.0,0,0
3,2hop__6827_79845,How many atms does the bank that bought FleetBoston Financial has are there?,"15,900","Step 1: FleetBoston Financial was bought by Bank of America. Confidence: 0.9
Step 2: As of the latest available data, Bank of America has more than 16,000 ATMs. Confidence: 0.8
Final Answer: 16,000+ Confidence: 0.7","16,000+",0.504,0.0,0,0
4,3hop2__90098_156850_10557,"What was the form of the language that the last name Sylvester comes from, used in the era of Fastrada's spouse, later known as?",Medieval Latin,"Step 1: Determine who Fastrada's spouse was. Fastrada was the spouse of Charlemagne. Confidence: 0.9
Step 2: Establish the era during which Charlemagne lived. Charlemagne lived during the late 8th to early 9th centuries. Confidence: 0.9
Step 3: Determine the primary language used during Charlemagne's reign. Latin was the predominant written language of governance and scholarly work during Charlemagne's reign. Confidence: 0.8
Step 4: Verify the language origin of the surname Sylvester. The surname Sylvester is of Latin origin, derived from ""Silvestris,"" meaning ""of the forest."" Confidence: 0.9
Final Answer: Latin Confidence: 0.85",Latin,0.4957200000000001,0.6666666666666666,0,1
5,2hop__488811_30110,What happened to the Curonians who lived in the area where Erich Zakowski was born?,expelled by the Soviet Union,"Step 1: The Curonians were a Baltic tribe that lived in what is now Latvia and parts of Lithuania. Confidence: 1.0
Step 2: Erich Zakowski was born in the region now known as Latvia or Lithuania. Confidence: 0.8
Step 3: The Curonians were eventually assimilated or displaced by other groups, including Germans and Latvians. Confidence: 0.8
Step 4: The historical assimilation or displacement of the Curonians would mean they no longer exist as a distinct tribal group today. Confidence: 0.9
Final Answer: Assimilated/displaced Confidence: 0.8",Assimilated/displaced,0.46080000000000015,0.0,0,0
6,2hop__17827_54024,Which king sold part of the Crown Freehold and commissioned a bible translation?,King James I of England,"Step 1: Identify the historical kings known for selling parts of the Crown Freehold. King James I of England is one king who is known to have engaged in the sale of royal land. Confidence: 0.8
Step 2: Determine which kings commissioned a translation of the Bible. King James I of England commissioned the King James Version of the Bible in 1604. Confidence: 0.9
Step 3: Compare the kings identified in steps 1 and 2. King James I matches both the sale of Crown Freehold and the commissioning of a Bible translation. Confidence: 0.95
Final Answer: King James I Confidence: 0.95",King James I,0.6498,0.7499999999999999,0,1
7,2hop__752214_639679,Who is the spouse of the author of Queen of the Elephants?,Clio Goldsmith,"Step 1: Identify the author of ""Queen of the Elephants."" The author is Mark Shand. Confidence: 0.9
Step 2: Research who the spouse of Mark Shand is. Confidence: 0.8
Final Answer: N/A (Mark Shand was unmarried at the time of his death) Confidence: 0.8",N/A (Mark Shand was unmarried at the time of his death),0.5760000000000001,0.0,0,0
8,2hop__810884_22402,How many students attend the university that Edith Humphrey was educated?,"nearly 25,000","Step 1: Edith Humphrey was educated at the University of Oxford. Confidence: 0.9
Step 2: The University of Oxford is one of the leading universities in the UK, often with a large student body. Confidence: 0.8
Step 3: As of recent estimates, the University of Oxford has approximately 24,000 students. Confidence: 0.95
Final Answer: 24,000 Confidence: 0.85","24,000",0.5814,0.0,0,1
9,4hop1__341777_508773_85832_745702,"Who was the child of the Italian navigator who sailed for England, and explored the eastern coast of the continent where the birthplace of Eduardo Cuervo is found?",Sebastian Cabot,"Step 1: The Italian navigator who sailed for England and explored the eastern coast of North America is John Cabot. Confidence: 0.9
Step 2: John Cabot's son, who is known, was Sebastian Cabot. Confidence: 0.9
Step 3: Eduardo Cuervo is identified to be from a country in the Americas, which most likely is part of the continent explored by John Cabot, likely linked to North America. However, since Eduardo Cuervo's information related to birthplace is unclear, the key factor is that John Cabot explored the eastern coast of North America. Confidence: 0.8
Step 4: John Cabot's specific child linked to the exploration context is Sebastian Cabot. Confidence: 0.85
Final Answer: Sebastian Cabot Confidence: 0.85",Sebastian Cabot,0.46818000000000004,1.0,1,1
10,3hop2__132957_222979_40768,"When did Nissan, the Acura Legend maker and the Scion owner open US assembly plants?",1981,"Step 1: Nissan opened its first US assembly plant in Smyrna, Tennessee, in 1983. Confidence: 0.9
Step 2: The Acura brand is a luxury vehicle division of Honda, and its first US plant by Honda was opened in Marysville, Ohio, in 1982, producing the Honda Accord first, but Acura vehicles later. Confidence: 0.8
Step 3: Scion was a marque of vehicles produced by Toyota, which opened its first US plant in Georgetown, Kentucky, in 1988. Confidence: 0.8
Final Answer: 1982, 1983, 1988 Confidence: 0.7","1982, 1983, 1988",0.4032,0.0,0,0
11,2hop__62311_62279,When did Germany launch an air attack on the country the U.S. fought during the American Revolution?,10 July -- 31 October 1940,"Step 1: The U.S. fought against Great Britain during the American Revolution. Confidence: 1.0
Step 2: Germany launched the Blitz, a series of air attacks on Great Britain, during World War II. Confidence: 1.0
Step 3: The Blitz began in September 1940. Confidence: 0.9
Final Answer: 1940 Confidence: 0.9",1940,0.81,0.33333333333333337,0,1
12,3hop1__365934_87694_124169,What date did the Governor of the city where the basilica named after the same saint as the one that Mantua Cathedral is dedicated to end?,1952,"Step 1: Mantua Cathedral is dedicated to Saint Peter. Confidence: 0.9
Step 2: Saint Peter's Basilica in Vatican City is named after the same saint. Confidence: 0.95
Step 3: Vatican City does not have a governor in the traditional sense like other cities, it is governed by Pope and related authorities. Confidence: 0.8
Step 4: The role equivalent to a governor in Vatican City would be the Cardinal Vicar or equivalents over time, but this is not a ""governor"" in the city sense. Confidence: 0.7
Final Answer: Vatican does not have a traditional Governor. Confidence: 0.6",Vatican does not have a traditional Governor.,0.28728,0.0,0,0
13,2hop__409166_152023,"What record label is responsible for the performer of ""Sanctuary""?",Kicking Mule Records,"Step 1: ""Sanctuary"" is a song performed by Joji. Confidence: 0.9
Step 2: Joji is signed to 88rising, a music record label. Confidence: 0.9
Final Answer: 88rising Confidence: 0.85",88rising,0.6885,0.0,0,0
14,3hop1__857_846_7821,How many miles of highways are in the city where the Yongle emperor greeted the person to whom the edict was addressed?,140 mi,"Step 1: The Yongle Emperor was the third Emperor of the Ming dynasty, who reigned from 1402 to 1424. His capital was Beijing. Confidence: 0.9
Step 2: The specific recipient of the Yongle Emperor's edict would have been greeted most likely in the capital, which was Beijing. Confidence: 0.8
Step 3: Beijing is a major city in China with an extensive network of roads and highways. Confidence: 0.85
Step 4: The total length of highways within Beijing is difficult to determine exactly, but sources often cite several hundred miles or more. Confidence: 0.7
Final Answer: Several hundred miles Confidence: 0.7",Several hundred miles,0.29988000000000004,0.0,0,0
15,3hop1__19768_19788_10117,"Widely practiced in the region having the second largest rain-forest in the world, how long ago did this religion arrive in Zhejiang?","1,400 years","Step 1: The second largest rainforest in the world is the Congo Rainforest, located primarily in central Africa. Confidence: 0.9
Step 2: A widely practiced religion in the Congo region is Christianity, particularly as a result of European colonization and missionary work. Confidence: 0.8
Step 3: Zhejiang is a province in eastern China; to determine when Christianity could have arrived there, consider major periods of missionary activity or trade when Christianity was spreading in China, such as during the Ming Dynasty or the time of Matteo Ricci (late 16th to early 17th century). Confidence: 0.7
Step 4: Matteo Ricci and other missionaries arrived in parts of China, including Zhejiang, in the late 16th century. Confidence: 0.8
Final Answer: ~400 years ago Confidence: 0.7",~400 years ago,0.28224,0.4,0,0
16,2hop__703767_37168,Where does the employer of Hasan Hanafi rank according to QS World University Rankings?,551-600,"Step 1: Hasan Hanafi is a well-known professor of philosophy. Confidence: 0.9
Step 2: Hasan Hanafi was associated with Cairo University. Confidence: 0.8
Step 3: According to recent QS World University Rankings, Cairo University ranks in the 561-570 band. Confidence: 0.7
Final Answer: 561-570 band Confidence: 0.6",561-570 band,0.3024,0.0,0,1
17,2hop__56851_343058,Who is the spouse of the actress who played the fairy god mother in Shrek 2?,Adrian Edmondson,"Step 1: The actress who played the Fairy Godmother in Shrek 2 is Jennifer Saunders. Confidence: 0.9
Step 2: Jennifer Saunders is married to Adrian Edmondson. Confidence: 0.8
Final Answer: Adrian Edmondson Confidence: 0.8",Adrian Edmondson,0.5760000000000001,1.0,1,1
18,3hop2__30152_105395_20999,"How were the people that the Somali Muslim Ajuran Empire made coins to proclaim independence from, expelled from the country where Star Cola is produced?",The dynasty regrouped and defeated the Portuguese,"Step 1: The Somali Muslim Ajuran Empire made coins to proclaim independence from the Portuguese. Confidence: 0.9
Step 2: Star Cola is produced in the Maldives. Confidence: 0.8
Step 3: The Portuguese were expelled from the Maldives in 1573. Confidence: 0.85
Final Answer: 1573 Confidence: 0.8",1573,0.4896000000000001,0.0,0,0
19,2hop__42747_83837,Who sings Home Alone Tonight with the singer of Light It Up?,Karen Fairchild,"Step 1: The song ""Light It Up"" is performed by the singer Luke Bryan. Confidence: 0.9
Step 2: The song ""Home Alone Tonight"" is also performed by Luke Bryan. Confidence: 0.95
Step 3: ""Home Alone Tonight"" is a duet featuring another artist. Confidence: 0.95
Step 4: Karen Fairchild is the artist who sings ""Home Alone Tonight"" with Luke Bryan. Confidence: 0.9
Final Answer: Karen Fairchild Confidence: 0.85",Karen Fairchild,0.6213712499999999,1.0,1,1
20,2hop__511176_22458,What does the acronym of the organization Danish Football Union is part of stand for?,International Federation of Association Football,"Step 1: The Danish Football Union is part of UEFA. Confidence: 0.9
Step 2: UEFA stands for the Union of European Football Associations. Confidence: 0.95
Final Answer: Union of European Football Associations Confidence: 0.95",Union of European Football Associations,0.8122499999999999,0.4000000000000001,0,0
21,2hop__83800_747874,Who's the sibling of the player who won the men's wimbledon championship 2016?,Jamie Murray,"Step 1: The player who won the men's Wimbledon championship in 2016 is Andy Murray. Confidence: 0.95
Step 2: Andy Murray has a sibling named Jamie Murray. Confidence: 0.95
Final Answer: Jamie Murray Confidence: 0.90",Jamie Murray,0.81225,1.0,1,1
22,2hop__83257_19033,Where did the inventor of the Money in the Bank ladder match win in 2008?,Great American Bash,"Step 1: The ""Money in the Bank"" ladder match is a concept in professional wrestling. Confidence: 1.0
Step 2: The inventor of the Money in the Bank ladder match is Chris Jericho. Confidence: 1.0
Step 3: In 2008, Chris Jericho won the World Heavyweight Championship at WWE's event. Confidence: 1.0
Step 4: Chris Jericho won the World Heavyweight Championship at Unforgiven 2008. Confidence: 1.0
Final Answer: Unforgiven 2008 Confidence: 1.0",Unforgiven 2008,1.0,0.0,0,0
23,2hop__55966_162341,What kind of recognition did the actor who played the game maker in hunger games receive?,nominated for an Academy Award for Best Supporting Actor,"Step 1: The actor who played the game maker in ""The Hunger Games"" is Wes Bentley. Confidence: 0.9
Step 2: It is generally known that ""The Hunger Games"" received significant attention and recognition, but whether Wes Bentley specifically received awards for this role is less certain. Confidence: 0.8
Step 3: Wes Bentley did not win any major awards for his role as the game maker Seneca Crane in ""The Hunger Games"". Confidence: 0.85
Final Answer: None Confidence: 0.85",None,0.5202000000000001,0.0,0,0
24,2hop__754753_57816,What is the U.S. News ranking of the law school at Carlos Alvarez's employer?,100,"Step 1: Determine who Carlos Alvarez's employer is. Confidence: 0.7
Step 2: Identify any law schools affiliated with Carlos Alvarez's employer. Confidence: 0.8
Step 3: Look up the most recent U.S. News law school ranking for that institution. Confidence: 0.8
Final Answer: [Ranking of the law school] Confidence: 0.6",[Ranking of the law school],0.2688,0.0,0,0
25,3hop1__127837_157828_239539,Where is the headquarters of the Radio Television of the country that has a co-official language in the language that Kuhinjica is in?,Pristina,"Step 1: ""Kuhinjica"" is a term in the Bosnian language, which is a co-official language in Bosnia and Herzegovina. Confidence: 0.9
Step 2: The national public broadcaster of Bosnia and Herzegovina is BHRT (Radio Television of Bosnia and Herzegovina). Confidence: 0.9
Step 3: The headquarters of BHRT is located in Sarajevo. Confidence: 0.95
Final Answer: Sarajevo Confidence: 0.9",Sarajevo,0.69255,0.0,0,0
26,3hop1__102461_24918_24991,What went down after the Soviet President visiting the the birth country of Andrey Dashkov while the protests were taking place departed from the Kremlin?,Soviet flag,"Step 1: Determine Andrey Dashkov's birth country. Confidence: 0.9
Step 2: Consider the context of Soviet Presidents' visits and international relations. Confidence: 0.7
Step 3: Identify if there were any notable events or incidents following such a visit. Confidence: 0.6
Step 4: Interpret the phrase ""after the Soviet President...departed from the Kremlin"" to mean what happened post-visit. Confidence: 0.8
Final Answer: Protests intensified. Confidence: 0.6",Protests intensified.,0.18144,0.0,0,0
27,2hop__612719_6455,What was the resulting browser of the group that owns Mozilla Messaging?,Firefox,"Step 1: Mozilla Messaging was a subsidiary of the Mozilla Corporation. Confidence: 0.9
Step 2: The Mozilla Corporation is known for developing web technologies and products. Confidence: 0.8
Step 3: The Mozilla Corporation is best known for developing the Firefox web browser. Confidence: 0.95
Final Answer: Firefox Confidence: 0.95",Firefox,0.6498,1.0,1,1
28,2hop__30905_189318,Where did the person who sponsored the resolution to reopen trade with Vietnam along with Kerry go to college?,National War College,"Step 1: Identify the person who sponsored the resolution to reopen trade with Vietnam along with John Kerry. Confidence: 0.8
Step 2: The person who sponsored the resolution with John Kerry was John McCain. Confidence: 0.9
Step 3: Determine where John McCain went to college. Confidence: 0.9
Step 4: John McCain went to the United States Naval Academy. Confidence: 0.9
Final Answer: United States Naval Academy Confidence: 0.9",United States Naval Academy,0.5248800000000001,0.0,0,0
29,2hop__776377_857193,What is the mouth of watercourse for the body of water where Bartram's Covered Bridge is located?,Delaware River,"Step 1: Bartram's Covered Bridge spans a watercourse. Confidence: 0.8
Step 2: Bartram's Covered Bridge is located over Crum Creek. Confidence: 0.9
Step 3: The mouth of Crum Creek is where it empties into the Delaware River. Confidence: 0.9
Final Answer: Delaware River Confidence: 0.85",Delaware River,0.5508000000000001,1.0,1,1
30,2hop__411091_625230,In which county is Mark Dismore's birthplace located?,Hancock County,"Step 1: Mark Dismore is an American former racing driver. Confidence: 0.9
Step 2: Mark Dismore was born in Greenfield, Indiana. Confidence: 0.9
Step 3: Greenfield is located in Hancock County, Indiana. Confidence: 0.95
Final Answer: Hancock County Confidence: 0.9",Hancock County,0.69255,1.0,1,1
31,4hop2__160585_14670_8987_8529,"A country's military branch, which in the US contains the Air Defense Artillery, was unprepared for the invasion of Hana Mandlikova's birth country. When was the word ""Slavs"" used in the national anthem of the unprepared country?",1943–1992,"Step 1: Hana Mandlikova was born in Czechoslovakia. Confidence: 0.9
Step 2: The US military branch containing the Air Defense Artillery is the Army. Confidence: 0.9
Step 3: Czechoslovakia was invaded by Nazi Germany in 1939, leading to the formation of the Protectorate of Bohemia and Moravia. The country faced various other invasions and occupations, including one by the Soviet Union in 1968. Confidence: 0.8
Step 4: The national anthem of Czechoslovakia was a combination of two separate anthems from the Czech and Slovak parts of the country. Confidence: 0.85
Step 5: ""Hej, Slované"" is a pan-Slavic anthem commonly associated with the Slavic peoples, used in various versions in countries unified under Slavic identity, such as Yugoslavia, but not specifically in Czechoslovakia's anthem. Confidence: 0.7

Final Answer: Uncertain if ""Slavs"" specifically refers to Czechoslovakia, but possibly 1918 (creation of Czechoslovakia) to refer to Slavic unity themes. Confidence: 0.4","Uncertain if ""Slavs"" specifically refers to Czechoslovakia, but possibly 1918 (creation of Czechoslovakia) to refer to Slavic unity themes.",0.15422400000000003,0.0,0,0
32,3hop1__28404_160713_77246,What is the meaning of the word that is also a majority religion in what became India when the country that disavowed the Taliban was created in the Arabic dictionary?,the country of India,"Step 1: The country that ""disavowed the Taliban"" was most likely Pakistan, created in 1947. Confidence: 0.9
Step 2: A majority religion in what is now India is Hinduism. Confidence: 0.95
Step 3: The word in Arabic for Hinduism is ""الهندوسية"" which means Hinduism, but that's not the answer needed. We're looking for a concept in Arabic. Confidence: 0.8
Step 4: The Arabic word for the general concept that includes the Hindu religion has meanings like 'worship' or 'cult.' We further analyze words connected to religion: 'دين' (Din) means religion. Confidence: 0.85
Step 5: The word in Arabic 'دين' (Din) broadly comes closest in meaning to religion or faith and can apply across contexts and languages. Confidence: 0.9
Final Answer: دين (Din) Confidence: 0.85",دين (Din),0.444771,0.0,0,0
33,2hop__8496_21567,Who introduced a system of musical notation used during the 14th century in the place where there is no evidence of a Slavic settlement before c. 600 AD?,John Kukuzelis,"Step 1: The system of musical notation used during the 14th century is attributed to the Ars Nova period. Confidence: 0.8
Step 2: The Ars Nova period is primarily associated with France and Italy during the 14th century. Confidence: 0.8
Step 3: The place with no evidence of Slavic settlement before c. 600 AD is likely in Western Europe, away from Slavic regions, possibly France or Italy. Confidence: 0.7
Step 4: Philippe de Vitry is a notable figure who contributed significantly to the Ars Nova treatise in France during the 14th century. Confidence: 0.9
Final Answer: Philippe de Vitry Confidence: 0.85",Philippe de Vitry,0.34272,0.0,0,0
34,2hop__70338_36240,"What specific part of the book where the quote ""by the skin of your teeth"" comes from document reference for Mary?",Genesis 3:15,"Step 1: The phrase ""by the skin of my teeth"" is a well-known idiom meaning barely or narrowly escaping something. Confidence: 0.9
Step 2: The idiom originates from the Book of Job in the Bible, specifically Job 19:20. Confidence: 0.95
Step 3: To find a document reference for ""Mary"" in relation to this idiom, it could refer to Biblical commentary or interpretation. Confidence: 0.7
Step 4: There isn't a direct part involving Mary in the Bible related to this idiom, as Mary is not a character in the Book of Job. Confidence: 0.95
Step 5: Mary does not have a document reference related to the idiom ""by the skin of your teeth"" as it originates from Job. Confidence: 0.98

Final Answer: Not directly related to Mary Confidence: 0.95",Not directly related to Mary,0.5293433249999999,0.0,0,0
35,2hop__275891_55984,Who wrote the song The Story that is sung by the performer of Rhapsody Originals?,Phil Hanseroth,"Step 1: The song ""The Story"" was popularized by singer Brandi Carlile. Confidence: 0.9
Step 2: Brandi Carlile is the performer known for the Rhapsody Originals version of ""The Story"". Confidence: 0.8
Step 3: Brandi Carlile's version of ""The Story"" is the one typically associated with Rhapsody Originals. Confidence: 0.7
Step 4: ""The Story"" was written by Phil Hanseroth. Confidence: 0.9
Final Answer: Phil Hanseroth Confidence: 0.85",Phil Hanseroth,0.38556,1.0,1,1
36,3hop1__136129_87694_124169,What year did the Governor of the city where the basilica named after the same saint as the one that Mantua Cathedral is dedicated to die?,1952,"Step 1: Mantua Cathedral is dedicated to Saint Peter. Confidence: 0.9
Step 2: There is a famous basilica named after Saint Peter, which is St. Peter's Basilica located in Vatican City. Confidence: 0.95
Step 3: The Governor of Vatican City is typically the Pope or a high-ranking official. Confidence: 0.85
Step 4: Pope Benedict XVI, who was a significant figure in Vatican City, died in 2022. Confidence: 0.9
Final Answer: 2022 Confidence: 0.8",2022,0.5232600000000001,0.0,0,0
37,4hop3__373866_5189_38229_86687,A group of nations of which the People's Socialist Republic of Albania was a member was controlled by one country. When did that country agree to a unified Germany inside of the organization Eisenhower would not discuss during the campaign?,May 1990,"Step 1: The People's Socialist Republic of Albania was a member of the Warsaw Pact, a group of nations in Eastern Europe controlled by the USSR (Soviet Union). Confidence: 0.9
Step 2: The organization Eisenhower would not discuss during the campaign refers to NATO (North Atlantic Treaty Organization). Confidence: 0.8
Step 3: The unification of Germany refers to the events around the fall of the Berlin Wall and the eventual reunification of East and West Germany. Confidence: 0.9
Step 4: The Soviet Union agreed to a unified Germany within NATO during the Two Plus Four Agreement negotiations in 1990. Confidence: 0.9
Final Answer: 1990 Confidence: 0.8",1990,0.46656000000000014,0.6666666666666666,0,1
38,2hop__455158_247871,What county is the NRHEG High School located in?,Waseca County,"Step 1: Determine the location of NRHEG High School. Confidence: 0.9
Step 2: NRHEG High School is located in New Richland, Minnesota. Confidence: 0.9
Step 3: Identify the county where New Richland, Minnesota is located. Confidence: 0.8
Step 4: New Richland is located in Waseca County, Minnesota. Confidence: 0.95
Final Answer: Waseca County Confidence: 0.95",Waseca County,0.5848200000000001,1.0,1,1
39,3hop1__131783_131926_13165,What treaty ceded territory to the US extending west to the body of water by the location of the Minikahda Club?,Treaty of Paris,"Step 1: The Minikahda Club is located in Minnesota. Confidence: 0.9
Step 2: The western boundary major body of water near Minnesota is the Mississippi River. Confidence: 0.9
Step 3: A key treaty that ceded much of the land in the Upper Midwest, including parts of Minnesota, is the Treaty of Paris (1783), which ended the American Revolutionary War. Confidence: 0.8
Step 4: Another significant land cession involving Minnesota's expansion was the Louisiana Purchase Treaty (1803). Confidence: 0.85
Final Answer: Louisiana Purchase Treaty Confidence: 0.85",Louisiana Purchase Treaty,0.46818000000000004,0.3333333333333333,0,0
40,2hop__123214_22402,How many students attend Daniel Thürer's university?,"nearly 25,000","Step 1: Identify who Daniel Thürer is. He is known as Professor Emeritus of International, Constitutional, and European Law at the University of Zurich. Confidence: 0.9

Step 2: Determine the university Daniel Thürer is associated with. From Step 1, it is the University of Zurich. Confidence: 0.95

Step 3: Research the current number of students enrolled at the University of Zurich. As of recent data, the University of Zurich has approximately 26,000 to 28,000 students. Confidence: 0.85

Final Answer: 27,000 Confidence: 0.85","27,000",0.6177374999999999,0.0,0,1
41,3hop1__358853_339990_15538,"When did the state, that contains the county where Raven Creek is located, reinstate the death penalty?",1984,"Step 1: Raven Creek is a fictional location appearing in a video game called Project Zomboid. It is not situated in a real state. Confidence: 0.9

Step 2: Since the location in question is not real, information about a real state's laws related to Raven Creek cannot directly apply. However, I will assume a real-world analog state for the sake of proceeding with the question. Confidence: 0.9

Step 3: Project Zomboid is set in Kentucky. Kentucky is a real state that could be assumed to be the setting for fictional Raven Creek. Confidence: 0.8

Step 4: Kentucky reinstated the death penalty in 1976. This is common knowledge about U.S. legal history post-Furman v. Georgia. Confidence: 0.85

Final Answer: 1976 Confidence: 0.8",1976,0.4406400000000001,0.0,0,0
42,2hop__552546_70131,Who constituted the free corps in the country that the Free State of Mecklenburg-Schwerin is located in?,consisting largely of World War I veterans,"Step 1: The Free State of Mecklenburg-Schwerin was located in Germany. Confidence: 0.9
Step 2: Free Corps, or ""Freikorps"", in Germany were paramilitary units formed mostly of World War I veterans. Confidence: 0.85
Step 3: The Freikorps in Germany were generally composed of former soldiers and officers. Confidence: 0.9
Step 4: These units often attracted nationalist and conservative factions in post-World War I Germany. Confidence: 0.8
Final Answer: Former soldiers and officers in Germany. Confidence: 0.8",Former soldiers and officers in Germany.,0.4406400000000001,0.0,0,1
43,2hop__67956_463572,What record label does the artist who sang you belong to me belong to?,MGM Records,"Step 1: ""You Belong to Me"" is a song by Taylor Swift. Confidence: 0.95
Step 2: Taylor Swift was signed to Big Machine Records when ""You Belong to Me"" was released in 2008. Confidence: 0.95
Final Answer: Big Machine Records Confidence: 0.9",Big Machine Records,0.81225,0.4,0,0
44,2hop__418360_67370,When does real time with the author of The New New Rules start again in 2018,"January 19, 2018","Step 1: ""The New New Rules"" is a book by Bill Maher. Confidence: 0.9
Step 2: Bill Maher is also known for hosting the television show ""Real Time with Bill Maher."" Confidence: 0.95
Step 3: New seasons of ""Real Time with Bill Maher"" typically start in January. Confidence: 0.85
Step 4: ""Real Time with Bill Maher"" in 2018 started on January 19. Confidence: 0.9
Final Answer: January 19, 2018 Confidence: 0.9","January 19, 2018",0.5886675000000001,1.0,1,1
45,2hop__73921_807969,The BBC Footballer of the Year is a member of which team?,Egypt national football team,"Step 1: The BBC does not have a specific ""Footballer of the Year"" award but does have the BBC African Footballer of the Year award. Confidence: 0.8
Step 2: The latest recipient of the BBC African Footballer of the Year award in 2023 (most recent available data) is Victor Osimhen. Confidence: 0.7
Step 3: Victor Osimhen plays for Napoli as of the latest 2023 updates. Confidence: 0.9
Final Answer: Napoli Confidence: 0.7",Napoli,0.3528,0.0,0,0
46,3hop1__139787_88110_77129,What was the first OS to support Hyper-V from the company the letters MS stands for in the network that broadcasts Buchanan & Press?,Windows 8,"Step 1: The company that is abbreviated as MS in the network context is Microsoft. Confidence: 1.0
Step 2: Hyper-V is a virtualization technology developed by Microsoft. Confidence: 1.0
Step 3: Hyper-V was first supported on Windows Server 2008. Confidence: 0.9
Step 4: Buchanan & Press was a show on MSNBC, which is a network associated with Microsoft. Confidence: 0.8
Final Answer: Windows Server 2008 Confidence: 0.85",Windows Server 2008,0.6120000000000001,0.4,0,0
47,2hop__141456_6455,What was the resulting browser for the company Mozilla Messaging is a part of?,Firefox,"Step 1: Mozilla Messaging was a subsidiary of the Mozilla Corporation. Confidence: 0.9
Step 2: Mozilla Corporation is known for developing web browsers. Confidence: 0.95
Step 3: The most well-known browser developed by Mozilla Corporation is Firefox. Confidence: 0.95
Final Answer: Firefox Confidence: 0.95",Firefox,0.7716374999999999,1.0,1,1
48,3hop2__326964_7855_7713,How long had the city considered to be a place that is popular with tourists been the capital city of the location of the Yaxing Coach headquarters?,about 400 years,"Step 1: Yaxing Coach headquarters is located in Yangzhou, China. Confidence: 0.9
Step 2: The capital city of the location of Yaxing Coach headquarters, Yangzhou, is Nanjing, Jiangsu province. Confidence: 0.8
Step 3: Nanjing has been an important capital city historically in various Chinese dynasties, but consistently served as capital since the establishment of Jiangsu province after 1949. Confidence: 0.7
Step 4: Nanjing has been the capital of Jiangsu province since 1949. Confidence: 0.9
Final Answer: 74 years (considering 1949 to 2023) Confidence: 0.8",74 years (considering 1949 to 2023),0.36288000000000004,0.2222222222222222,0,0
49,4hop1__436202_765799_282674_759393,What is the seat of the county sharing a border with the county in which J. P. Hayes was born?,Green Bay,"Step 1: J. P. Hayes was born in Appleton, Wisconsin. Confidence: 0.9
Step 2: Appleton is a city located in Outagamie County. Confidence: 0.9
Step 3: One of the counties bordering Outagamie County is Waupaca County. Confidence: 0.8
Step 4: The county seat of Waupaca County is the city of Waupaca. Confidence: 0.9
Final Answer: Waupaca Confidence: 0.7",Waupaca,0.4082400000000001,0.0,0,0
50,3hop1__389069_132457_47686,"Where do greyhound buses depart from, in the city where the performer of Sleep Is the Enemy was formed?",Toronto Coach Terminal,"Step 1: Sleep Is the Enemy is an album by the band Danko Jones. Confidence: 1.0
Step 2: Danko Jones is a band that was formed in Toronto, Canada. Confidence: 1.0
Step 3: Greyhound buses in Toronto typically depart from the Toronto Coach Terminal. Confidence: 0.9
Final Answer: Toronto Coach Terminal Confidence: 0.9",Toronto Coach Terminal,0.81,1.0,1,1
51,2hop__90773_715759,What was the inventor of the atomic bomb trigger a participant in?,Manhattan Project,"Step 1: The atomic bomb trigger, a critical component of the nuclear weapon, was developed during the Manhattan Project. Confidence: 0.9
Step 2: The Manhattan Project was a significant World War II research project that developed the first nuclear weapons. Confidence: 0.95
Step 3: Key scientists involved in developing the atomic bomb were part of the Manhattan Project. Confidence: 0.9
Step 4: Thus, the inventor of the atomic bomb trigger would have been a participant in the Manhattan Project. Confidence: 0.85
Final Answer: Manhattan Project Confidence: 0.85",Manhattan Project,0.55596375,1.0,1,1
52,2hop__135652_669373,Who is the employer of the physicist who Mach number is named after?,Charles University,"Step 1: Determine who the Mach number is named after. The Mach number is named after Ernst Mach, an Austrian physicist. Confidence: 1.0
Step 2: Identify who employed Ernst Mach. Ernst Mach held various positions, including teaching at universities such as Charles University in Prague. Confidence: 0.9
Final Answer: Charles University in Prague Confidence: 0.85",Charles University in Prague,0.765,0.6666666666666666,0,1
53,2hop__6736_6733,To what division does the place where the most speakers are found belong?,Eastern block,"Step 1: Identify the purpose of the question, which is to determine the division that has the largest number of speakers of a particular language. Confidence: 0.7
Step 2: The question generally implies looking for the area with the most speakers of a language that possibly spans multiple political or administrative regions. Confidence: 0.8
Step 3: Determine that languages with global reach, such as English or Mandarin, often have a leading division or area where they are most spoken. Confidence: 0.9
Step 4: Assuming global language spread, a reasonable guess is that Mandarin Chinese is spoken most in China. Confidence: 0.95
Step 5: China is mainly comprised of several provinces and a few key municipalities, but collectively it is part of the singular political division of ""China."" Confidence: 0.95
Final Answer: China Confidence: 0.9",China,0.409374,0.0,0,0
54,4hop1__58323_375563_161848_83118,When does daylight savings end in the country near the country where the author of The Book Thief is from?,the first Sunday in April,"Step 1: The author of The Book Thief, Markus Zusak, is from Australia. Confidence: 1.0
Step 2: The country near Australia is New Zealand. Confidence: 0.9
Step 3: Daylight saving time in New Zealand typically ends on the first Sunday in April. Confidence: 0.8
Final Answer: First Sunday in April Confidence: 0.8",First Sunday in April,0.5760000000000001,1.0,1,1
55,4hop3__524186_219173_862998_72134,When did the city where Hillcrest High School is located become capitol of the state where the screenwriter of The Poor Boob was born?,1839,"Step 1: The film ""The Poor Boob"" was written by screenwriter Charles E. Van Loan. Confidence: 0.9
Step 2: Charles E. Van Loan was born in the state of Arizona. Confidence: 0.8
Step 3: The capital of Arizona is Phoenix. Confidence: 0.95
Step 4: Hillcrest High School is located in Midvale, Utah. Confidence: 0.9
Step 5: Phoenix became the capital of Arizona in 1889. Confidence: 0.95
Final Answer: 1889 Confidence: 0.85",1889,0.497097,0.0,0,0
56,3hop1__354480_834494_34109,What is the administrative territorial entity that contains the location of Eric Marcus Municipal Airport PBS station?,KUAT-TV 6,"Step 1: Identify Eric Marcus Municipal Airport's location. It is located in Sentinel, Arizona. Confidence: 0.9
Step 2: Determine the administrative territorial entity for Sentinel, Arizona. Sentinel is in Maricopa County. Confidence: 0.8
Final Answer: Maricopa County Confidence: 0.75",Maricopa County,0.54,0.0,0,0
57,2hop__354635_174222,What company succeeded the owner of Empire Sports Network?,Time Warner Cable,"Step 1: Empire Sports Network's original owner was Adelphia Communications Corporation. Confidence: 0.9
Step 2: Adelphia Communications Corporation filed for bankruptcy in 2002. Confidence: 0.9
Step 3: After bankruptcy, Adelphia's assets were acquired by Time Warner Cable and Comcast. Confidence: 0.9
Step 4: Empire Sports Network was likely affected by Adelphia's bankruptcy and asset acquisition. Confidence: 0.8
Step 5: Time Warner Cable is a logical successor due to its acquisition of Adelphia’s cable assets. Confidence: 0.8
Final Answer: Time Warner Cable Confidence: 0.8",Time Warner Cable,0.3732480000000001,1.0,1,1
58,4hop3__678814_466199_695123_72134,When did the town WIZE is licensed in become capitol of the state where Stoney Creek Township is located?,1839,"Step 1: WIZE is a radio station licensed to Springfield, Ohio. Confidence: 1.0
Step 2: Stoney Creek Township is located in the state of Indiana. Confidence: 1.0
Step 3: Indianapolis is the capital of the state of Indiana. Confidence: 1.0
Step 4: Indianapolis became the capital of Indiana in the year 1825. Confidence: 1.0
Final Answer: 1825 Confidence: 1.0",1825,1.0,0.0,0,0
59,2hop__83405_158262,When did the president of the Confederate States of America end his fight in the Mexican-American war?,1848,"Step 1: The president of the Confederate States of America was Jefferson Davis. Confidence: 1.0
Step 2: Jefferson Davis served in the Mexican-American War, which lasted from 1846 to 1848. Confidence: 1.0
Step 3: Jefferson Davis ended his military service in the Mexican-American War in 1848, when the war concluded. Confidence: 0.9
Final Answer: 1848 Confidence: 0.9",1848,0.81,1.0,1,1
60,2hop__60001_512508,What did the person who discovered that all atoms of an element have the same number of protons participate in?,Manhattan Project,"Step 1: The person who discovered that all atoms of an element have the same number of protons is Henry Moseley. Confidence: 0.9
Step 2: Henry Moseley is known for his work on Moseley's law in X-ray spectra. Confidence: 0.8
Step 3: Henry Moseley participated in World War I as a soldier. Confidence: 0.9
Final Answer: World War I Confidence: 0.8",World War I,0.5184000000000001,0.0,0,0
61,2hop__403712_793210,"Who is the father of Edward Baring, 1st Baron Revelstoke's father?","Sir Francis Baring, 1st Baronet","Step 1: Edward Baring, 1st Baron Revelstoke was part of the Baring family, known for their banking business. Confidence: 0.9
Step 2: Edward Baring's father was Henry Baring, a partner in Baring Brothers & Co. Confidence: 0.9
Step 3: Henry Baring's father was Sir Francis Baring, 1st Baronet, a prominent banker. Confidence: 0.95
Final Answer: Sir Francis Baring, 1st Baronet Confidence: 0.95","Sir Francis Baring, 1st Baronet",0.7310249999999999,1.0,1,1
62,3hop1__409517_547811_80702,What is the name of the famous bridge in the birth city of the composer of Scanderbeg?,Rialto Bridge,"Step 1: The composer of ""Scanderbeg"" is Antonio Vivaldi. Confidence: 0.9
Step 2: Antonio Vivaldi was born in Venice, Italy. Confidence: 0.95
Step 3: The most famous bridge in Venice is the Rialto Bridge. Confidence: 0.85
Final Answer: Rialto Bridge Confidence: 0.8",Rialto Bridge,0.5814,1.0,1,1
63,4hop1__433767_32392_823060_610794,In what county is located the city that shares a border with the capital of the state where Mike Dow was born?,Richland County,"Step 1: Identify the capital of the state where Mike Dow was born. Mike Dow was born in Alabama. The capital of Alabama is Montgomery. Confidence: 0.9
Step 2: Find a city that shares a border with Montgomery, Alabama. A known city that shares a border with Montgomery is Prattville. Confidence: 0.8
Step 3: Determine the county in which Prattville is located. Prattville is located in Autauga County, Alabama. Confidence: 0.9
Final Answer: Autauga County Confidence: 0.7",Autauga County,0.45360000000000006,0.5,0,0
64,4hop2__567956_39078_8987_8974,Normalization occurred in Country A that invaded Country B because the military branch was unprepared. Country B was the only communist country to have an embassy where?,Alfredo Stroessner's Paraguay,"Step 1: Identify the specific context and historical events related to ""Normalization"" in the context of a conflict between two countries. Confidence: 0.8

Step 2: ""Normalization"" refers to a historical event, likely the invasion of Czechoslovakia by the Warsaw Pact led by the Soviet Union in 1968, known as the Prague Spring. Confidence: 0.9

Step 3: Country B in this context is Czechoslovakia, which was invaded by the Warsaw Pact. Confidence: 0.9

Step 4: Determine any known instances where Czechoslovakia was unique in having an embassy. Confidence: 0.7

Step 5: Czechoslovakia was the only communist country to have an embassy in Israel during a specific time period. Confidence: 0.85

Final Answer: Israel Confidence: 0.85",Israel,0.327726,0.0,0,0
65,2hop__689472_52835,Who wrote the song turn me on that is performed by performer of Feelin' the Same Way?,John D. Loudermilk,"Step 1: Identify the performer of ""Feelin' the Same Way"". The performer of ""Feelin' the Same Way"" is Norah Jones. Confidence: 0.9
Step 2: Determine songs by Norah Jones. Norah Jones is known for various songs, but ""Turn Me On"" is indeed performed by her. Confidence: 0.8
Step 3: Identify the songwriter of ""Turn Me On"" performed by Norah Jones. The song ""Turn Me On"" performed by Norah Jones was written by John D. Loudermilk. Confidence: 0.8
Final Answer: John D. Loudermilk Confidence: 0.8",John D. Loudermilk,0.4608000000000001,1.0,1,1
66,2hop__820739_250752,Who is the sibling of the screenwriter of War of the Coprophages?,Glen Morgan,"Step 1: ""War of the Coprophages"" is an episode from the TV series ""The X-Files."" Confidence: 1.0
Step 2: The writer of this episode is Darin Morgan. Confidence: 1.0
Step 3: Darin Morgan has a brother named Glen Morgan. Confidence: 1.0
Final Answer: Glen Morgan Confidence: 1.0",Glen Morgan,1.0,1.0,1,1
67,2hop__21104_16254,"By 1931, what percentage of the world's Jews were the group that represents at least 70% of Jews worldwide?",92 percent,"Step 1: By 1931, the largest grouping of Jews was of Ashkenazi descent. Confidence: 0.8
Step 2: Ashkenazi Jews have historically made up a significant portion of the Jewish population worldwide. Confidence: 0.8
Step 3: Ashkenazi Jews represented over 80% of the world's Jews around this time period. Confidence: 0.7
Final Answer: 80% Confidence: 0.7",80%,0.31360000000000005,0.0,0,0
68,4hop1__726391_153080_33952_34053,What was the wettest year in the second largest city of the state where the Oh Yeah performer is from?,1905,"Step 1: The ""Oh Yeah"" performer refers to the Swiss electronic band Yello. Confidence: 1.0
Step 2: Yello is not from the United States, so the state reference likely requires a creative interpretation. Confidence: 0.8
Step 3: Assuming ""state"" refers to an area containing a second largest city, this potentially could be Switzerland; Geneva is its second largest city. Confidence: 0.7
Step 4: Identifying the wettest year in Geneva through available historical climate data is challenging without exact public data. Confidence: 0.6
Final Answer: N/A due to difficulty in identifying exact wettest year without access to precise historical data. Confidence: 0.4",N/A due to difficulty in identifying exact wettest year without access to precise historical data.,0.1344,0.0,0,0
69,2hop__374767_152023,What label is responsible for the performer of One Night in America?,Kicking Mule Records,"Step 1: ""One Night in America"" is a song. Confidence: 0.8
Step 2: Identify the performer associated with ""One Night in America"". Confidence: 0.7
Step 3: Research shows Charlie Daniels Band is associated with ""One Night in America"". Confidence: 0.9
Step 4: Identify the record label responsible for the Charlie Daniels Band. Confidence: 0.8
Step 5: The Charlie Daniels Band is often associated with Sony Music. Confidence: 0.9
Final Answer: Sony Music Confidence: 0.8",Sony Music,0.29030400000000006,0.0,0,0
70,4hop3__426860_88460_30152_20999,How were the same people who the Somali Muslim Ajuran Empire declared independence from expelled from the natural boundary between Thailand and the country where That Dam is found?,The dynasty regrouped and defeated the Portuguese,"Step 1: The Ajuran Empire declared independence from the Portuguese Empire in the late 16th century. Confidence: 0.8
Step 2: The natural border between Thailand and its neighboring country, Laos, is the Mekong River. Confidence: 0.9
Step 3: That Dam is located in Vientiane, which is the capital of Laos. Confidence: 0.9
Step 4: The Portuguese had conflicts in Southeast Asia, specifically with the Dutch East India Company. However, the direct expulsion from Laos is not a well-documented historical event by the Portuguese. Confidence: 0.5
Step 5: There is no historical record of the Portuguese being expelled specifically from the natural boundary between Thailand and Laos. Confidence: 0.4

Final Answer: Portuguese Confidence: 0.4",Portuguese,0.05184000000000001,0.33333333333333337,0,1
71,3hop1__79462_91850_685675,What team is the person who hit the first home run at the new stadium where the american league Wildcard game will be played a member of?,New York Yankees,"Step 1: Determine the location of the American League Wild Card game. Confidence: 0.8
Step 2: Identify the current stadium for that location's team. Confidence: 0.9
Step 3: Find out who hit the first home run at that stadium. Confidence: 0.7
Step 4: Determine which team that player was a member of when they hit the home run. Confidence: 0.8
Final Answer: Member of the New York Yankees. Confidence: 0.6",Member of the New York Yankees.,0.24192,0.7499999999999999,0,1
72,2hop__289517_139339,What was the cast member in After Hours nominated for?,Academy Award for Best Live Action Short Film,"Step 1: ""After Hours"" is a film directed by Martin Scorsese, released in 1985. Confidence: 0.9
Step 2: A cast member in ""After Hours"" could refer to any actor in the film. Confidence: 0.8
Step 3: Catherine O'Hara is a notable cast member of ""After Hours."" Confidence: 0.7
Step 4: Catherine O'Hara has been nominated for Emmy Awards for her work in television, especially for her role in ""Schitt's Creek."" Confidence: 0.9
Final Answer: Emmy Award Confidence: 0.7",Emmy Award,0.31751999999999997,0.2,0,0
73,4hop1__129721_32392_823060_610794,What county is the city that shares a border with the state capital of the state where Zubly Cemetery is located in?,Richland County,"Step 1: Zubly Cemetery is located in Georgia. Confidence: 0.9
Step 2: The state capital of Georgia is Atlanta. Confidence: 1.0
Step 3: A city that shares a border with Atlanta is Decatur. Confidence: 0.85
Step 4: Decatur is located in DeKalb County. Confidence: 0.95
Final Answer: DeKalb County Confidence: 0.85",DeKalb County,0.6177374999999999,0.5,0,0
74,2hop__142842_68489,Who did the performer of Night Rocker play on Young and Restless?,Snapper Foster,"Step 1: ""Night Rocker"" is an album by David Hasselhoff. Confidence: 0.9
Step 2: David Hasselhoff played the character Dr. William ""Snapper"" Foster on ""The Young and the Restless."" Confidence: 0.95
Final Answer: Snapper Foster Confidence: 0.95",Snapper Foster,0.8122499999999999,1.0,1,1
75,2hop__80546_75184,Who played the girlfriend of the actor who played Marlene McFly in Back to the Future?,Claudia Wells,"Step 1: Marlene McFly is a character from the ""Back to the Future"" series, specifically from ""Back to the Future Part II"" and ""Part III."" She is played by actress Michael J. Fox, who also played Marty McFly. Confidence: 0.8

Step 2: In ""Back to the Future,"" Marty McFly's girlfriend is Jennifer Parker. Confidence: 0.9

Step 3: In ""Back to the Future Part II,"" the actress who played Jennifer Parker was Elizabeth Shue. She took over from Claudia Wells. Confidence: 0.9

Step 4: Therefore, the actress who played the girlfriend (Jennifer Parker) of the actor (Michael J. Fox as Marty McFly) who played Marlene McFly is Elizabeth Shue. Confidence: 0.9

Final Answer: Elisabeth Shue Confidence: 0.9",Elisabeth Shue,0.5248800000000001,0.0,0,0
76,2hop__323534_810083,Where was the author of Marcinkus born?,Scranton,"Step 1: I need to identify who ""Marcinkus"" refers to. The most notable person with that name is Paul Marcinkus, an American archbishop involved with the Vatican Bank. Confidence: 0.9

Step 2: I'm now looking to find the birthplace of Paul Marcinkus. Confidence: 0.8

Step 3: Paul Marcinkus was born in Cicero, Illinois, USA. Confidence: 0.95

Final Answer: Cicero, Illinois, USA Confidence: 0.95","Cicero, Illinois, USA",0.6498,0.0,0,0
77,2hop__829474_123956,On what date was the battle where Muhammad Shobran was born?,15 February 1942,"Step 1: The question seems to confuse two different types of events, as battles are typically not associated with birth dates. Confidence: 0.9
Step 2: Muhammad Shobran is not a widely known historical figure in common knowledge databases. It’s possible that the information about his birth or a specific battle is not documented in widely available sources. Confidence: 0.6
Final Answer: Not enough information. Confidence: 0.2",Not enough information.,0.10800000000000001,0.0,0,0
78,4hop1__94201_642284_131926_90707,Where does the river by the city where the Southeast Library designer died and the Ohio River meet?,"at the city of Cairo, Illinois","Step 1: Figure out who designed the Southeast Library. Confidence: 0.8
Step 2: Determine where the designer of the Southeast Library died. Confidence: 0.7
Step 3: Identify the city associated with the death location found in Step 2. Confidence: 0.9
Step 4: Research where the river by the city from Step 3 meets the Ohio River. Confidence: 0.8
Final Answer: Cairo, Illinois Confidence: 0.6","Cairo, Illinois",0.24192,0.5714285714285715,0,1
79,4hop1__629520_49925_13759_736921,In what region of Germany is the district where a sermon on Marian devotion was preached by the man who wanted to reform the religion of Victor Razafimahatratra?,Saxony-Anhalt,"Step 1: Identify the figure who preached Marian devotion and wanted to reform the religion of Victor Razafimahatratra. Victor Razafimahatratra was a Roman Catholic cardinal from Madagascar, and a notable figure who reformed Christianity was Martin Luther. Confidence: 0.7

Step 2: Martin Luther is known for his role in the Protestant Reformation, which included sermons and works against Marian devotion and Catholic practices. Confidence: 0.8

Step 3: Martin Luther preached significant sermons at the Castle Church in Wittenberg. Wittenberg is located in the region of Saxony-Anhalt, Germany. Confidence: 0.9

Step 4: Considering Martin Luther's impact on religion through his reformation efforts, his sermons are associated with Wittenberg, Saxony-Anhalt. Confidence: 0.95

Final Answer: Saxony-Anhalt Confidence: 0.95",Saxony-Anhalt,0.45486,1.0,1,1
80,3hop1__540585_568433_47686,Where do greyhound buses leave from in the location of the headquarters of the production company of Miss Spider's Sunny Patch Kids?,Toronto Coach Terminal,"Step 1: Miss Spider's Sunny Patch Kids is a children's television series. Confidence: 0.9  
Step 2: The production company of Miss Spider's Sunny Patch Kids is Nelvana. Confidence: 0.8  
Step 3: The headquarters of Nelvana is located in Toronto, Ontario, Canada. Confidence: 0.9  
Step 4: Greyhound buses in Toronto leave from the Toronto Coach Terminal, which services Greyhound. Confidence: 0.8  
Final Answer: Toronto Coach Terminal Confidence: 0.7",Toronto Coach Terminal,0.36288000000000004,1.0,1,1
81,2hop__56307_604644,"What is the record label of the Hey Now, You're A Rockstar singer?",429 Records,"Step 1: The song ""Hey Now, You're A Rockstar"" is a reference to the song ""All Star"" by Smash Mouth. Confidence: 0.9
Step 2: Smash Mouth was primarily associated with the record label Interscope Records when they released ""All Star."" Confidence: 0.85
Final Answer: Interscope Records Confidence: 0.8",Interscope Records,0.6120000000000001,0.5,0,0
82,2hop__507528_139339,What was the director of Lisa Picard is Famous nominated for?,Academy Award for Best Live Action Short Film,"Step 1: ""Lisa Picard is Famous"" is a film directed by Griffin Dunne. Confidence: 0.9
Step 2: Griffin Dunne was nominated for the Independent Spirit Award for Best First Feature (under $500,000) for ""Lisa Picard is Famous"". Confidence: 0.8
Final Answer: Independent Spirit Award for Best First Feature (under $500,000) Confidence: 0.8","Independent Spirit Award for Best First Feature (under $500,000)",0.5760000000000001,0.35294117647058826,0,0
83,2hop__44259_747874,Who is the sibling of the player who won the 2012 U.S. Open Men's Singles final?,Jamie Murray,"Step 1: The player who won the 2012 U.S. Open Men's Singles final is Andy Murray. Confidence: 1.0
Step 2: Andy Murray's sibling is Jamie Murray. Confidence: 1.0
Final Answer: Jamie Murray Confidence: 1.0",Jamie Murray,1.0,1.0,1,1
84,2hop__428940_135373,After what is the body of water Partridge Lake is part of named?,Vitus Bering,"Step 1: Partridge Lake is located in the state of Wisconsin, USA. Confidence: 0.8
Step 2: Partridge Lake is part of the Wolf River basin. Confidence: 0.9
Step 3: The Wolf River is likely named after the presence or historical presence of wolves in the area. Confidence: 0.7
Final Answer: Wolf River Confidence: 0.85",Wolf River,0.4284,0.0,0,0
85,3hop1__147225_30587_83479,What was Germany's goal in the Battle of the ocean adjacent to the city Herbert Saffir died in?,to stem the flow of merchant shipping that enabled Britain to keep fighting,"Step 1: Herbert Saffir died in Miami, Florida. Confidence: 0.9
Step 2: The ocean adjacent to Miami is the Atlantic Ocean. Confidence: 0.95
Step 3: In the Atlantic Ocean during World War II, a key battle was the Battle of the Atlantic. Confidence: 0.9
Step 4: Germany's goal in the Battle of the Atlantic was to blockade the United Kingdom by using U-boats (submarines) to disrupt Allied shipping routes. Confidence: 0.95
Final Answer: Blockade the United Kingdom by disrupting shipping routes Confidence: 0.85",Blockade the United Kingdom by disrupting shipping routes,0.6213712499999999,0.10526315789473685,0,1
86,2hop__642686_7292,"Along with Kenny G and the performer of Hello Tomorrow, what artist was featured on Smooth Jazz Stations?",George Benson,"Step 1: Kenny G is a well-known smooth jazz saxophonist. Confidence: 0.9
Step 2: The song ""Hello Tomorrow"" is performed by Dave Koz, who is also a saxophonist and associated with smooth jazz. Confidence: 0.9
Step 3: Another artist frequently featured on smooth jazz stations is Boney James, a contemporary jazz saxophonist. Confidence: 0.8
Step 4: Boney James has been a prominent figure in the smooth jazz genre, often featured alongside artists like Kenny G and Dave Koz. Confidence: 0.8
Final Answer: Boney James Confidence: 0.8",Boney James,0.4147200000000001,0.0,0,0
87,3hop1__107540_720914_27537,Why did Roncalli leave the place of death of the maker of The Gozzi Altarpiece?,for the conclave in Rome,"Step 1: The Gozzi Altarpiece was created by the Italian painter Titian. Confidence: 0.9
Step 2: Titian died in Venice, Italy. Confidence: 0.95
Step 3: Roncalli refers to Pope John XXIII (Angelo Giuseppe Roncalli). Confidence: 0.7
Step 4: Pope John XXIII is not directly related to Titian or The Gozzi Altarpiece; likely a misunderstanding or error in the question. Confidence: 0.6
Final Answer: Venice Confidence: 0.55",Venice,0.19750499999999996,0.0,0,0
88,3hop1__161433_33952_33939,"In 1900, what was the population of the second largest city, in the state that the cross-border transactions committee focuses on?","7,531","Step 1: Identify the state that the cross-border transactions committee focuses on. Confidence: 0.5
Step 2: Based on general knowledge, the cross-border transactions committee might focus on New York due to its prominence in international finance. Confidence: 0.6
Step 3: In 1900, New York was the largest city in New York state. Confidence: 0.9
Step 4: The second largest city in New York state in 1900 was Buffalo. Confidence: 0.8
Step 5: The population of Buffalo in 1900 was approximately 352,387. Confidence: 0.8
Final Answer: 352,387 Confidence: 0.7","352,387",0.12096000000000001,0.0,0,0
89,2hop__71871_494136,Who is the spouse of the actor playing Bart's father in I can only imagine?,Meg Ryan,"Step 1: ""I Can Only Imagine"" is a movie focused on Bart Millard and his relationship with his father. Confidence: 0.9
Step 2: The actor playing Bart's father, Arthur Millard, in ""I Can Only Imagine"" is Dennis Quaid. Confidence: 0.95
Step 3: Dennis Quaid is a well-known actor, and as of the latest available information, he was married to Laura Savoie. Confidence: 0.9
Final Answer: Laura Savoie Confidence: 0.85",Laura Savoie,0.654075,0.0,0,0
90,4hop1__310029_153080_33897_81096,Who won the Indy car race in the largest populated city in the state where the Jazz Portraits: Mingus in Wonderland performer is from?,Mario Andretti,"Step 1: ""Jazz Portraits: Mingus in Wonderland"" is a live album by jazz musician Charles Mingus. Confidence: 1.0
Step 2: Charles Mingus was born in Nogales, Arizona. Confidence: 0.9
Step 3: The largest populated city in Arizona is Phoenix. Confidence: 1.0
Step 4: IndyCar often hosts races in large cities, such as the Desert Diamond West Valley Phoenix Grand Prix in Phoenix. Confidence: 0.8
Step 5: The most recent winner of an IndyCar race in Phoenix was Simon Pagenaud in 2019. Confidence: 0.7
Final Answer: Simon Pagenaud Confidence: 0.7",Simon Pagenaud,0.3528,0.0,0,0
91,2hop__620853_22458,What does the name of the organization the Haiti national football team belongs to stand for?,International Federation of Association Football,"Step 1: The Haiti national football team is governed by the Haitian Football Federation. Confidence: 0.9
Step 2: The Haitian Football Federation in French is Fédération Haïtienne de Football. Confidence: 0.9
Step 3: Fédération translates to ""Federation"" in English, Haïtienne translates to ""Haitian"", and Football remains as ""Football"". Confidence: 0.95
Final Answer: Haitian Football Federation Confidence: 0.95",Haitian Football Federation,0.7310249999999999,0.5,0,0
92,2hop__865828_377862,Which city is in the same county as Gmina Jordanow?,Sucha Beskidzka,"Step 1: Gmina Jordanów is a rural administrative district in Poland. Confidence: 0.9
Step 2: Gmina Jordanów is located in the Lesser Poland Voivodeship. Confidence: 0.9
Step 3: The town of Jordanów is in the same county as Gmina Jordanów. Confidence: 0.8
Step 4: Both the town of Jordanów and Gmina Jordanów are part of the Sucha County. Confidence: 0.9
Final Answer: Jordanów Confidence: 0.8",Jordanów,0.46656000000000014,0.0,0,0
93,4hop3__630723_88460_30152_20999,How were people from whom new coins were a proclamation of independence by the Somali Muslim Ajuran Empire expelled from the natural boundary between Thailand and Phommathat's country of citizenship?,The dynasty regrouped and defeated the Portuguese,"Step 1: The Somali Muslim Ajuran Empire was known for its sovereignty and issued coins as a sign of independence. Confidence: 0.8
Step 2: The Mekong River is a natural boundary between Thailand and Laos, Phommathat's likely country of citizenship given historical context. Confidence: 0.7
Step 3: Phommathat might refer to a Laotian or historical figure related to the region around Laos. Confidence: 0.6
Step 4: The question likely refers to migration patterns or historical movements involving the aforementioned regions and era. Confidence: 0.5
Step 5: There may be a historical expulsion or migration related to the spread of Islam or regional conflicts, although specific evidence is lacking. Confidence: 0.4
Final Answer: Unknown Confidence: 0.3",Unknown,0.020159999999999997,0.0,0,0
94,4hop3__719125_132409_371500_35031,Where does the city where Veoh's headquarters is located rank in the top five largest urban areas of the state where Scars' performers were formed?,third-largest,"Step 1: Veoh is a video-sharing platform company. Confidence: 0.9
Step 2: Veoh's headquarters are located in San Diego, California. Confidence: 0.95
Step 3: Scars is a band, and its members were formed in Los Angeles, California. Confidence: 0.85
Step 4: Los Angeles is the largest urban area in California. Confidence: 0.95
Step 5: San Diego is the second largest urban area in California after Los Angeles. Confidence: 0.95
Final Answer: 2 Confidence: 0.9",2,0.5903026874999999,0.0,0,0
95,4hop1__105688_17130_70784_79935,When was the region that lies to the north of where Eyal Golan is located and the Persian Gulf created?,1930,"Step 1: Eyal Golan is an Israeli singer, so he is located in Israel. Confidence: 0.9
Step 2: The region north of Israel is Western Asia, which includes parts of the Middle East. Confidence: 0.8
Step 3: The Persian Gulf is a Mediterranean sea in Western Asia. Confidence: 0.8
Step 4: The geographical term likely being asked for is Mesopotamia or the broader Fertile Crescent. Confidence: 0.7
Step 5: Mesopotamia was one of the earliest regions of the world to be settled, around 10,000 BCE. Confidence: 0.8
Final Answer: 10,000 BCE Confidence: 0.7","10,000 BCE",0.225792,0.0,0,0
96,3hop1__376309_160713_77246,"In the Arabic dictionary, what's the meaning of the word for the majority religion in the area of British India that became India when Garlat's country was created?",the country of India,"Step 1: Garlat's country refers to Pakistan, which was created during the partition of British India. Confidence: 0.9
Step 2: During the partition of British India, the part that became India was mainly Hindu. Confidence: 0.95
Step 3: The Arabic word for ""Hindu"" is ""هندوسي"" (hindusi). Confidence: 0.85
Final Answer: هندوسي Confidence: 0.85",هندوسي,0.6177374999999999,0.0,0,0
97,4hop1__525129_315334_131926_87157,"What is the direction of flow of the river by the city where the Lots More Blues, Rags and Hollers performer was formed?",rises in northern Minnesota and meanders slowly southwards,"Step 1: The phrase ""Lots More Blues, Rags and Hollers"" refers to a musical album, which involved a performer or group. Confidence: 0.8
Step 2: This album is by the group ""The 2nd South Carolina String Band."" Confidence: 0.9
Step 3: The group was formed in Columbia, South Carolina. Confidence: 0.9
Step 4: The Congaree River flows through Columbia, South Carolina. Confidence: 0.9
Step 5: The Congaree River flows generally in a southward direction. Confidence: 0.8
Final Answer: South Confidence: 0.7",South,0.3265920000000001,0.0,0,1
98,3hop1__140554_2053_52946,"When is Celebrity Big Brother coming to the network which, along with ABC and the network which hosts Westinghouse Playhouse, is the other major broadcaster based in NY?","February 7, 2018","Step 1: The major broadcasters based in New York City are CBS, NBC, and ABC. Confidence: 0.9
Step 2: ABC is specifically mentioned in the question, so we need to identify between NBC and CBS which one hosts Westinghouse Playhouse. Confidence: 0.8
Step 3: Westinghouse Playhouse was a show associated with CBS. Confidence: 0.9
Step 4: Therefore, the network that hosts Westinghouse Playhouse is CBS. Confidence: 0.95
Step 5: Celebrity Big Brother airs on CBS. Confidence: 0.9
Final Answer: CBS Confidence: 0.85",CBS,0.47093400000000013,0.0,0,0
99,3hop1__347858_503371_21711,When was the Palau de la Generalitat constructed in the city where Martin of the place where Castiliscar is located died?,built in the 15th century,"Step 1: The Palau de la Generalitat is located in Catalonia, specifically in the city of Barcelona. Confidence: 0.9
Step 2: Castiliscar is a locality in the province of Zaragoza, Aragon, Spain. Confidence: 0.9
Step 3: Martin was a historical figure known as Martin of Aragon, who died in Barcelona. Confidence: 0.85
Step 4: The Palau de la Generalitat de Catalunya in Barcelona was constructed beginning in 1403. Confidence: 0.9
Final Answer: 1403 Confidence: 0.8",1403,0.49572000000000005,0.0,0,1
100,2hop__709357_136043,The Move Ya Body song's band is named after who?,Natalie Albino,"Step 1: ""Move Ya Body"" is a song by Nina Sky. Confidence: 0.95
Step 2: Nina Sky is a music duo consisting of twins Nicole and Natalie Albino. Confidence: 0.90
Step 3: The band name ""Nina Sky"" is derived from a combination of the first two letters of their names (Nina) and their aspiration to reach for the sky. Confidence: 0.85
Final Answer: No specific person (Name derivation) Confidence: 0.80",No specific person (Name derivation),0.5814,0.0,0,0
101,3hop1__516535_834494_34109,"What is the PBS station in the city that shares a county with Allen, Arizona?",KUAT-TV 6,"Step 1: Allen, Arizona shares a county with the city of Tucson, Arizona, as Allen is part of Pima County. Confidence: 0.9
Step 2: The primary PBS station in Tucson, Arizona is KUAT-TV. Confidence: 0.95
Final Answer: KUAT-TV Confidence: 0.85",KUAT-TV,0.72675,0.6666666666666666,0,1
102,3hop1__639955_834494_34109,What is the PBS station of the city in the same county as Helvetia?,KUAT-TV 6,"Step 1: Helvetia is located in Washington County, Oregon. Confidence: 1.0
Step 2: Hillsboro is a city in Washington County, Oregon. Confidence: 0.9
Step 3: OPB (Oregon Public Broadcasting) is the PBS member station for the Portland, Oregon metropolitan area, which includes Washington County. Confidence: 0.8
Final Answer: OPB Confidence: 0.7",OPB,0.504,0.0,0,0
103,3hop1__786067_228453_86925,What is the symbol of the Saints from the city where the headquarters of the manufacturer of McAfee's Benchmark called?,fleur - de-lis,"Step 1: The manufacturer associated with McAfee's Benchmark is Intel. Confidence: 0.9  
Step 2: Intel's headquarters are located in Santa Clara, California. Confidence: 0.9  
Step 3: The New Orleans Saints are a well-known football team. Confidence: 1.0  
Step 4: The symbol of the New Orleans Saints is the Fleur-de-lis. Confidence: 1.0  
Final Answer: Fleur-de-lis Confidence: 0.9",Fleur-de-lis,0.7290000000000001,0.0,0,1
104,3hop1__506062_792411_51423,What is the name of the castle in the place of birth of the performer of When I Was a Boy?,Casa Loma,"Step 1: ""When I Was a Boy"" is a song by Electric Light Orchestra, performed by Jeff Lynne. Confidence: 0.9
Step 2: Jeff Lynne was born in Birmingham, England. Confidence: 0.95
Step 3: The most famous castle in Birmingham, England, is Aston Hall (though it is technically more of a historic house than a traditional castle). Confidence: 0.8
Final Answer: Aston Hall Confidence: 0.7",Aston Hall,0.4788,0.0,0,0
105,4hop1__60000_59747_211319_557671,What county borders the county with the largest city in the state where Birth of a Nation was filmed?,Presque Isle County,"Step 1: ""Birth of a Nation"" was primarily filmed in Los Angeles County, California. Confidence: 0.9
Step 2: The largest city in California is Los Angeles, which is in Los Angeles County. Confidence: 1.0
Step 3: Los Angeles County is bordered by several counties, including Orange County, Kern County, Ventura County, and San Bernardino County. Confidence: 0.95
Final Answer: Orange County Confidence: 0.9",Orange County,0.7695,0.4,0,0
106,3hop1__17192_78396_54865,"When were the American colonies lost by the country that owned the region that secured southern Lebanon in 1978, before it achieved country status?",1776,"Step 1: The region that secured southern Lebanon in 1978 was Israel. Confidence: 0.95
Step 2: Before achieving country status, the land that is now Israel was part of the British Mandate for Palestine. Confidence: 0.9
Step 3: The American colonies were once owned by Great Britain (the British Empire). Confidence: 1.0
Step 4: The American colonies declared independence from Great Britain in 1776. Confidence: 1.0
Step 5: The American Revolutionary War ended in 1783 with the Treaty of Paris where Great Britain formally recognized American independence. Confidence: 1.0
Final Answer: 1783 Confidence: 1.0",1783,0.855,0.0,0,0
107,3hop2__36852_326964_7713,How long had the city the Qing lost in 1853 been the capitol city of Yaxing Coach's headquarters location?,about 400 years,"Step 1: In 1853, the Qing Dynasty lost control of the city of Nanjing during the Taiping Rebellion. Confidence: 0.9
Step 2: Yaxing Coach's headquarters is located in the city of Yangzhou, not Nanjing. Confidence: 0.9
Step 3: Since Yaxing Coach's headquarters are not in the city lost by the Qing in 1853, the length of time doesn't apply. Confidence: 0.95
Final Answer: 0 (Nanjing is not Yaxing's HQ) Confidence: 0.95",0 (Nanjing is not Yaxing's HQ),0.7310249999999999,0.0,0,0
108,2hop__179149_396277,What other notable work did the creator of Shrek make?,Doctor De Soto,"Step 1: Shrek was created by DreamWorks Animation, with the original film directed by Andrew Adamson and Vicky Jenson. Confidence: 0.9

Step 2: Andrew Adamson is known for also directing ""The Chronicles of Narnia: The Lion, the Witch and the Wardrobe"" and ""The Chronicles of Narnia: Prince Caspian"". Confidence: 0.9

Step 3: Vicky Jenson also contributed to notable works such as ""Shark Tale"" and ""Post Grad"". Confidence: 0.8

Final Answer: The Chronicles of Narnia: The Lion, the Witch and the Wardrobe Confidence: 0.85","The Chronicles of Narnia: The Lion, the Witch and the Wardrobe",0.5508000000000001,0.0,0,0
109,2hop__145203_34088,Where does Ulysses Kay's birth city hold NASCAR races?,Tucson Raceway Park,"Step 1: Ulysses Kay was born in Tucson, Arizona. Confidence: 0.9
Step 2: Tucson, Arizona hosts NASCAR events at the Tucson Speedway. Confidence: 0.8
Final Answer: Tucson Speedway Confidence: 0.8",Tucson Speedway,0.5760000000000001,0.4,0,1
110,3hop1__295815_40769_64047,When did the luxury division of the company that manufactures Toyopet Master change the body style of the RX 350?,Sales began worldwide in April 2012,"Step 1: The company that manufactures the Toyopet Master is Toyota. Confidence: 0.9
Step 2: Toyota's luxury division is Lexus. Confidence: 0.95
Step 3: The model RX 350 belongs to the Lexus lineup. Confidence: 0.95
Step 4: The Lexus RX 350 underwent a significant redesign and change in body style for the 2023 model year. Confidence: 0.85
Final Answer: 2023 Confidence: 0.85",2023,0.5868506249999998,0.0,0,0
111,3hop1__747772_514761_594810,What record label does the spouse of Heart Like Mine's performer belong to?,Warner Bros. Records,"Step 1: The song ""Heart Like Mine"" is performed by Miranda Lambert. Confidence: 1.0
Step 2: Miranda Lambert's spouse is Brendan McLoughlin. Confidence: 0.9
Step 3: Brendan McLoughlin does not belong to a record label as he is not a musician; he is a former NYPD officer. Confidence: 1.0
Final Answer: N/A (not applicable) Confidence: 0.95",N/A (not applicable),0.855,0.0,0,0
112,4hop3__439878_88460_30152_20999,How were people from whom new coins were a proclamation of independence by the Somali Muslim Ajuran Empire expelled from the natural boundary between Thailand and Ban Kenpha's country?,The dynasty regrouped and defeated the Portuguese,"The question involves several historical and geographical components that need to be addressed through multiple steps for clarity.

Step 1: Understand the Ajuran Empire's historical context. The Ajuran Sultanate was a Somali Muslim empire in the Horn of Africa, which used new coins as a proclamation of independence. Confidence: 0.7

Step 2: Identify the expelling event at the natural boundary. The Mekong River is the natural boundary between Thailand and Laos. Confidence: 0.8

Step 3: By understanding these contexts, there seems to be a potential mix-up in historical contexts, as the Ajuran Empire is located in East Africa, and there is no direct or indirect historical record of them being involved with the boundary between Thailand and Laos. Confidence: 0.6

Final Answer: No connection exists Confidence: 0.5",No connection exists,0.16799999999999998,0.0,0,0
113,2hop__35136_35117,What's the life span of the scholar who theorized about pulmonary circulation?,1213–1288,"Step 1: The scholar who theorized about pulmonary circulation is generally recognized as Ibn al-Nafis. Confidence: 0.9
Step 2: Ibn al-Nafis, an Arab physician, was born in 1213. Confidence: 0.9
Step 3: Ibn al-Nafis died in 1288. Confidence: 0.9
Step 4: To find his life span, subtract the birth year from the death year: 1288 - 1213 = 75 years. Confidence: 0.9
Final Answer: 75 years Confidence: 0.9",75 years,0.5904900000000002,0.0,0,1
114,3hop1__559908_42197_18397,Yagutil Mishiev is a citizen of a country that someone had argued had become an imperialist power. Where did this someone declare that he would intervene in the Korean conflict?,the Politburo,"Step 1: Determine the country of citizenship for Yagutil Mishiev. Confidence: 0.9
Step 2: Identify a country that has been argued to have become an imperialist power. Confidence: 0.85
Step 3: Who declared an intention to intervene in the Korean conflict from that country? Confidence: 0.8
Step 4: Identify the location where the declaration was made. Confidence: 0.7
Final Answer: Seoul Confidence: 0.6",Seoul,0.25704000000000005,0.0,0,0
115,4hop1__105401_17130_70784_61381,When was the region immediately north of the region of the country in Strangers No More and the Persian Gulf established?,1932,"Step 1: ""Strangers No More"" is a documentary film about a school in Tel Aviv, Israel. Confidence: 0.9
Step 2: The region immediately north of Israel is Lebanon. Confidence: 0.9
Step 3: The Persian Gulf is a body of water in the Middle East, with countries like Iran, Iraq, and others along its shores. Confidence: 0.9
Step 4: Lebanon became an independent country from France on November 22, 1943. Confidence: 0.95
Final Answer: November 22, 1943 Confidence: 0.85","November 22, 1943",0.5886675000000001,0.0,0,0
116,2hop__157376_643670,Of which watercourse is the river the Willemsbrug crosses over the mouth?,Het Scheur,"Step 1: The Willemsbrug is a bridge located in Rotterdam, Netherlands. Confidence: 0.9  
Step 2: The Willemsbrug spans the Nieuwe Maas river. Confidence: 0.95  
Step 3: The Nieuwe Maas is a river in the Rhine-Meuse-Scheldt delta. Confidence: 0.85  
Step 4: The mouth of the Nieuwe Maas ultimately connects with the larger Rhine-Meuse estuary system. Confidence: 0.8  
Final Answer: Nieuwe Maas Confidence: 0.85",Nieuwe Maas,0.49419,0.0,0,0
117,3hop1__823336_228453_86925,What is the symbol of the Saints from the headquarters location of Ten High's manufacturer called?,fleur - de-lis,"Step 1: Determine the Saints referred to in the question, likely the New Orleans Saints, an NFL team. Confidence: 0.9
Step 2: Identify that the New Orleans Saints' symbol is the fleur-de-lis. Confidence: 0.95
Step 3: Find the manufacturer of Ten High, which is Sazerac Company. Confidence: 0.85
Step 4: Locate the headquarters of Sazerac Company in New Orleans, Louisiana. Confidence: 0.9
Step 5: Conclude the symbol referred to, connected to New Orleans and the Saints, is the fleur-de-lis. Confidence: 0.95
Final Answer: Fleur-de-lis Confidence: 0.9",Fleur-de-lis,0.559234125,0.0,0,1
118,2hop__59612_42352,How many people were in British Colonies where does the london broil cut come from ?,2 million,"Step 1: Understand what ""London broil"" refers to. It is typically a method of cooking beef, not the specific name of a cut. Confidence: 0.9
Step 2: Identify the cuts typically used for London broil. These often include flank steak or top round steak. Confidence: 0.8
Step 3: Distinguish the question components. The question seems to be confused, mixing population data from British Colonies with information about a cooking method or cut of meat. Confidence: 0.9
Step 4: Address the fact that British Colonies were spread across different continents, totaling different population counts historically. There isn't a direct connection to the meat cut part of the question. Confidence: 0.7
Step 5: Consider the confusion in the question. Answer with the most relevant information pertaining to one part. Focus on addressing the London broil aspect. Confidence: 0.8
Final Answer: Flank steak or top round steak Confidence: 0.8",Flank steak or top round steak,0.29030400000000006,0.0,0,0
119,3hop1__768500_730460_70315,Where did Katrina hit the hardest in the Toussaint performer's birthplace?,the city of New Orleans,"Step 1: The Toussaint performer likely refers to Allen Toussaint, who was born in New Orleans, Louisiana. Confidence: 0.9
Step 2: Hurricane Katrina hit New Orleans particularly hard. Confidence: 0.95
Final Answer: New Orleans Confidence: 0.95",New Orleans,0.8122499999999999,0.6666666666666666,0,1
120,3hop1__127821_157828_162309,When did the country using Olivera Marković's native language as one of its official languages first have its own Olympic team?,2016,"Step 1: Olivera Marković was Serbian, so her native language was Serbian. Confidence: 0.9
Step 2: Serbian is an official language of Serbia. Confidence: 0.95
Step 3: Serbia first had its own Olympic team as an independent nation in 1912, competing under the Kingdom of Serbia. Confidence: 0.85
Step 4: Serbia reappeared with its own team post-Yugoslavia in the 2008 Olympics. Confidence: 0.8
Final Answer: 1912 Confidence: 0.8",1912,0.46512000000000003,0.0,0,0
121,4hop1__15567_59747_211319_557671,Which county shares a border with the county where the most populous city in the state that sentenced Demarcus Sears to death is located?,Presque Isle County,"Step 1: Identify the state where Demarcus Sears was sentenced to death. This happened in Georgia. Confidence: 0.9

Step 2: Identify the most populous city in Georgia. The most populous city in Georgia is Atlanta. Confidence: 0.95

Step 3: Determine the county where Atlanta is located. Atlanta is located in Fulton County, Georgia. Confidence: 0.95

Step 4: Identify counties that border Fulton County. Some of the counties that border Fulton County include DeKalb County, Cobb County, and Clayton County. Confidence: 0.9

Step 5: Select one of the bordering counties. Since there is more than one option, choose DeKalb County. Confidence: 0.8

Final Answer: DeKalb County Confidence: 0.8",DeKalb County,0.46785600000000005,0.4,0,0
122,2hop__96096_78606,Who plays the wife of the Real Rob cast member in Grown Ups?,Joyce Van Patten,"Step 1: ""Real Rob"" is a TV show starring comedian Rob Schneider. Confidence: 1.0  
Step 2: In ""Real Rob,"" Rob Schneider's wife is played by Patricia Maya Schneider. Confidence: 0.9  
Step 3: In ""Grown Ups,"" Rob Schneider is a cast member, and his character's wife is played by an actress. Confidence: 0.8  
Step 4: In ""Grown Ups,"" Gloria, Rob Schneider's character's wife, is played by Joyce Van Patten. Confidence: 0.8  
Final Answer: Joyce Van Patten Confidence: 0.8",Joyce Van Patten,0.4608000000000001,1.0,1,1
123,4hop1__58323_375563_161848_61344,What continent is the country located near the country of citizenship of The Book Thief's author part of?,submerged continent of Zealandia,"Step 1: Markus Zusak, the author of ""The Book Thief,"" is an Australian author. Confidence: 1.0
Step 2: The country of citizenship for Markus Zusak is Australia. Confidence: 1.0
Step 3: Australia is part of the continent of Oceania. Confidence: 1.0
Step 4: Since the question asks for the continent near the country of his citizenship, we consider the closest continental landmass to Australia. Confidence: 0.9
Step 5: The nearest continent to Oceania is Asia. Confidence: 1.0
Final Answer: Asia Confidence: 0.9",Asia,0.81,0.0,0,0
124,2hop__776637_87295,Who does the cast member from Julie play in Princess Diaries?,Queen dowager Clarisse Renaldi,"Step 1: Identify the cast of Julie. Confidence: 0.9
Step 2: Identify the cast of Princess Diaries. Confidence: 0.9
Step 3: Cross-reference actors from Julie with those in Princess Diaries. Confidence: 0.8
Step 4: Determine the character played by the shared actor in Princess Diaries. Confidence: 0.8
Final Answer: Mia Thermopolis Confidence: 0.7",Mia Thermopolis,0.36288000000000004,0.0,0,0
125,4hop1__752321_153080_159767_81096,The largest city in the state the performer of Pithecanthropus Erectus was from is also the state capital. Who won the indy car race in that city?,Mario Andretti,"Step 1: ""Pithecanthropus Erectus"" is a jazz album by Charles Mingus. Confidence: 0.9
Step 2: Charles Mingus was born in Nogales, Arizona. Confidence: 0.8
Step 3: The largest city and state capital of Arizona is Phoenix. Confidence: 0.95
Step 4: The IndyCar race held in Phoenix is called the Phoenix Grand Prix. Confidence: 0.85
Step 5: The last IndyCar race in Phoenix was in 2018, and the winner was Josef Newgarden. Confidence: 0.9
Final Answer: Josef Newgarden Confidence: 0.85",Josef Newgarden,0.444771,0.0,0,0
126,3hop1__161507_160713_77246,What is the meaning of the word that is also a majority religion in the area that became India when the country where Masherbrum is located was created in the Arabic dictionary?,the country of India,"Step 1: Masherbrum is a mountain located in Pakistan. Confidence: 1.0
Step 2: When Pakistan was created, the major religions in the area that became India were Hinduism and Islam. Confidence: 1.0
Step 3: Islam is the majority religion in the area that became India when Pakistan was created. Confidence: 0.9
Step 4: In the Arabic dictionary, the word ""Islam"" means submission or surrender (to God). Confidence: 0.9
Final Answer: submission Confidence: 0.85",submission,0.6885,0.0,0,0
127,2hop__84937_21969,When was Q1 who was impeached in england for acts committed as governor general of india impeached?,1786,"Step 1: Determine who the Governor General of India was that got impeached in England. Confidence: 0.9
Step 2: Identify who was impeached from that position, which was Warren Hastings. Confidence: 0.9
Step 3: Research when Warren Hastings was impeached. Confidence: 0.85
Step 4: Warren Hastings' impeachment trial began in 1788. Confidence: 0.95
Final Answer: 1788 Confidence: 0.8",1788,0.52326,0.0,0,0
128,4hop1__130623_32392_823060_610794,What county has a city that is adjacent to the capital city of Erskine College's state?,Richland County,"Step 1: Erskine College is located in the state of South Carolina. Confidence: 0.95
Step 2: The capital city of South Carolina is Columbia. Confidence: 0.95
Step 3: Columbia is located in Richland County, South Carolina. Confidence: 0.95
Step 4: A city adjacent to Columbia, South Carolina is Lexington. Confidence: 0.90
Step 5: Lexington is in Lexington County. Confidence: 0.95
Final Answer: Lexington County Confidence: 0.90",Lexington County,0.6597500624999999,0.5,0,1
129,3hop2__132957_483843_40768,"When did the maker of the Acura Legend, the manufacturer of Scion bbX and Nissan open US assembly plants?",1981,"Step 1: The maker of the Acura Legend is Honda. Confidence: 1.0
Step 2: Honda opened its first U.S. assembly plant in Marysville, Ohio, in 1982. Confidence: 1.0
Step 3: The manufacturer of the Scion bbX is Toyota. Confidence: 1.0
Step 4: Toyota opened its first U.S. assembly plant in Georgetown, Kentucky, in 1988. Confidence: 0.9
Step 5: Nissan opened its first U.S. assembly plant in Smyrna, Tennessee, in 1983. Confidence: 1.0
Final Answer: 1982, 1988, 1983 Confidence: 0.85","1982, 1988, 1983",0.765,0.0,0,0
130,2hop__198650_84856,When does the new season start for the show starring the author of True Story: A Novel?,"January 20, 2017","Step 1: ""True Story: A Novel"" is a book written by Kate Reed Petty. Confidence: 0.9
Step 2: Kate Reed Petty is not known for starring in any television shows. Confidence: 0.7
Step 3: There is possibly confusion between this book and the Netflix series ""True Story"" starring Kevin Hart. Confidence: 0.6
Step 4: Kevin Hart's ""True Story"" debuted its first season on Netflix in November 2021; however, there has been no official announcement for a new season as of October 2023. Confidence: 0.8
Final Answer: No announcement yet. Confidence: 0.7",No announcement yet.,0.21167999999999998,0.0,0,0
131,2hop__631139_75487,Who is the federal leader of the party in which John Lynch-Staunton held a position?,Andrew Scheer,"Step 1: John Lynch-Staunton was a member of the Conservative Party of Canada. Confidence: 0.9
Step 2: The current federal leader of the Conservative Party of Canada (as of October 2023) is Pierre Poilievre. Confidence: 0.95
Final Answer: Pierre Poilievre Confidence: 0.85",Pierre Poilievre,0.72675,0.0,0,0
132,2hop__223823_29898,Which affiliate left the owner of Canadian Broadcasting Centre due to an agreement with CHBC?,CFJC-TV in Kamloops,"Step 1: The Canadian Broadcasting Centre is owned by the Canadian Broadcasting Corporation (CBC). Confidence: 0.9
Step 2: An affiliate has a broadcasting agreement with a major network. Confidence: 0.8
Step 3: CHBC is associated with Global Television Network in Canada. Confidence: 0.85
Step 4: An affiliate may leave a network to join another for better opportunities or agreements. Confidence: 0.75
Step 5: Kelowna's CHBC transitioned from CBC affiliation to the Global network. Confidence: 0.9
Final Answer: CHBC Kelowna Confidence: 0.8",CHBC Kelowna,0.3304800000000001,0.0,0,0
133,3hop2__607269_223623_162182,In what region of the country containing Hạ Hòa is John Phan's birthplace found?,South Central Coast,"Step 1: Hạ Hòa is located in Phú Thọ Province, which is in the northern region of Vietnam. Confidence: 0.9
Step 2: John Phan is a professional poker player who was born in Da Nang, Vietnam. Confidence: 0.8
Step 3: Da Nang is located in the central region of Vietnam. Confidence: 0.9
Final Answer: Central Vietnam Confidence: 0.8",Central Vietnam,0.5184000000000001,0.4,0,0
134,2hop__189094_612080,What league does the team that occupies the Rabat Ajax Football Ground belong to?,Maltese Premier League,"Step 1: Rabat Ajax Football Ground is the home stadium of the club Rabat Ajax FC. Confidence: 0.9
Step 2: Rabat Ajax FC is a football club based in Malta. Confidence: 0.9
Step 3: Teams in Malta's football system typically participate in the Maltese leagues. Confidence: 0.8
Step 4: Rabat Ajax FC participates in the Maltese football league system. Confidence: 0.9
Step 5: The primary league in the Maltese football league system is the Maltese Premier League. Confidence: 0.8
Final Answer: Maltese Premier League Confidence: 0.7",Maltese Premier League,0.3265920000000001,1.0,1,1
135,3hop1__84887_538202_84283,Who is the owner of the record label that the singer of I just got started lovin you belongs to?,Warner Music Group,"Step 1: ""I Just Got Started Lovin' You"" is a song by James Otto. Confidence: 0.9
Step 2: James Otto is associated with Warner Bros. Records for this song. Confidence: 0.85
Step 3: Warner Bros. Records is currently under the umbrella of Warner Music Group. Confidence: 0.9
Step 4: Warner Music Group's majority owner is Access Industries. Confidence: 0.8
Final Answer: Access Industries Confidence: 0.75",Access Industries,0.4131,0.0,0,1
136,3hop1__305282_282081_10972,When did the city where Ill's performer was born elect its first black mayor?,1970s,"Step 1: Ill's performer refers to the character Ill in Friedrich Dürrenmatt's play ""The Visit."" The role of Ill was famously played by Ludwig Donath during the play's 1956 Broadway debut. Confidence: 0.8
Step 2: Ludwig Donath was born in Vienna, Austria. Confidence: 0.9
Step 3: Dianne Feinstein was elected as the first female mayor of San Francisco in 1978, but I need to find information relevant to Vienna. Confidence: 0.7
Step 4: Vienna does not have a known first black mayor event since it's in Austria and less relevant for such milestones compared to American cities. Confidence: 0.6
Step 5: Redirect focus to potentially more relevant performer: Christopher Lloyd played Ill in modern adaptations, and was born in Stamford, Connecticut. Stamford elected its first black mayor, Dannel Malloy, in 1995. Confidence: 0.7
Final Answer: 1995 Confidence: 0.6",1995,0.12700799999999998,0.0,0,0
137,2hop__199513_801817,What is the birthplace of the person after whom São José dos Campos was named?,Nazareth,"Step 1: São José dos Campos is named after Saint Joseph, who is also known as São José in Portuguese. Confidence: 0.9
Step 2: Saint Joseph is a biblical figure, commonly believed to be from Bethlehem in Judea. Confidence: 0.8
Final Answer: Bethlehem, Judea Confidence: 0.7","Bethlehem, Judea",0.504,0.0,0,0
138,2hop__80637_19033,Where did the wrestler who created the Money in the Bank Ladder Match win in 2008?,Great American Bash,"Step 1: The Money in the Bank Ladder Match was a concept created by wrestler Chris Jericho. Confidence: 0.9
Step 2: Chris Jericho was competing in World Wrestling Entertainment (WWE) during 2008. Confidence: 0.9
Step 3: In 2008, Chris Jericho won the WWE World Heavyweight Championship in a match at Unforgiven. Confidence: 0.8
Final Answer: Unforgiven 2008 Confidence: 0.8",Unforgiven 2008,0.5184000000000001,0.0,0,0
139,3hop1__133292_40769_64047,When did the RX 350 from The Hino Dutro creator's luxury division change body style?,Sales began worldwide in April 2012,"Step 1: The RX 350 is a model from Lexus, which is the luxury vehicle division of Toyota. Confidence: 0.9  
Step 2: The Toyota production includes the Hino Dutro, and Toyota also owns Lexus. Confidence: 0.9  
Step 3: The RX 350 had a notable generation change with a body style update in 2015 for the 2016 model year. Confidence: 0.85  
Step 4: Major body redesigns often correspond to new model releases or facelift versions. Confidence: 0.8  
Final Answer: 2015 Confidence: 0.85",2015,0.46818000000000004,0.0,0,0
140,3hop1__857_846_7810,What was where the Yongle emperor greeted who the edict addressed GDP per person in 2013?,"RMB 98,174(US$16041)","Step 1: The Yongle Emperor was a ruler of the Ming dynasty in China. Confidence: 0.9
Step 2: The Ming dynasty's capital was Beijing, where the Yongle Emperor held court. Confidence: 0.9
Step 3: Edicts from the Chinese court during the Ming dynasty were generally addressed to officials or regions under Chinese control. Confidence: 0.8
Step 4: Assuming where the edict was addressed could be within China or a region Beijing had influence over, Beijing itself fits as a likely candidate for such interactions. Confidence: 0.7
Step 5: The GDP per person in Beijing in 2013 can be found through historical economic data specific to that year and region. Based on known economic growth patterns, it was relatively high for China during that year. Confidence: 0.7
Final Answer: $15,000 USD (approximation) Confidence: 0.6","$15,000 USD (approximation)",0.19051200000000001,0.0,0,1
141,4hop2__161602_426860_88460_126088,Who was in charge in the country that is the natural boundary between the country that hosted the tournament and the country where That Dam is located?,Thein Sein,"Step 1: To find the country that hosted the tournament, we need to know the tournament in question. Since the tournament is unspecified, let's assume it is a major known tournament, like the FIFA World Cup, Olympics, etc. Confidence: 0.5

Step 2: That Dam is located in Vientiane, Laos. Confidence: 0.9

Step 3: We need to identify the country that serves as a natural boundary between the host country and Laos. Assuming a common tournament host like Thailand or Vietnam that borders Laos, both have hosted regional events. Thailand previously hosted the Southeast Asian Games. Confidence: 0.8

Step 4: The country forming a natural boundary between Thailand and Laos is, logically, Thailand, which borders Laos directly. Confidence: 0.8

Step 5: In 2023, the Prime Minister of Thailand was Srettha Thavisin (took office in September 2023). Confidence: 0.8

Final Answer: Srettha Thavisin Confidence: 0.6",Srettha Thavisin,0.13824000000000003,0.0,0,0
142,2hop__669160_139339,What was the director of Addicted to Love nominated for?,Academy Award for Best Live Action Short Film,"Step 1: Addicted to Love is a romantic comedy film released in 1997. Confidence: 0.9
Step 2: The director of Addicted to Love is Griffin Dunne. Confidence: 0.95
Step 3: Griffin Dunne has been involved in the film industry as an actor, producer, and director. Confidence: 0.9
Step 4: Griffin Dunne has not been notably nominated as a director for major awards like the Oscars or Golden Globes for Addicted to Love. Confidence: 0.85
Final Answer: No major nominations as director for Addicted to Love. Confidence: 0.9",No major nominations as director for Addicted to Love.,0.5886675,0.11764705882352941,0,0
143,2hop__734582_74481,Who was played by the director of The Good Shepherd in The Godfather Part II?,Vito Corleone,"Step 1: The Good Shepherd was directed by Robert De Niro. Confidence: 0.9
Step 2: Robert De Niro played the young Vito Corleone in The Godfather Part II. Confidence: 0.95
Final Answer: Young Vito Corleone Confidence: 0.95",Young Vito Corleone,0.8122499999999999,0.8,0,1
144,2hop__156085_436709,Who is the creator of Mickey Mouse's spouse?,Walt Disney,"Step 1: Mickey Mouse's spouse is known to be Minnie Mouse. Confidence: 0.9
Step 2: Both Mickey Mouse and Minnie Mouse were created by Walt Disney. Confidence: 0.95
Final Answer: Walt Disney Confidence: 0.95",Walt Disney,0.8122499999999999,1.0,1,1
145,2hop__137061_45752,Why does the place where Step Up Revolution takes place have a duck for a mascot?,when the school's yearbook chose its name to be ``The Ibis,"Step 1: Step Up Revolution is set in Miami, Florida. Confidence: 0.9
Step 2: Miami has a sports team called the Miami Dolphins, but there’s no known duck mascot specifically linked to Miami. Confidence: 0.7
Step 3: Ducks can be associated with water or beaches, and Miami is known for its beaches, but this does not conclusively explain a duck mascot. Confidence: 0.6
Step 4: Miami Vice, a show tied to Miami culture, prominently featured flamingos, which are sometimes confused with ducks, but this is not directly related. Confidence: 0.5
Step 5: Without additional information or context on a specific event or organization within the film linked to a duck, a mascot connection remains speculative. Confidence: 0.4

Final Answer: No clear reason. Confidence: 0.4",No clear reason.,0.030240000000000003,0.0,0,0
146,2hop__67660_67223,Who married the narrator of How I Met Your Mother?,Tracy Mosby,"Step 1: The narrator of How I Met Your Mother is Ted Mosby. Confidence: 0.9
Step 2: Ted Mosby is married to Tracy McConnell in the series. Confidence: 0.9
Final Answer: Tracy McConnell Confidence: 0.9",Tracy McConnell,0.7290000000000001,0.5,0,1
147,2hop__252521_80650,Who played the character in the Santa Clause 3 that has a series named after it that includes Frost at Christmas?,Martin Short,"Step 1: Identify the character in ""The Santa Clause 3: The Escape Clause"" who is prominent. One of the main characters is Jack Frost. Confidence: 0.9
Step 2: Consider if there is any series named after Jack Frost. There is a series called ""A Touch of Frost."" Confidence: 0.8
Step 3: ""A Touch of Frost"" is a British TV series featuring detective Jack Frost, which relates to frost imagery commonly associated with Christmas. Confidence: 0.7
Final Answer: Jack Frost Confidence: 0.65",Jack Frost,0.3276,0.0,0,0
148,2hop__58691_192417,The league playing in the Thursday night football game is a type of what?,sports league,"Step 1: Thursday Night Football refers to NFL games played on Thursdays. Confidence: 0.9
Step 2: The NFL is the National Football League, which is a professional football league in the United States. Confidence: 0.9
Final Answer: Professional football Confidence: 0.9",Professional football,0.7290000000000001,0.0,0,1
149,3hop2__304722_203717_63959,When was the last time the sports team Alan O'Neil was a member of beat the winner of the 1894-95 FA cup?,1 December 2010,"Step 1: Alan O'Neil is best known as an Irish footballer who played as a midfielder for various clubs. Confidence: 0.9
Step 2: Verify Alan O'Neil's club affiliations and timeline of career; predominantly played for Waterford from the 1980s to late 1990s. Confidence: 0.8
Step 3: The winner of the 1894-95 FA Cup was Aston Villa. Confidence: 0.95
Step 4: Check if Waterford FC, the team O'Neil was most associated with, played and defeated Aston Villa since his tenure. Confidence: 0.75
Step 5: No record of Waterford FC defeating Aston Villa during Alan O'Neil's time at the club was found. Confidence: 0.9
Final Answer: Unknown Confidence: 0.7",Unknown,0.32319,0.0,0,0
150,2hop__450600_158262,When did the author of The Rise and Fall of the Confederate Government end his fight in the Mexican-American War?,1848,"Step 1: ""The Rise and Fall of the Confederate Government"" was written by Jefferson Davis. Confidence: 1.0
Step 2: Jefferson Davis served in the Mexican-American War. Confidence: 1.0
Step 3: The Mexican-American War ended in 1848. Confidence: 1.0
Step 4: Jefferson Davis's involvement in the war would have ended when the war concluded. Confidence: 0.9
Final Answer: 1848 Confidence: 0.9",1848,0.81,1.0,1,1
151,2hop__194532_57594,What gun does the director of Pollock use in Westworld?,LeMat revolver,"Step 1: The director of ""Pollock"" is Ed Harris. Confidence: 0.95
Step 2: Ed Harris is also an actor in ""Westworld,"" not the director. Confidence: 0.95
Step 3: In ""Westworld,"" Ed Harris plays the character known as the Man in Black. Confidence: 0.9
Step 4: The Man in Black, played by Ed Harris, often uses a revolver, likely a LeMat Revolver. Confidence: 0.85
Final Answer: LeMat Revolver Confidence: 0.8",LeMat Revolver,0.55233,1.0,1,1
152,4hop1__9002_698949_157828_239539,The language of a film titled and about the city where Tito was interred is the co-official language of a county. In what city is the national Radio and Television broadcaster for that country?,Pristina,"Step 1: Josip Broz Tito was interred in Belgrade, which is the capital city of Serbia. Confidence: 0.9
Step 2: The language of a film about Belgrade would likely be Serbian. Confidence: 0.9
Step 3: The Serbian language is co-official in multiple regions, but most notably in Kosovo. Confidence: 0.8
Step 4: The national Radio and Television broadcaster for Kosovo is Radiotelevizioni i Kosovës (RTK), based in Pristina. Confidence: 0.85
Final Answer: Pristina Confidence: 0.85",Pristina,0.46818000000000004,1.0,1,1
153,3hop1__374018_160713_77246,What is the meaning of the word that is also the majority religion in India when the country where Dubbi is located was created in the Arabic dictionary?,the country of India,"Step 1: The majority religion in India is Hinduism. Confidence: 0.9
Step 2: Dubbi is a town in Eritrea. Confidence: 0.8
Step 3: Eritrea gained its independence and was officially recognized in 1993. Confidence: 0.85
Step 4: I need to find the meaning of ""Hinduism"" in the Arabic dictionary. In Arabic, ""Hinduism"" translates to ""الهندوسية"". Confidence: 0.9
Step 5: The specific term ""الهندوسية"" in Arabic may not have a direct meaning other than referring to the religion itself, so checking general meanings, the focus is on faith or religious connotations. Confidence: 0.75

Final Answer: Faith Confidence: 0.7",Faith,0.28917,0.0,0,0
154,2hop__268084_78303,"What was the name of the star of Forced Vengeance in Walter, Texas Ranger?",Cordell Walker,"Step 1: ""Forced Vengeance"" is a film that starred Chuck Norris. Confidence: 0.9
Step 2: ""Walker, Texas Ranger"" also starred Chuck Norris. Confidence: 0.9
Final Answer: Chuck Norris Confidence: 0.9",Chuck Norris,0.7290000000000001,0.0,0,1
155,4hop3__661103_698586_1926_54362,Who burned down the city where Dunn Dunn's artist died in the war after which black people declined living in NYC?,Confederate Gen. John Bell Hood,"Step 1: Identify Dunn Dunn's artist: Grafton Tyler Brown. Confidence: 0.8
Step 2: Grafton Tyler Brown died in St. Paul, Minnesota. Confidence: 0.8
Step 3: Determine which war causes a decline of Black people living in NYC after its end: World War I. Confidence: 0.7
Step 4: Determine who burned down St. Paul, Minnesota: No historical event indicates St. Paul was burned down. Confidence: 0.5
Final Answer: No answer (St. Paul was not burned down historically). Confidence: 0.5",No answer (St. Paul was not burned down historically).,0.11200000000000002,0.0,0,0
156,4hop3__373573_132409_146285_35031,Where does the city where Alexander Golitzen died rank in the top five largest urban areas of the state where Still Swingin's performers were formed?,third-largest,"Step 1: Identify the location where Alexander Golitzen died. Golitzen passed away in San Diego, California. Confidence: 0.9

Step 2: Identify the performers of ""Still Swingin"" band. The band ""Papa Roach"" performed ""Still Swingin"". Confidence: 0.8

Step 3: Identify where Papa Roach was formed. Papa Roach was formed in Vacaville, California. Confidence: 0.8

Step 4: Determine whether San Diego is one of the top five largest urban areas in California. San Diego is the second-largest city in California. Confidence: 0.9

Final Answer: 2nd Confidence: 0.85",2nd,0.44064000000000003,0.0,0,0
157,3hop1__104996_160713_77246,What is the meaning of the word that is also a majority religion in the area that became India when the country that release Ankahi was created in Arabic dictionary?,the country of India,"Step 1: The country that released ""Ankahi"" is Pakistan, which was founded on the basis of the partition from India in 1947. Confidence: 0.9
Step 2: The majority religion in the area that became India after partition is Hinduism. Confidence: 0.95
Step 3: In translating ""Hinduism"" to Arabic, the root word for Hinduism is ""Hind"" (الهندوسية in Arabic). Confidence: 0.8
Step 4: In Arabic dictionaries, ""Hind"" refers to the geographical region, and not specifically the religion. Confidence: 0.7
Final Answer: Hind Confidence: 0.7",Hind,0.33515999999999996,0.0,0,0
158,2hop__10017_18974,Who led the military expedition in the province that borders Zhejiang to the south?,Chen Zheng,"Step 1: The province that borders Zhejiang to the south is Fujian. Confidence: 0.9
Step 2: Historically, notable military expeditions in Fujian include those led by commanders during various dynastic and communist periods, but this information alone is incomplete without specifics. Confidence: 0.7
Step 3: The question lacks specific time context, forcing me to guess a known general associated with Fujian-related campaigns. Confidence: 0.6
Step 4: A well-known military leader in early communist history operating in Fujian was Mao Zedong during the Chinese Civil War, but more specific and accurate context could greatly enhance this conclusion. Confidence: 0.5
Final Answer: Mao Zedong (guess) Confidence: 0.5",Mao Zedong (guess),0.0945,0.0,0,0
159,3hop1__120881_2053_52946,"When is Celebrity Big Brother coming to the network which, along with ABC and the network which released Stand Against Fear, is the other major broadcaster based in NY?","February 7, 2018","Step 1: The network ""CBS"" is one of the major broadcasters based in New York. Confidence: 0.9
Step 2: ABC is another major broadcaster based in New York, and the third major broadcaster from New York is NBC. Confidence: 0.9
Step 3: The network that released ""Stand Against Fear"" is NBC. Confidence: 0.8
Step 4: Celebrity Big Brother airs on CBS. Confidence: 0.95
Step 5: Based on past schedules, Celebrity Big Brother typically premieres in late January or early February. Confidence: 0.8
Final Answer: January/February (on CBS) Confidence: 0.75",January/February (on CBS),0.36936000000000013,0.0,0,0
160,2hop__735014_83837,"Who sings Home Alone Tonight with the singer of ""I Don't Want This Night to End""?",Karen Fairchild,"Step 1: The song ""I Don't Want This Night to End"" is sung by Luke Bryan. Confidence: 0.9
Step 2: The song ""Home Alone Tonight"" is sung by Luke Bryan and Karen Fairchild. Confidence: 0.85
Final Answer: Karen Fairchild Confidence: 0.85",Karen Fairchild,0.65025,1.0,1,1
161,2hop__596188_297986,What administrative territorial entity contains the place where Mycenae House is located?,Royal Borough of Greenwich,"Step 1: Mycenae House is located in London, England. Confidence: 0.9
Step 2: London is situated within the administrative territorial entity known as Greater London. Confidence: 0.95
Final Answer: Greater London Confidence: 0.9",Greater London,0.7695,0.0,0,1
162,4hop3__700962_88460_30152_20999,How were the same people who the Somali Muslim Ajuran Empire declared independence from expelled from the natural boundary between Thailand and the country where Ban Pakpo is found?,The dynasty regrouped and defeated the Portuguese,"Step 1: The Ajuran Empire declared independence from the Portuguese Empire. Confidence: 0.9
Step 2: Ban Pakpo is located in Laos. Confidence: 0.8
Step 3: The natural boundary between Thailand and Laos is the Mekong River. Confidence: 0.9
Step 4: The Portuguese were part of European colonial powers but did not directly control Thailand or Laos. Confidence: 0.7
Step 5: The expulsion of colonial powers from regions in Southeast Asia typically involved national movements or treaties, not direct conflict at specific boundaries like the Mekong River. Confidence: 0.6
Final Answer: Expelled indirectly, no direct control. Confidence: 0.5","Expelled indirectly, no direct control.",0.13608,0.0,0,0
163,3hop1__145427_106426_157788,What is one railway line in the country the produced The Longest Night in the city where You Wenhui was born?,Yamanote Line loop,"Step 1: Find the country where ""The Longest Night"" was produced. Confidence: 0.9
Step 2: Identify the city where You Wenhui was born. Confidence: 0.8
Step 3: Learn the countries You Wenhui is associated with and cross-reference to find the city. Confidence: 0.7
Step 4: Research railway lines in the identified city. Confidence: 0.7
Final Answer: Guangzhou-Shenzhen Railway Confidence: 0.6",Guangzhou-Shenzhen Railway,0.21168,0.0,0,0
164,2hop__857493_17335,When did the spouse of Parysatis II die?,323 BC,"Step 1: Parysatis II was married to Alexander the Great. Confidence: 0.9
Step 2: Alexander the Great died in 323 BC. Confidence: 0.95
Final Answer: 323 BC Confidence: 0.85",323 BC,0.72675,1.0,1,1
165,2hop__123104_77615,When did the military instruction start in the university that Paulo Manalo attended?,1912,"Step 1: Identify who Paulo Manalo is to determine the university he attended. Confidence: 0.8
Step 2: Research Paulo Manalo's educational background to find the university he attended. Confidence: 0.7
Step 3: Determine if the university Paulo Manalo attended has a known history or tradition of military instruction. Confidence: 0.6
Step 4: Check the specific date or period when military instruction started at that university. Confidence: 0.5

Final Answer: 2002 Confidence: 0.4",2002,0.0672,0.0,0,0
166,4hop2__9988_685934_70784_61381,"When was the country established that lies north of the region that prevailed with the disgrace of the ""Near East"" and the body of water containing The World islands?",1932,"Step 1: The ""region that prevailed with the disgrace of the 'Near East'"" likely refers to a historical empire or region known for conflict. Confidence: 0.6
Step 2: The ""body of water containing The World islands"" is the Persian Gulf, as The World islands are located in Dubai, UAE, which lies along the Persian Gulf. Confidence: 0.9
Step 3: The country north of the Persian Gulf is Iran. Confidence: 0.85
Step 4: Iran's modern establishment can be traced back to its revolution, with the Islamic Republic of Iran being established in 1979. Confidence: 0.9
Final Answer: 1979 Confidence: 0.8",1979,0.33048000000000005,0.0,0,0
167,2hop__788087_150107,Who published the Communication of the association that Deborah Estrin is a member of?,Association for Computing Machinery,"Step 1: Deborah Estrin is a well-known computer scientist. Confidence: 0.9
Step 2: Deborah Estrin is associated with the ACM (Association for Computing Machinery). Confidence: 0.8
Step 3: The ACM publishes the ""Communications of the ACM."" Confidence: 0.85
Step 4: Therefore, the association Deborah Estrin is a member of, which publishes the ""Communications of the ACM,"" is ACM. Confidence: 0.9
Final Answer: ACM Confidence: 0.85",ACM,0.46818000000000004,0.0,0,1
168,4hop1__73810_32392_823060_610794,In what county is located the city that shares a border with the capital of the state that won the 2017 NCAA Basketball Tournament?,Richland County,"Step 1: The 2017 NCAA Basketball Tournament was won by the University of North Carolina. Confidence: 1.0
Step 2: The capital of North Carolina is Raleigh. Confidence: 1.0
Step 3: The city that shares a border with Raleigh is Cary. Confidence: 0.9
Step 4: Cary is located in Wake County. Confidence: 1.0
Final Answer: Wake County Confidence: 0.95",Wake County,0.855,0.5,0,0
169,4hop1__749065_698949_157828_239539,"Where are the headquarters of the Radio Television, of the country whose co-official language was used in the film named after the city where Slavko Šurdonja?",Pristina,"Step 1: The film named after the city where Slavko Šurdonja is from would likely be referencing Rijeka, Croatia, as Slavko Šurdonja was born there. Confidence: 0.8
Step 2: Croatia has a few co-official languages in particular regions due to minority groups, including Italian in Istria. Confidence: 0.7
Step 3: The Radio Television of the country with a co-official language (e.g., HRT - Croatian Radiotelevision) would be located in Croatia. Confidence: 0.9
Step 4: The headquarters of Croatian Radiotelevision (HRT) is located in Zagreb, Croatia. Confidence: 0.95
Final Answer: Zagreb Confidence: 0.85",Zagreb,0.40698,0.0,0,0
170,3hop1__222380_443779_52195,Who is the president of the newly declared independent country that is part of the Commission of Truth and Friendship with the country where Buru is located?,Francisco Guterres,"Step 1: Buru is an island located in Indonesia. Confidence: 0.9
Step 2: The Commission of Truth and Friendship was set up between Indonesia and East Timor. Confidence: 0.8
Step 3: East Timor, also known as Timor-Leste, became an independent country in 2002. Confidence: 0.9
Step 4: The current president of East Timor as of the latest data is José Ramos-Horta. Confidence: 0.8
Final Answer: José Ramos-Horta Confidence: 0.7",José Ramos-Horta,0.36288000000000004,0.0,0,0
171,2hop__530579_13529,When was the father of Diego Sinagra signed by Barcelona?,June 1982,"Step 1: Diego Sinagra is known as Diego Maradona Jr., the son of the famous Argentine footballer Diego Maradona. Confidence: 0.9  
Step 2: Diego Maradona, the father of Diego Sinagra, was a professional footballer known for his time with several clubs, including Barcelona. Confidence: 0.95  
Step 3: Diego Maradona was signed by FC Barcelona in 1982. Confidence: 0.95  
Final Answer: 1982 Confidence: 0.95",1982,0.7716374999999999,0.6666666666666666,0,1
172,4hop2__161602_426860_88460_20988,What major conflict is the country between the country that hosted the tournament and the country where That Dam is from known for?,one of the world's longest-running ongoing civil wars.,"Step 1: Identify ""the tournament"" and determine the host country. Confidence: 0.7
Step 2: Identify ""That Dam"" and determine where it is located. Confidence: 0.8
Step 3: Compare the countries from Step 1 and Step 2 to find the country they are between. Confidence: 0.9
Step 4: Identify a major conflict that the country from Step 3 is known for. Confidence: 0.8
Final Answer: Vietnam War Confidence: 0.7",Vietnam War,0.28224,0.0,0,0
173,3hop1__622497_160088_49779,Who is the host of Who Wants to be a Millionaire in the country that the producer of The Wild Women of Chastity Gulch is from?,Chris Harrison,"Step 1: Identify the producer of ""The Wild Women of Chastity Gulch."" Confidence: 0.7
Step 2: Determine the country the producer is from. Confidence: 0.8
Step 3: Identify the version of ""Who Wants to be a Millionaire"" from that country. Confidence: 0.9
Step 4: Find out who is the current host of that version. Confidence: 0.7
Final Answer: Jeremy Clarkson (if UK) Confidence: 0.6",Jeremy Clarkson (if UK),0.21168,0.0,0,0
174,2hop__14_59409,Who was Beyonce's husband talking about in the the song Cry?,three different relationships he had in the past,"Step 1: Identify Beyonce's husband, which is Jay-Z. Confidence: 0.95
Step 2: Determine the subject of the song ""Cry"" by Jay-Z. Confidence: 0.85
Step 3: The song ""Cry"" by Jay-Z talks about several themes, including personal struggles and relationships, but it does not specifically mention one person by name. Confidence: 0.75
Final Answer: No specific person mentioned Confidence: 0.75",No specific person mentioned,0.45421875,0.0,0,0
175,4hop1__51465_53706_795904_580996,What shares a border with the city where the person who went to the state where most billionaires in America live during the gold rush works?,Rio Linda,"Step 1: The state where most billionaires in America live is California. Confidence: 0.9
Step 2: The Gold Rush primarily occurred in California. Confidence: 0.95
Step 3: Considering where someone works in California, a major city where people work is San Francisco. Confidence: 0.8
Step 4: San Francisco is bordered by cities like Daly City, South San Francisco, and Oakland. Confidence: 0.85
Final Answer: Oakland Confidence: 0.75",Oakland,0.43605000000000005,0.0,0,0
176,2hop__5658_25002,How long did the pact last between Kravchuk and the person who signed the decree suspending the Communist Party of the Russian SFSR?,10-year,"Step 1: Leonid Kravchuk was the first President of Ukraine, serving from 1991 to 1994. Confidence: 0.9
Step 2: Boris Yeltsin signed the decree suspending the Communist Party of the Russian SFSR in 1991. Confidence: 0.9
Step 3: The pact between countries involving Kravchuk would likely refer to a period around the dissolution of the Soviet Union, specifically the Belovezha Accords in December 1991. Confidence: 0.8
Step 4: The relevant pact involving Kravchuk and Yeltsin would involve agreements established during the early 1990s, around the dissolution timeframe. Confidence: 0.7
Step 5: Given the lack of specific information on a formal pact duration, it's likely referring to their collaborative political efforts in the early '90s post-Soviet Union. Confidence: 0.6
Final Answer: 1991 conditions and their immediate impact Confidence: 0.5",1991 conditions and their immediate impact,0.13608,0.0,0,0
177,2hop__66167_88526,Who was picked before the player who has the most points in an NBA season in the NBA draft?,Greg Oden,"Step 1: Wilt Chamberlain holds the record for most points in a single NBA season with 4,029 points during the 1961-1962 season. Confidence: 0.9
Step 2: Wilt Chamberlain was not actually drafted into the NBA initially; rather, he was part of a territorial pick. Therefore, no one was picked directly before him in a traditional draft format. Confidence: 0.8
Final Answer: N/A (No player picked before Wilt Chamberlain in a draft) Confidence: 0.8",N/A (No player picked before Wilt Chamberlain in a draft),0.5760000000000001,0.0,0,0
178,2hop__485221_544917,What body of water includes the terrain feature where Coffee Swamp is located?,Lake Superior,"Step 1: Coffee Swamp is a specific geographic feature, likely a wetland. Confidence: 0.8
Step 2: Wetlands like swamps can be associated with or adjacent to larger bodies of water such as estuaries, lakes, or bays. Confidence: 0.7
Step 3: Coffee Swamp is often linked to its location in a specific region or near a named water body. Confidence: 0.7
Step 4: Coffee Swamp is located in the Chesapeake Bay area, which is a significant estuary in the U.S. Confidence: 0.9
Final Answer: Chesapeake Bay Confidence: 0.9",Chesapeake Bay,0.31751999999999997,0.0,0,0
179,3hop1__622497_160088_73916,What is the average yearly income for someone with the same nationality as the producer of The Wild Women of Chastity Gulch?,"$72,641","Step 1: Determine the producer of ""The Wild Women of Chastity Gulch"". Confidence: 0.7
Step 2: Identify the nationality of the producer. Confidence: 0.7
Step 3: Find data on average yearly income for this nationality. Confidence: 0.6
Final Answer: [Average Income of the Producer's Nationality] Confidence: 0.4",[Average Income of the Producer's Nationality],0.11759999999999998,0.0,0,0
180,2hop__35566_17873,What happened to Buckingham after the departure of the queen who Martha Ann Ricks presented the famed Liberian coffee tree to?,"palace was seldom used, even neglected","Step 1: Martha Ann Ricks presented a famed Liberian coffee tree to Queen Victoria. Confidence: 0.9
Step 2: Queen Victoria's reign ended with her death in 1901, marking her departure. Confidence: 0.9
Step 3: After Queen Victoria's death, her son Edward VII became the king, and Buckingham Palace continued to serve as the royal residence. Confidence: 0.8
Step 4: Buckingham Palace remains a functional royal residence and a site of official activities after Queen Victoria's era. Confidence: 0.8
Final Answer: Remained a royal residence. Confidence: 0.8",Remained a royal residence.,0.4147200000000001,0.0,0,0
181,3hop2__326964_263934_7713,How long had the place of birth of Tang Jinhua been the capital city of the Yaxing Coach headquarters location?,about 400 years,"Step 1: Identify the place of birth of Tang Jinhua. Tang Jinhua was born in Wuxi, Jiangsu, China. Confidence: 0.9

Step 2: Determine the capital city of the location of Yaxing Coach headquarters. The headquarters of Yaxing Coach is located in Yangzhou, Jiangsu, China. Yangzhou is in Jiangsu but is not Wuxi. Confidence: 0.8

Step 3: Clarify if Wuxi (Jinhua's birthplace) is or was ever the capital city of Jiangsu or the headquarters location city. Wuxi has not served as the capital city of Jiangsu; present capital is Nanjing. Confidence: 0.85

Step 4: Conclude that since Wuxi was not a capital city in the context of the Yaxing Coach headquarters, it cannot have served the duration as one. The question does not apply this way. Confidence: 0.9

Final Answer: 0 years Confidence: 0.9",0 years,0.49572000000000005,0.4,0,0
182,3hop1__145427_106426_77199,When did the USA declare war on the country that produced The Longest Night in the city where You Wenhui was born?,"December 8, 1941","Step 1: ""The Longest Night"" is a film or television series produced in China. Confidence: 0.9
Step 2: You Wenhui was born in Beijing, China. Confidence: 0.8
Step 3: The USA declared war on Japan, not China, during World War II. Confidence: 0.7
Step 4: USA never declared war on China in the 20th century. Confidence: 0.95
Final Answer: Never Confidence: 0.85",Never,0.40698,0.0,0,0
183,4hop2__71753_729371_70784_61381,When was the region immediately north of the region home to Israel and the location of Operation Earnest Will established?,1932,"Step 1: The region home to Israel is the State of Israel. Confidence: 1.0
Step 2: The region immediately north of Israel is Lebanon. Confidence: 1.0
Step 3: Operation Earnest Will took place in the Persian Gulf. Confidence: 1.0
Step 4: The establishment of Lebanon as a modern state occurred with its independence from France in 1943. Confidence: 1.0
Final Answer: 1943 Confidence: 1.0",1943,1.0,0.0,0,0
184,2hop__13539_13493,"In 2009, what series of wins did the team who won the first match in the 1943 Copa del Generalissimo achieve?",continental treble,"Step 1: The Copa del Generalissimo is the name used for the Spanish football cup competition known today as the Copa del Rey during the Francoist era in Spain. Confidence: 1.0
Step 2: In 1943, Athletic Bilbao won the Copa del Generalissimo. Confidence: 0.8
Step 3: The team that won the first match in the 1943 Copa del Generalissimo would have been any team that competed that year, including Athletic Bilbao. Confidence: 0.6
Step 4: Without specific match data detailing who won the first match in 1943's competition, it's most likely not directly available. Confidence: 0.4
Step 5: The series of wins in 2009 by Athletic Bilbao involved reaching the Copa del Rey final, which they lost to Barcelona. Confidence: 0.9
Final Answer: Reached Copa del Rey final Confidence: 0.7",Reached Copa del Rey final,0.12096,0.0,0,0
185,3hop1__796649_720914_27537,Why did Roncalli leave the city where the creator of Flora died?,for the conclave in Rome,"Step 1: Determine the creator of Flora. The Opera ""Flora"" was composed by Giovanni Maria Ruggieri. Confidence: 0.8
Step 2: Identify the city where Giovanni Maria Ruggieri died. Giovanni Maria Ruggieri died in Venice. Confidence: 0.7
Step 3: Identify who Roncalli is. Roncalli refers to Angelo Giuseppe Roncalli, who became Pope John XXIII. Confidence: 0.9
Step 4: Investigate the historical context for Roncalli leaving any city. Roncalli left Venice, where he served as the Patriarch, to become the Pope. Confidence: 0.8
Final Answer: Became Pope John XXIII Confidence: 0.7",Became Pope John XXIII,0.28224,0.0,0,1
186,2hop__9285_42311,What's the largest med school in what was the nobilities commonwealth?,Medical University of Warsaw,"Step 1: Identify the region referred to as the ""nobilities commonwealth."" This likely refers to the former Polish-Lithuanian Commonwealth. Confidence: 0.8
Step 2: Determine the largest medical school in Poland, since it is a significant part of the former Polish-Lithuanian Commonwealth. Confidence: 0.7
Step 3: The largest medical school in Poland currently is the Medical University of Warsaw. Confidence: 0.9
Final Answer: Medical University of Warsaw Confidence: 0.75",Medical University of Warsaw,0.378,1.0,1,1
187,4hop1__9007_698949_157828_239539,The original language of the film titled and about the city of Tito's final resting place is the co-official language of a country. Where are the headquarters for that country's national radio and TV broadcaster?,Pristina,"Step 1: ""The city of Tito's final resting place"" refers to Belgrade, where Josip Broz Tito is buried. Confidence: 0.9
Step 2: The original language of the film is likely Serbian, as Belgrade is a part of Serbia. Confidence: 0.8
Step 3: Serbian is a co-official language of Montenegro. Confidence: 0.8
Step 4: The headquarters for Montenegro's national radio and TV broadcaster, Radio Televizija Crne Gore (RTCG), are located in Podgorica, Montenegro. Confidence: 0.95
Final Answer: Podgorica Confidence: 0.9",Podgorica,0.49248000000000003,0.0,0,0
188,2hop__497191_129669,In which district was Alhandra born?,Lisbon District,"Step 1: Alhandra is a municipality in Brazil. Confidence: 0.9
Step 2: Alhandra is located in the state of Paraíba. Confidence: 0.9
Step 3: Paraíba is comprised of several districts and municipalities. Confidence: 0.8
Step 4: Without additional context, it is unclear if Alhandra refers to a person, place, or specific figure. Confidence: 0.6
Final Answer: Paraíba Confidence: 0.6",Paraíba,0.23328000000000004,0.0,0,0
189,3hop1__131110_39743_24526,"In the state that includes Walnut Spring, what's the typical winter daytime temperature range in the region of Richmond?",upper 40s–lower 50s °F,"Step 1: Walnut Spring is located in the state of Virginia. Confidence: 0.9
Step 2: Richmond is a city in Virginia, the same state as Walnut Spring. Confidence: 1.0
Step 3: Virginia has a typical winter daytime temperature range in the 40s°F to 50s°F in the region of Richmond. Confidence: 0.8
Final Answer: 40s°F to 50s°F Confidence: 0.8",40s°F to 50s°F,0.5760000000000001,0.0,0,1
190,3hop1__9285_5188_23307,"What month did the Tripartite discussions begin between Britain, France, and the country where, despite being headquartered in the nation called the nobilities commonwealth, the top-ranking Warsaw Pact operatives originated?",mid-June,"Step 1: The ""nobilities commonwealth"" likely refers to Poland, as it was historically known as a commonwealth in the form of the Polish-Lithuanian Commonwealth. Confidence: 0.8
Step 2: The top-ranking Warsaw Pact operatives originated from the Soviet Union (modern-day Russia). Confidence: 0.9
Step 3: The Tripartite discussions between Britain, France, and the Soviet Union began in March 1939. Confidence: 0.7
Final Answer: March Confidence: 0.7",March,0.3528,0.0,0,0
191,2hop__16844_42173,When was the ruler that was dissolved after the Indian Rebellion of 1857 established?,1599,"Step 1: The ruler that was dissolved after the Indian Rebellion of 1857 was the Mughal Empire. Confidence: 0.9
Step 2: The Mughal Empire was established by Babur after the First Battle of Panipat in 1526. Confidence: 0.9
Final Answer: 1526 Confidence: 0.9",1526,0.7290000000000001,0.0,0,0
192,3hop1__671542_665330_47686,Where do greyhound buses leave from in the city where the performer of Darlings formed?,Toronto Coach Terminal,"Step 1: The performer of ""Darlings"" is Alex Cameron. Confidence: 0.9
Step 2: Alex Cameron is from Australia, specifically, he formed his musical career in Sydney. Confidence: 0.85
Step 3: In Sydney, the main bus terminal for Greyhound buses is located at Central Station. Confidence: 0.9
Final Answer: Central Station Confidence: 0.85",Central Station,0.585225,0.0,0,0
193,3hop1__672543_503371_21711,"When was the Palau de la Generalitat built in the place of death of Martin, of the region containing Piedratajada?",built in the 15th century,"Step 1: First, I need to identify where Piedratajada is located. Piedratajada is a municipality in the province of Zaragoza, in the autonomous community of Aragon, Spain. Confidence: 0.9

Step 2: Now, I need to identify the place of death of Martin who is associated with Aragon. Martin of Aragon, also known as Martin the Humane, died at the Royal Palace of Barcelona in 1410. Confidence: 0.8

Step 3: The Palau de la Generalitat is an important historical building in Barcelona, serving as the seat of the government of Catalonia. Confidence: 0.9

Step 4: The construction of the Palau de la Generalitat began in the late 14th century and continued through the 15th and 16th centuries. It was built starting from 1402. Confidence: 0.85

Step 5: The Palau de la Generalitat is a building in the city where Martin of Aragon died, and its construction started in 1402. Confidence: 0.9

Final Answer: 1402 Confidence: 0.85",1402,0.421362,0.0,0,0
194,4hop2__161602_426860_88460_21062,Are there any cruise travel destinations for the country lying between the country hosting the tournament and the country having That Dam?,It is not possible for foreigners to go to/from Myanmar by sea or river.,"Step 1: The ""country hosting the tournament"" likely refers to a recent or notable tournament. As of October 2023, a major recent event is the 2022 FIFA World Cup, hosted by Qatar. Confidence: 0.9

Step 2: ""That Dam"" is a notable structure located in Vientiane, the capital of Laos. Therefore, the ""country having That Dam"" is Laos. Confidence: 0.95

Step 3: The country lying between Qatar and Laos geographically is likely to be one of the countries in the Middle East or South Asia. Confidence: 0.8

Step 4: Looking at the map, the countries between Qatar and Laos include several options like India, Nepal, or Bangladesh. Confidence: 0.75

Step 5: Among these, India is a well-known cruise travel destination due to its long coastline and availability of cruise services. Confidence: 0.85

Final Answer: India Confidence: 0.8",India,0.34884000000000004,0.0,0,0
195,3hop1__404541_629431_124169,When did the Governorship end of the city where the author of Paenitentiam Agere died?,1952,"Step 1: ""Paenitentiam Agere"" is an encyclical written by Pope John XXIII. Confidence: 0.9
Step 2: Pope John XXIII died in Vatican City. Confidence: 0.9
Step 3: Vatican City is governed by the Pope, so the Governorship effectively ends with the Pope's death. Confidence: 0.9
Step 4: Pope John XXIII died on June 3, 1963. Confidence: 0.9
Final Answer: June 3, 1963 Confidence: 0.8","June 3, 1963",0.5248800000000001,0.0,0,0
196,2hop__648648_173389,The city which contains Broadhurst Park shares a border with what town?,Middleton,"Step 1: Broadhurst Park is located in Manchester, England. Confidence: 0.9
Step 2: Manchester is a major city in the Greater Manchester county in England, United Kingdom. Confidence: 0.9
Step 3: Towns that share a border with Manchester include Salford, Trafford, and Stockport, among others. Confidence: 0.85
Step 4: Salford is a prominent town that shares a border with Manchester. Confidence: 0.8
Final Answer: Salford Confidence: 0.8",Salford,0.4406400000000001,0.0,0,0
197,2hop__32441_522949,Who is the spouse of the other president Jenkins Orphanage played for that wasn't Taft?,Edith Roosevelt,"Step 1: The Jenkins Orphanage Band played for President William Howard Taft. Confidence: 0.8
Step 2: The Jenkins Orphanage Band also played for President Theodore Roosevelt. Confidence: 0.7
Step 3: The spouse of President Theodore Roosevelt was Edith Roosevelt. Confidence: 0.9
Final Answer: Edith Roosevelt Confidence: 0.85",Edith Roosevelt,0.4284,1.0,1,1
198,3hop1__662413_42197_18397,Where did the arguer that Kirill Eskov's country of citizenship had become an imperialist power declare he would intervene in the Korean conflict?,the Politburo,"Step 1: Kirill Eskov is Russian, meaning the country of citizenship referred to is Russia. Confidence: 0.9
Step 2: The Korean conflict typically refers to the Korean War. Confidence: 0.85
Step 3: In historical context, North Korea received support from countries like the Soviet Union during the Korean War. Confidence: 0.9
Step 4: A notable figure who argued that Russia (as the successor of the Soviet Union) was imperialist and who was involved in Korean War discussions could be a political leader or strategist during that era. Confidence: 0.7
Step 5: The context suggests a Western power would declare intervention, likely the United States or UN forces. Confidence: 0.8
Final Answer: United States. Confidence: 0.75",United States.,0.28917000000000004,0.0,0,0
199,3hop1__140855_2053_52946,"When is Celebrity Big Brother coming to the network that, along with the original network of Then Came Bronson and ABC, is based in New York?","February 7, 2018","Step 1: The original network of ""Then Came Bronson"" was NBC. Confidence: 0.8
Step 2: ABC, mentioned in the question, is also a major U.S. television network. Confidence: 0.9
Step 3: NBC (original network of ""Then Came Bronson"") and ABC are both based in New York. Confidence: 0.8
Step 4: CBS, another major network based in New York, airs ""Celebrity Big Brother"" in the U.S. Confidence: 0.85
Step 5: “Celebrity Big Brother” airs on CBS and typically airs during the mid-season, often starting in January or February. Confidence: 0.8
Final Answer: January/February 2024 Confidence: 0.7",January/February 2024,0.274176,0.0,0,0
200,2hop__93230_319887,What institute did the actor playing the voice of John Smith in Pocahontas attend?,National Institute of Dramatic Art,"Step 1: The voice actor for John Smith in Pocahontas is Mel Gibson. Confidence: 0.9
Step 2: Mel Gibson attended the National Institute of Dramatic Art (NIDA) in Australia. Confidence: 0.9
Final Answer: National Institute of Dramatic Art (NIDA) Confidence: 0.9",National Institute of Dramatic Art (NIDA),0.7290000000000001,0.9090909090909091,0,1
201,4hop3__323121_88460_30152_20999,How were people from whom new coins were a proclamation of independence by the Somali Muslim Ajuran Empire expelled from the natural boundary between Thailand and A Magne's country?,The dynasty regrouped and defeated the Portuguese,"Step 1: The Ajuran Empire was a Somali Muslim empire in the Horn of Africa known for its economic prosperity, and the issuing of new coins often symbolized economic independence or sovereignty. Confidence: 0.8
Step 2: The Mekong River is the natural boundary between Thailand and Laos. Confidence: 0.9
Step 3: Laos is known as ""A Magne's country"" where the term ""magné"" could refer to the French term relating to a magician, thus referring phonetically to Laos as the country that sounds similar to ""magician."" Confidence: 0.6
Step 4: Historically, expulsion by an empire such as Ajuran would involve military campaigns or other political maneuvers, but there are no clear records of the Ajuran Empire interacting directly with Southeast Asian countries such as Laos or Thailand. Confidence: 0.5
Step 5: The question seems to mix historical facts from different regions without documented connections. It might be a hypothetical question without basis in historical events. Confidence: 0.7

Final Answer: No historical event Confidence: 0.6",No historical event,0.09072,0.0,0,0
202,2hop__517145_367341,Who is the child of the cast member of Green Ice?,Tatum O'Neal,"Step 1: Identify the cast members of ""Green Ice."" The main cast includes Ryan O'Neal and Anne Archer. Confidence: 0.8
Step 2: Determine if Ryan O'Neal has any children. He has several children, including Tatum O'Neal. Confidence: 0.9
Step 3: Determine if Anne Archer has any children. Anne Archer has a son, Tommy Davis. Confidence: 0.9
Step 4: Based on the known children of the identified cast members, note that Ryan O'Neal's child Tatum O'Neal is more widely recognized. Confidence: 0.85
Final Answer: Tatum O'Neal Confidence: 0.85",Tatum O'Neal,0.46818000000000004,1.0,1,1
203,2hop__29893_29898,Which affiliate left the company that owns and operates most of the CBC television stations due to an agreement with CHBC?,CFJC-TV in Kamloops,"Step 1: Determine the company that owns and operates most of the CBC television stations. CBC Television itself operates its own stations. Confidence: 0.9
Step 2: Identify any affiliates that might have left CBC due to agreements with other networks or stations, such as CHBC. Confidence: 0.8
Step 3: CHBC was previously a CBC affiliate and later became part of another network. Confidence: 0.9
Step 4: Due to agreement changes, CHBC became a Global O&O, leaving behind its role as a CBC affiliate. Confidence: 0.9
Final Answer: CHBC Confidence: 0.9",CHBC,0.5248800000000001,0.0,0,0
204,3hop1__109422_720914_27537,Why did Roncalli leave the place of death of The Punishment of Tythus' creator?,for the conclave in Rome,"Step 1: The Punishment of Tythus was created by a well-known figure in the arts. Confidence: 0.8
Step 2: Explore if there is a historical or cultural figure associated with ""The Punishment of Tythus"". Confidence: 0.8
Step 3: Roncalli could refer to a historical figure who might have reasons to leave a certain place. Confidence: 0.7
Step 4: Determine any connections between Roncalli and an artist or creator of a significant piece. Confidence: 0.6
Final Answer: Need more context. Confidence: 0.2",Need more context.,0.05376000000000001,0.0,0,0
205,4hop1__145422_698949_157828_162309,"When did the country, that has the original language of the film named after Vladimir Karalić's birthplace as a co-official language, first attend the Olympics as an independent team?",2016,"Step 1: The language in question is likely Irish, since Vladimir Karalić was born in Slavic regions and the film ""Krupka"" exists, which could relate to ""Krupka"" in the Irish language film ""The Crying Game,"" themed around a native Irishman. Confidence: 0.6
Step 2: The country with Irish as a co-official language is Ireland. Confidence: 0.9
Step 3: Ireland first participated in the Olympics as an independent team in 1924. Confidence: 0.95
Final Answer: 1924 Confidence: 0.95",1924,0.48735,0.0,0,0
206,2hop__754021_20057,Who started the organization that founded Defective by Design?,Richard Stallman,"Step 1: Defective by Design is an initiative of the Free Software Foundation (FSF). Confidence: 0.9
Step 2: The Free Software Foundation was founded by Richard Stallman. Confidence: 0.95
Final Answer: Richard Stallman Confidence: 0.9",Richard Stallman,0.7695,1.0,1,1
207,2hop__29191_59955,What country is between Lithuania and Frederic Chopin's home country?,Kaliningrad Oblast,"Step 1: Frederic Chopin's home country is Poland. Confidence: 0.9
Step 2: Lithuania is a country located in the Baltic region of Europe. Confidence: 0.9
Step 3: Poland is located to the south of Lithuania. Confidence: 0.9
Step 4: Between Lithuania and Poland, there is a small country called Belarus. Confidence: 0.9
Final Answer: Belarus Confidence: 0.8",Belarus,0.5248800000000001,0.0,0,0
208,2hop__35989_623159,In what oblast is the oldest city in the northeast located?,Yaroslavl Oblast,"Step 1: Determine the oldest city in the northeast of Ukraine. Kharkiv is often considered the largest and most notable eastern city but not necessarily the oldest. Confidence: 0.8
Step 2: Consult historical records to find an older city in the same region. Sumy is one potential candidate, but Bilhorod-Dnistrovskyi claims to be one of the oldest continuously inhabited cities. However, it's located in the southwest, so it's not applicable here. Confidence: 0.7
Step 3: Check for cities in historical contexts that predate others. Chernihiv may be seen as a representative northern city with early historical mentions dating back to centuries earlier than the founding of Sumy or Kharkiv. Confidence: 0.9
Step 4: Given Chernihiv's historicity, verify its geographic location. Chernihiv is in the Chernihiv Oblast, which is more northerly and eastern compared to other old cities in Ukraine. Confidence: 0.95
Final Answer: Chernihiv Oblast Confidence: 0.85",Chernihiv Oblast,0.40698,0.5,0,0
209,2hop__62823_654855,"What political party was the candidate who garnered a million votes during the 1920 election despite being in prison, a member of?",Socialist Party of America,"Step 1: The 1920 election refers to the United States presidential election. Confidence: 0.9
Step 2: Eugene V. Debs was a candidate in the 1920 U.S. presidential election while he was in prison. Confidence: 0.95
Step 3: Eugene V. Debs was a member of the Socialist Party of America. Confidence: 0.95
Final Answer: Socialist Party of America Confidence: 0.95",Socialist Party of America,0.7716374999999999,1.0,1,1
210,2hop__839126_472799,Which competition did the performer of Cadore 33 participated?,Eurovision Song Contest 1991,"Step 1: The performer of ""Cadore 33"" is Davide Shorty. Confidence: 0.9
Step 2: Davide Shorty participated in Sanremo Music Festival. Confidence: 0.8
Final Answer: Sanremo Music Festival Confidence: 0.8",Sanremo Music Festival,0.5760000000000001,0.0,0,0
211,3hop1__857_846_7701,When did the city where the Yongle emperor greeted the person to whom the edict was addressed become the Chinese national capital?,Jin dynasty,"Step 1: The Yongle Emperor was the third emperor of the Ming Dynasty, known for moving the capital of China to Beijing. Confidence: 0.9
Step 2: The Yongle Emperor moved the Chinese capital from Nanjing to Beijing in 1421. Confidence: 0.9
Step 3: Therefore, assuming the person the Yongle Emperor greeted was in Beijing (associated with the switch), it became the Chinese national capital in 1421. Confidence: 0.9
Final Answer: 1421 Confidence: 0.9",1421,0.6561000000000001,0.0,0,0
212,3hop1__497845_629431_64412,When did the place where the author of Princeps Pastorum died become its own country?,11 February 1929,"Step 1: The author of ""Princeps Pastorum"" is Rom Landau. Confidence: 1.0
Step 2: Rom Landau died in Fez, Morocco. Confidence: 1.0
Step 3: Morocco gained independence from France and became its own country in 1956. Confidence: 1.0
Final Answer: 1956 Confidence: 1.0",1956,1.0,0.0,0,0
213,2hop__556426_9237,When did the first mosque open where Air Marshall Islands is headquartered?,September 2012,"Step 1: Air Marshall Islands is headquartered in Majuro, the capital of the Marshall Islands. Confidence: 0.9
Step 2: The first mosque in the Marshall Islands is known to have opened in 2012. Confidence: 0.8
Final Answer: 2012 Confidence: 0.7",2012,0.504,0.6666666666666666,0,1
214,4hop1__31333_59747_211319_557671,Which county shares a border with the county where the most populous city in the other state that sent Tennessee the most tourists in 2013 is located?,Presque Isle County,"Step 1: Identify the state that sent the most tourists to Tennessee in 2013. Georgia is known for being a significant source of tourists to Tennessee. Confidence: 0.7
Step 2: Determine the most populous city in Georgia. Atlanta is the most populous city in Georgia. Confidence: 0.9
Step 3: Identify the county where Atlanta is located. Atlanta is located in Fulton County. Confidence: 0.95
Step 4: Determine the counties that share a border with Fulton County, Georgia. Cobb County, DeKalb County, Clayton County, and Fayette County share a border with Fulton County. Confidence: 0.85
Final Answer: Cobb County Confidence: 0.75",Cobb County,0.3815437499999999,0.4,0,0
215,2hop__593866_80026,"In Willy Wonka and the Chocolate Factory, who played the character that the group who performs MMXIV was named after?",Julie Dawn Cole,"Step 1: ""Willy Wonka and the Chocolate Factory"" is a film released in 1971. Confidence: 0.9
Step 2: The main character in the film is Willy Wonka. Confidence: 0.9
Step 3: The character Willy Wonka was played by Gene Wilder in the 1971 film. Confidence: 0.95
Step 4: MMXIV in Roman numerals is 2014. There is no direct link between MMXIV and a group named after Gene Wilder directly. Confidence: 0.6
Step 5: The actor Gene Wilder is known but no musical group is widely recognized for being named directly after a character from Willy Wonka and the Chocolate Factory. Confidence: 0.5
Final Answer: Gene Wilder Confidence: 0.65",Gene Wilder,0.15005249999999998,0.0,0,0
216,3hop1__857_846_7795,"In 2011, what was the estimated population of the city where the Yongle emperor greeted the person to whom the edict was addressed?",8.11 million,"Step 1: The Yongle Emperor was the third emperor of the Ming dynasty, ruling from 1402 to 1424. His capital was in the city of Beijing. Confidence: 0.9
Step 2: The recipient of edicts from the Yongle Emperor would typically visit the imperial court, which was in Beijing. Confidence: 0.8
Step 3: The estimated population of Beijing in 2011 was approximately 19.6 million people. Confidence: 0.9
Final Answer: 19.6 million Confidence: 0.8",19.6 million,0.5184000000000001,0.5,0,0
217,3hop1__469478_15840_36002,What were the Genesis's advantages over the platform that plays Sunman?,built on 16-bit architectures and offered improved graphics and sound,"Step 1: The Sega Genesis was a 16-bit console released by Sega, known for its advanced graphics and large game library. Confidence: 0.9
Step 2: Sunman was a game developed for the Nintendo Entertainment System (NES), an 8-bit console. Confidence: 0.8
Step 3: The Genesis's 16-bit processor allowed for better graphics and faster gameplay compared to the 8-bit NES. Confidence: 0.9
Step 4: The Sega Genesis had a larger color palette and superior sound capabilities compared to the NES. Confidence: 0.8
Final Answer: Better graphics, faster gameplay, larger color palette, superior sound. Confidence: 0.85","Better graphics, faster gameplay, larger color palette, superior sound.",0.44064000000000003,0.2105263157894737,0,1
218,2hop__747306_72813,"In The Wire, who is played by the Go for Broke cast member?",a Western District uniformed officer,"Step 1: ""Go for Broke"" is a 1951 movie about Japanese-American soldiers in World War II. Confidence: 0.9
Step 2: Mark Levy is a cast member in ""Go for Broke"". Confidence: 0.8
Step 3: Determining if any cast member of ""Go for Broke"" appeared in ""The Wire"". Confidence: 0.7
Step 4: Melvin ""Chees"" Wagstaff from ""The Wire"" was played by Method Man, not related to any actors from ""Go for Broke"". Confidence: 0.6
Step 5: Lance Reddick from ""The Wire"" was not a cast member in ""Go for Broke"". Confidence: 0.6
Final Answer: No direct connection identified. Confidence: 0.5",No direct connection identified.,0.09072,0.0,0,0
219,4hop1__58323_375563_161848_53331,When was the death penalty abolished in the country near the country where the writer of The Book Thief is a citizen of?,1989,"Step 1: Markus Zusak is the author of ""The Book Thief,"" and he is a citizen of Australia. Confidence: 0.9
Step 2: The country near Australia where the death penalty has been abolished is New Zealand. Confidence: 0.8
Step 3: New Zealand abolished the death penalty for murder in 1961, with complete abolition in 1989. Confidence: 0.85
Final Answer: 1989 Confidence: 0.85",1989,0.5202000000000001,1.0,1,1
220,2hop__283298_22402,How many students attend the university employing Marie Theres Fögen?,"nearly 25,000","Step 1: Determine which university employed Marie Theres Fögen. Confidence: 0.9
Step 2: Marie Theres Fögen was a professor at the University of Zürich. Confidence: 0.9
Step 3: Find the most recent student enrollment data for the University of Zürich. Confidence: 0.8
Step 4: The University of Zürich has an enrollment of approximately 26,000 students. Confidence: 0.8
Final Answer: 26,000 Confidence: 0.8","26,000",0.4147200000000001,0.0,0,1
221,2hop__998_25855,What does dell call the feature letting the interface replacing FireWire in later iterations of the iPod drives to remain powered when the computer is off?,PowerShare,"Step 1: Dell is known for their computer hardware and some technologies related to computers. Confidence: 0.9  
Step 2: The iPod originally used FireWire to charge and transfer data; later models used USB interfaces for similar purposes. Confidence: 0.85  
Step 3: Many computers offer features to power certain USB ports even when turned off, often using terms like ""PowerShare"" or ""Always On USB."" Confidence: 0.8  
Step 4: Dell refers to this functionality as a feature with the name PowerShare, allowing USB devices to charge even if the system is off. Confidence: 0.95  
Final Answer: PowerShare Confidence: 0.95",PowerShare,0.55233,1.0,1,1
222,3hop1__408237_400692_51423,What is the name of the castle in the birthplace of Harmony's performer?,Casa Loma,"Step 1: Determine the identity of Harmony's performer. Confidence: 0.8
Step 2: Establish the birthplace of this performer. Confidence: 0.7
Step 3: Identify any castles located in that birthplace. Confidence: 0.7
Step 4: Name the most prominent or notable castle in that location. Confidence: 0.6
Final Answer: Winterfell Castle Confidence: 0.5",Winterfell Castle,0.11759999999999998,0.0,0,0
223,2hop__72487_510545,Who is the spouse of the actor that plays vision in avengers age of ultron?,Jennifer Connelly,"Step 1: The actor who plays Vision in Avengers: Age of Ultron is Paul Bettany. Confidence: 0.9
Step 2: Paul Bettany's spouse is Jennifer Connelly. Confidence: 0.95
Final Answer: Jennifer Connelly. Confidence: 0.95",Jennifer Connelly.,0.8122499999999999,1.0,1,1
224,3hop1__351696_42197_18397,Where did the person who argued that the country where Ural Oblast is located had become an imperialist power declare he would intervene in the Korean conflict?,the Politburo,"Step 1: The Ural Oblast is located in Russia. Confidence: 0.9
Step 2: The person who argued that Russia had become an imperialist power must have been referring to Soviet or Russian influence. Confidence: 0.8
Step 3: The Korean conflict is associated with the Korean War, which took place from 1950-1953. Confidence: 0.9
Step 4: A significant figure who declared an intention to intervene during the Korean War due to Soviet support was U.S. President Harry S. Truman. Confidence: 0.8
Step 5: President Truman declared his intentions regarding the Korean War during a press conference or broadcast. Confidence: 0.7
Final Answer: United States Confidence: 0.65",United States,0.23587200000000003,0.0,0,0
225,3hop1__579562_629431_124169,What year did the Governor of the city where Pacem in Terris' author died end?,1952,"Step 1: Pacem in Terris was authored by Pope John XXIII. Confidence: 0.9
Step 2: Pope John XXIII died in Vatican City on June 3, 1963. Confidence: 0.95
Step 3: Vatican City does not have a governor in the typical sense; it is governed by the Pope. The Pontificate of Pope John XXIII ended in 1963. Confidence: 0.9
Step 4: Pope Paul VI was the Pontiff following John XXIII, becoming Pope in 1963. Confidence: 0.85
Final Answer: 1963 Confidence: 0.8",1963,0.52326,0.0,0,0
226,4hop1__161765_53706_795904_580996,What city shares a border with the city where the person who went to the state where Englebart died during the gold rush works?,Rio Linda,"Step 1: Douglas Engelbart died in California. Confidence: 1.0
Step 2: The Gold Rush often refers to the California Gold Rush. Confidence: 0.9
Step 3: The city where someone might work in California, linked to Engelbart, could be San Jose due to Silicon Valley. Confidence: 0.8
Step 4: A city that shares a border with San Jose is Santa Clara. Confidence: 0.9
Final Answer: Santa Clara Confidence: 0.8",Santa Clara,0.5184000000000001,0.0,0,0
227,2hop__71294_494136,Who is the spouse of the actor who plays the father on I Can Only Imagine?,Meg Ryan,"Step 1: The actor who plays the father on ""I Can Only Imagine"" is Dennis Quaid. Confidence: 0.9
Step 2: Dennis Quaid's current spouse is Laura Savoie. Confidence: 0.8
Final Answer: Laura Savoie Confidence: 0.8",Laura Savoie,0.5760000000000001,0.0,0,0
228,2hop__657913_88628,Who did the producer of Big Jim McLain play in True Grit?,U.S. Marshal Rooster Cogburn,"Step 1: Big Jim McLain was produced by Wayne-Fellows Productions. Confidence: 0.9
Step 2: Wayne-Fellows Productions was co-founded by John Wayne. Confidence: 0.95
Step 3: John Wayne was an actor who also took on producing roles in films. Confidence: 0.95
Step 4: John Wayne played Rooster Cogburn in the film True Grit. Confidence: 0.98
Final Answer: Rooster Cogburn Confidence: 0.98",Rooster Cogburn,0.7800848999999999,0.6666666666666666,0,1
229,2hop__699172_141338,What company is the school where Lawrence Landweber was educated a part of?,City University of New York,"Step 1: Lawrence Landweber was educated at Purdue University. Confidence: 0.9
Step 2: Purdue University is part of the Purdue University System. Confidence: 0.9
Final Answer: Purdue University System Confidence: 0.8",Purdue University System,0.6480000000000001,0.25,0,0
230,2hop__613779_55984,"Who wrote the song ""The Story"" that is sung by the performer of ""That Wasn't Me""?",Phil Hanseroth,"Step 1: The song ""That Wasn't Me"" is performed by Brandi Carlile. Confidence: 0.9
Step 2: The song ""The Story"" is also performed by Brandi Carlile. Confidence: 0.9
Step 3: ""The Story"" is written by Phil Hanseroth. Confidence: 0.8
Final Answer: Phil Hanseroth Confidence: 0.8",Phil Hanseroth,0.5184000000000001,1.0,1,1
231,2hop__747667_52835,Who wrote Turn Me On by the Thinking About You performer?,John D. Loudermilk,"Step 1: Identify the performer of ""Thinking About You."" Calvin Harris is the performer of ""Thinking About You."" Confidence: 0.9  
Step 2: Determine who wrote ""Turn Me On"" by Calvin Harris. Calvin Harris wrote ""Turn Me On."" Confidence: 0.8  
Final Answer: Calvin Harris Confidence: 0.8",Calvin Harris,0.5760000000000001,0.0,0,0
232,3hop1__604797_443779_52195,who is the president of newly declared independent country which is the country of the country of Alabio –Timor Leste Commission of Truth and Friendship?,Francisco Guterres,"Step 1: Timor Leste, also known as East Timor, is a country in Southeast Asia. The existing jurisdiction does not contain any region or sub-national division called Alabio. Confidence: 0.9
Step 2: No newly declared independent country is well-known to have emerged from a region associated with Alabio-Timor Leste. Confidence: 0.8
Step 3: Timor Leste Commission of Truth and Friendship references a joint initiative between East Timor and Indonesia, but does not declare new countries. Confidence: 0.9
Step 4: The President of Timor Leste as of the latest update is José Ramos-Horta, inaugurated in May 2022, but this does not correspond to a newly declared country. Confidence: 0.95
Final Answer: No known independent country; parsing of question may be incorrect. Confidence: 0.7",No known independent country; parsing of question may be incorrect.,0.4309200000000001,0.0,0,0
233,3hop2__802066_223623_162182,"In what region of the country where Châu Đức is found, is the birthplace of John Phan?",South Central Coast,"Step 1: Châu Đức is located in the Bà Rịa–Vũng Tàu province of Vietnam. Confidence: 0.9
Step 2: John Phan is a professional poker player known to be from the United States. Confidence: 0.8
Step 3: There might be a mistake or confusion in associating a birthplace of John Phan with a specific region connected to Châu Đức, as he isn't notably connected to Vietnam by birthplace. Confidence: 0.7
Step 4: Information suggests John Phan was born in Vietnam, but the specific city or connection to Châu Đức in the Bà Rịa–Vũng Tàu province is not verified. Confidence: 0.5
Final Answer: South Vietnam (general region) Confidence: 0.6",South Vietnam (general region),0.1512,0.28571428571428575,0,1
234,4hop1__236903_153080_159767_81096,Who won the Indy Car Race in the largest city and state of the state where the performer of East Coasting is from?,Mario Andretti,"Step 1: ""East Coasting"" is a track by American jazz musician Charles Mingus. Confidence: 1.0
Step 2: Charles Mingus was born in Nogales, Arizona, but raised in Watts, Los Angeles, California. Confidence: 0.9
Step 3: The largest city in California is Los Angeles. Confidence: 1.0
Step 4: The IndyCar race commonly held in Los Angeles is the Acura Grand Prix of Long Beach. Confidence: 0.8
Step 5: The winner of the Acura Grand Prix of Long Beach in 2023 was Kyle Kirkwood. Confidence: 0.9
Final Answer: Kyle Kirkwood Confidence: 0.8",Kyle Kirkwood,0.5184000000000001,0.0,0,0
235,2hop__2683_577502,Who married the governor who passed a law in honor of Donda West?,Maria Shriver,"Step 1: Donda West was the mother of the artist Kanye West. Confidence: 1.0
Step 2: A law called the ""Donda West Law"" was passed in California, related to cosmetic surgery, following her death. Confidence: 0.9
Step 3: Arnold Schwarzenegger was the governor of California who signed the ""Donda West Law"" in 2009. Confidence: 0.8
Step 4: Arnold Schwarzenegger was married to Maria Shriver at the time. Confidence: 0.9
Final Answer: Maria Shriver Confidence: 0.8",Maria Shriver,0.5184000000000001,1.0,1,1
236,3hop2__304722_781203_63959,When was the last time the team who Bernard Lowe was a member of beat the winner of the 1894-95 FA Cup?,1 December 2010,"Step 1: Bernard Lowe is a fictional character from the TV series ""Westworld"" and is not associated with a real-world football team. Confidence: 1.0
Step 2: The winner of the 1894-95 FA Cup was Aston Villa. Confidence: 1.0
Step 3: Given Bernard Lowe's fictional nature and lack of real-world team association, it is impossible to determine a specific match. Confidence: 1.0
Final Answer: Not applicable Confidence: 1.0",Not applicable,1.0,0.0,0,0
237,3hop2__49541_121067_51068,The queen of england in 1890 is portrayed on the network that broadcast The Pacific Century by whom?,Jenna - Louise Coleman,"Step 1: The queen of England in 1890 was Queen Victoria. Confidence: 1.0
Step 2: The Pacific Century was a television documentary series broadcast by PBS. Confidence: 0.9
Step 3: The actress or individual who portrays Queen Victoria in a specific PBS production, such as in a documentary or series, is not commonly known or easily accessible information without specific details on the production. Confidence: 0.5
Final Answer: Unknown Confidence: 0.3",Unknown,0.135,0.0,0,0
238,2hop__55552_158105,What two features of Windows 98 were highlighted by the man who announced Windows in 1983?,ease of use and enhanced support for Plug and Play,"Step 1: Windows was officially announced by Bill Gates in 1983. Confidence: 1.0
Step 2: The key features highlighted for Windows upon its 1983 announcement were graphical user interface (GUI) and multitasking capabilities. Confidence: 0.8
Step 3: Windows 98 was released much later, in 1998, with features such as Internet Explorer integration and improved USB support. Confidence: 0.9
Step 4: The features mentioned as part of Windows 98 and those highlighted in the 1983 announcement by Bill Gates are not directly related. Confidence: 0.9
Final Answer: Graphical user interface, multitasking. Confidence: 0.7","Graphical user interface, multitasking.",0.45360000000000006,0.0,0,0
239,2hop__124933_653666,Who is the mother of the father of Julia Murdock Smith?,Lucy Mack Smith,"Step 1: Julia Murdock Smith's father is John Smith, as commonly known information. Confidence: 0.8
Step 2: The mother of John Smith, Julia Murdock Smith's father, might be historic but often not documented in common sources. Therefore, it could be a less well-known figure. Confidence: 0.5
Step 3: Julia Murdock Smith is an adopted daughter of Joseph Smith and Emma Hale Smith. John Smith is not the biological father from the name association; rather, she was adopted from outside their family line, whose biological parents are Murdoch. Confidence: 0.7
Step 4: Julia Murdock Smith was adopted, and her biological parents are Julia Clapp Murdock and John Murdock. Confidence: 0.9
Step 5: John Murdock's mother is less-commonly known in documented historical records, suggesting minimal widely accessible information. However, following the most accurate genealogical records, and cross-verification, her mother is most commonly recognized as being Electa Murdock. Confidence: 0.7
Final Answer: Electa Murdock Confidence: 0.7",Electa Murdock,0.12347999999999999,0.0,0,0
240,2hop__848156_130869,What state contains the place where Fatata te Miti is displayed?,"Washington, D.C.","Step 1: ""Fatata te Miti"" is a painting by Paul Gauguin. Confidence: 0.9
Step 2: The painting ""Fatata te Miti"" is part of the collection at the Art Institute of Chicago. Confidence: 0.9
Step 3: The Art Institute of Chicago is located in Illinois. Confidence: 0.95
Final Answer: Illinois Confidence: 0.9",Illinois,0.69255,0.0,0,0
241,3hop1__79039_131926_13165,What treaty ceded territory to the US extending west to the river next to the city that's the home of the Juicy Lucy?,Treaty of Paris,"Step 1: Identify the city that is home to the Juicy Lucy, which is Minneapolis, Minnesota. Confidence: 0.9
Step 2: Determine the river next to Minneapolis, which is the Mississippi River. Confidence: 0.95
Step 3: Find the treaty that ceded territory to the US extending to the Mississippi River. Confidence: 0.85
Step 4: The Louisiana Purchase Treaty ceded land to the US extending west to the Mississippi River. Confidence: 0.9
Final Answer: Louisiana Purchase Treaty Confidence: 0.85",Louisiana Purchase Treaty,0.5559637500000001,0.3333333333333333,0,0
242,2hop__527400_159673,"This cast member in ""Search for the Gods"" also plays a character in which film?",The Hateful Eight,"Step 1: ""Search for the Gods"" is a TV movie that aired in 1975. Confidence: 0.9
Step 2: Notable cast members of ""Search for the Gods"" include Kurt Russell and Stephen McHattie. Confidence: 0.8
Step 3: Kurt Russell is famous for many films, one of which is ""Escape from New York"" released in 1981. Confidence: 0.95
Step 4: Stephen McHattie has appeared in films like ""Pontypool"" (2008). Confidence: 0.9
Step 5: Given the prominence of Kurt Russell at the time, it's more likely his film is being referenced. Confidence: 0.85
Final Answer: Escape from New York Confidence: 0.8",Escape from New York,0.4186080000000001,0.0,0,0
243,4hop3__279362_88460_30152_20999,How were people from whom new coins were a proclamation of independence by the Somali Muslim Ajuran Empire expelled from the natural boundary between Thailand and Vat Yotkeo's country?,The dynasty regrouped and defeated the Portuguese,"Step 1: The Ajuran Empire was a historical empire in the Horn of Africa, primarily modern-day Somalia. Confidence: 0.9
Step 2: The natural boundary between Thailand and Vat Yotkeo's country (Laos) is the Mekong River. Confidence: 0.8
Step 3: The Ajuran Empire did not have significant historical interactions with Southeast Asia, including places like Thailand or Laos. Confidence: 0.7
Step 4: The phrasing of the question seems to involve unrelated historical contexts, perhaps leading to confusion. The coins mentioned as a proclamation of independence from the Ajuran Empire are likely not related to any events involving Thailand or Laos. Confidence: 0.85
Final Answer: No expulsion related to boundary between Thailand and Laos occurred. Confidence: 0.6",No expulsion related to boundary between Thailand and Laos occurred.,0.25704,0.13333333333333333,0,0
244,3hop1__57186_237521_291682,Who's married to the man who produced a documentary about the singer of She's Out of My Life?,Liza Minnelli,"Step 1: The singer of ""She's Out of My Life"" is Michael Jackson. Confidence: 0.9
Step 2: The man who produced a documentary about Michael Jackson is Wade Robson, who directed ""Leaving Neverland."" Confidence: 0.7
Step 3: Wade Robson is married to Amanda Robson. Confidence: 0.8
Final Answer: Amanda Robson Confidence: 0.7",Amanda Robson,0.3528,0.0,0,0
245,3hop2__132957_593597_40768,"When did the maker of Acura Legend, the manufacturer of Scion Fuse and Nissan open US assembly plants?",1981,"Step 1: The Acura Legend is manufactured by Honda. Confidence: 1.0
Step 2: Scion is a brand of Toyota. Confidence: 0.9
Step 3: Nissan is a separate automotive manufacturer. Confidence: 1.0
Step 4: Honda opened its first US assembly plant in Marysville, Ohio, in 1982. Confidence: 0.9
Step 5: Toyota (including Scion) opened its first US assembly plant in Georgetown, Kentucky, in 1988. Confidence: 0.9
Step 6: Nissan opened its first US assembly plant in Smyrna, Tennessee, in 1983. Confidence: 0.9
Final Answer: 1982, 1988, 1983 Confidence: 0.8","1982, 1988, 1983",0.5248800000000001,0.0,0,0
246,3hop1__198276_709625_84283,Who is the owner of the record label of the performer of What Kind of Love?,Warner Music Group,"Step 1: ""What Kind of Love"" is a song by Childish Gambino, a stage name for Donald Glover. Confidence: 0.9
Step 2: Childish Gambino's record label is Wolf+Rothstein. Confidence: 0.8
Step 3: Wolf+Rothstein is co-owned by Donald Glover, his brother Stephen Glover, and their management team. Confidence: 0.7
Final Answer: Donald Glover, Stephen Glover, management team Confidence: 0.7","Donald Glover, Stephen Glover, management team",0.3528,0.0,0,0
247,2hop__35445_22458,What is the full name of the organization that publishes he Laws of the Game?,International Federation of Association Football,"Step 1: The Laws of the Game is associated with football (soccer). Confidence: 0.9
Step 2: The organization known for setting and publishing the laws of football is recognized as the International Football Association Board. Confidence: 0.95
Step 3: The organization's full name is crucial to the answer. Confidence: 0.95
Step 4: The full name of the organization is ""The International Football Association Board."" Confidence: 0.98
Final Answer: The International Football Association Board Confidence: 0.98",The International Football Association Board,0.7800848999999999,0.6666666666666665,0,0
248,3hop2__668732_467331_162182,"In what region of the country containing An Phú, is the city with the Zone 5 Military Museum located?",South Central Coast,"Step 1: An Phú is a rural district in the An Giang Province of Vietnam, which is located in the Mekong Delta region. Confidence: 0.9

Step 2: The Zone 5 Military Museum is located in Da Nang, Vietnam. Confidence: 0.95

Step 3: Da Nang is in the South Central Coast region of Vietnam. Confidence: 0.9

Step 4: The Zone 5 Military Museum pertains to the South Central region, covering areas like Da Nang. Confidence: 0.9

Final Answer: South Central Coast Confidence: 0.85",South Central Coast,0.5886675,1.0,1,1
249,2hop__89403_122023,Which university educated the scientist who developed an explanation for the photoelectric effect?,Luitpold Gymnasium,"Step 1: The scientist who developed an explanation for the photoelectric effect is Albert Einstein. Confidence: 1.0
Step 2: Albert Einstein developed the theory of the photoelectric effect in 1905. Confidence: 1.0
Step 3: Albert Einstein attended the Swiss Federal Polytechnic (now ETH Zurich). Confidence: 0.9
Step 4: ETH Zurich is a university located in Zurich, Switzerland. Confidence: 0.9
Final Answer: ETH Zurich Confidence: 0.9",ETH Zurich,0.7290000000000001,0.0,0,0
250,2hop__133241_33564,In what era was the company known as the manufacturer of Agni-V founded?,From the 1950s to the 1970s,"Step 1: The Agni-V is a missile developed by India. Confidence: 0.9
Step 2: The manufacturer of the Agni-V missile is the Defence Research and Development Organisation (DRDO) of India. Confidence: 0.9
Step 3: DRDO was founded in 1958. Confidence: 0.95
Step 4: The era for the founding of DRDO is the mid-20th century. Confidence: 0.95
Final Answer: Mid-20th century Confidence: 0.9",Mid-20th century,0.6579225,0.0,0,1
251,2hop__822965_165304,Who is the child of the actor who is a cast member of Love in Pawn?,Kim Braden,"Step 1: Determine the cast members of ""Love in Pawn"". Confidence: 0.7
Step 2: Identify which of these cast members have children who are public figures. Confidence: 0.8
Step 3: Cross-reference their children to find any known public information. Confidence: 0.6
Final Answer: Unknown (specific public information is not readily available) Confidence: 0.4",Unknown (specific public information is not readily available),0.1344,0.0,0,0
252,4hop3__129318_29339_508306_70744,University of the state having Fort Hill or university of the state whose primary was won by Edwards besides the state having James B. Simmons House has more national championships?,University of South Carolina,"Step 1: Fort Hill is associated with Clemson University, which is located in South Carolina. Confidence: 0.9
Step 2: John Edwards won the Democratic primary in North Carolina, and the state with the James B. Simmons House is Georgia. Confidence: 0.85
Step 3: Clemson University (South Carolina) and the University of North Carolina are considered in athletics. Confidence: 0.8
Step 4: Clemson University is known primarily for its successful football program, whereas the University of North Carolina excels in multiple sports, including basketball. Confidence: 0.9
Step 5: The University of North Carolina has more national championships across all sports than Clemson University. Confidence: 0.95
Final Answer: University of North Carolina Confidence: 0.9",University of North Carolina,0.4709340000000001,0.75,0,0
253,2hop__38030_23241,"According to Pew, in 2010, what percent of Nigeria's population practiced the religion dominant in the countries surrounding Armenia?",48.8 percent,"Step 1: Armenia is surrounded by countries such as Turkey, Georgia, Azerbaijan, and Iran. Confidence: 1.0
Step 2: The dominant religion in Armenia is Christianity, specifically Armenian Apostolic. Confidence: 1.0
Step 3: The countries surrounding Armenia predominantly practice Islam. Confidence: 1.0
Step 4: According to the Pew Research Center, in 2010, 50% of Nigeria's population practiced Islam. Confidence: 1.0
Final Answer: 50% Confidence: 1.0",50%,1.0,0.0,0,1
254,2hop__150866_11402,"According to the agency that published U.S. and World Population Clock, what is the total area in square miles?",17.037 square miles,"Step 1: The U.S. and World Population Clock is a resource provided by the United States Census Bureau. Confidence: 0.9
Step 2: The United States Census Bureau provides various statistics, including population data, but may not specifically focus on area unless related to a demographic or geographic report. Confidence: 0.8
Step 3: For area data, the U.S. Census Bureau uses information from different programs and reports, such as geographical surveys or census data compilations. Confidence: 0.7
Step 4: Specific data on the total area in square miles is typically found in databases or reports related to geography or demographics, but not explicitly under the Population Clock itself. Confidence: 0.75
Final Answer: Not directly provided in the Population Clock. Confidence: 0.6",Not directly provided in the Population Clock.,0.2268,0.0,0,0
255,2hop__132969_417697,What model of car was Mohammed Atta's vehicle that is from the company that makes Datsun Sports?,Nissan Altima,"Step 1: The Datsun Sports is a vehicle model produced by Nissan. Confidence: 0.9
Step 2: Mohammed Atta used a rented car on September 11, 2001. Confidence: 0.8
Step 3: The car model driven by Mohammed Atta was a Nissan Altima. Confidence: 0.7
Final Answer: Nissan Altima Confidence: 0.7",Nissan Altima,0.3528,1.0,1,1
256,2hop__96414_159054,What was the story of the character from The Bourne Ultimatum based on?,the novel of the same name by Robert Ludlum,"Step 1: The Bourne Ultimatum is a film based on the 1990 novel of the same name by author Robert Ludlum. Confidence: 0.9
Step 2: The novel, and thus the film, is centered around the character Jason Bourne. Confidence: 0.95
Step 3: Jason Bourne is a fictional character who is a CIA operative suffering from amnesia. Confidence: 0.95
Step 4: The character's story is influenced by themes of espionage and covert operations, typical of Ludlum's work. Confidence: 0.9
Final Answer: Robert Ludlum's novel Confidence: 0.85",Robert Ludlum's novel,0.6213712499999999,0.4,0,1
257,2hop__304852_758385,What administrative territorial entity contains the place where KPRM is licensed to broadcast to?,Hubbard County,"Step 1: KPRM, a radio station, is licensed to broadcast to the city of Park Rapids. Confidence: 0.8
Step 2: Park Rapids is located in the state of Minnesota. Confidence: 0.9
Final Answer: Minnesota Confidence: 0.85",Minnesota,0.6120000000000001,0.0,0,0
258,2hop__88906_55840,"In the King's Speech, who played the person who was the King of England in 1950?",Colin Firth,"Step 1: ""The King's Speech"" is a film about King George VI. Confidence: 0.9
Step 2: King George VI was the King of England in 1950. Confidence: 0.95
Step 3: Colin Firth played King George VI in ""The King's Speech."" Confidence: 0.95
Final Answer: Colin Firth Confidence: 0.95",Colin Firth,0.7716374999999999,1.0,1,1
259,2hop__147260_623159,What territorial entity does the town where John the Hairy lived belong to?,Yaroslavl Oblast,"Step 1: Research shows that John the Hairy is also known as Ioan cel Călugăr, an early Romanian legendary figure, indicating ties to Romania. Confidence: 0.8
Step 2: Historical context and legendary status suggest the location associated with John the Hairy is typically related to Wallachia, a historical and geographical region of Romania. Confidence: 0.7
Step 3: Wallachia, as a historical region, was a part of modern-day Romania, which is the territorial entity in question. Confidence: 0.9
Final Answer: Romania Confidence: 0.8",Romania,0.4032,0.0,0,0
260,4hop2__161602_474028_88460_21074,Who runs the school system in the country on the natural boundary between the country that hosted the tournament and the country where A Don is from?,the Ministry of Education,"Step 1: Identify the country that hosted the tournament. The tournament being referred to is likely an international event such as the FIFA World Cup or the Olympics. I don't have access to recent data to confirm the latest hosts. Confidence: 0.6
Step 2: Determine the country where A Don is from. This requires identifying who ""A Don"" refers to, which is not immediately clear without additional context. Confidence: 0.4
Step 3: Identify the countries involved and their common natural boundary. Assuming the two countries share a natural boundary, it might be a well-known geographic landmark like a river or mountain range. Confidence: 0.5
Step 4: Determine the country on this boundary and identify their school system administrator. Most countries have a Ministry of Education or similar governmental body. Confidence: 0.8
Final Answer: Ministry of Education Confidence: 0.5",Ministry of Education,0.048,1.0,1,1
261,2hop__697729_576069,Adolf Overweg died in what geological area?,Chad Basin,"Step 1: Adolf Overweg was a German geologist and explorer known for his exploration work in Africa. Confidence: 0.9  
Step 2: Overweg was part of the first European expedition to lake Chad. Confidence: 0.8  
Step 3: Overweg died in Africa during the expedition in 1852. Confidence: 0.85  
Step 4: Lake Chad area is known as the Chad Basin which is a geological area. Confidence: 0.9  
Final Answer: Chad Basin Confidence: 0.85",Chad Basin,0.46818000000000004,1.0,1,1
262,4hop2__160585_14670_8987_8974,Hana Mandlikova was born in Country A that invaded Country B because the military branch the Air Defense Artillery is part of was unprepared. Country B was the only communist country to have an embassy where?,Alfredo Stroessner's Paraguay,"Step 1: Hana Mandlikova was born in Czechoslovakia. Confidence: 0.9
Step 2: During the Cold War, the Soviet Union (Country A) invaded Czechoslovakia (Country B) due to military unpreparedness. Confidence: 0.8
Step 3: Czechoslovakia was a communist country during the Cold War era. Confidence: 0.9
Step 4: Czechoslovakia was the only communist country to have an embassy in Israel. Confidence: 0.75
Final Answer: Israel Confidence: 0.7",Israel,0.34020000000000006,0.0,0,0
263,2hop__95970_152907,What city is the star of Sous les pieds des femmes from?,La Goulette,"Step 1: ""Sous les pieds des femmes"" is a book written by the French author, Christiane Rochefort. Confidence: 0.9
Step 2: Christiane Rochefort was born in Paris, France. Confidence: 0.9
Step 3: The term ""star"" could refer to the protagonist or main character of the book. Confidence: 0.8
Step 4: Given the author's connection to Paris, it is likely the setting or influence of the protagonist's city may be Paris. Confidence: 0.7
Final Answer: Paris Confidence: 0.7",Paris,0.31752,0.0,0,0
264,2hop__82051_7298,"Along with the subject of The One That Got Away, what notable pop artist started out his career on adult contemporary radio?",Michael Bublé,"Step 1: ""The One That Got Away"" is a song by Katy Perry. Confidence: 0.9
Step 2: The question asks for a pop artist with a career start in adult contemporary radio. Confidence: 0.8
Step 3: This artist should also be notably associated with Katy Perry. Confidence: 0.7
Step 4: John Mayer, a notable pop artist, has associated with Katy Perry and had songs played on adult contemporary radio. Confidence: 0.7
Final Answer: John Mayer Confidence: 0.6",John Mayer,0.21168,0.0,0,0
265,2hop__96812_130869,The Small Cowper Madonna painting is displayed in what state?,"Washington, D.C.","Step 1: The Small Cowper Madonna is a painting by the Italian artist Raphael. Confidence: 0.9
Step 2: The painting is part of the collection at the National Gallery of Art. Confidence: 0.9
Step 3: The National Gallery of Art is located in Washington, D.C. Confidence: 0.95
Step 4: Washington, D.C. is not in a state, but is a federal district. Confidence: 0.95
Final Answer: Not in a state (Washington, D.C.) Confidence: 0.9","Not in a state (Washington, D.C.)",0.6579225,0.5714285714285715,0,1
266,2hop__95687_577502,Who is the spouse of the leading actor in the film The 6th Day?,Maria Shriver,"Step 1: Identify the leading actor in the film The 6th Day. Arnold Schwarzenegger is the leading actor. Confidence: 0.95
Step 2: Determine the current spouse of Arnold Schwarzenegger. His spouse was Maria Shriver, but they separated. Confidence: 0.9
Final Answer: None (separated) Confidence: 0.8",None (separated),0.684,0.0,0,1
267,2hop__87589_362941,Where was the founder of the National Women's Party born?,Mount Laurel Township,"Step 1: The founder of the National Women's Party is Alice Paul. Confidence: 0.9
Step 2: Alice Paul was born in the United States. Confidence: 0.8
Step 3: More specifically, Alice Paul was born in Mount Laurel Township, New Jersey. Confidence: 0.8
Final Answer: Mount Laurel Township, New Jersey Confidence: 0.75","Mount Laurel Township, New Jersey",0.43200000000000005,0.7499999999999999,0,1
268,2hop__160292_23241,"According to Pew, in 2010, what percent of Nigeria's population practiced the religion of most of the workers?",48.8 percent,"Step 1: Pew Research often conducts studies and surveys regarding religious affiliations and practices across different countries. Confidence: 0.9

Step 2: Nigeria is known to have two predominant religions: Christianity and Islam. Confidence: 0.95

Step 3: The religion of ""most of the workers"" in Nigeria could refer to one with a significant population, namely Islam or Christianity, as per common knowledge about Nigeria's demographics. Confidence: 0.85

Step 4: In 2010, according to Pew Research, Islam was one of the major religions in Nigeria, making up about 48% of the population. Confidence: 0.8

Final Answer: 48% Confidence: 0.75",48%,0.43605000000000005,0.0,0,1
269,4hop1__813171_153080_159767_81096,Who won the Indy car race in the largest city and capitol of the state where the Changes Two performer is from?,Mario Andretti,"Step 1: Changes Two is an album by David Bowie. Confidence: 1.0
Step 2: David Bowie was born in London, England. Confidence: 1.0
Step 3: The largest city in England is London, which is also its capital. Confidence: 1.0
Step 4: The IndyCar series does not hold a race in London, England. Confidence: 1.0
Final Answer: Unable to provide an answer. Confidence: 1.0",Unable to provide an answer.,1.0,0.0,0,0
270,4hop1__88342_49853_128008_46894,Who has the lowest batting average in the league that the team that has won the most titles from the competition they give out MVP awards plays for?,Bill Bergen,"Step 1: Identify the team with the most titles in a league that gives out MVP awards; the New York Yankees have the most World Series titles in MLB. Confidence: 0.9
Step 2: Determine which league the New York Yankees play in; they play in Major League Baseball (MLB). Confidence: 0.9
Step 3: Research who currently has the lowest batting average in MLB. Confidence: 0.7
Final Answer: Kyle Schwarber Confidence: 0.5",Kyle Schwarber,0.2835,0.0,0,0
271,3hop1__76377_40769_64047,When did the luxury division of the top selling car brand change the body style of the rx 350?,Sales began worldwide in April 2012,"Step 1: The top selling car brand is Toyota. Confidence: 0.9
Step 2: The luxury division of Toyota is Lexus. Confidence: 0.9
Step 3: The RX 350 is a model of Lexus. Confidence: 0.9
Step 4: The body style of the Lexus RX 350 was changed with the introduction of the fifth generation model in 2022. Confidence: 0.9
Final Answer: 2022 Confidence: 0.8",2022,0.5248800000000001,0.0,0,0
272,2hop__552607_126089,Who was in charge of the province which contains Zeevang?,Johan Remkes,"Step 1: Zeevang is a part of the province of North Holland in the Netherlands. Confidence: 0.9
Step 2: As of the most recent data, the King's Commissioner is typically in charge of a Dutch province. Confidence: 0.8
Step 3: As of recent data, Arthur van Dijk is the King's Commissioner of North Holland. Confidence: 0.8
Final Answer: Arthur van Dijk Confidence: 0.7",Arthur van Dijk,0.4032,0.0,0,0
273,4hop3__668721_132409_146285_35031,"In the top five largest urban areas in the state where the performer of The Paramour Sessions was from, where does the place of death for Alexander Golitzen rank?",third-largest,"Step 1: The performer of The Paramour Sessions is Papa Roach, a band from Vacaville, California. Confidence: 1.0
Step 2: Vacaville is in California, so we need to identify the top five largest urban areas in California. Confidence: 0.9
Step 3: The largest urban areas in California are Los Angeles, San Francisco, San Diego, Riverside, and San Jose. Confidence: 0.9
Step 4: Alexander Golitzen died in San Diego, California. Confidence: 1.0
Step 5: San Diego is the third largest urban area in California. Confidence: 0.9
Final Answer: 3 Confidence: 0.8",3,0.5832,0.0,0,1
274,3hop2__89854_38738_76291,When did the party that holds the majority in the House of Representatives take control of the branch that gives regulators discretion to prohibit proprietary trades?,January 2015,"Step 1: The party currently holding the majority in the House of Representatives is the Republicans. Confidence: 0.9
Step 2: Proprietary trading by banks was effectively prohibited under the Dodd-Frank Act, with the Volcker Rule specifically addressing this. Confidence: 0.8
Step 3: The branch giving regulators discretion to prohibit proprietary trades would be the executive branch, as it oversees regulatory agencies. Confidence: 0.8
Step 4: Control of the executive branch is determined by the Presidential election, which took place in 2020 with Joe Biden, a Democrat, winning. Confidence: 0.9
Step 5: The question may refer to when the Republicans took control in relation to the Dodd-Frank Act, enacted in 2010, which was under a Democrat-majority Congress and Presidency. Republicans gained control of the House in 2011. Confidence: 0.7
Final Answer: 2011 Confidence: 0.6",2011,0.217728,0.0,0,0
275,2hop__62951_64006,"As a result of the Black Death, how much was the population reduced in the place that the US helped with the Marshall Plan?",30% to 65%,"Step 1: The Black Death occurred in the 14th century and resulted in significant population reduction in Europe. Confidence: 0.8
Step 2: The Marshall Plan was an American initiative to aid Western Europe, including specifically helping countries like France, Germany, and the UK after World War II. Confidence: 0.9
Step 3: Among the countries assisted by the Marshall Plan, France is one which suffered the Black Death. Confidence: 0.8
Step 4: Historical records indicate that countries like France experienced around a 30-50% population reduction during the Black Death. Confidence: 0.7
Final Answer: 30-50% Confidence: 0.7",30-50%,0.28224,0.0,0,1
276,2hop__611178_131968,Which is the body of water by the village which borders Long Ditton?,River Thames,"Step 1: Long Ditton is located in Surrey, England. Confidence: 0.9
Step 2: The village that borders Long Ditton is Thames Ditton. Confidence: 0.9
Step 3: The River Thames is the major body of water that runs near Thames Ditton. Confidence: 0.9
Final Answer: River Thames Confidence: 0.85",River Thames,0.61965,1.0,1,1
277,2hop__3131_3300,Which season was the runner up of the third season of American Idol on?,season three,"Step 1: The third season of American Idol aired in 2004. Confidence: 0.9
Step 2: The winner of the third season of American Idol was Fantasia Barrino. Confidence: 0.9
Step 3: The runner-up of the third season of American Idol was Diana DeGarmo. Confidence: 0.9
Step 4: American Idol third season in 2004 would have been spring. Confidence: 0.8
Final Answer: Spring Confidence: 0.7",Spring,0.40824,0.0,0,0
278,3hop1__662618_339990_54675,What mountain can you see from Portland in the state where Fishing Creek Confederacy is located?,Tualatin Mountains,"Step 1: Determine where the Fishing Creek Confederacy was located. Confidence: 0.8
Step 2: The Fishing Creek Confederacy was located in Pennsylvania. Confidence: 0.9
Step 3: Identify the Portland located in Pennsylvania. Confidence: 0.85
Step 4: See what mountains are visible from Portland, Pennsylvania. Confidence: 0.75
Step 5: The Blue Mountain range is visible from Portland, Pennsylvania. Confidence: 0.7
Final Answer: Blue Mountain Confidence: 0.7",Blue Mountain,0.22491,0.0,0,0
279,4hop1__56270_53706_795904_580996,What shares a border with the city where the person who went to the state where the 951 area code is used during the gold rush works?,Rio Linda,"Step 1: The 951 area code is used in Riverside, California. Confidence: 0.9
Step 2: During the gold rush, a significant event in California, people were attracted to gold mining opportunities. Confidence: 0.95
Step 3: Individuals associated with the gold rush might have worked in Sacramento, a hub during that time. Confidence: 0.8
Step 4: Sacramento is in California, and cities that border Sacramento include cities like West Sacramento. Confidence: 0.85
Final Answer: West Sacramento Confidence: 0.7",West Sacramento,0.40698,0.0,0,0
280,2hop__126306_396277,What is another notable work by the illustrator of Sylvester and the Magic Pebble?,Doctor De Soto,"Step 1: The illustrator of ""Sylvester and the Magic Pebble"" is William Steig. Confidence: 0.9
Step 2: Another notable work by William Steig is ""Shrek!"". Confidence: 0.8
Final Answer: Shrek! Confidence: 0.8",Shrek!,0.5760000000000001,0.0,0,1
281,4hop1__56635_49925_13759_736921,"The German priest, who wanted to reform the religious denomination now the largest in the US, preached a sermon on Marian devotion soon before his death in which German state?",Saxony-Anhalt,"Step 1: The German priest known for attempting to reform Christianity was Martin Luther. Confidence: 0.9
Step 2: Martin Luther was from the region in what is now known as Germany, particularly associated with the state of Saxony. Confidence: 0.8
Step 3: Marian devotion typically refers to devotion to Mary, which is more associated with Catholicism, not Martin Luther's teachings. However, he might have addressed it critically in his sermons. Confidence: 0.6
Step 4: Martin Luther's most significant activities, including his 95 Theses, were centered around Wittenberg, located in Saxony. Confidence: 0.8
Final Answer: Saxony Confidence: 0.7",Saxony,0.24192000000000002,0.0,0,0
282,2hop__506035_325512,In which county was Larkin I. Smith born?,Pearl River County,"Step 1: Identify who Larkin I. Smith is. He was a U.S. Congressman who represented Mississippi. Confidence: 0.8
Step 2: Research more about his personal life to identify his birthplace for an accurate answer. Confidence: 0.9
Step 3: Larkin I. Smith's biography or historical records provide that he was born in Poplarville, Mississippi. Confidence: 0.9
Step 4: Poplarville is a city located in Pearl River County, Mississippi. Confidence: 0.95
Final Answer: Pearl River County Confidence: 0.95",Pearl River County,0.5848200000000001,1.0,1,1
283,2hop__663184_57816,What is the U.S. News ranking of the law school at Bruce Nissen's employer?,100,"Step 1: Identify Bruce Nissen's employer. Confidence: 0.8
Step 2: Determine the law school associated with that employer. Confidence: 0.9
Step 3: Find the latest U.S. News ranking for that law school. Confidence: 0.7
Final Answer: Unable to determine Confidence: 0.5",Unable to determine,0.252,0.0,0,0
284,2hop__41158_22946,Who said one of the greatest thinkers was the person who proposed explanations for the origins of earthquakes and the formation of mountains?,George Sarton,"Step 1: One of the greatest thinkers who proposed explanations for the origins of earthquakes and the formation of mountains is often considered to be the Greek philosopher Aristotle. Confidence: 0.7

Step 2: Aristotle is known for his contributions to various fields of philosophy and natural sciences, including theories on geological phenomena such as earthquakes and mountain formation. Confidence: 0.8

Step 3: A person who greatly acknowledged or revered ancient Greek thinkers like Aristotle for their works in natural philosophy is the scientist Charles Darwin. Confidence: 0.6

Final Answer: Charles Darwin Confidence: 0.6",Charles Darwin,0.20159999999999997,0.0,0,0
285,3hop1__584774_131926_87157,What is the direction of flow of the body of water by the city where Uni-Systems is headquartered?,rises in northern Minnesota and meanders slowly southwards,"Step 1: Uni-Systems is headquartered in Minneapolis, Minnesota. Confidence: 0.9
Step 2: Minneapolis is located along the Mississippi River. Confidence: 0.95
Step 3: The Mississippi River flows generally from north to south. Confidence: 0.95
Final Answer: South Confidence: 0.85",South,0.6904124999999999,0.0,0,1
286,2hop__6827_88924,Who is the chairman of the company that bought FleetBoston Financial?,Brian Thomas Moynihan,"Step 1: FleetBoston Financial was acquired by Bank of America in 2004. Confidence: 0.9
Step 2: The current chairman of Bank of America is Brian Moynihan. Confidence: 0.8
Final Answer: Brian Moynihan Confidence: 0.7",Brian Moynihan,0.504,0.8,0,1
287,3hop1__169494_42197_18397,Where did the arguer that Dmitry Okhotsimsky's country of citizenship had become an imperialist power declare he would intervene in the Korean conflict?,the Politburo,"Step 1: The question involves an arguer discussing Dmitry Okhotsimsky's country of citizenship. Dmitry Okhotsimsky was a Soviet astrophysicist, thus indicating his country of citizenship is the Soviet Union (now Russia). Confidence: 0.9

Step 2: The arguer is implying that the Soviet Union had become an imperialist power. In historical discussions, the term ""imperialist"" might be used concerning Soviet actions during the Cold War. Confidence: 0.8

Step 3: The Korean conflict referred in the question is likely the Korean War, which took place from 1950 to 1953. The major intervention by the Soviet Union was in providing support to North Korea, though they did not officially declare such an action openly at the United Nations or other high-profile platforms. Confidence: 0.7

Step 4: The context of the question likely implies a specific declaration of intervention rather than general support, which historically, such declarations externally might be more characteristic of other nations like China or the USA, as opposed to Soviet Union's more secretive and indirect role. Confidence: 0.6

Step 5: It's possible that the source of the question is targeting a particular historicized statement or declaration, such as intervention scenarios often involved in propaganda and speeches which may not be accurately remembered or documented as official Soviet policy, leaning more toward inferential guess. Confidence: 0.5 

Final Answer: Soviet Union (support to North Korea) Confidence: 0.5",Soviet Union (support to North Korea),0.0756,0.0,0,0
288,2hop__80375_90181,what is the deepest part of the ocean off the east coast of the united states?,Milwaukee Deep,"Step 1: The Mariana Trench is known as the deepest part of the world's oceans, but it is located in the Pacific Ocean near the Mariana Islands, not the east coast of the United States. Confidence: 0.9
Step 2: The deepest part of the ocean off the east coast of the United States is likely in the Atlantic Ocean, where the Puerto Rico Trench is located. Confidence: 0.8
Step 3: The Puerto Rico Trench is the deepest point in the Atlantic Ocean and is situated just north of Puerto Rico, which is off the east coast of the United States. Confidence: 0.85
Step 4: Considering its depth and location relative to the U.S. east coast, the Puerto Rico Trench is the likely deepest part off that coast. Confidence: 0.9
Final Answer: Puerto Rico Trench Confidence: 0.9",Puerto Rico Trench,0.49572000000000005,0.0,0,1
289,3hop2__104979_23308_28343,When did the troops of the country blamed for the stagnation and failure of the Tripartite discussion leave the country known for Afghan bread?,February 1989,"Step 1: The Tripartite discussion refers to talks between three parties; in the context of Afghanistan, this commonly involves Afghanistan, Pakistan, and the United States. Confidence: 0.7
Step 2: The country known for Afghan bread is Afghanistan. Confidence: 0.9
Step 3: The country likely blamed for the stagnation and failure of discussions involving Afghanistan is the United States, as the US had significant military involvement there. Confidence: 0.8
Step 4: The United States withdrew its troops from Afghanistan in August 2021. Confidence: 0.95
Final Answer: August 2021 Confidence: 0.85",August 2021,0.40698,0.0,0,0
290,3hop1__587540_514761_594810,What record label does the spouse of Mama's Broken Heart's performer belong to?,Warner Bros. Records,"Step 1: ""Mama's Broken Heart"" is a song performed by Miranda Lambert. Confidence: 0.9
Step 2: Miranda Lambert is married to Brendan McLoughlin as of my last knowledge update in October 2023. Confidence: 0.8
Step 3: Brendan McLoughlin is not known to be signed under any record label as he primarily works in law enforcement and as part of security for entertainment events. Confidence: 0.9
Final Answer: None Confidence: 0.85",None,0.5508000000000001,0.0,0,0
291,2hop__96411_159054,What was the story of the character from The Bourne Deception based on?,the novel of the same name by Robert Ludlum,"Step 1: ""The Bourne Deception"" is a part of the Bourne series initially created by Robert Ludlum. Confidence: 1.0
Step 2: The series, including characters like Jason Bourne, revolves around espionage, covert operations, and amnesia. Confidence: 1.0
Step 3: The character Jason Bourne, central to ""The Bourne Deception,"" is a government operative suffering from amnesia, based on elements common in spy fiction. Confidence: 1.0
Step 4: The Bourne series fictional stories are not direct adaptations from real life but inspired by general spy narratives and scenarios. Confidence: 0.9
Final Answer: Spy fiction narratives Confidence: 0.85",Spy fiction narratives,0.765,0.0,0,0
292,4hop1__836115_49925_13759_736921,Where is the district that the person who wanted to reform and address Vincentas Sladkevičius' religion preached a sermon on Marian devotion before his death located?,Saxony-Anhalt,"Step 1: Vincentas Sladkevičius was a cardinal in Lithuania. Confidence: 0.9
Step 2: The person mentioned is likely Pope John Paul II, who was known for his efforts to reform the Catholic Church and had a connection to Marian devotions. Confidence: 0.8
Step 3: Pope John Paul II visited Lithuania and preached about Marian devotion during his time as Pope. Confidence: 0.7
Step 4: Pope John Paul II visited Šiluva in Lithuania, a significant Marian pilgrimage site, and preached there. Confidence: 0.8
Final Answer: Šiluva, Lithuania Confidence: 0.7","Šiluva, Lithuania",0.28224,0.0,0,0
293,3hop1__108062_720914_27537,Why did Roncalli leave the city where La Bella's creator died?,for the conclave in Rome,"Step 1: La Bella is a famous painting attributed to the Italian painter Titian. Confidence: 0.9
Step 2: Titian died in the city of Venice. Confidence: 0.9
Step 3: Roncalli is the birth name of Pope John XXIII. Confidence: 0.9
Step 4: Roncalli (Pope John XXIII) left Venice when he was elected as a pope and moved to the Vatican. Confidence: 0.8
Final Answer: Elected pope, moved to Vatican. Confidence: 0.7","Elected pope, moved to Vatican.",0.40824,0.0,0,0
294,3hop1__136129_87694_64412,When did the place where the head of the catholic region named after the same saint as the Dakovo Cathedral become its own country?,11 February 1929,"Step 1: The Dakovo Cathedral is named after Saint Peter. Confidence: 0.9
Step 2: Vatican City is the head of the Catholic Church and also named after Saint Peter, specifically with St. Peter's Basilica. Confidence: 0.9
Step 3: Vatican City became an independent country with the signing of the Lateran Treaty. Confidence: 0.9
Step 4: The Lateran Treaty was signed in 1929. Confidence: 0.9
Final Answer: 1929 Confidence: 0.9",1929,0.5904900000000002,0.5,0,1
295,4hop3__152056_698586_1926_54362,Who burned down the death city of the artist responsible for Dunn Dunn in the war after which the first time black people declined in living in NYC?,Confederate Gen. John Bell Hood,"Step 1: The artist responsible for ""Dunn Dunn"" is possibly Nelly, as he has a song called ""Dunn Dunn."" Confidence: 0.7
Step 2: The ""death city"" of Nelly is possibly St. Louis, as he's often associated with that city. Confidence: 0.7
Step 3: The phrase ""in the war"" hints at a conflict, possibly referring to a historical event involving St. Louis. Confidence: 0.5
Step 4: The Great Migration of African Americans to NYC began to decline after World War II. Confidence: 0.6
Step 5: Researching possible events in St. Louis post-WWII that could be related to burning, such as riots or conflicts. Confidence: 0.4
Final Answer: No one specifically burned down St. Louis in a post-WWII conflict. Confidence: 0.3",No one specifically burned down St. Louis in a post-WWII conflict.,0.017639999999999996,0.0,0,0
296,3hop2__782397_467331_162182,"In what region of the country that contains Phu Luong, is the city that has the Zone 5 Military Museum located?",South Central Coast,"Step 1: Phu Luong is located in Vietnam. Confidence: 0.9
Step 2: The Zone 5 Military Museum is located in Da Nang, Vietnam. Confidence: 0.9
Step 3: Phu Luong is in the northern part of Vietnam. Confidence: 0.8
Step 4: Da Nang is in the central region of Vietnam. Confidence: 0.9
Final Answer: Central Vietnam Confidence: 0.85",Central Vietnam,0.4957200000000001,0.4,0,1
297,3hop2__304722_526346_63959,When was the last time the sports team having Trevor Dark as a member beat the winner of 1894–95 FA Cup?,1 December 2010,"Step 1: Trevor Dark was a member of the team called Swindon Town. Confidence: 0.9
Step 2: The winner of the 1894-95 FA Cup was Aston Villa. Confidence: 0.95
Step 3: Check matches between Swindon Town and Aston Villa while Trevor Dark was a member. Confidence: 0.8
Step 4: Trevor Dark played for Swindon Town during the early to mid-1980s. Confidence: 0.85
Step 5: Swindon Town last beat Aston Villa in a match in March 1971. Confidence: 0.7
Final Answer: March 1971 Confidence: 0.7",March 1971,0.284886,0.0,0,0
298,2hop__463884_807572,What county is the Ira C. Allen Mansion located in?,Monmouth County,"Step 1: Determine the state where the Ira C. Allen Mansion is located. Ira C. Allen Mansion is located in Vermont. Confidence: 0.9
Step 2: Identify notable locations or identifiers associated with Ira C. Allen Mansion for regional specificity. It is associated with happenings and naming in Poultney, Vermont. Confidence: 0.85
Step 3: Determine the county in which Poultney is located. Poultney is located in Rutland County, Vermont. Confidence: 0.95
Final Answer: Rutland County Confidence: 0.85",Rutland County,0.6177374999999999,0.5,0,0
299,2hop__458131_174974,Who is the spouse of the Rabbit Hole's producer?,Keith Urban,"Step 1: Identify the producer of ""Rabbit Hole"". Confidence: 0.8
Step 2: Research the personal life of the identified producer to determine their spouse. Confidence: 0.7
Step 3: Verify any found information on the producer's spouse for accuracy and recency. Confidence: 0.6
Final Answer: Nicole Kidman Confidence: 0.6",Nicole Kidman,0.20159999999999997,0.0,0,0
300,3hop1__222497_309482_89834,When did the merchant of the city where the composer of Al gran sole carico d'amore takes place?,16th - century,"Step 1: Identify the composer of ""Al gran sole carico d'amore"". It is Luigi Nono. Confidence: 0.9
Step 2: The city where ""Al gran sole carico d'amore"" takes place is not explicitly stated; it is an opera with various settings from different revolutionary periods, not tied to a single city. Confidence: 0.8
Step 3: There is no specific ""merchant"" mention well-known in relation to this opera, much less one tied to a moment in time. Confidence: 0.7
Step 4: The question might be misunderstood, as the opera's content and settings do not clearly align with a merchant in a specific city. Confidence: 0.6
Step 5: Consider that there may be an implicit question about the production or setting that isn't directly literal. Confidence: 0.5
Final Answer: Information not available. Confidence: 0.3",Information not available.,0.04536,0.0,0,0
301,3hop2__106842_30645_84681,When did the people who first settled the Delaware Valley come to the country which produced the show @Seven?,13 December 1642,"Step 1: The show @Seven is produced in New Zealand. Confidence: 0.9
Step 2: The Delaware Valley was first settled by Europeans in the early 17th century, mainly by the Dutch and Swedes. Confidence: 0.85
Step 3: New Zealand was first settled by East Polynesians, later known as the Māori people, around 1250-1300 AD. Confidence: 0.95
Final Answer: Around 1250-1300 AD Confidence: 0.85",Around 1250-1300 AD,0.6177374999999999,0.0,0,0
302,4hop3__474028_88460_30152_20999,How were people from whom new coins were a proclamation of independence by the Somali Muslim Ajuran Empire expelled from the natural boundary between Thailand and A Don's country?,The dynasty regrouped and defeated the Portuguese,"Step 1: Identify the empire and context: The Somali Muslim Ajuran Empire was a historical empire in what is now Somalia, known for its commerce and Islamic influence. Confidence: 0.9
Step 2: Interpret 'A Don's country': Likely refers to a historical or current ruler's name associated with a country. Confidence: 0.6
Step 3: Determine the natural boundary between Thailand and a neighboring country: The main natural boundary of Thailand is with Myanmar via the Tenasserim Hills. Confidence: 0.8
Step 4: Relate 'A Don's country' to Thailand's neighbors: A well-known Don is Adoniram Judson, linked with Burma/Myanmar, a neighboring country. Confidence: 0.7
Step 5: Combine knowledge of Somali history with Thailand-Myanmar boundary: The Ajuran Empire and historical ties to the region's new coinage or expulsion are not directly related historically; it seems hypothetical or a complex metaphor. Confidence: 0.5
Final Answer: Myanmar Confidence: 0.6",Myanmar,0.09072,0.0,0,0
303,2hop__37353_23241,"According to Pew in 2010, what percent of Nigeria's population was the people who conquered the Eastern provinces of the Byzantine empire?",48.8 percent,"Step 1: The Eastern provinces of the Byzantine Empire were conquered by the Muslims during the Islamic conquests in the 7th century, specifically under the Rashidun Caliphate. Confidence: 0.9
Step 2: The descendants of those conquerors would largely be Muslim communities today in various countries, including Nigeria, where Islam is practiced by a significant portion of the population. Confidence: 0.8
Step 3: Pew Research often publishes data about religious demographics, including the percentage of Muslims in various countries. Confidence: 0.85
Step 4: According to Pew Research in 2010, approximately 50% of Nigerians identified as Muslim. Confidence: 0.9
Final Answer: 50% Confidence: 0.8",50%,0.4406400000000001,0.0,0,0
304,4hop1__726675_508773_85832_745702,Who is the child of the Italian navigator who explored the eastern coast of the continent César Gaytan was born in for the English?,Sebastian Cabot,"Step 1: César Gaytan was born in Mexico, which is in North America. Confidence: 0.9
Step 2: Giovanni Caboto, known as John Cabot, was an Italian navigator who explored the eastern coast of North America for the English. Confidence: 0.8
Step 3: John Cabot's known child is Sebastian Cabot who also became an explorer. Confidence: 0.9
Final Answer: Sebastian Cabot Confidence: 0.85",Sebastian Cabot,0.5508000000000001,1.0,1,1
305,4hop1__88342_49853_128008_54974,What is the longest home run hit in the league where the team with the most titles from the event after which the MLB MVP is awarded plays?,about 575 feet,"Step 1: The MLB MVP (Most Valuable Player) award is often named after the Baseball Writers' Association of America MVP Award, which is awarded in Major League Baseball (MLB). Confidence: 0.9

Step 2: The league in which MLB teams, like those that have won many World Series titles, play is Major League Baseball. The New York Yankees have the most World Series titles. Confidence: 0.9

Step 3: There is no widely recognized ""official"" record for the longest home run in MLB, as many factors like weather and altitude affect estimates, but oft-cited unofficial records exist. Confidence: 0.8

Step 4: The commonly cited longest home run in MLB is roughly estimated at 575 feet by Babe Ruth in 1921, although this is not officially verified. Confidence: 0.7

Final Answer: 575 feet Confidence: 0.6",575 feet,0.27216,0.8,0,1
306,2hop__47712_25719,At the end of which year did tribes from the place where the Celts are said to have migrated from invade the Roman empire?,406,"Step 1: The Celts are believed to have migrated from Central Europe, perhaps near the area now known as Germany and Austria. Confidence: 0.8
Step 2: Tribes from this region, commonly identified as Germanic tribes, invaded the Roman Empire. Confidence: 0.9
Step 3: The most notable large-scale invasion of the Roman Empire by Germanic tribes occurred during the late Roman Empire period. Confidence: 0.8
Step 4: One of the significant invasions occurred in 406 AD when several tribes crossed the Rhine River into the Roman Empire. Confidence: 0.85
Final Answer: 406 AD Confidence: 0.85",406 AD,0.41616000000000003,0.6666666666666666,0,1
307,2hop__332453_139339,What was the director of The Accidental Husband nominated for?,Academy Award for Best Live Action Short Film,"Step 1: The director of ""The Accidental Husband"" is Griffin Dunne. Confidence: 0.9
Step 2: Griffin Dunne has been primarily recognized as an actor and director but not specifically known for major award nominations as a director for ""The Accidental Husband."" Confidence: 0.8
Step 3: Searching for any notable nominations specifically related to ""The Accidental Husband"" does not reveal any major awards. Confidence: 0.7
Final Answer: No major nominations found Confidence: 0.8",No major nominations found,0.4032,0.0,0,0
308,2hop__435184_67370,When does real time with the pizza man cast member start again in 2018?,"January 19, 2018","Step 1: ""Real Time with Bill Maher"" is a well-known show, not ""real time with the pizza man."" Confidence: 0.7
Step 2: ""Real Time with Bill Maher"" typically follows a seasonal schedule with breaks between seasons. Confidence: 0.8
Step 3: Shows similar to this often resume in January following a break over the holiday season. Confidence: 0.7
Step 4: In 2018, ""Real Time with Bill Maher"" resumed in January. Confidence: 0.9
Final Answer: January 2018 Confidence: 0.8",January 2018,0.28224,0.8,0,1
309,2hop__16581_16525,When did the person who first brought a postal service into Umayyad lands become caliph?,661,"Step 1: The person who first brought a postal service into Umayyad lands was Caliph Muawiya I. Confidence: 0.9
Step 2: Muawiya I became caliph in the year 661 CE. Confidence: 0.95
Final Answer: 661 CE Confidence: 0.9",661 CE,0.7695,0.6666666666666666,0,1
310,2hop__403580_37168,"According to QS World University Rankings, what is the ranking of the place that employed Said Ashour?",551-600,"Step 1: Said Ashour was an Egyptian historian and professor. Confidence: 0.9
Step 2: He was a professor at Cairo University. Confidence: 0.9
Step 3: I need to find the QS World University Ranking for Cairo University. Confidence: 0.8
Step 4: As of the latest data available, Cairo University is ranked around 400-500 in the QS World University Rankings. Confidence: 0.7
Final Answer: 400-500 Confidence: 0.7",400-500,0.31752,0.0,0,0
311,2hop__389778_78303,"What was the cast member of Missing in Action's name in Walker, Texas Ranger?",Cordell Walker,"Step 1: Chuck Norris starred in both ""Missing in Action"" and ""Walker, Texas Ranger."" Confidence: 0.9
Step 2: In ""Walker, Texas Ranger,"" Chuck Norris played the character of Cordell Walker. Confidence: 0.9
Final Answer: Cordell Walker Confidence: 0.85",Cordell Walker,0.6885,1.0,1,1
312,2hop__424294_19033,Where did the author of A Lion's Tale: Around the World in Spandex win in 2008?,Great American Bash,"Step 1: The author of ""A Lion's Tale: Around the World in Spandex"" is Chris Jericho. Confidence: 0.9
Step 2: In 2008, Chris Jericho won a championship in WWE (World Wrestling Entertainment). Confidence: 0.85
Step 3: Specifically, Chris Jericho won the WWE Intercontinental Championship in 2008. Confidence: 0.8
Step 4: The WWE Intercontinental Championship is a wrestling title, but the specific location of where he won might vary, so I'll need to determine the place of a specific winning event. Confidence: 0.7
Step 5: Chris Jericho won the WWE Intercontinental Championship at the event ""Unforgiven"" which took place in Cleveland, Ohio, in 2008. Confidence: 0.75
Final Answer: Cleveland, Ohio Confidence: 0.75","Cleveland, Ohio",0.24097500000000002,0.0,0,0
313,2hop__107548_124896,Who is the father of the artist who painted Head I?,Nicholas Bacon,"Step 1: ""Head I"" is a painting by Francis Bacon. Confidence: 0.9
Step 2: Francis Bacon, the painter, was an Irish-born British figurative painter. Confidence: 0.8
Step 3: Francis Bacon's father was named Edward Mortimer Bacon. Confidence: 0.7
Final Answer: Edward Mortimer Bacon Confidence: 0.7",Edward Mortimer Bacon,0.3528,0.4,0,0
314,3hop1__761225_831637_91775,"What does seal stand for in the branch of the U.S. military that operates a list of destroyer classes, as well as containing the rank O-1?","Sea, Air, and Land","Step 1: The U.S. military branch with destroyer classes is the U.S. Navy. Confidence: 0.9
Step 2: The rank O-1 in the U.S. Navy is ""Ensign."" Confidence: 0.8
Step 3: SEAL stands for ""Sea, Air, and Land"" in the context of U.S. Navy special operations. Confidence: 0.95
Final Answer: Sea, Air, and Land Confidence: 0.9","Sea, Air, and Land",0.6156,1.0,1,1
315,2hop__75714_21969,When was the first governor general of India impeached?,1786,"Step 1: Warren Hastings was the first Governor General of India. Confidence: 0.9
Step 2: Warren Hastings was impeached by the British Parliament. Confidence: 0.9
Step 3: The impeachment trial of Warren Hastings began in 1788. Confidence: 0.8
Step 4: Warren Hastings was acquitted in 1795. Confidence: 0.8
Final Answer: 1788 Confidence: 0.75",1788,0.38880000000000003,0.0,0,0
316,4hop1__860115_798482_131926_87157,What is the direction of flow of the body of water by the city sharing a border with Elizabeth Berg's birthplace?,rises in northern Minnesota and meanders slowly southwards,"Step 1: Identify that Elizabeth Berg is a known American author born in St. Paul, Minnesota. Confidence: 0.9
Step 2: St. Paul, Minnesota, is located along the Mississippi River. Confidence: 0.9
Step 3: St. Paul shares a border with Minneapolis, Minnesota, which is also located along the Mississippi River. Confidence: 0.8
Step 4: Determine the direction of flow of the Mississippi River at the location of Minneapolis/St. Paul. Confidence: 0.9
Step 5: The Mississippi River flows southward through Minneapolis/St. Paul. Confidence: 0.9
Final Answer: South Confidence: 0.85",South,0.4461480000000001,0.0,0,1
317,2hop__536283_67465,When did the performer of Watching Movies release Best Day Ever?,"March 11, 2011","Step 1: The performer of ""Watching Movies"" is Mac Miller. Confidence: 0.9
Step 2: Mac Miller released ""Best Day Ever"" as a mixtape. Confidence: 0.95
Step 3: ""Best Day Ever"" was released on March 11, 2011. Confidence: 0.95
Final Answer: March 11, 2011 Confidence: 0.9","March 11, 2011",0.7310249999999999,1.0,1,1
318,3hop2__127483_156850_10557,What was the language Auctor comes from during the era of Fastrada's spouse later known as?,Medieval Latin,"Step 1: Fastrada was the fourth wife of Charlemagne, who was a prominent Frankish king and Emperor during the late 8th and early 9th centuries. Confidence: 0.9

Step 2: The term ""Auctor"" often refers to a person who originates or creates a work, but here it might refer to an era or a person related to a historical context. Confidence: 0.7

Step 3: During Charlemagne's time, Latin was the scholarly and administrative language of the Carolingian Empire. Confidence: 0.85

Step 4: Therefore, the language commonly associated with Charlemagne's era, particularly in scholarly and official proceedings, was Latin. Confidence: 0.8

Final Answer: Latin Confidence: 0.75",Latin,0.32130000000000003,0.6666666666666666,0,0
319,4hop1__364476_439408_131976_90181,"What is the deepest part of the ocean, near the state, where the county that holds the city of Winchester is found?",Milwaukee Deep,"Step 1: The city of Winchester is located in the state of Virginia. Confidence: 0.95
Step 2: Virginia is on the East Coast of the United States, which would mean the closest ocean is the Atlantic Ocean. Confidence: 0.9
Step 3: The deepest part of the world's oceans is the Mariana Trench, located in the western Pacific Ocean, but this is not near Virginia. Confidence: 0.95
Step 4: The closest deep part of the Atlantic Ocean near the East Coast is the Puerto Rico Trench. Confidence: 0.85
Final Answer: Puerto Rico Trench Confidence: 0.7",Puerto Rico Trench,0.4832887499999999,0.0,0,1
320,3hop2__304722_330033_63959,When was the last time Tony Richard's team beat the 1894-95 FA Cup Winner?,1 December 2010,"Step 1: The 1894-95 FA Cup was won by Aston Villa. Confidence: 0.9
Step 2: Tony Richard could refer to a player or a manager, but without more specific information, identifying his team or timeline is uncertain. Confidence: 0.5
Step 3: Assessing known matches between potential teams associated with Tony Richard and Aston Villa would help. However, further specific historical results data is not available. Confidence: 0.3
Step 4: Without specific data on Tony Richard's team and their matches, identifying the last victory against Aston Villa is not feasible. Confidence: 0.2
Final Answer: Unknown Confidence: 0.1",Unknown,0.0027000000000000006,0.0,0,0
321,4hop1__88342_49853_128008_48717,"Who was the second pick in the 1999 draft of the organization, that includes the team with the most titles, in the event preceding the awarding of the MLB MVP?",Josh Beckett,"Step 1: The MLB MVP is awarded after the MLB season ends, so the event preceding the awarding of the MLB MVP would be the MLB Draft. Confidence: 0.9
Step 2: The team with the most MLB titles is the New York Yankees. Confidence: 0.95
Step 3: The New York Yankees are part of Major League Baseball (MLB). Confidence: 0.95
Step 4: The second pick in the 1999 MLB Draft was Josh Beckett, selected by the Florida Marlins. Confidence: 0.9
Step 5: The question is about the 1999 draft of an organization including the team with the most MLB titles, which is the MLB Draft. Confidence: 0.85
Final Answer: Josh Beckett Confidence: 0.85",Josh Beckett,0.5281655624999999,1.0,1,1
322,4hop1__152146_5274_458768_33632,What day is the Feast held in the city where the headquarters of the only group larger than Långa nätter's record label is located?,May 4,"Step 1: Långa nätter is a music band that is known in Sweden. Confidence: 0.8
Step 2: A large record label in Sweden is Universal Music Group, which has its headquarters in Stockholm. Confidence: 0.7
Step 3: The largest company related to music in Sweden is Spotify, which also has its headquarters in Stockholm. Confidence: 0.9
Step 4: There is a famous Feast called ""The Feast of Saint Lucia"" commonly celebrated in Sweden, often associated with December 13. Confidence: 0.7
Final Answer: December 13 Confidence: 0.6",December 13,0.21168,0.0,0,0
323,3hop2__60649_90098_10557,What was the language from which the last name Sylvester originated during the era of the Frankish king who formed the Holy Roman Empire later known as?,Medieval Latin,"Step 1: The Franks were a Germanic tribe, and their language during the era of Charlemagne, who formed the Holy Roman Empire, was Old Frankish. Confidence: 0.9  
Step 2: Charlemagne is associated with the formation of the Holy Roman Empire, which suggests the timeline is around the 8th to 9th century. Confidence: 0.9  
Step 3: During Charlemagne's reign, Latin was the primary language used for official and scholarly purposes. Confidence: 0.8  
Step 4: The surname Sylvester has Latin origins, as it derives from the Latin word 'silvestris,' meaning 'wooded' or 'wild.' Confidence: 0.9  
Final Answer: Latin Confidence: 0.85",Latin,0.4957200000000001,0.6666666666666666,0,1
324,3hop2__304722_747004_63959,When was the last time George Hollis's team beat the 1894-95 FA Cup winner?,1 December 2010,"Step 1: Identify George Hollis's team. Confidence: 0.8
Step 2: Identify the 1894-95 FA Cup winner, which was Aston Villa. Confidence: 0.9
Step 3: Determine when George Hollis's team played and beat Aston Villa. Confidence: 0.6
Final Answer: Insufficient information Confidence: 0.3

(Note: Without additional context on which team George Hollis was associated with, the final answer cannot be conclusively determined.)",Insufficient information,0.12960000000000002,0.0,0,0
325,2hop__725233_150107,Who published Communications of the publisher of the Mobile Computing and Communications Review?,Association for Computing Machinery,"Step 1: Identify that ""Mobile Computing and Communications Review"" is a publication from the ACM Special Interest Group on Mobility of Systems, Users, Data and Computing (SIGMOBILE). Confidence: 0.8
Step 2: Recognize that ""Communications of the ACM"" is a publication by the Association for Computing Machinery (ACM). Confidence: 0.9
Step 3: Connect that SIGMOBILE is also part of the larger ACM organization. Confidence: 0.9
Final Answer: Association for Computing Machinery (ACM) Confidence: 0.9",Association for Computing Machinery (ACM),0.5832000000000002,0.888888888888889,0,1
326,3hop1__222497_737465_93723,"Who played Spyder, from the ""Once Upon a Time"" film set in the place of death of the composer of Al gran sole carico d'amore?",Jason Momoa,"Step 1: ""Al gran sole carico d'amore"" is an opera composed by Luigi Nono. Confidence: 1.0
Step 2: Luigi Nono was born and died in Venice, Italy. Confidence: 1.0
Step 3: The film ""Once Upon a Time in America"" includes a character named ""Noodles"" who is often associated with the nickname ""Spyder"". Confidence: 0.8
Step 4: James Woods played a character named ""Max"" who is also referred to as ""Sharkey"" or ""Spyder"" in some contexts, particularly in interviews or discussions outside the film itself. Confidence: 0.6
Final Answer: James Woods Confidence: 0.6",James Woods,0.288,0.0,0,0
327,4hop1__88342_49853_128008_87812,When is the opening day of the league of the team with the most titles from the event after which they give out the MLB MVP award?,"Thursday, March 29","Step 1: In Major League Baseball (MLB), the MVP award is given out at the end of the World Series. Confidence: 0.9
Step 2: The New York Yankees have won the most World Series titles in MLB history. Confidence: 0.95
Step 3: The MLB Opening Day for the regular season typically occurs in late March or early April. Confidence: 0.9
Step 4: The New York Yankees' Opening Day for the 2024 season is scheduled for March 28, 2024. Confidence: 0.9
Final Answer: March 28, 2024 Confidence: 0.85","March 28, 2024",0.5886675,0.3333333333333333,0,0
328,4hop2__161602_426860_88460_63559,When was Burma's name changed to that of the country on the natural boundary between the country that hosted the tournament and the country where That Dam is from?,1235,"Step 1: Burma's name was changed to Myanmar in 1989. Confidence: 0.9
Step 2: That Dam is located in Laos. Confidence: 0.9
Step 3: The natural boundary between Thailand (which hosted a tournament, the 2007 Asian Cup with other countries) and Laos is the Mekong River. Confidence: 0.85
Step 4: The country that hosted in July 2007 is Thailand. Therefore, Thailand and Laos share the Mekong River as a natural boundary. Confidence: 0.8
Final Answer: 1989 Confidence: 0.85",1989,0.46818000000000004,0.0,0,0
329,2hop__35137_22940,What is the Book of Healing by the writer of The Canon of Medicine referred to in Arabic?,Kitab al-shifa,"Step 1: ""The Canon of Medicine"" was written by the Persian polymath Avicenna. Confidence: 0.9
Step 2: Avicenna's works are often referred to by their Arabic titles, as he wrote primarily in Arabic. Confidence: 0.8
Step 3: The Book of Healing is another significant work by Avicenna, focusing on philosophy rather than medicine. Confidence: 0.85
Step 4: In Arabic, ""The Book of Healing"" by Avicenna is referred to as ""Kitab al-Shifa."" Confidence: 0.95
Final Answer: Kitab al-Shifa Confidence: 0.95",Kitab al-Shifa,0.55233,1.0,1,1
330,2hop__681463_402641,Who is the sibling of Chiang Hsiao-wen?,Chiang Hsiao-wu,"Step 1: Chiang Hsiao-wen was a member of the Chiang family, which is a prominent family in Chinese history. Confidence: 0.8

Step 2: Chiang Hsiao-wen was the son of Chiang Ching-kuo, who was a political and military leader in Taiwan. Confidence: 0.8

Step 3: Chiang Ching-kuo had multiple children, which means Chiang Hsiao-wen would have siblings. Confidence: 0.9

Step 4: One of Chiang Hsiao-wen's siblings is Chiang Hsiao-yung. Confidence: 0.7

Final Answer: Chiang Hsiao-yung Confidence: 0.7",Chiang Hsiao-yung,0.28224000000000005,0.5,0,0
331,3hop2__6989_37759_74563,"When did the religious order that founded Harvard College, arrive in the region of the U.S. served by the Rainbow Times?",1630,"Step 1: Harvard College was founded by the Puritans. Confidence: 1.0
Step 2: The Puritans arrived in the New England region, which includes Massachusetts, in the early 17th century. Confidence: 0.9
Step 3: Massachusetts is part of the region served by the Rainbow Times. Confidence: 0.8
Step 4: The Puritans settled in Massachusetts Bay Colony around 1630. Confidence: 0.9
Final Answer: 1630 Confidence: 0.85",1630,0.5508000000000001,1.0,1,1
332,2hop__71755_463572,What is the record label for the singer who originally sang You Belong To Me.,MGM Records,"Step 1: ""You Belong to Me"" is a classic pop song that was originally recorded by Jo Stafford in 1952. Confidence: 0.9
Step 2: Jo Stafford was signed to Columbia Records during her most famous period. Confidence: 0.8
Final Answer: Columbia Records Confidence: 0.8",Columbia Records,0.5760000000000001,0.5,0,0
333,2hop__170823_120171,What year did the publisher of Labyrinth end?,1986,"Step 1: The publisher of Labyrinth is Jim Henson Productions. Confidence: 0.9  
Step 2: Jim Henson Productions did not end; it's an active entity which has evolved over time and merged with other companies. Confidence: 0.8  
Step 3: ""Labyrinth"" was released in 1986, but the publisher itself did not end in a specific year shortly after. Confidence: 0.85  
Step 4: There is no specific date where Jim Henson Productions ""ended"" as it still exists in different forms. Confidence: 0.8  
Final Answer: N/A (No end year for this active publisher) Confidence: 0.6",N/A (No end year for this active publisher),0.29376,0.0,0,0
334,4hop1__814776_765799_282674_759393,What is the seat of the county sharing a border with the county where Western Islands is headquartered?,Green Bay,"Step 1: Determine where the headquarters of Western Islands is located. Confidence: 0.8
Step 2: Identify the county where the headquarters is located. Confidence: 0.7
Step 3: Identify the counties that share a border with the county identified in Step 2. Confidence: 0.9
Step 4: Determine the seat of one of the counties that share a border with the county from Step 2. Confidence: 0.85
Final Answer: No complete final answer could be determined from given information. Confidence: 0.0",No complete final answer could be determined from given information.,0.0,0.0,0,0
335,4hop1__152028_141441_458768_33633,When did the explorer reach the headquarters location of the group Con-Test's record label is part of?,"August 3, 1769","Step 1: Identify the group Con-Test. Con-Test is a play on words, likely referring to a band or performance group. Confidence: 0.7
Step 2: Identify Con-Test's record label. Research needed, but the band might be part of a well-known label like Sony, Universal, or Warner. Confidence: 0.6
Step 3: Determine the headquarters location of the record label. Each major record label is based in a distinct city; for instance, Sony is New York City, Universal is Los Angeles. Confidence: 0.8
Step 4: Identify which ""explorer"" and their timeframe. Typically, explorers like historic figures, or metaphorically, artists or bands, travel to major culture centers. Confidence: 0.5
Step 5: Assume the timeframe correlates with an event or trend related to Con-Test’s activity in relation to this location. Confidence: 0.4
Final Answer: Cannot determine with given data. Confidence: 0.3",Cannot determine with given data.,0.02016,0.0,0,0
336,3hop1__222497_309482_80702,What is the name of the famous bridge in the place where Al gran sole carico d'amore's composer worked?,Rialto Bridge,"Step 1: ""Al gran sole carico d'amore"" is an opera composed by Luigi Nono. Confidence: 0.9
Step 2: Luigi Nono worked primarily in Venice, Italy. Confidence: 0.8
Step 3: The most famous bridge in Venice is the Rialto Bridge. Confidence: 0.95
Final Answer: Rialto Bridge Confidence: 0.85",Rialto Bridge,0.5814,1.0,1,1
337,3hop1__516535_834494_33939,"In 1900, what was the population of the city in the same county as Allen?","7,531","Step 1: Allen is located in Collin County, Texas. Confidence: 0.9
Step 2: The county seat of Collin County is McKinney. Confidence: 0.95
Step 3: In 1900, McKinney had a population of approximately 4,342. Confidence: 0.85
Final Answer: 4,342 Confidence: 0.85","4,342",0.6177374999999999,0.0,0,0
338,2hop__562154_69048,Who is the Chief Judge in the place where DeltaWomen's headquarters in located?,Honorable Justice Abiodun Smith,"Step 1: Determine the headquarters location of DeltaWomen. DeltaWomen is headquartered in Nigeria. Confidence: 0.9
Step 2: Identify the capital city of Nigeria, where major judicial positions are often based. The capital city of Nigeria is Abuja. Confidence: 0.9
Step 3: Determine the role of the Chief Judge in Nigeria or its capital, which could refer to either the Chief Justice of Nigeria or the Chief Judge of the Federal Capital Territory (FCT) Abuja. Confidence: 0.8
Step 4: As of the latest update, the Chief Judge of the Federal Capital Territory (FCT) Abuja is Justice Salisu Garba. Confidence: 0.7
Final Answer: Justice Salisu Garba Confidence: 0.7",Justice Salisu Garba,0.31752,0.28571428571428575,0,0
339,3hop1__103662_443779_52195,Who is the president of the newly declared independent country that is part of the Commission of Truth and Friendship with Radiansyah's birth country?,Francisco Guterres,"Step 1: Identify the newly declared independent country that is a member of the Commission of Truth and Friendship with a country associated with Radiansyah. Confidence: 0.6
Step 2: Radiansyah is likely an Indonesian name, thus the related country might be Indonesia. Confidence: 0.7
Step 3: The Commission of Truth and Friendship was established between Indonesia and East Timor. Confidence: 0.8
Step 4: The newly independent country in this context would be East Timor. Confidence: 0.8
Step 5: The current president of East Timor (Timor-Leste) as of the latest 2023 data is José Ramos-Horta. Confidence: 0.9
Final Answer: José Ramos-Horta Confidence: 0.8",José Ramos-Horta,0.19353600000000004,0.0,0,0
340,2hop__785711_63853,What is the source of the body of water where Augrabies Falls is located?,Thaba Putsoa,"Step 1: Augrabies Falls is known for being located in South Africa. Confidence: 0.9
Step 2: The Orange River is the main river flowing through the region where Augrabies Falls is located. Confidence: 0.85
Step 3: Augrabies Falls is part of the Orange River. Confidence: 0.95
Final Answer: Orange River Confidence: 0.95",Orange River,0.6904125,0.0,0,0
341,3hop1__106042_64399_62676,"When did the city that spread Christianity to Rome, Egypt, Judea, and the country where Vasilopita originates, become the capital city of the Hebrews?",c. 1000 BCE,"Step 1: Christianity spread significantly through key cities like Jerusalem, Alexandria, and Rome. Confidence: 0.9
Step 2: Judea is the region where Jerusalem is located. Confidence: 0.95
Step 3: Vasilopita is a traditional Greek cake, indicating the spread to Greece. Confidence: 0.9
Step 4: Jerusalem is recognized as the first major city to spread Christianity in regions like Rome, Judea, and Egypt, and its influence possibly extended to Greece. Confidence: 0.85
Step 5: Jerusalem became the capital city of the Hebrews during King David's reign around 1000 BCE. Confidence: 0.9
Final Answer: 1000 BCE Confidence: 0.8",1000 BCE,0.470934,0.8,0,1
342,2hop__846844_47134,What is the mascot of the school that owns Goss Stadium at Coleman Field?,Benny Beaver,"Step 1: Goss Stadium at Coleman Field is owned by Oregon State University. Confidence: 0.9
Step 2: The mascot for Oregon State University is Benny the Beaver. Confidence: 0.95
Final Answer: Benny the Beaver Confidence: 0.95",Benny the Beaver,0.8122499999999999,1.0,1,1
343,3hop2__132957_433432_40768,"When did the maker of Acura Legend, the manufacturer of Lexus RX and Nissan open US assembly plants?",1981,"Step 1: Acura Legend was made by Honda. Confidence: 0.95
Step 2: Honda opened its first US assembly plant in Marysville, Ohio in 1982. Confidence: 0.95
Step 3: Lexus is a luxury vehicle division of Toyota. Confidence: 0.95
Step 4: Toyota opened its first US assembly plant in Georgetown, Kentucky in 1988. Confidence: 0.95
Step 5: Nissan opened its first US assembly plant in Smyrna, Tennessee in 1983. Confidence: 0.95
Final Answer: 1982, 1988, 1983 Confidence: 0.90","1982, 1988, 1983",0.69640284375,0.0,0,0
344,3hop2__30152_107291_20999,"How were the people that the Somali Muslim Ajuran Empire made coins to proclaim independence from, expelled from the country where Mohinga is eaten?",The dynasty regrouped and defeated the Portuguese,"Step 1: The Ajuran Empire was an influential Somali Muslim sultanate in the Horn of Africa during the Middle Ages. They were known to have been involved in trade and possibly made coins to establish their independence, but the specific entity they proclaimed independence from is unclear. Confidence: 0.7

Step 2: Mohinga is a traditional dish commonly eaten in Myanmar (Burma). Therefore, the country where Mohinga is eaten is Myanmar. Confidence: 0.9

Step 3: Myanmar was colonized by the British Empire, and they were the foreign power that was expelled from Myanmar. Confidence: 0.9

Step 4: The British Empire was expelled from Myanmar following the country's independence in 1948. Confidence: 0.9

Final Answer: British Empire Confidence: 0.8",British Empire,0.4082400000000001,0.0,0,0
345,2hop__345_59409,Who was the person who purchased Tidal's parent company in 2015 talking about in the song 'Cry?',three different relationships he had in the past,"Step 1: Tidal is a music streaming service, and Jay-Z purchased a majority stake in Tidal's parent company, Aspiro, in 2015. Confidence: 0.9
Step 2: Jay-Z is known for his music career, so the person in question is Jay-Z. Confidence: 0.9
Step 3: The song 'Cry' refers to 'Song Cry,' a song by Jay-Z. Confidence: 0.8
Step 4: In 'Song Cry,' Jay-Z talks about a past romantic relationship. Confidence: 0.8
Final Answer: A past romantic partner Confidence: 0.7",A past romantic partner,0.36288000000000004,0.2,0,1
346,3hop1__135794_87694_64412,When did the city where the Basilica that is named after the same saint as the one in San Pietro in Montorio located in become a country?,11 February 1929,"Step 1: San Pietro in Montorio is associated with Saint Peter. Confidence: 0.9
Step 2: The Basilica di San Pietro in Vatican City is named after Saint Peter. Confidence: 0.9
Step 3: Vatican City became an independent country on February 11, 1929. Confidence: 0.95
Final Answer: 1929 Confidence: 0.9",1929,0.69255,0.5,0,1
347,4hop1__373866_5186_10659_23296,"The People's Socialist Republic of Albania was a member of an organization which was dissolved in Country A. Who invaded the country where many expelled French Jews relocated, other than Country A?",Soviet,"Step 1: The People's Socialist Republic of Albania was a member of the Warsaw Pact, which was a collective defense treaty among the Soviet Union and its satellite states. Confidence: 0.9
Step 2: The Warsaw Pact was dissolved in 1991, after the fall of the Soviet Union, which is closely associated with being effectively dissolved in Russia (which was part of the Soviet Union). Confidence: 0.9
Step 3: Country A, therefore, can be identified as Russia. Confidence: 0.8
Step 4: Many expelled French Jews relocated to Israel. Israel was proclaimed a state in 1948 and was involved in various conflicts subsequently. Confidence: 0.8
Step 5: One significant invasion of Israel, not involving Russia, was by Egypt, especially in the context of the Arab-Israeli wars. Confidence: 0.9
Final Answer: Egypt Confidence: 0.8",Egypt,0.3732480000000001,0.0,0,0
348,2hop__204146_850295,Who is the sibling of the author of Kapalkundala?,Sanjib Chandra,"Step 1: The author of ""Kapalkundala"" is Bankim Chandra Chattopadhyay. Confidence: 0.9
Step 2: Bankim Chandra Chattopadhyay had a brother named Sanjeeb Chandra Chattopadhyay. Confidence: 0.8
Final Answer: Sanjeeb Chandra Chattopadhyay Confidence: 0.85",Sanjeeb Chandra Chattopadhyay,0.6120000000000001,0.4,0,1
349,4hop3__238811_88460_30152_20999,New coins by the Somali Muslim Ajuran Empire were a proclamation of independence from a nation. How were the people of that nation expelled from country that borders Thailand and Ban Nampo village's country?,The dynasty regrouped and defeated the Portuguese,"Step 1: The Somali Muslim Ajuran Empire historically issued coins to declare independence from the Ajuuraan Sultanate. Confidence: 0.7
Step 2: Thailand shares borders with several countries, including Myanmar. Ban Nampo village is located in Laos, which also borders Thailand. Confidence: 0.8
Step 3: The neighboring country in question that borders both Thailand and Laos is likely Vietnam. Confidence: 0.6
Step 4: The French were expelled from Vietnam after the First Indochina War, leading to Vietnam's independence. Confidence: 0.9
Final Answer: French Confidence: 0.7",French,0.21167999999999998,0.0,0,0
350,3hop1__273571_834494_34109,What's the PBS station located in the city contained within the county where Summit is also located?,KUAT-TV 6,"Step 1: Summit is a city in Union County, New Jersey. Confidence: 0.9
Step 2: The largest city in Union County is Elizabeth, New Jersey. Confidence: 0.8
Step 3: The PBS station serving Elizabeth and the surrounding areas is WNET, located in Newark, NJ. Confidence: 0.7
Final Answer: WNET Confidence: 0.7",WNET,0.3528,0.0,0,0
351,3hop1__66872_709625_84283,Who owns the record label of the Till I Can Gain Control Again songwriter?,Warner Music Group,"Step 1: ""Till I Can Gain Control Again"" was written by Rodney Crowell. Confidence: 0.9
Step 2: Rodney Crowell has been associated with various record labels over his career, including Warner Bros. Records and Columbia Records. Confidence: 0.8
Final Answer: Warner Bros. Records (likely) Confidence: 0.6",Warner Bros. Records (likely),0.43200000000000005,0.28571428571428575,0,1
352,3hop1__564628_42197_18397,Where did the person who argued that the country where Autograph formed had become an imperialist power declare he would intervene in the Korean conflict?,the Politburo,"Step 1: Autograph is a band that was formed in the United States. Confidence: 0.9
Step 2: The Korean conflict refers to the Korean War (1950-1953), where North and South Korea were involved, with international interventions. Confidence: 0.9
Step 3: President Harry S. Truman of the United States intervened in the Korean Conflict. Confidence: 0.8
Step 4: Harry S. Truman declared his intervention in the Korean Conflict through a press release at the White House or nearby. Confidence: 0.7
Final Answer: White House Confidence: 0.6",White House,0.27216,0.0,0,0
353,4hop3__507819_88460_30152_20999,How were the same people who the Somali Muslim Ajuran Empire declared independence from expelled from the natural boundary between Thailand and the country where Route 3 is found?,The dynasty regrouped and defeated the Portuguese,"Step 1: The Ajuran Empire was located in the Horn of Africa and was a Somali Muslim empire. Independence or conflict involving the Ajuran Empire likely involved colonial powers or other regional entities. Confidence: 0.8

Step 2: The natural boundary between Thailand and another country is the Mekong River, which separates Thailand from Laos. Confidence: 0.9

Step 3: Route 3 is known to pass through Vietnam and is a highway there, indicating that the country where Route 3 is found is Vietnam. Confidence: 0.85

Step 4: Historical colonial powers involved in Vietnam were primarily the French, who colonized Vietnam as part of French Indochina. Confidence: 0.85

Step 5: The French were expelled from Vietnam following the First Indochina War and the decisive battle of Dien Bien Phu in 1954. Confidence: 0.9

Final Answer: French Confidence: 0.85",French,0.39795300000000006,0.0,0,0
354,4hop1__707078_378185_282674_759393,What is the capital of the county that shares a border with the county that contains the birthplace of Erik Jensen?,Green Bay,"Step 1: Erik Jensen was born in Appleton, Wisconsin. Confidence: 0.9
Step 2: Appleton is located in Outagamie County. Confidence: 0.95
Step 3: The county that shares a border with Outagamie County is Brown County. Confidence: 0.85
Step 4: The capital of Brown County is Green Bay. Confidence: 0.95
Final Answer: Green Bay Confidence: 0.85",Green Bay,0.586850625,1.0,1,1
355,4hop1__163763_49925_13759_736921,Where is the district that the person who wanted to reform and address Jesus Varela's religion preached a sermon on Marian devotion before his death located?,Saxony-Anhalt,"Step 1: Identify the person who wanted to reform and address Jesus Varela's religion. Jesus Varela was a Roman Catholic bishop, so the person likely had some relation to Roman Catholicism. Confidence: 0.7
Step 2: Consider significant figures who preached Marian devotion. Such figures are typically within Catholicism; an influential reformer is Martin Luther, but he did not have a direct link to Marian devotion. Confidence: 0.6
Step 3: Jesus Varela was a bishop in the Philippines; therefore, individuals influential in that region would likely include someone like Tomas Pinpin or Padre Mariano Gomes. Confidence: 0.5
Step 4: Research suggests the district could be located in the Philippines, particularly in a historically significant Catholic region. Confidence: 0.6
Final Answer: Philippines Confidence: 0.5",Philippines,0.063,0.0,0,0
356,4hop1__152562_5274_458768_33637,How many ethnic minorities were looked at differently in the city where the headquarters of the only group larger than Vilaiyaadu Mankatha's record label is located?,two,"Step 1: Vilaiyaadu Mankatha's record label is a fictional concept from a Tamil film named ""Mankatha,"" which is directed by Venkat Prabhu. This doesn't correspond to a real-life record label. Confidence: 0.8

Step 2: In Tamil Nadu, India, there are various ethnic groups, but a known minority in many cities is the Anglo-Indian community. Confidence: 0.7

Step 3: Considering a Tamil Nadu context, Chennai is a well-known city with diverse communities, including ethnic minorities like Anglo-Indians and others. Confidence: 0.8

Step 4: While the question references a broad hypothetical situation, no specific known statistic matches this exact phrasing about multiple ethnic minorities looked at differently in a particular city related to a fictional or real record label. Confidence: 0.5

Final Answer: Cannot determine Confidence: 0.3",Cannot determine,0.0672,0.0,0,0
357,4hop2__161602_474028_88460_21062,Can foreign tourists cruise to the country between the nation that hosted 2020 AFC U-23 Championship qualification and the one that contains A Don.?,It is not possible for foreigners to go to/from Myanmar by sea or river.,"Step 1: The 2020 AFC U-23 Championship qualification was hosted by multiple nations including Thailand. Confidence: 0.8
Step 2: A Don is a river located in Russia. Confidence: 0.9
Step 3: The country between Thailand (host of the championship) and Russia (location of A Don) geographically is China. Confidence: 0.75
Step 4: China has a coastline, so theoretically foreign tourists can cruise to China. Confidence: 0.85
Final Answer: Yes Confidence: 0.7",Yes,0.3213,0.0,0,0
358,2hop__32541_85460,What is the median household income for people today of the same country as the witness to the Blitz?,"$59,039","Step 1: The Blitz refers to the sustained bombing campaign by Nazi Germany against Britain during WWII. Confidence: 0.9
Step 2: Therefore, the country that had witnesses to the Blitz is the United Kingdom (UK). Confidence: 0.95
Step 3: The data needed is the median household income for people in the United Kingdom today. Confidence: 0.85
Step 4: The latest available data indicates that the median household income in the UK was roughly £31,000. Confidence: 0.7
Final Answer: £31,000 Confidence: 0.7","£31,000",0.35610749999999997,0.0,0,0
359,2hop__25788_990,In which generation did iPod start providing compatibility with the object designed to standardize connection of computer peripherals?,third generation,"Step 1: The object designed to standardize connection of computer peripherals is the USB. Confidence: 1.0
Step 2: Apple released the first iPod in 2001. Confidence: 1.0
Step 3: The third-generation iPod, released in April 2003, was the first iPod to use USB connectivity for syncing. Confidence: 0.9
Final Answer: Third generation Confidence: 0.85",Third generation,0.765,1.0,1,1
360,4hop1__152562_5274_458768_33633,When did the explorer reach the city where the headquarters of the only group larger than Vilaiyaadu Mankatha's record label is located?,"August 3, 1769","Step 1: Vilaiyaadu Mankatha is a Tamil language film, and its record label might not be globally known; hence, we start by determining its record label size or its notable enterprises. Confidence: 0.5
Step 2: Assume for global context: Universal Music Group is one of the largest record labels and frequently used as a comparative measure for large scale. Confidence: 0.7
Step 3: Locate the headquarters of the Universal Music Group, which is in Santa Monica, California. Confidence: 0.9
Step 4: Identify a significant explorer reaching Santa Monica. The explorer Juan Rodriguez Cabrillo, associated with the discovery of the California coast, but it is not directly known he reached Santa Monica. Confidence: 0.6
Step 5: Without broader historical context matching the specific request, a widely known fact is that the California coast was explored by Europeans in the 16th century. Confidence: 0.6

Final Answer: 1542 Confidence: 0.4",1542,0.045360000000000004,0.0,0,0
361,2hop__695364_513121,Who is the child of the male star of the 1921 film Money?,Anthony Ainley,"Step 1: Researching the 1921 film ""Money,"" the male star of this film was Henry Ainley. Confidence: 0.9
Step 2: Henry Ainley is known to have several children who were actors, including Richard Ainley and Anthony Ainley. Confidence: 0.8
Step 3: Richard Ainley is one of Henry Ainley's more renowned children. Confidence: 0.7
Step 4: Checking for prominence in acting, Richard was more active and noted as a film actor compared to Anthony. Confidence: 0.75
Final Answer: Richard Ainley Confidence: 0.7",Richard Ainley,0.2646,0.5,0,0
362,3hop2__304722_667199_63959,When was the last time the team that Malcolm Briggs was a member of beat the 1894-95 FA cup winner?,1 December 2010,"Step 1: Identify the team Malcolm Briggs was a member of. Confidence: 0.9
Step 2: Determine which team won the 1894-95 FA Cup. Confidence: 0.95
Step 3: Search for recent match results between Briggs's team and the 1894-95 FA Cup winner. Confidence: 0.85
Step 4: Identify the last match won by Briggs's team against the 1894-95 FA Cup winner. Confidence: 0.8
Final Answer: 2023-2024 season. Confidence: 0.6",2023-2024 season.,0.34884,0.0,0,0
363,2hop__159146_120065,What year did the region where Leuna was located come to an end?,1738,"Step 1: Leuna is a town in Germany. Confidence: 0.9
Step 2: Leuna was located in East Germany before reunification. Confidence: 0.8
Step 3: East Germany (the German Democratic Republic) ceased to exist when Germany was reunified. Confidence: 0.95
Step 4: Germany was reunified in 1990, which means East Germany ended in this year. Confidence: 0.95
Final Answer: 1990 Confidence: 0.9",1990,0.58482,0.0,0,0
364,2hop__238499_431914,What administrative territorial entity includes the arrondissement that contains the Digne Cathedral?,Alpes-de-Haute-Provence,"Step 1: Digne Cathedral is located in the city of Digne-les-Bains. Confidence: 0.9
Step 2: Digne-les-Bains is the prefecture of the Alpes-de-Haute-Provence department. Confidence: 0.95
Step 3: An arrondissement is a level of administrative division in France under departments. Confidence: 0.95
Step 4: The arrondissement that contains Digne-les-Bains is the Arrondissement of Digne-les-Bains. Confidence: 0.95
Step 5: The administrative territorial entity that includes the Arrondissement of Digne-les-Bains is the Alpes-de-Haute-Provence department. Confidence: 0.9
Final Answer: Alpes-de-Haute-Provence Confidence: 0.9",Alpes-de-Haute-Provence,0.6250263749999999,1.0,1,1
365,3hop2__326964_789654_7713,How long had Mao Yushi's birthplace been the capitol city of Yaxing Coach's headquarters location?,about 400 years,"Step 1: Mao Yushi was born in Nanjing, China. Confidence: 0.9  
Step 2: Yaxing Coach, a Chinese bus manufacturer, is headquartered in Yangzhou, Jiangsu, China. Confidence: 0.8  
Step 3: Nanjing was the capital of China during several historical periods, most notably during the Ming Dynasty and the Republic of China. Confidence: 0.85  
Step 4: Yangzhou, where Yaxing Coach is headquartered, has never been the capital city of any national government. Confidence: 0.95  
Final Answer: 0 years Confidence: 0.95",0 years,0.55233,0.4,0,0
366,2hop__73615_42173,When was the company that abolished the dual system of government in Bengal established?,1599,"Step 1: The dual system of government in Bengal was abolished in 1772 by a company. Confidence: 0.9
Step 2: The company responsible for this was the British East India Company. Confidence: 0.9
Step 3: The British East India Company was established in the year 1600. Confidence: 0.9
Final Answer: 1600 Confidence: 0.85",1600,0.61965,0.0,0,0
367,4hop3__312119_132409_371500_35031,"Among the top five largest urban areas in the state where Getting Away with Murder's performer was formed, where does Veoh's headquarters city rank?",third-largest,"Step 1: ""Getting Away with Murder"" is a song by Papa Roach. Confidence: 1.0
Step 2: Papa Roach was formed in Vacaville, California. Confidence: 1.0
Step 3: The largest urban areas in California include Los Angeles, San Francisco, San Diego, San Jose, and Sacramento. Confidence: 1.0
Step 4: Veoh's headquarters is located in San Diego, California. Confidence: 1.0
Step 5: San Diego is the second largest urban area in California after Los Angeles. Confidence: 1.0
Final Answer: 2nd Confidence: 1.0",2nd,1.0,0.0,0,0
368,3hop1__637555_339990_15538,When did the state where Copake Lake is located reinstate the death penalty?,1984,"Step 1: Copake Lake is located in New York. Confidence: 0.9
Step 2: New York reinstated the death penalty in 1995. Confidence: 0.8
Final Answer: 1995 Confidence: 0.7",1995,0.504,0.0,0,0
369,4hop3__160230_470287_862998_72134,When did the city where Hillcrest High School is located become capitol of the state in which a statue of a Latin mother goddess is located?,1839,"Step 1: Identify Hillcrest High School locations. One such location is in Springfield, Illinois. Confidence: 0.8
Step 2: Determine if Springfield is the capital of its state. Springfield is the capital of Illinois. Confidence: 0.9
Step 3: Identify a Latin mother goddess statue in Illinois. The State of Illinois Building contains a statue of Ceres, a Latin mother goddess. Confidence: 0.8
Step 4: Identify when Springfield became the capital of Illinois. Springfield became the capital in 1839. Confidence: 0.9
Final Answer: 1839 Confidence: 0.8",1839,0.4147200000000001,1.0,1,1
370,2hop__486314_544665,Who followed the father of Menucha Rochel Slonim?,Menachem Mendel Schneersohn,"Step 1: Menucha Rochel Slonim's father was Dovber Schneuri, also known as the Mitteler Rebbe. Confidence: 0.9
Step 2: Dovber Schneuri was succeeded by Menachem Mendel Schneerson, known as the Tzemach Tzedek. Confidence: 0.8
Final Answer: Menachem Mendel Schneerson (Tzemach Tzedek) Confidence: 0.8",Menachem Mendel Schneerson (Tzemach Tzedek),0.5760000000000001,0.5,0,1
371,2hop__567588_67465,When did the performer of Goosebumpz release best day ever?,"March 11, 2011","Step 1: ""Goosebumpz"" is a song by the performer Mac Miller, released in 2013. Confidence: 0.9
Step 2: ""Best Day Ever"" is a mixtape also by Mac Miller. Confidence: 0.9
Step 3: The mixtape ""Best Day Ever"" was originally released in 2011. Confidence: 0.95
Final Answer: 2011 Confidence: 0.95",2011,0.7310249999999999,0.5,0,0
372,2hop__525581_161450,Where is the province of Aqqala County located?,in the north-east of the country south of the Caspian Sea,"Step 1: Aqqala County is a region that needs to be associated with a larger administrative division, likely a province or state. Confidence: 0.8
Step 2: Aqqala County is located in Iran, as it is a known county within that country's administrative divisions. Confidence: 0.9
Step 3: In Iran, provinces are higher administrative divisions than counties. Confidence: 0.9
Step 4: Aqqala County is specifically located within the Golestan Province in Iran. Confidence: 1.0
Final Answer: Golestan Confidence: 1.0",Golestan,0.6480000000000001,0.0,0,1
373,3hop1__92251_34179_23375,"What year saw the publication of the version of the Molotov–Ribbentrop Pact, engineered by the politician who succeeded the leader of the Bolsheviks in the November Revolution?",1948,"Step 1: The leader of the Bolsheviks during the November Revolution was Lenin. Confidence: 1.0
Step 2: The politician who succeeded Lenin as the leader was Joseph Stalin. Confidence: 1.0
Step 3: The Molotov-Ribbentrop Pact, also known as the Nazi-Soviet Pact, was negotiated and signed in 1939. Confidence: 1.0
Final Answer: 1939 Confidence: 1.0",1939,1.0,0.0,0,0
374,3hop2__304722_466316_63959,When was the last time the team that Arthur James was a member of beat the 1894-95 FA cup winner?,1 December 2010,"Step 1: Identify the team that Arthur James was a member of. Confidence: 0.8
Step 2: Find the team that won the FA Cup in 1894-95. Confidence: 0.9
Step 3: Check if Arthur James' team ever played against the 1894-95 FA Cup winner. Confidence: 0.7
Step 4: Determine the last match where Arthur James' team beat the 1894-95 FA Cup winner. Confidence: 0.6
Final Answer: Not determined. Confidence: 0.4",Not determined.,0.12096000000000001,0.0,0,0
375,2hop__463353_66723,Who was the first black student admitted to the school that owns Swayze Field?,James Howard Meredith,"Step 1: Swayze Field is the baseball stadium for the University of Mississippi, also known as Ole Miss. Confidence: 0.9
Step 2: Ole Miss is the University of Mississippi, located in Oxford, Mississippi. Confidence: 0.9
Step 3: The first black student admitted to the University of Mississippi was James Meredith. Confidence: 0.95
Final Answer: James Meredith Confidence: 0.95",James Meredith,0.7310249999999999,0.8,0,1
376,2hop__136067_160249,Between which years did war with the person for whom Pyrrhic victory is named occur?,323–272 BC,"Step 1: Pyrrhic victory refers to a victory that comes at such a great cost that it is almost tantamount to defeat. Confidence: 0.9
Step 2: The term ""Pyrrhic victory"" is named after King Pyrrhus of Epirus. Confidence: 0.9
Step 3: King Pyrrhus fought against Rome in the Pyrrhic War. Confidence: 0.9
Step 4: The Pyrrhic War took place from 280 BC to 275 BC. Confidence: 0.9
Final Answer: 280 BC to 275 BC Confidence: 0.85",280 BC to 275 BC,0.5576850000000001,0.28571428571428575,0,0
377,2hop__34495_85544,How many games does the team play that had the most champion league wins between 1992 and 2013?,38,"Step 1: The UEFA Champions League is an annual club football competition organized by the Union of European Football Associations (UEFA) and the team with the most wins from 1992 to 2013 is Real Madrid. Confidence: 0.9

Step 2: From 1992 to 2013, Real Madrid won the Champions League three times: in 1998, 2000, and 2002. Confidence: 0.9

Step 3: During that period, every tournament winner played a minimum number of matches, typically 13, considering group stage and knockout rounds for a typical format of the competition. Confidence: 0.8

Final Answer: 39 Confidence: 0.7",39,0.45360000000000006,0.0,0,0
378,4hop2__5206_39078_8987_8974,Where is the embassy in the only communist country whose military branch helping the Old West's inadequate local police was unprepared for invasion of the country conquered by the Pact?,Alfredo Stroessner's Paraguay,"Step 1: Identify the only communist country mentioned in the context. Confidence: 0.7
Step 2: Determine the situation where a military branch helped the Old West's local police. Confidence: 0.6
Step 3: Consider any plausible historical events involving a communist country's military being unprepared for an invasion involving the ""Pact."" Confidence: 0.5
Step 4: Analyze which ""Pact"" likely refers to a historical alliance such as the Warsaw Pact. Confidence: 0.7
Step 5: Connect the identified communist country with its embassy location assuming the above historical scenario fits. Confidence: 0.6
Final Answer: Pyongyang Confidence: 0.5",Pyongyang,0.04409999999999999,0.0,0,0
379,2hop__78766_461854,Who is the spouse of the actor who played Scarlet in Gone with the wind?,Laurence Olivier,"Step 1: The actor who played Scarlet in ""Gone with the Wind"" is Vivien Leigh. Confidence: 0.9
Step 2: Vivien Leigh was married to Laurence Olivier from 1940 to 1960. Confidence: 0.8
Final Answer: Laurence Olivier Confidence: 0.8",Laurence Olivier,0.5760000000000001,1.0,1,1
380,4hop1__625463_229349_66759_54221,Storm of the Century filmed in state A based on the book by the author who wrote a story featuring the author of The Hope. When do alcohol sales start in state A?,5am,"Step 1: ""Storm of the Century"" is a miniseries based on a screenplay by Stephen King. Confidence: 0.9
Step 2: Stephen King wrote ""11/22/63,"" which features a fictional version of the author of ""The Hope,"" Richard Condon. Confidence: 0.8
Step 3: ""Storm of the Century"" was filmed in Maine. Confidence: 0.9
Step 4: Alcohol sales in Maine have specific times; they generally start at 6:00 AM but can vary based on local ordinances. Confidence: 0.7
Final Answer: 6:00 AM Confidence: 0.7",6:00 AM,0.31752,0.0,0,0
381,2hop__107238_64918,Who was president when congress declared war on the country where Glumpers was filmed?,President McKinley,"Step 1: ""Glumpers"" is a television series primarily associated with Spain. Confidence: 0.8  
Step 2: Congress refers to the U.S. legislative body, and they declared war on Spain during the Spanish-American War. Confidence: 0.9  
Step 3: The Spanish-American War took place in 1898. Confidence: 0.9  
Step 4: William McKinley was the President of the United States in 1898. Confidence: 0.95  
Final Answer: William McKinley Confidence: 0.9",William McKinley,0.5540400000000002,0.5,0,1
382,3hop1__36497_78276_68042,When did the majority party of the branch of government that the President calls to support appointments to the USAF gain control in the House?,the 2010 election,"Step 1: The President appoints members to the USAF, and the Senate supports these appointments. Confidence: 0.9
Step 2: The majority party in the Senate is crucial for supporting presidential appointments. Confidence: 0.9
Step 3: The party that gained control in the House does not directly control presidential appointments, as that is the Senate's role. Confidence: 0.8
Step 4: To find when the majority party of the Senate gained control in the House, we need the most recent election data. Confidence: 0.8
Final Answer: January 2023 Confidence: 0.7",January 2023,0.36288000000000004,0.0,0,0
383,2hop__269766_43945,Common Sense which was written by the author of The Age of Reason was an important work because?,crystallized the rebellious demand for independence from Great Britain,"Step 1: Common Sense was written by Thomas Paine. Confidence: 0.9
Step 2: The Age of Reason was also written by Thomas Paine. Confidence: 0.9
Step 3: Common Sense was an important work because it advocated for American independence from Britain. Confidence: 0.85
Final Answer: Advocated for American independence. Confidence: 0.85",Advocated for American independence.,0.585225,0.3333333333333333,0,1
384,3hop1__536452_15840_36002,What were the Genesis's advantages over the platform of Pinball Quest?,built on 16-bit architectures and offered improved graphics and sound,"Step 1: Genesis is a video game console produced by Sega, known for its advanced graphics and processing capabilities compared to many of its contemporaries. Confidence: 0.9
Step 2: Pinball Quest is a pinball video game released for the Nintendo Entertainment System (NES), which had limited graphics and processing compared to the Genesis. Confidence: 0.8
Step 3: Genesis had a faster processor and more memory, which allowed for more sophisticated games with better graphics and sound than the NES, where Pinball Quest was played. Confidence: 0.85
Step 4: Genesis's 16-bit architecture provided more color and intricate details in games compared to NES's 8-bit graphics, giving Genesis an edge in game presentation. Confidence: 0.9
Final Answer: Better graphics and processing capability. Confidence: 0.85",Better graphics and processing capability.,0.46818000000000004,0.26666666666666666,0,1
385,2hop__311931_417706,What record label does the performer of Emotional Rain belong to?,Attic Records,"Step 1: ""Emotional Rain"" is an album by Canadian rock musician Lee Aaron. Confidence: 0.9
Step 2: The album ""Emotional Rain"" was released in 1994. Confidence: 0.8
Step 3: Lee Aaron's ""Emotional Rain"" was released under the label ""A&M Records"" in Canada and ""Z Records"" in Europe. Confidence: 0.9
Final Answer: A&M Records (Canada) Confidence: 0.8",A&M Records (Canada),0.5184000000000001,0.4,0,0
386,4hop1__88342_75218_128008_48717,Who was second pick in the 1999 draft of the league that has a competition where they give out the MLB MVP award after it?,Josh Beckett,"Step 1: Determine what the MLB MVP award is. Confidence: 1.0
Step 2: The MLB MVP award is given out in Major League Baseball (MLB). Confidence: 1.0
Step 3: Identify the league that holds a draft relevant to Major League Baseball. Confidence: 1.0
Step 4: The league that holds a draft relevant to Major League Baseball is Major League Baseball itself. Confidence: 1.0
Step 5: Identify the second pick in the 1999 MLB Draft. Confidence: 0.9
Final Answer: Josh Beckett Confidence: 0.9",Josh Beckett,0.81,1.0,1,1
387,4hop2__71753_685934_70784_79935,When was the region that lies to the north of the region Israel is located and where The World is located created?,1930,"Step 1: The region to the north of Israel is Lebanon. Confidence: 0.9
Step 2: ""The World"" could refer to World Islands in Dubai, but as neither fits the context geographically, considering The World geopolitical concept or location is better. Confidence: 0.6
Step 3: Lebanon as a geopolitical entity gained independence on November 22, 1943. Confidence: 0.95
Step 4: There is no clear ""creation"" date for Lebanon as a geographic region, but as a modern nation-state, its independence is key. Confidence: 0.7
Final Answer: 1943 Confidence: 0.7",1943,0.25137,0.0,0,0
388,2hop__131818_161450,Where is the Voshmgir District located?,in the north-east of the country south of the Caspian Sea,"Step 1: Voshmgir District is a part of Iran. Confidence: 0.8
Step 2: Gorgan County is located in Golestan Province, Iran. Confidence: 0.7
Step 3: Voshmgir District is likely within Gorgan County, Golestan Province. Confidence: 0.6
Step 4: Golestan Province is a province in northern Iran. Confidence: 0.9
Final Answer: Golestan Province, Iran Confidence: 0.75","Golestan Province, Iran",0.2268,0.0,0,1
389,2hop__60686_229757,Who is the spouse of the actress that plays leslie knope on parks and recreation?,Will Arnett,"Step 1: The actress who plays Leslie Knope on ""Parks and Recreation"" is Amy Poehler. Confidence: 1.0
Step 2: Amy Poehler was married to Will Arnett from 2003 to 2016. Confidence: 0.9
Final Answer: Will Arnett Confidence: 0.8",Will Arnett,0.7200000000000001,1.0,1,1
390,4hop1__567737_141375_458768_33637,How many ethnic minorities were looked at differently in the city where the headquarters of the company that Study in Brown's record label is a part of?,two,"Step 1: First, we need to identify the record label associated with ""Study in Brown"". ""Study in Brown"" is an album by Clifford Brown and Max Roach, which is part of the jazz genre. Confidence: 0.9

Step 2: The record label for ""Study in Brown"" is EmArcy Records. Confidence: 0.9

Step 3: EmArcy Records is a part of the Universal Music Group. Confidence: 0.9

Step 4: The headquarters of the Universal Music Group is located in Santa Monica, California. Confidence: 0.9

Step 5: Santa Monica, California is in Los Angeles County, where there are several recognized ethnic minorities. However, the question asks how many ethnic minorities were ""looked at differently,"" which depends on social context rather than official recognition, with no explicit number provided by factual data or census. Confidence: 0.7

Final Answer: Unknown Confidence: 0.6",Unknown,0.27556200000000003,0.0,0,0
391,3hop1__139862_2053_5289,What UK label was bought by the major broadcaster based in New York that is not ABC and did not broadcast Highway to Heaven?,Oriole Records.,"Step 1: Identify the major broadcasters based in New York that are not ABC. NBC, CBS, and Fox are major broadcasters based in New York; ABC is excluded. Confidence: 0.9
Step 2: Identify the broadcaster that did not broadcast ""Highway to Heaven."" NBC broadcast ""Highway to Heaven,"" so we exclude them. Confidence: 0.8
Step 3: This leaves CBS and Fox as potential candidates. Confidence: 0.7
Step 4: Identify any UK labels bought by CBS or Fox. Fox acquired Chrysalis Records, a UK label, in the past. Confidence: 0.7
Final Answer: Chrysalis Records Confidence: 0.6",Chrysalis Records,0.21168,0.5,0,0
392,2hop__778212_22458,"What does the abbreviated name of the organization that includes the Scottish Football Association as a member, stand for?",International Federation of Association Football,"Step 1: The Scottish Football Association is a member of a larger regional football confederation. Confidence: 0.9
Step 2: The organization that includes European national football associations, which the Scottish FA is a part of, is UEFA. Confidence: 0.95
Step 3: UEFA stands for ""Union of European Football Associations."" Confidence: 0.95
Final Answer: Union of European Football Associations Confidence: 0.95",Union of European Football Associations,0.7716374999999999,0.4000000000000001,0,0
393,2hop__728969_131890,Which is the body of water near George Mills' place of birth?,River Thames,"Step 1: Identify George Mills, or the most known individual with that name, and determine his place of birth. Confidence: 0.4
Step 2: Determine the place of birth for George Mills if found. Confidence: 0.4
Step 3: Identify the body of water near the place of birth, if known. Confidence: 0.5
Final Answer: Unknown due to lack of information Confidence: 0.2",Unknown due to lack of information,0.016000000000000004,0.0,0,0
394,2hop__179322_83289,"Who stars in the video ""One Last Time"" by the performer of Baby I?",Matt Bennett,"Step 1: ""Baby I"" is a song by Ariana Grande. Confidence: 1.0
Step 2: The video for ""One Last Time"" features Ariana Grande. Confidence: 1.0
Final Answer: Ariana Grande Confidence: 1.0",Ariana Grande,1.0,0.0,0,0
395,2hop__574419_270105,What is the seat of the county where Van Hook Township is located?,Stanley,"Step 1: Determine the county where Van Hook Township is located. Van Hook Township is in Mountrail County, North Dakota. Confidence: 0.9

Step 2: Find the county seat of Mountrail County. The county seat of Mountrail County is Stanley, North Dakota. Confidence: 0.95

Final Answer: Stanley Confidence: 0.9",Stanley,0.7695,1.0,1,1
396,3hop1__9285_5188_6375,"Who was the first person to control a spacecraft, from the country the top-ranking Warsaw Pact operatives came from, despite it being headquartered in the country called the nobilities commonwealth?",Gherman Titov,"Step 1: The Warsaw Pact was a collective defense treaty established in 1955 among the Soviet Union and several Eastern Bloc socialist republics during the Cold War. The top-ranking operatives would most likely be from the Soviet Union. Confidence: 0.9
Step 2: The Soviet Union successfully launched the first human into space, Yuri Gagarin, in 1961, making him the first person to control a spacecraft from the Soviet Union. Confidence: 0.9
Step 3: The Polish-Lithuanian Commonwealth was sometimes referred to as a ""Commonwealth of nobilities,"" but this does not directly impact the operation of the Warsaw Pact. Confidence: 0.6
Step 4: The Soviet Union was headquartered in Moscow, Russia, not Poland or Lithuania. The connection to the ""nobilities commonwealth"" does not alter the control of spacecraft. Confidence: 0.8
Final Answer: Yuri Gagarin Confidence: 0.8",Yuri Gagarin,0.31104000000000004,0.0,0,0
397,2hop__59274_461854,Who was the spouse of the actor who played Scarlett in Gone With the Wind?,Laurence Olivier,"Step 1: Scarlett in ""Gone With the Wind"" was played by Vivien Leigh. Confidence: 1.0
Step 2: Vivien Leigh's most famous spouse was Laurence Olivier. Confidence: 1.0
Final Answer: Laurence Olivier Confidence: 1.0",Laurence Olivier,1.0,1.0,1,1
398,3hop2__326964_851134_7713,How long had Pfrang Association's headquarters location been the capitol city of Yaxing Coach's headquarters location?,about 400 years,"Step 1: Identify the current headquarters location of the Pfrang Association. Confidence: 0.7
Step 2: Identify the current headquarters location of Yaxing Coach. Confidence: 0.7
Step 3: Determine when the headquarters location of Pfrang Association was the capital of the location currently serving as Yaxing Coach's headquarters. Confidence: 0.6
Step 4: Calculate the duration for which the headquarters location of Pfrang Association served as the capital city of Yaxing Coach's headquarters location. Confidence: 0.5
Final Answer: Unknown Confidence: 0.3",Unknown,0.044099999999999986,0.0,0,0
399,2hop__574496_123283,Where did the founder of the Acting Company study?,Clifton College,"Step 1: The Acting Company was founded by John Houseman. Confidence: 0.9
Step 2: John Houseman graduated from the University of Cambridge. Confidence: 0.8
Final Answer: University of Cambridge Confidence: 0.8",University of Cambridge,0.5760000000000001,0.0,0,0
400,3hop1__389955_132457_47686,Where do Greyhound buses leave from in the city where the band that recorded the album I'm Alive and on Fire formed?,Toronto Coach Terminal,"Step 1: The band ""I'm Alive and on Fire"" is an album by the Canadian band Danko Jones. Confidence: 0.9
Step 2: Danko Jones formed in Toronto, Ontario, Canada. Confidence: 0.9
Step 3: Greyhound buses in Toronto leave from the Toronto Coach Terminal. Confidence: 0.8
Final Answer: Toronto Coach Terminal Confidence: 0.7",Toronto Coach Terminal,0.45360000000000006,1.0,1,1
401,3hop1__742464_15840_36002,What were the Genesis's advantages over the platform in which Robodemons is played?,built on 16-bit architectures and offered improved graphics and sound,"Step 1: Robodemons is a video game for the Nintendo Entertainment System (NES). Confidence: 1.0
Step 2: The Sega Genesis was known for having superior graphics capabilities compared to the NES, with a 16-bit system compared to NES's 8-bit. Confidence: 1.0
Step 3: The Genesis also had a faster CPU, allowing for smoother gameplay and more complex games. Confidence: 0.9
Step 4: The sound quality on the Genesis was superior due to its Yamaha sound chip. Confidence: 0.9
Final Answer: Graphics, CPU speed, sound quality Confidence: 0.8","Graphics, CPU speed, sound quality",0.6480000000000001,0.26666666666666666,0,1
402,3hop1__617062_127905_80286,Who has the most hits in the history of the organization that includes the team Jim Wilson was released by?,Pete Rose,"Step 1: Determine the team Jim Wilson was released by. Confidence: 0.8
Step 2: Identify the organization that the team belongs to. Confidence: 0.9
Step 3: Research the all-time hits leader for the organization identified in step 2. Confidence: 0.9
Step 4: Verify the record holder for the most hits within that organization. Confidence: 0.9
Final Answer: Pete Rose Confidence: 0.8",Pete Rose,0.46656000000000014,1.0,1,1
403,2hop__435184_84856,When does the new season of the show starring the cast member of Pizza Man start?,"January 20, 2017","Step 1: Identify the show ""Pizza Man"" and any notable cast members. Confidence: 0.7
Step 2: Cross-reference any cast members of ""Pizza Man"" with current shows they are involved with. Confidence: 0.8
Step 3: Determine if any such shows have announced new seasons starting soon. Confidence: 0.9
Step 4: Verify the official announcements or recent news about the show's new season start date. Confidence: 0.85
Final Answer: [New season relevant to identified cast member, start date] Confidence: 0.6","[New season relevant to identified cast member, start date]",0.25704,0.0,0,0
404,3hop1__106239_650651_7262,Who was a prominent figure at the radio division of the broadcast company that created the version of The Biggest Loser set in the country where Kelupis originated?,Walter Sabo,"Step 1: The dish ""Kelupis"" is traditionally from Brunei. Confidence: 0.9
Step 2: The version of ""The Biggest Loser"" set in Brunei was created by the broadcast company ""Radio Television Brunei"" (RTB). Confidence: 0.8
Step 3: A prominent figure at the radio division of RTB is not widely known internationally. Confidence: 0.7
Final Answer: Unknown Confidence: 0.6",Unknown,0.3024,0.0,0,0
405,2hop__10114_599630,Where in Zhejiang is the city where Protestants are especially notable?,Yongjia County,"Step 1: Zhejiang is a province in eastern China. Confidence: 0.9
Step 2: Wenzhou, a city in Zhejiang, is known for its significant Protestant population. Confidence: 0.95
Final Answer: Wenzhou Confidence: 0.95",Wenzhou,0.8122499999999999,0.0,0,1
406,3hop2__132957_76377_40768,"When did Nissan, the Acura Legend maker and the top selling car brand open US assembly plants?",1981,"Step 1: The Acura Legend is made by Honda, not Nissan. Confidence: 1.0
Step 2: Nissan is a top-selling car brand that has opened US assembly plants. Confidence: 0.9
Step 3: Nissan opened its first US assembly plant in Smyrna, Tennessee. Confidence: 0.9
Step 4: The opening year for Nissan's first US assembly plant in Smyrna was 1983. Confidence: 0.9
Final Answer: 1983 Confidence: 0.9",1983,0.6561000000000001,0.0,0,0
407,3hop1__829944_474097_84283,Who is the owner of the record label that the performer of Better Than Me is signed with?,Warner Music Group,"Step 1: The song ""Better Than Me"" is performed by the artist Doja Cat. Confidence: 0.9
Step 2: Doja Cat is signed with the record label RCA Records. Confidence: 0.8
Step 3: RCA Records is owned by Sony Music Entertainment. Confidence: 0.8
Final Answer: Sony Music Entertainment Confidence: 0.7",Sony Music Entertainment,0.4032,0.3333333333333333,0,0
408,3hop1__418091_15840_36002,What were Genesis's advantages over the platform that plays Bigfoot?,built on 16-bit architectures and offered improved graphics and sound,"Step 1: The Genesis most likely refers to the Sega Genesis, a popular video game console released in the late 1980s and early 1990s. Confidence: 0.9
Step 2: Bigfoot is likely referring to a game or a feature on a platform, possibly NES (Nintendo Entertainment System) since games featuring Bigfoot or similar themes were common in that era. Confidence: 0.8
Step 3: The Sega Genesis was known for its 16-bit graphics, which were superior to the 8-bit graphics of the NES, providing better visual quality. Confidence: 0.85
Step 4: The Sega Genesis had a faster processor compared to the NES, which allowed for more complex gaming experiences and smoother gameplay. Confidence: 0.85
Step 5: The Sega Genesis also had a larger library of games, including exclusive titles that were popular and attractive to gamers. Confidence: 0.8
Final Answer: Better graphics and gameplay speed, larger game library Confidence: 0.8","Better graphics and gameplay speed, larger game library",0.3329280000000001,0.22222222222222224,0,0
409,2hop__68590_27619,Where is the mission for the agency that controls the monetary policy of the EU found?,Article 2 of the Statute of the ECB,"Step 1: The agency responsible for controlling the monetary policy of the EU is the European Central Bank (ECB). Confidence: 0.9
Step 2: The mission and functions of the European Central Bank are outlined in the Treaty on the Functioning of the European Union (TFEU) and the Protocol on the Statute of the European System of Central Banks and of the European Central Bank. Confidence: 0.85
Final Answer: Treaty on the Functioning of the European Union (TFEU) Confidence: 0.8",Treaty on the Functioning of the European Union (TFEU),0.6120000000000001,0.15384615384615383,0,0
410,2hop__67660_158861,What actor had the role of the narrator of How I Met Your Mother?,Josh Radnor,"Step 1: ""How I Met Your Mother"" is a popular American television sitcom. Confidence: 1.0
Step 2: The narrator of the show is the older version of the main character, Ted Mosby. Confidence: 0.9
Step 3: The older Ted Mosby is voiced by Bob Saget. Confidence: 0.95
Final Answer: Bob Saget Confidence: 0.95",Bob Saget,0.8122499999999999,0.0,0,0
411,2hop__235471_565925,What record label did the performer of The Place and the Time belong to?,Columbia Records,"Step 1: The song ""The Place and the Time"" is performed by The Collins Kids. Confidence: 0.8
Step 2: The Collins Kids were associated with the record label Columbia Records. Confidence: 0.9
Final Answer: Columbia Records Confidence: 0.8",Columbia Records,0.5760000000000001,1.0,1,1
412,2hop__75207_46837,When does the winter season begin in the place where fuser and alberto meet the indigenous couple who were traveling for work?,June,"Step 1: To answer this question, we need to identify the location where Fuser and Alberto met the indigenous couple. Confidence: 0.8
Step 2: Fuser and Alberto are characters from ""The Motorcycle Diaries,"" a memoir by Che Guevara which details his travels across South America. Confidence: 0.9
Step 3: In ""The Motorcycle Diaries,"" Fuser and Alberto meet various indigenous people while traveling through places such as Peru, Chile, and Argentina. Confidence: 0.8
Step 4: The context of the memoir suggests they meet indigenous people in Peru at one point, which is also mentioned as a highlight in the journey. Confidence: 0.7
Step 5: In Peru, the winter season typically begins in June. Confidence: 0.95
Final Answer: June Confidence: 0.7",June,0.268128,1.0,1,1
413,3hop1__159803_89752_75165,What's the population of the largest state in the region of the U.S. where trading practices were once threatened by the Navigation Acts?,"1,335,907","Step 1: The Navigation Acts were aimed at the American colonies, which are located on the Eastern seaboard where trade was heavily regulated. Confidence: 0.9
Step 2: The largest state by population in the original 13 colonies (Eastern seaboard) is New York. Confidence: 0.85
Step 3: As of the most recent estimates, New York's population is approximately 19 million. Confidence: 0.9
Final Answer: 19 million Confidence: 0.85",19 million,0.585225,0.0,0,0
414,2hop__2299_38663,What percentage did the Dow Jones fall in the historical era where the book takes place?,54.7%,"Step 1: Identify the historical era mentioned in the question. Without specific details, it's ambiguous, but a commonly discussed era in relation to significant Dow Jones falls is the Great Depression. Confidence: 0.6
Step 2: Identify the percentage drop of the Dow Jones during the Great Depression. It fell approximately 89% from its peak in September 1929 to its lowest point in July 1932. Confidence: 0.8
Final Answer: 89% Confidence: 0.65",89%,0.312,0.0,0,0
415,2hop__388467_110882,What is the birth date of the By Your Side performer?,1 January 1986,"Step 1: ""By Your Side"" is a song performed by singer Sade. Confidence: 0.9
Step 2: Sade's birth date is January 16, 1959. Confidence: 0.95
Final Answer: January 16, 1959 Confidence: 0.85","January 16, 1959",0.72675,0.3333333333333333,0,0
416,2hop__486392_35739,When was the version of Windows 8 from the company that Iceweasel was based on made accessible?,September 2013,"Step 1: Iceweasel is a rebranded version of Mozilla Firefox, used primarily by the Debian project. Confidence: 1.0
Step 2: Windows 8 was released to manufacturers on August 1, 2012. Confidence: 0.9
Step 3: The final consumer version of Windows 8 was made available on October 26, 2012. Confidence: 1.0
Step 4: Assuming ""made accessible"" refers to the consumer release date of Windows 8.  Confidence: 0.9
Final Answer: October 26, 2012. Confidence: 0.9","October 26, 2012.",0.7290000000000001,0.0,0,0
417,3hop1__68802_89752_49923,How many counties are there in the largest state in the region where the film The Family Stone was set?,sixteen,"Step 1: The film ""The Family Stone"" was set in the state of Connecticut. Confidence: 0.9
Step 2: Connecticut is located in the Northeastern United States. Confidence: 1.0
Step 3: In terms of area, the largest state in the Northeastern United States is New York. Confidence: 0.95
Step 4: New York has a total of 62 counties. Confidence: 1.0
Final Answer: 62 Confidence: 0.9",62,0.7695,0.0,0,0
418,2hop__56270_68396,What percentage of the nation's population lives in the state that includes the 951 area code?,more than 12 percent,"Step 1: The 951 area code is primarily used in western Riverside County in California. Confidence: 1.0
Step 2: California is the state that includes Riverside County. Confidence: 1.0
Step 3: As of recent estimates, California's population is about 39 million people. Confidence: 0.9
Step 4: The U.S. population is approximately 331 million people as of recent estimates. Confidence: 0.9
Step 5: The percentage of the U.S. population living in California is calculated as (California's population / U.S. population) x 100. Confidence: 0.85
Final Answer: 11.8% Confidence: 0.8",11.8%,0.5508000000000001,0.0,0,0
419,2hop__21103_16254,"By 1931, what percentage of the world's Jews were the group of Jews that represented the bulk of modern Jewry?",92 percent,"Step 1: In 1931, the majority of world Jewry consisted of Ashkenazi Jews, who were the dominant group in Europe and North America. Confidence: 0.9
Step 2: Ashkenazi Jews have historically made up a significant portion of the world's Jewish population due to their widespread communities in these regions. Confidence: 0.85
Step 3: Statistical estimates from historical records suggest that Ashkenazi Jews accounted for approximately 92% of the global Jewish population around this time. Confidence: 0.8
Final Answer: 92% Confidence: 0.8",92%,0.4896000000000001,0.6666666666666666,0,1
420,2hop__853227_68633,Arthur Marryatt is a member of a sports association that has who as president?,Thomas Bach,"Step 1: Identify Arthur Marryatt and determine which sports association he is part of. Confidence: 0.6
Step 2: Research to find the leadership or president of that sports association. Confidence: 0.7
Step 3: Verify the current president of the said sports association. Confidence: 0.8
Final Answer: Insufficient data Confidence: 0.3",Insufficient data,0.1008,0.0,0,0
421,2hop__30384_30351,Who did Hay work for after being hired by his other notable influence regarding resource distribution other than Max Weber?,the Austrian government,"Step 1: Max Weber was a notable influence on resource distribution theories. Confidence: 0.8
Step 2: Hay could refer to an individual, such as Dennis Hay or a similar person, influenced by notable theorists. Confidence: 0.6
Step 3: To find the other notable influence, identify key figures in resource distribution besides Max Weber, such as Adam Smith or Karl Marx. Confidence: 0.7
Step 4: Consider employment history or known collaborations of figures like Dennis Hay in relevant context. Confidence: 0.5
Final Answer: Karl Marx Confidence: 0.4",Karl Marx,0.0672,0.0,0,0
422,3hop1__830700_538202_84283,Who owns the record label of the Shake What God Gave Ya performer?,Warner Music Group,"Step 1: Identify ""Shake What God Gave Ya"" performer as James Otto. Confidence: 1.0
Step 2: Research James Otto's association with record labels. Confidence: 0.8
Step 3: Determine the record label associated with James Otto at the time of ""Shake What God Gave Ya” release. Confidence: 0.9
Step 4: Identify that James Otto was associated with Warner Bros. Nashville for that album. Confidence: 0.9
Step 5: Warner Bros. Nashville is a part of Warner Music Group. Confidence: 0.9
Final Answer: Warner Music Group Confidence: 0.8",Warner Music Group,0.46656000000000014,1.0,1,1
423,4hop3__673447_132409_371500_35031,"Among the top five largest urban areas in the state where Infest's performer was formed, where does Veoh's headquarters city rank?",third-largest,"Step 1: Infest is a band formed in Los Angeles, California. Confidence: 0.8
Step 2: Veoh's headquarters is located in San Diego, California. Confidence: 0.9
Step 3: The top five largest urban areas in California are Los Angeles, San Francisco, San Diego, San Jose, and Fresno. Confidence: 0.8
Step 4: Among these urban areas, San Diego ranks third. Confidence: 0.9
Final Answer: 3 Confidence: 0.8",3,0.4147200000000001,0.0,0,1
424,2hop__818692_113442,What date did the creator of Autumn Leaves die?,13 August 1896,"Step 1: ""Autumn Leaves"" is a song composed by Joseph Kosma. Confidence: 0.9
Step 2: Joseph Kosma was the composer of numerous famous pieces, with ""Autumn Leaves"" being particularly well-known. Confidence: 0.8
Step 3: To find the date Joseph Kosma died, knowing his full name and significance can aid in further research. Confidence: 0.7
Step 4: Joseph Kosma died on August 7, 1969. Confidence: 0.9
Final Answer: August 7, 1969 Confidence: 0.9","August 7, 1969",0.40824,0.3333333333333333,0,0
425,2hop__401710_456439,Who is the spouse of the producer of Dolores Claiborne?,Helen Mirren,"Step 1: The film ""Dolores Claiborne"" was directed by Taylor Hackford. Confidence: 0.8
Step 2: Taylor Hackford is a film producer as well. Confidence: 0.9
Step 3: Taylor Hackford is married to actress Helen Mirren. Confidence: 1.0
Final Answer: Helen Mirren Confidence: 0.9",Helen Mirren,0.6480000000000001,1.0,1,1
426,2hop__394720_120259,When was the kingdom that Heptarchy was part of abolished?,918,"Step 1: The Heptarchy refers to the seven kingdoms of Anglo-Saxon England. Confidence: 0.9  
Step 2: These kingdoms were Northumbria, Mercia, East Anglia, Essex, Kent, Sussex, and Wessex. Confidence: 0.9  
Step 3: The unification of these kingdoms into the Kingdom of England occurred under Athelstan in 927 AD. Confidence: 0.8  
Step 4: The individual kingdom entities were effectively abolished when England became a single unified entity. Confidence: 0.85  
Final Answer: 927 AD Confidence: 0.8",927 AD,0.4406400000000001,0.0,0,0
427,2hop__511296_577502,Who married the actor from Terminator?,Maria Shriver,"Step 1: The main actor from ""The Terminator"" franchise is Arnold Schwarzenegger. Confidence: 0.95
Step 2: Arnold Schwarzenegger was married to Maria Shriver. Confidence: 0.95
Final Answer: Maria Shriver Confidence: 0.9",Maria Shriver,0.81225,1.0,1,1
428,4hop1__17192_17130_70784_61381,When was the region immediately north of the region where the country that secured southern Lebanon is located and the Persian Gulf established?,1932,"Step 1: The question asks about the region immediately north of the country that secured southern Lebanon and the Persian Gulf. Confidence: 0.8
Step 2: The country that secured southern Lebanon is likely referring to Israel, as it has historically been involved in securing or occupying parts of southern Lebanon. Confidence: 0.9
Step 3: The region immediately north of Israel and Lebanon would be Syria. Confidence: 0.9
Step 4: The Persian Gulf is a separate geographic feature that would not affect the northern region of Israel or Syria. Confidence: 0.9
Step 5: If the question is asking for when Syria as a region or entity was established in its modern form, a reasonable event would be the establishment of the Syrian Arab Republic. Confidence: 0.7
Final Answer: 1946 Confidence: 0.7",1946,0.2857680000000001,0.0,0,0
429,4hop3__547073_88460_30152_20999,How were people from whom the new coins were a proclamation of independence by the Somali Muslim Ajuran Empire expelled from the country between Thailand and Si Phan Don's country?,The dynasty regrouped and defeated the Portuguese,"Step 1: The Ajuran Empire is known for its influences in Somalia. Confidence: 1.0
Step 2: The country between Thailand and Si Phan Don (which is in Laos) could be Cambodia. Confidence: 0.9
Step 3: The people referred to here are likely a group expelled historically from the region mentioned. Confidence: 0.8
Step 4: The Cham people, who are an Austronesian ethnic group originating from the coastal regions of Vietnam and Cambodia, were historically expelled or displaced. Confidence: 0.7
Final Answer: Cham people Confidence: 0.6",Cham people,0.3024,0.0,0,0
430,3hop1__850160_15840_36014,What was Nintendo's limit on games per developer per year on the system which had a three letter abbreviation and was also the platform for Pictionary?,five,"Step 1: Identify the Nintendo system that had a three-letter abbreviation and was the platform for Pictionary. Confidence: 0.9
Step 2: The Nintendo Entertainment System (NES) is a three-letter abbreviation and was the platform for Pictionary. Confidence: 0.95
Step 3: Research the imposed limit by Nintendo on the number of games a developer could release per year for the NES. Confidence: 0.85
Step 4: Nintendo limited developers to releasing five games per year for the NES. Confidence: 0.9
Final Answer: 5 games per year Confidence: 0.85",5 games per year,0.5559637500000001,0.0,0,1
431,2hop__82378_158266,The top ballet company in the top bauxite producing country is what?,The Australian Ballet,"Step 1: The top bauxite producing country is Australia. Confidence: 0.9
Step 2: The Australian Ballet is the most renowned ballet company in Australia. Confidence: 0.85
Final Answer: The Australian Ballet Confidence: 0.85",The Australian Ballet,0.65025,1.0,1,1
432,3hop1__820301_720914_27537,Why did Roncalli leave the place where Crucifixion's creator died?,for the conclave in Rome,"Step 1: Giovanni Battista Roncalli, also known as Pope John XXIII, was a cardinal in the Vatican. Confidence: 0.8
Step 2: The Crucifixion could refer to various artworks; however, a prominent one is by the Italian artist Albrecht Dürer. Confidence: 0.7
Step 3: Dürer died in Nuremberg, Germany. Confidence: 0.9
Step 4: Roncalli was never stationed in Nuremberg, as his ecclesiastical roles were mainly in Italy and around the Vatican. Confidence: 0.8
Final Answer: N/A. This question might refer to historical artistic tales or hypotheticals outside standard historical records. Confidence: 0.5",N/A. This question might refer to historical artistic tales or hypotheticals outside standard historical records.,0.2016,0.0,0,0
433,4hop1__94201_642284_131926_13165,What treaty ceded territory to the US extending west to the body of water by the city where the designer of Southeast Library died?,Treaty of Paris,"Step 1: Identify the city where the designer of Southeast Library died. Confidence: 0.8
Step 2: Robert A. Harris designed the Southeast Library and died in San Francisco. Confidence: 0.7
Step 3: San Francisco is located by the Pacific Ocean. Confidence: 0.9
Step 4: The Treaty of Guadalupe Hidalgo ceded territory to the US extending west to the Pacific Ocean. Confidence: 0.85
Final Answer: Treaty of Guadalupe Hidalgo Confidence: 0.75",Treaty of Guadalupe Hidalgo,0.32130000000000003,0.5714285714285715,0,0
434,3hop1__109113_720914_27537,Why did Roncalli leave the city where the painter of Venus with a Mirror died?,for the conclave in Rome,"Step 1: ""Venus with a Mirror"" is a painting by the Italian painter Titian. Confidence: 0.9
Step 2: Titian died in the city of Venice. Confidence: 0.9
Step 3: Roncalli refers to Angelo Giuseppe Roncalli, who later became Pope John XXIII. Confidence: 0.8
Step 4: Roncalli was assigned and left Venice to serve in different regions due to his ecclesiastical duties, possibly related to his early church assignments. Confidence: 0.7
Final Answer: Ecclesiastical duties Confidence: 0.7",Ecclesiastical duties,0.31752,0.0,0,1
435,3hop1__106847_160713_77246,What is the meaning in the arabic dictionary of the majority religion in the area of British India that become India when the country for A Music Fairy was created?,the country of India,"Step 1: Determine the majority religion in British India before the partition. Hinduism was the majority religion in the area that became modern-day India after the partition of 1947. Confidence: 0.95
Step 2: ""A Music Fairy"" likely refers to something linked to fairies or music, or could be a book or cultural reference. After some analysis, it appears to be a play on words or requires more specific cultural context I may not have. Confidence: 0.7
Step 3: Assume ""A Music Fairy"" is a prompt masking ""Pakistan"" as it became a country adjacent to India with a majority Muslim population after partition. Hence, interpret meaning based on the largest section left, India. Confidence: 0.8
Step 4: The major religion in India post-partition is Hinduism, not Islam, hence focus returns to Hinduism's meaning in Arabic. Confidence: 0.9
Step 5: Find the Arabic word for Hinduism. In Arabic, it is Hunduism or هندوسية. Confidence: 0.95
Final Answer: هندوسية Confidence: 0.85",هندوسية,0.38663099999999995,0.0,0,0
436,2hop__59612_50883,The London broil cut comes from a country with an emergency response guidebook with response guides in which section?,"The fourth section, with orange page borders","Step 1: London broil is a popular beef dish that originates from the United States. Confidence: 0.8
Step 2: The United States has an Emergency Response Guidebook. Confidence: 1.0
Step 3: The Emergency Response Guidebook used in the U.S. is organized into sections with numbered guides for different types of hazardous materials. Confidence: 0.9
Step 4: In this guidebook, response guides are typically found in a section dedicated to them, known as the orange section. Confidence: 0.95
Final Answer: Orange section Confidence: 0.85",Orange section,0.5814,0.5,0,1
437,3hop1__857_846_7770,Where does the Yangtze River flow in the city where the Yongle emperor greeted the person to whom the edict was addressed?,past the west side and then north side,"Step 1: The Yongle Emperor was a ruler of China in the early 15th century known for his significant contributions to Chinese history, including the construction of the Forbidden City in Beijing. Confidence: 0.9

Step 2: The Yongle Emperor greeted a foreign diplomat or envoy in the city of Nanjing, which was the capital of China before Beijing. Confidence: 0.85

Step 3: The Yangtze River flows through several major cities in China, including Nanjing. Confidence: 0.95

Step 4: Given that the edict was likely addressed in Nanjing when the Yongle Emperor was there, the question asks where the Yangtze River flows in the city of Nanjing. Confidence: 0.9

Final Answer: Nanjing Confidence: 0.9",Nanjing,0.5886675000000001,0.0,0,0
438,4hop1__567737_141375_458768_33677,When was the most recent Bicycle Friendly Community Award given to the city where the company Study in Brown's record label is part of is headquartered?,2013,"Step 1: Determine where Study in Brown's record label is headquartered. Confidence: 0.7
Step 2: Identify the city based on the record label's headquarters. Confidence: 0.8
Step 3: Research when the most recent Bicycle Friendly Community Award was given to the identified city. Confidence: 0.6
Step 4: Compile known awards data for cities to identify recent award recipients if possible. Confidence: 0.5
Final Answer: {Year of the most recent award to the identified city} Confidence: 0.4",{Year of the most recent award to the identified city},0.0672,0.0,0,0
439,2hop__42027_42004,"Since 2004, what is the location of the body to which, if a matter is not specifically reserved, it is devolved?",Scottish Parliament Building,"Step 1: Evaluate the timeframe mentioned, which is since 2004. Confidence: 0.9
Step 2: Identify that the context of the question may relate to the devolution of power within a political system. Since 2004 suggests something like the Scottish Parliament or Wales. Confidence: 0.8
Step 3: Note that devolution is often used in the context of UK political structure, where certain powers are transferred from the central government to regional bodies. Confidence: 0.85
Step 4: Recognize that in the UK, powers not specifically reserved to Westminster are often devolved to regional legislatures such as the Scottish Parliament, the Welsh Parliament, or the Northern Ireland Assembly. Confidence: 0.9
Step 5: Given the specificity of devolution language post-1999 in the UK, the Scottish Parliament is a likely candidate. Confidence: 0.85
Final Answer: Scottish Parliament Confidence: 0.8",Scottish Parliament,0.37454400000000004,0.8,0,1
440,2hop__644898_64046,Who plays the prison warden in the second movie in the series with the same name as the place where James Trainer died?,Simon Farnaby,"Step 1: Identify where James Trainer died. Research indicates that James Trainer died in Blackpool. Confidence: 0.9

Step 2: Determine the movie series with the same name as Blackpool. There isn't a well-known movie series with the exact name ""Blackpool,"" but the series related to prison with ""Black"" in the name is the ""Black Water"" movie series. Confidence: 0.6

Step 3: Identify the second movie in the ""Black Water"" series. The second movie is titled ""Black Water: Abyss."" Confidence: 0.8

Step 4: Find out who plays the prison warden in the second movie. However, ""Black Water: Abyss"" is not centered around a prison, which raises doubts about earlier premises. Re-evaluate earlier interpretations of names and series. Confidence: 0.4

Final Answer: I need clarification as I'm likely on the wrong path with this logic. Restart or reassess known data. Confidence: 0.2",I need clarification as I'm likely on the wrong path with this logic. Restart or reassess known data.,0.03456000000000001,0.0,0,0
441,2hop__124412_402641,Who is the child of Chiang Hsiao-wen's father?,Chiang Hsiao-wu,"Step 1: Identify who Chiang Hsiao-wen is. Confidence: 0.8
Step 2: Determine the father of Chiang Hsiao-wen. Confidence: 0.8
Step 3: List known children of Chiang Hsiao-wen's father. Confidence: 0.8
Step 4: Recognize that 'child' refers to any of the children. Confidence: 0.9
Final Answer: Chiang Hsiao-wen Confidence: 0.9",Chiang Hsiao-wen,0.4147200000000001,0.5,0,0
442,3hop1__140345_2053_5289,"What label was bought by the company which, along with ABC and the network which aired Law of the Plainsman, is the other major broadcaster based in NY?",Oriole Records.,"Step 1: CBS, ABC, and NBC are the three major broadcasting networks in New York. Confidence: 1.0  
Step 2: NBC is the network associated with airing ""Law of the Plainsman."" Confidence: 0.9  
Step 3: NBC can be identified as the other major broadcaster based in NY alongside ABC. Confidence: 1.0  
Step 4: NBC was bought by Comcast, and before that, it acquired a music label known as Universal Music Group (before divesting it). Confidence: 0.8  
Step 5: The label associated with NBC prior to Comcast's acquisition was Universal Music Group. Confidence: 0.7  
Final Answer: Universal Music Group Confidence: 0.7",Universal Music Group,0.3528,0.0,0,0
443,3hop1__132967_40769_64047,When did the rx 350 model of the luxury division of the company that built Daihatsu boon change body style?,Sales began worldwide in April 2012,"Step 1: The luxury division of the company that built the Daihatsu Boon is Lexus, which is part of Toyota. Confidence: 1.0
Step 2: The RX 350 is a model under the Lexus brand. Confidence: 1.0
Step 3: The RX series by Lexus has had several body style changes over generations. Confidence: 1.0
Step 4: The Lexus RX 350 had a significant body style change with the release of its fourth generation in 2015. Confidence: 0.9
Final Answer: 2015 Confidence: 0.9",2015,0.81,0.0,0,0
444,2hop__50432_56873,When did the team that won the 1959 fa cup final beating luton town 2-1 win the fa cup?,1898 and 1959,"Step 1: The 1959 FA Cup Final was won by Nottingham Forest. Confidence: 1.0
Step 2: Nottingham Forest won the 1959 FA Cup by defeating Luton Town. Confidence: 1.0
Step 3: The 1959 FA Cup Final was held on May 2, 1959. Confidence: 0.9
Final Answer: May 2, 1959 Confidence: 0.8","May 2, 1959",0.7200000000000001,0.3333333333333333,0,0
445,2hop__30905_213732,"Who is the child of the person who sponsored the resolution to reopen trade with Vietnam, along with Kerry?",Meghan McCain,"Step 1: The key task is to identify the person who sponsored the resolution to reopen trade with Vietnam alongside John Kerry. Confidence: 0.9
Step 2: Research suggests that the person who worked with Kerry on this was John McCain. Confidence: 0.9
Step 3: Next, determine the child of John McCain. Confidence: 0.9
Step 4: John McCain's most publicly known child is Meghan McCain. Confidence: 0.9
Final Answer: Meghan McCain Confidence: 0.8",Meghan McCain,0.5248800000000001,1.0,1,1
446,2hop__54651_169233,What award did the singer of Never Had a Friend Like Me in Aladdin receive?,Academy Award for Best Supporting Actor,"Step 1: ""Never Had a Friend Like Me"" is a song from Disney's animated film ""Aladdin"" (1992). Confidence: 1.0
Step 2: The singer of ""Never Had a Friend Like Me"" in the original ""Aladdin"" film was Robin Williams, who voiced the Genie. Confidence: 1.0
Step 3: Robin Williams received several awards throughout his career, but famously won an Academy Award for Best Supporting Actor for his role in ""Good Will Hunting"" (1997), not for ""Aladdin."" Confidence: 0.9
Step 4: Robin Williams received a special Golden Globe award, the Golden Globe Special Award for Vocal Work in a Motion Picture, for his role in ""Aladdin."" Confidence: 1.0
Final Answer: Golden Globe Special Award for Vocal Work in a Motion Picture Confidence: 1.0",Golden Globe Special Award for Vocal Work in a Motion Picture,0.9,0.25,0,0
447,2hop__46376_158105,Which two features were played up by the highest paid person in the world?,ease of use and enhanced support for Plug and Play,"Step 1: Identify who the highest paid person in the world is as of the latest available data. Confidence: 0.9
Step 2: Determine the industry or field in which this person gained their wealth, as it may give clues to features they are known for. Confidence: 0.85
Step 3: Consider the most notable achievements or characteristics that the person is famous for, which could be interpreted as ""features played up."" Confidence: 0.8
Step 4: Assess any recent publicized statements or known interviews where this individual emphasized particular features or skills. Confidence: 0.75
Final Answer: Entrepreneurship, Innovation Confidence: 0.7","Entrepreneurship, Innovation",0.32130000000000003,0.0,0,0
448,4hop1__58323_375563_161848_67585,"How many stars are on the flag of the nation that first participated in the 1952 Olympics, located near the citizen country of the author of the 2005 novel Thief?",four,"Step 1: The 2005 novel ""The Thief"" was written by Megan Whalen Turner, who is an American author. Confidence: 0.9
Step 2: The neighboring countries to the USA include Canada and Mexico. Confidence: 0.9
Step 3: Mexico first participated in the Olympics in 1924, while Canada first participated in 1900, neither participated first in 1952. Confidence: 0.8
Step 4: Jamaica is a nation geographically near the United States in the Caribbean, which first participated in the Summer Olympics in 1948, so we need to reconsider other options. Look closely at the 1952 first participants. Confidence: 0.7
Step 5: Nigeria is closer to the former British West Indies (now Jamaica), and Nigeria first participated in the 1952 Olympics. Nigeria's flag has no stars. Confidence: 0.8
Final Answer: 0 Confidence: 0.75",0,0.27216000000000007,0.0,0,0
449,2hop__66167_615257,What team does the player with the most points in a NBA season play for?,Oklahoma City Thunder,"Step 1: Determine recent NBA seasons' leading scorer. Confidence: 0.9
Step 2: Identify the team of the player determined in Step 1. Confidence: 0.9
Step 3: Check the 2022-2023 NBA season for the scoring leader. Confidence: 0.8
Step 4: The player with the most points in the 2022-2023 season was Joel Embiid. Confidence: 0.9
Step 5: Joel Embiid plays for the Philadelphia 76ers. Confidence: 0.9
Final Answer: Philadelphia 76ers Confidence: 0.85",Philadelphia 76ers,0.4461480000000001,0.0,0,0
450,3hop1__36497_73181_68042,When did the party with a majority in the body the President calls on for support of his appointments to the USAF gain control of the House?,the 2010 election,"Step 1: The President calls on the Senate for support of his appointments to the United States Armed Forces (USAF). Confidence: 0.9
Step 2: The term ""majority in the body"" refers to which political party holds the majority in the Senate. Confidence: 0.9
Step 3: The Democratic Party gained control of the Senate on January 20, 2021, after the 2020 elections and the inauguration of Joe Biden. Confidence: 0.85
Final Answer: January 20, 2021 Confidence: 0.85","January 20, 2021",0.585225,0.0,0,0
451,3hop1__489567_443779_52195,Who is the president of the newly declared independent country that is part of the commission of Truth and Friendship with the country where Inierie is located?,Francisco Guterres,"Step 1: Determine the country where Inierie is located. Inierie is a volcano located in Indonesia. Confidence: 1.0
Step 2: Identify any newly declared independent countries as of October 2023. As of my knowledge cutoff in October 2023, Papua New Guinea's Bougainville region has been set for a referendum to gain independence, but it hasn't yet formally declared independence. Confidence: 0.8
Step 3: Determine if there are any newly declared independent countries involved in a commission of Truth and Friendship with Indonesia. There is no record of such a commission existing as of my last update in October 2023. Confidence: 0.5
Step 4: Confirm the president of a newly declared independent country, if any such country exists. There isn't enough information indicating a newly declared independent country with a president up to October 2023. Confidence: 0.2
Final Answer: Insufficient information. Confidence: 0.2",Insufficient information.,0.016000000000000004,0.0,0,0
452,2hop__151705_141308,What company is I Dig Love's record label a part of?,Apple Corps,"Step 1: ""I Dig Love"" is a song by George Harrison. Confidence: 0.9  
Step 2: George Harrison was a member of The Beatles. Confidence: 0.95  
Step 3: ""I Dig Love"" is on the album ""All Things Must Pass"", which was released by Apple Records. Confidence: 0.9  
Step 4: Apple Records was a part of The Beatles' Apple Corps, Ltd. Confidence: 0.9  
Final Answer: Apple Corps, Ltd. Confidence: 0.85","Apple Corps, Ltd.",0.5886675,0.8,0,1
453,2hop__257831_123283,Where did the producer of Julius Caesar study or work?,Clifton College,"Step 1: Julius Caesar is a play by William Shakespeare. Confidence: 1.0
Step 2: The term ""producer"" in the context of a Shakespeare play could refer to a theatre company or director that produced a specific staging, but historically, ""producer"" in the modern sense did not exist for Shakespeare's time. Confidence: 0.8
Step 3: William Shakespeare, the playwright, worked in London where he was involved with the Globe Theatre. Confidence: 0.9
Step 4: If considering a specific modern production, the producer could be associated with any number of institutions or theatres globally. Confidence: 0.7
Final Answer: Globe Theatre, London Confidence: 0.85","Globe Theatre, London",0.4284,0.0,0,0
454,4hop2__161602_474028_88460_21057,"During British rule, what wood was mostly produced in the nation that's the boundary between the host of the 2020 AFC U-23 Championship qualification, and the nation containing A Don?",75% of the world's teak,"Step 1: The 2020 AFC U-23 Championship qualification was hosted by Thailand. Confidence: 1.0
Step 2: A Don is a location in Vietnam. Confidence: 0.8
Step 3: The boundary between Thailand and Vietnam is mostly within Laos. Confidence: 0.9
Step 4: During British rule, particularly colonial times, teak was one of the most common woods produced in Southeast Asia, including areas of Laos. Confidence: 0.7
Final Answer: Teak Confidence: 0.7",Teak,0.3528,0.4,0,1
455,2hop__61714_89309,What was the date that Pam got married in The Office?,"October 8, 2009","Step 1: Pam Beesly is a character from the TV show ""The Office."" Confidence: 1.0
Step 2: Pam Beesly gets married to Jim Halpert in Season 6 of ""The Office."" Confidence: 1.0
Step 3: The episode where Pam and Jim get married is ""Niagara."" Confidence: 0.9
Step 4: ""Niagara"" is a two-part episode that originally aired on October 8, 2009. Confidence: 0.9
Step 5: The wedding date in the show is often assumed to be the same as the air date or tied to the storyline timing. Confidence: 0.8
Final Answer: October 8, 2009 Confidence: 0.8","October 8, 2009",0.5184000000000001,1.0,1,1
456,4hop3__650050_88460_30152_20999,How were people from whom the new coins were a proclamation of independence by the Somali Muslim Ajuran Empire expelled from the natural boundary between Thailand and A Doi's country?,The dynasty regrouped and defeated the Portuguese,"Step 1: The Somali Muslim Ajuran Empire was known to be a powerful kingdom in the Horn of Africa from the 13th to the 17th century and were involved in commerce and trade across the Indian Ocean. Confidence: 0.8
Step 2: The natural boundary between Thailand and its northern neighboring country, which is Laos, is the Mekong River. Confidence: 0.9
Step 3: ""A Doi's country"" may refer to a mountainous region or country associated with a name akin to ""Doi,"" likely Mauritius in the Indian Ocean, since Doi is often used in Thai to refer to mountains. Confidence: 0.6
Step 4: Expulsion relating to independence usually involves colonial powers or neighboring threats, but the Somali Ajuran Empire and their independence-proclaiming coins do not have clear historical ties with Southeast Asia expulsion events. Confidence: 0.5
Step 5: Without a historical expulsion event connecting the Ajuran Empire with the Thai-Laos boundary, it's possible there was a misinterpretation or assumed connection which doesn't align with known history. Confidence: 0.4
Final Answer: No known event Confidence: 0.3",No known event,0.025920000000000006,0.0,0,0
457,2hop__412633_15781,"Who, along with the author of An Essay on the History of Civil Society, criticized the idea of social contract theorists?",David Hume,"Step 1: The author of ""An Essay on the History of Civil Society"" is Adam Ferguson. Confidence: 0.9
Step 2: Adam Ferguson is known to have criticized social contract theory. Confidence: 0.8
Step 3: Along with Adam Ferguson, David Hume is known for critiquing the idea of social contract theorists. Confidence: 0.85
Final Answer: David Hume Confidence: 0.8",David Hume,0.4896000000000001,1.0,1,1
458,3hop1__145924_131905_41948,"Besides the Irish Channel and the body of water by the city Caspar Voght died in, what else lowered in the last cold phase?",English Channel,"Step 1: The Irish Channel is a strait between England and Ireland, known as the Irish Sea. Confidence: 0.8
Step 2: Caspar Voght was a German merchant who died in Hamburg, near the River Elbe, a body of water. Confidence: 0.7
Step 3: The last cold phase refers to the Little Ice Age, which caused glaciers and other water levels, like the sea level, to lower due to cooler temperatures. Confidence: 0.9
Step 4: Besides seas and rivers, lake levels also lowered due to the cooler temperatures during the last cold phase. Confidence: 0.8
Final Answer: Lakes Confidence: 0.75",Lakes,0.3024,0.0,0,0
459,3hop1__715607_792411_51423,What is the name of the castle in the city where the performer of A Collection 1984–1989 was born?,Casa Loma,"Step 1: A Collection 1984–1989 is a compilation album by The Jesus and Mary Chain. Confidence: 0.9
Step 2: The Jesus and Mary Chain were formed by the Reid brothers, Jim and William. Confidence: 0.9
Step 3: Jim Reid was born in the city of Glasgow, Scotland. Confidence: 0.8
Step 4: A famous castle in Glasgow, Scotland, is Glasgow Castle. However, the most notable landmark frequently mistaken is Glasgow Cathedral, as there isn't a famous existing ""Glasgow Castle"". Confidence: 0.7
Final Answer: Glasgow Cathedral Confidence: 0.6",Glasgow Cathedral,0.27216,0.0,0,0
460,3hop1__595371_40769_64047,When did the RX 350 from the Scion xB manufacturer's luxury division change body style?,Sales began worldwide in April 2012,"Step 1: The RX 350 is a model from Lexus, which is the luxury division of Toyota. Confidence: 1.0
Step 2: Lexus RX 350 is known to have changed its body style with the introduction of the fourth generation. Confidence: 0.9
Step 3: The fourth generation of the Lexus RX launched in the 2016 model year. Confidence: 0.8
Final Answer: 2016 Confidence: 0.8",2016,0.5760000000000001,0.0,0,0
461,3hop1__128554_39743_24526,"What is the average winter daytime temperature in the region where Richmond is found, in the state where WIRR operates?",upper 40s–lower 50s °F,"Step 1: The WIRR radio station operates in the state of Georgia. Confidence: 0.8
Step 2: Richmond is located in the state of Virginia. Confidence: 0.9
Step 3: The average winter daytime temperature in Virginia, particularly in the Richmond area, typically ranges between 40 °F to 50 °F. Confidence: 0.7
Final Answer: 45 °F Confidence: 0.7",45 °F,0.3528,0.3333333333333333,0,1
462,4hop1__567737_141375_458768_33633,When did the explorer reach the headquarters location of the group Study in Brown's record label is part of?,"August 3, 1769","Step 1: To determine when the explorer reached the headquarters location, we need to identify the group associated with Study in Brown. Confidence: 0.8
Step 2: Study in Brown is an album by Clifford Brown, a jazz trumpeter, and Max Roach, a drummer, which are part of a jazz ensemble known as the Clifford Brown and Max Roach Quintet. Confidence: 0.9
Step 3: The record label that released ""Study in Brown"" is EmArcy Records, which is a subsidiary of Mercury Records. Confidence: 0.9
Step 4: Mercury Records' headquarters was established in Chicago when it was founded. Confidence: 0.8
Step 5: The term ""explorer"" and when they reached the headquarters is not directly apparent in the context of this album's release or related information. Confidence: 0.3
Final Answer: Insufficient information Confidence: 0.2",Insufficient information,0.031104000000000007,0.0,0,0
463,3hop1__103197_214799_259594,What country gas the border troops of the country of the literature of the country of Andreas Zülow's citizenship?,GDR,"Step 1: Andreas Zülow is a German citizen. Confidence: 0.9
Step 2: Germany is the country associated with Andreas Zülow's citizenship. Confidence: 0.9
Step 3: The neighboring countries of Germany are Denmark, Poland, Czech Republic, Austria, Switzerland, France, Luxembourg, Belgium, and Netherlands. Confidence: 0.9
Step 4: ""The border troops of the country of the literature of the country"" could imply a literary reference rather than just geographical. However, keeping focus on borders, I initially focus solely on Germany's immediate neighbors. Confidence: 0.6
Final Answer: Poland Confidence: 0.7",Poland,0.30618,0.0,0,0
464,2hop__803903_78606,Who plays the wife of Big Stan's director in Grown Ups?,Joyce Van Patten,"Step 1: ""Big Stan"" is a film directed by Rob Schneider. Confidence: 1.0
Step 2: Rob Schneider also acts in ""Grown Ups."" Confidence: 1.0
Step 3: Rob Schneider's wife in real life is Patricia Azarcoya Schneider. Confidence: 0.7
Step 4: In ""Grown Ups,"" Joyce Van Patten plays Gloria, who is Rob Schneider's character's spouse. Confidence: 0.9
Final Answer: Joyce Van Patten Confidence: 0.9",Joyce Van Patten,0.5670000000000001,1.0,1,1
465,2hop__27650_27628,Who is the Vice-President of the body that began to increase their coverage of weaker debts?,Vitor Constâncio,"Step 1: Identify the body referenced. This likely relates to a financial entity or organization involved with debt coverage. Confidence: 0.6
Step 2: An organization that increased their coverage of weaker debts could relate to the International Monetary Fund (IMF) or a similar financial institution. Confidence: 0.7
Step 3: Search for recent news related to financial institutions increasing their coverage of weaker debts. Confidence: 0.5
Step 4: The IMF is known for dealing with global financial stability and debt issues, and they have increased attention on weaker debts in some of their recent communications. Confidence: 0.7
Step 5: The current Vice-President of the IMF is Geoffrey Okamoto. Confidence: 0.8
Final Answer: Geoffrey Okamoto Confidence: 0.7",Geoffrey Okamoto,0.08231999999999999,0.0,0,0
466,2hop__10900_21567,Who introduced a system of musical notation in the 14th century used in the area where the Ottoman slave trade flourished?,John Kukuzelis,"Step 1: The 14th century was the 1300s. Confidence: 1.0
Step 2: The Ottoman Empire was a prominent power in the 14th century and the slave trade was a significant aspect of its economy. Confidence: 1.0
Step 3: The system of musical notation that was prominent in the 14th century and related to the Ottomans was Byzantine music notation. Confidence: 0.8
Step 4: Byzantine music notation was developed and introduced by Byzantine scholars and musicians in the region that overlaps with parts of modern-day Turkey, where the Ottoman Empire was centered. Confidence: 0.7
Final Answer: Byzantine music notation Confidence: 0.7",Byzantine music notation,0.39199999999999996,0.0,0,0
467,2hop__677160_110882,When was the performer of So Nice born?,1 January 1986,"Step 1: ""So Nice"" is also known as ""Summer Samba,"" a bossa nova song. Confidence: 0.9
Step 2: The performer most commonly associated with the song ""So Nice (Summer Samba)"" is Astrud Gilberto. Confidence: 0.85
Step 3: Astrud Gilberto was born on March 29, 1940. Confidence: 0.95
Final Answer: March 29, 1940 Confidence: 0.9","March 29, 1940",0.6540750000000001,0.0,0,0
468,2hop__603365_120259,When was a participant in the Battle of Maserfield abolished?,918,"Step 1: The Battle of Maserfield took place in 642 AD. Confidence: 0.9
Step 2: Oswald of Northumbria was a key participant in the Battle of Maserfield. Confidence: 0.8
Step 3: Oswald was killed in the Battle of Maserfield in 642 AD. His reign and influence ended with his death, effectively making his rule ""abolished."" Confidence: 0.9
Final Answer: 642 AD Confidence: 0.8",642 AD,0.5184000000000001,0.0,0,0
469,2hop__56806_7298,What pop artist started his career on adult contemporary radio along with the subject of the song The One That Got Away?,Michael Bublé,"Step 1: Katy Perry's song ""The One That Got Away"" is about a boy she was in love with during her younger years. Confidence: 0.8
Step 2: The subject of the song is rumored to be about Josh Groban. Confidence: 0.7
Step 3: Josh Groban started his music career with appearances on adult contemporary radio. Confidence: 0.9
Step 4: The pop artist who started on adult contemporary radio related to Josh Groban is Josh Groban himself. Confidence: 0.95
Final Answer: Josh Groban Confidence: 0.85",Josh Groban,0.40698,0.0,0,0
470,2hop__40270_11402,"According to the agency that considers if Los Angeles County is to be a separate metropolitan area, what is the total area in square miles?",17.037 square miles,"Step 1: The ""agency"" being referred to is likely the United States Office of Management and Budget (OMB), which defines metropolitan areas. Confidence: 0.8
Step 2: According to the OMB, Los Angeles County is part of the Los Angeles-Long Beach-Anaheim Metropolitan Statistical Area. Confidence: 0.9
Step 3: The total area of Los Angeles County itself is approximately 4,753 square miles. Confidence: 0.95
Final Answer: 4,753 square miles Confidence: 0.9","4,753 square miles",0.6156,0.6666666666666666,0,0
471,2hop__655505_110949,What is the Till dom ensamma performer's birth date?,11 September 1962,"Step 1: ""Till dom ensamma"" is a song by Swedish artist Måns Zelmerlöw. Confidence: 0.9
Step 2: Måns Zelmerlöw is a well-known performer and artist from Sweden. Confidence: 0.9
Step 3: Måns Zelmerlöw was born on June 13, 1986. Confidence: 0.95
Final Answer: June 13, 1986 Confidence: 0.95","June 13, 1986",0.7310249999999999,0.0,0,0
472,4hop1__47210_53706_795904_580996,What location borders the city founded by a former newspaper publisher selling supplies in the state where the valley girl accent originated?,Rio Linda,"Step 1: The valley girl accent is associated with California. Confidence: 0.9
Step 2: A former newspaper publisher known for founding a city is Joseph Pulitzer. Confidence: 0.5
Step 3: Joseph Pulitzer is not known for founding a city related to California. Confidence: 0.6
Step 4: Elizabeth Short, known as the ""Black Dahlia,"" is famously associated with the valley girl accent region, specifically Los Angeles. Confidence: 0.3
Step 5: William S. Clark founded the city of Clarkdale in Arizona selling supplies and was a newspaper publisher. This doesn't fit the criteria either. Confidence: 0.4
Final Answer: Santa Monica, which borders Los Angeles and aligns better with the valley girl reference in California. Confidence: 0.3","Santa Monica, which borders Los Angeles and aligns better with the valley girl reference in California.",0.009720000000000001,0.0,0,0
473,2hop__434218_29898,Which affiliate left the employer of Don Newman due to an agreement with CHBC?,CFJC-TV in Kamloops,"Step 1: Don Newman is a Canadian journalist known for his work at the Canadian Broadcasting Corporation (CBC). Confidence: 0.9
Step 2: In contexts related to Canadian television, CHBC is a station affiliated with Global Television Network. Confidence: 0.8
Step 3: An affiliate leaving due to an agreement with CHBC implies a change in network affiliation or broadcasting arrangements. Confidence: 0.7
Step 4: Such agreements typically involve shifts in network partnerships or station transformations, which could involve local stations or changes in broadcasting rights. Confidence: 0.6
Final Answer: CBC affiliate leaving due to an agreement with CHBC. Confidence: 0.6",CBC affiliate leaving due to an agreement with CHBC.,0.18144,0.0,0,0
474,2hop__50936_90973,Who did the original voice of the character that Mila Kunis plays in Family Guy?,Lacey Chabert,"Step 1: Mila Kunis voices the character Meg Griffin in Family Guy. Confidence: 1.0
Step 2: The original voice of Meg Griffin was done by Lacey Chabert. Confidence: 0.9
Final Answer: Lacey Chabert Confidence: 0.9",Lacey Chabert,0.81,1.0,1,1
475,2hop__555792_30351,Who did Hayek work for upon being hired by the author of Omnipotent Government?,the Austrian government,"Step 1: Friedrich Hayek was an economist and philosopher known for his defense of classical liberalism. Confidence: 0.9
Step 2: ""Omnipotent Government"" is a book written by the economist Ludwig von Mises. Confidence: 0.95
Step 3: Mises hired Hayek to work at the Austrian Institute for Business Cycle Research. Confidence: 0.8
Step 4: Therefore, when Hayek was hired by Mises, he worked for the Austrian Institute for Business Cycle Research. Confidence: 0.85
Final Answer: Austrian Institute for Business Cycle Research Confidence: 0.85",Austrian Institute for Business Cycle Research,0.49419,0.25,0,0
476,4hop2__161602_474028_88460_21034,What year did the country that is the natural boundary between where the tournament was hosted and where A Don is located host the ASEAN Conference?,hosted the summit in 2014,"Step 1: Identify the country that is the natural boundary between the location of the tournament and A Don. Confidence: 0.7
Step 2: Determine the region or countries likely related to the natural boundary context. Confidence: 0.6
Step 3: Identify the year when this specific country hosted the ASEAN Conference. Confidence: 0.7
Step 4: Cross-reference known ASEAN host countries and years. Confidence: 0.8
Final Answer: 2009 Confidence: 0.6",2009,0.14112,0.0,0,0
477,2hop__557743_92763,What is the enrollment at Henry Latimer's alma mater?,"16,801","Step 1: Identify Henry Latimer's alma mater. Confidence: 0.8
Step 2: Research the most recent enrollment figures for that institution. Confidence: 0.7
Final Answer: Unknown (specific enrollment data needed) Confidence: 0.6",Unknown (specific enrollment data needed),0.33599999999999997,0.0,0,0
478,3hop1__816887_127905_80286,Who has the most hits in the league of the team that Dick Aylward plays for?,Pete Rose,"Step 1: Identify Dick Aylward's team. Confidence: 0.8
Step 2: Determine the league associated with that team. Confidence: 0.8
Step 3: Research which player has the most hits in that league. Confidence: 0.7
Final Answer: Unknown (due to lack of specific data) Confidence: 0.5",Unknown (due to lack of specific data),0.22400000000000003,0.0,0,0
479,2hop__43776_162341,What other recognition did the Oscar winner for Best Actor in 2006 receive?,nominated for an Academy Award for Best Supporting Actor,"Step 1: Identify the Oscar winner for Best Actor in 2006. Confidence: 1.0
Step 2: The Oscar winner for Best Actor in 2006 was Philip Seymour Hoffman for his role in Capote. Confidence: 0.9
Step 3: Check what other awards Philip Seymour Hoffman received in 2006 for Capote. Confidence: 0.8
Step 4: Philip Seymour Hoffman received the Golden Globe Award for Best Actor – Motion Picture Drama for Capote in 2006. Confidence: 0.8
Final Answer: Golden Globe Award for Best Actor – Motion Picture Drama, 2006 Confidence: 0.8","Golden Globe Award for Best Actor – Motion Picture Drama, 2006",0.4608000000000001,0.4210526315789474,0,0
480,2hop__608902_653666,Who is the mother of Katharine Smith Salisbury's brother?,Lucy Mack Smith,"Step 1: Katharine Smith Salisbury is a sibling. Confidence: 1.0  
Step 2: By definition, Katharine Smith Salisbury's brother would have the same mother as Katharine. Confidence: 1.0  
Step 3: Katharine Smith Salisbury's mother is Lucy Mack Smith. Confidence: 0.9  
Final Answer: Lucy Mack Smith Confidence: 0.9",Lucy Mack Smith,0.81,1.0,1,1
481,2hop__609313_20273,What year did the author of History of the Reformation in Scotland die?,1572,"Step 1: Identify the author of ""History of the Reformation in Scotland."" Confidence: 1.0
Step 2: The author is John Knox. Confidence: 1.0
Step 3: Determine the year John Knox died. Confidence: 0.9
Step 4: John Knox died in 1572. Confidence: 0.9
Final Answer: 1572 Confidence: 0.9",1572,0.7290000000000001,1.0,1,1
482,2hop__6827_55848,When was the first branch of the company that bought FleetBoston Financial established?,"November 3, 1930","Step 1: The company that bought FleetBoston Financial was Bank of America. Confidence: 0.95
Step 2: Bank of America was originally established as Bank of Italy before it became Bank of America. Confidence: 0.90
Step 3: Bank of Italy was established in San Francisco in 1904 by Amadeo Giannini. Confidence: 0.95
Final Answer: 1904 Confidence: 0.85",1904,0.6904124999999999,0.0,0,0
483,2hop__576118_25719,At the end of which year did tribes from the area where Linear Pottery culture was found invade the Roman Empire?,406,"Step 1: The Linear Pottery culture is associated primarily with early Neolithic Europe, spanning roughly 5500-4500 BCE. Confidence: 0.9
Step 2: The Roman Empire existed from 27 BCE to 476 CE, with the Western Roman Empire traditionally considered to have fallen in 476 CE. Confidence: 0.9
Step 3: The question likely refers to the period known as the Migration Period or ""Barbarian Invasions,"" which involved various tribes entering Roman territories. Confidence: 0.8
Step 4: One of the most notable invasions that significantly impacted the Western Roman Empire is the sack of Rome by the Visigoths in 410 CE. Confidence: 0.8
Step 5: It's possible that tribes stemming from the geographical area of the Linear Pottery culture may have been indirectly part of the various migratory groups, but historical records specifically note the invasion by the Visigoths in 410 CE. Confidence: 0.7

Final Answer: 410 CE Confidence: 0.7",410 CE,0.254016,0.0,0,0
484,3hop1__358853_339990_54675,"What mountain can you see from Portland, in the state that Raven Creek is located in?",Tualatin Mountains,"Step 1: Raven Creek is located in Oregon. Confidence: 0.9
Step 2: Portland is a city in Oregon. Confidence: 0.95
Step 3: From Portland, one can see Mount Hood. Confidence: 0.95
Final Answer: Mount Hood Confidence: 0.9",Mount Hood,0.7310249999999999,0.0,0,0
485,3hop1__186307_503371_21711,When was the Palau de la Generalitat constructed in the city where Martin from where Jaulin is located died?,built in the 15th century,"Step 1: I need to determine where Martin from Jaulin died. Confidence: 0.8
Step 2: Martin from Jaulin's death is not common knowledge; Jaulin is a municipality in Spain. Confidence: 0.7
Step 3: The Palau de la Generalitat is located in Valencia, Spain. Confidence: 0.9
Step 4: The Palau de la Generalitat in Valencia was constructed between the 15th and 17th centuries. Confidence: 0.9
Step 5: The main construction period for this building was during the early 15th century. Confidence: 0.8
Final Answer: Early 15th century Confidence: 0.7",Early 15th century,0.254016,0.5714285714285715,0,1
486,3hop2__326964_846_7713,How long had the city where the Yongle Emperor greeted the Karmapa been the capitol city of Yaxing Coach's headquarters location?,about 400 years,"Step 1: Understand that the Yongle Emperor met the Karmapa in Nanjing. Confidence: 0.9
Step 2: Yaxing Coach is a company headquartered in Yangzhou, which is near Nanjing, but not the same city. Confidence: 0.8
Step 3: Nanjing was the capital of China during the early Ming dynasty, starting in 1368 under the Hongwu Emperor. Confidence: 0.9
Step 4: There is no connection between Nanjing's status as a historical capital and the headquarters of Yaxing Coach in Yangzhou. Confidence: 0.9
Final Answer: 0 years Confidence: 0.9",0 years,0.5248800000000001,0.4,0,0
487,4hop3__577443_88460_30152_20999,How were people from whom new coins were a proclamation of independence by the Somali Muslim Ajuran Empire expelled from the natural boundary between Thailand and Tham Pha's country?,The dynasty regrouped and defeated the Portuguese,"Step 1: The Ajuran Empire was a Somali Muslim empire in the Horn of Africa known for producing its own currency during its peak, signifying its independence. Confidence: 0.9
Step 2: The natural boundary between Thailand and neighboring countries includes the Mekong River, which separates Thailand from Laos. Confidence: 0.8
Step 3: Tham Pha likely refers to a natural feature or location, possibly within the broader region of Thailand. Confidence: 0.6
Step 4: There is no historical record or context linking the expulsion of people related to the Ajuran Empire to the region between Thailand and its neighboring countries. Confidence: 0.4
Final Answer: No direct link. Confidence: 0.3",No direct link.,0.05184000000000001,0.0,0,0
488,3hop1__545624_2053_5289,"What UK label was bought by the company which, along with ABC and the network which broadcasted Here and Now, is the other major broadcaster based in NY?",Oriole Records.,"Step 1: Identify the major broadcaster based in NY along with ABC and the network which broadcasted ""Here and Now"". The network that broadcasted ""Here and Now"" is HBO. The major broadcaster based in NY alongside ABC and HBO would be NBC. Confidence: 0.9
Step 2: Determine if NBC acquired a UK label. NBCUniversal, under Comcast which owns NBC, bought the UK label Working Title Films. Confidence: 0.8
Final Answer: Working Title Films Confidence: 0.75",Working Title Films,0.54,0.0,0,0
489,2hop__252311_366220,Who founded the company that distributed the film UHF?,Mike Medavoy,"Step 1: ""UHF"" is a film that was distributed by Orion Pictures Corporation. Confidence: 0.9
Step 2: Orion Pictures was founded by Arthur B. Krim, Robert S. Benjamin, and others. Confidence: 0.8
Final Answer: Arthur B. Krim, Robert S. Benjamin Confidence: 0.7","Arthur B. Krim, Robert S. Benjamin",0.504,0.0,0,0
490,3hop1__222497_309482_27537,Why did Roncalli leave the place where the composer of Al gran sole carico d'amore worked?,for the conclave in Rome,"Step 1: ""Al gran sole carico d'amore"" is an opera composed by Luigi Nono. Confidence: 0.9
Step 2: Luigi Nono was an Italian composer. Confidence: 0.9
Step 3: The name ""Roncalli"" may refer to Angelo Giuseppe Roncalli, who became Pope John XXIII. Confidence: 0.8
Step 4: Angelo Roncalli (Pope John XXIII) was in several places due to his roles in the Catholic Church, such as papal nuncio and later as Pope. Confidence: 0.8
Final Answer: Roncalli became Pope. Confidence: 0.7",Roncalli became Pope.,0.36288000000000004,0.0,0,1
491,4hop1__93661_59747_211319_557671,Which county shares a border with the county where the most populous city in the state where season 8 of The Walking Dead was filmed is located?,Presque Isle County,"Step 1: Season 8 of The Walking Dead was primarily filmed in Georgia. Confidence: 1.0
Step 2: The most populous city in Georgia is Atlanta. Confidence: 1.0
Step 3: Atlanta is located in Fulton County. Confidence: 1.0
Step 4: A county that shares a border with Fulton County is DeKalb County. Confidence: 0.9
Final Answer: DeKalb County Confidence: 0.9",DeKalb County,0.81,0.4,0,0
492,2hop__25344_88628,"In True Grit, who did the star play?",U.S. Marshal Rooster Cogburn,"Step 1: ""True Grit"" is a novel by Charles Portis, which was adapted into two films. The first adaptation was in 1969. Confidence: 1.0  
Step 2: The star of the 1969 film adaptation of ""True Grit"" was John Wayne. Confidence: 1.0  
Step 3: In the 1969 film, John Wayne played the character Rooster Cogburn. Confidence: 1.0  
Final Answer: Rooster Cogburn Confidence: 1.0",Rooster Cogburn,1.0,0.6666666666666666,0,1
493,3hop2__222979_132477_40768,"When did the maker of the Acura RLX, the owner of Scion, and Nissan open US assembly plants?",1981,"Step 1: The Acura RLX is manufactured by Honda. Honda opened its first US assembly plant in Marysville, Ohio, in 1982. Confidence: 0.9
Step 2: Scion is a brand owned by Toyota. Toyota opened its first US assembly plant in Georgetown, Kentucky, in 1988. Confidence: 0.9
Step 3: Nissan opened its first US assembly plant in Smyrna, Tennessee, in 1983. Confidence: 0.9
Final Answer: 1982, 1988, 1983 Confidence: 0.85","1982, 1988, 1983",0.61965,0.0,0,0
494,3hop1__572324_568433_51423,What is the name of the castle in the city where the headquarters of the production company of Care Bear: Journey to Joke-a-lot is located?,Casa Loma,"Step 1: The production company of ""Care Bear: Journey to Joke-a-lot"" is Nelvana. Confidence: 0.95
Step 2: Nelvana is headquartered in Toronto, Canada. Confidence: 0.95
Step 3: A significant castle in Toronto is Casa Loma. Confidence: 0.90
Final Answer: Casa Loma Confidence: 0.85",Casa Loma,0.6904125,1.0,1,1
495,3hop1__208108_547811_80702,What is the name of the famous bridge in the city where the composer of La Silvia was born?,Rialto Bridge,"Step 1: Giovanni Battista Pergolesi, the composer of ""La Silvia,"" was born. Confidence: 0.9
Step 2: Pergolesi was born in the city of Jesi, Italy. Confidence: 0.9
Step 3: Jesi is known for several historical landmarks, but not for having any particularly famous bridges. Confidence: 0.7
Step 4: Since Jesi does not have a famous bridge, and if there's confusion about the birthplaces, check another related city for prominent bridges. Confidence: 0.6
Step 5: Consider the broader region of Ancona, which encompasses Jesi, though none of its bridges are globally famous like those in other cities. Confidence: 0.5
Final Answer: Ancona Bridge (if considering the broader region, rather than the specific city alone, as the question might infer) Confidence: 0.4","Ancona Bridge (if considering the broader region, rather than the specific city alone, as the question might infer)",0.06803999999999999,0.11764705882352941,0,0
496,3hop1__324448_831637_91775,What does SEAL stand for in the military branch that operates USS Prevail?,"Sea, Air, and Land","Step 1: USS Prevail is a type of ship in the United States Navy. Confidence: 0.8
Step 2: SEAL is an acronym used by a special operations force in the United States Navy. Confidence: 0.9
Step 3: SEAL stands for Sea, Air, and Land in the context of the Navy's special forces. Confidence: 0.95
Final Answer: Sea, Air, Land Confidence: 0.95","Sea, Air, Land",0.6498,0.8571428571428571,0,1
497,4hop2__5206_14670_8987_8529,"When was ""Slavs"" used in the national anthem of the country whose military having the Air Defense Artillery was unprepared for the invasion of the country conquered by the Pact?",1943–1992,"Step 1: Identify the country whose military includes the Air Defense Artillery. The United States of America (USA) has a branch of military called the Air Defense Artillery. Confidence: 0.9

Step 2: Determine a historical event where the USA military was unprepared for an invasion of a country conquered by a Pact. The USA was unprepared for the invasion of Czechoslovakia by the Warsaw Pact in 1968. Confidence: 0.85

Step 3: Determine if there is a connection between 'Slavs' and a national anthem related to Czechoslovakia. The Czechoslovak national anthem did not include 'Slavs,' but the song ""Hej Slaveni"" was used as the national anthem of Yugoslavia. Confidence: 0.8

Step 4: Confirm the use of ""Hej Slaveni"" as a national anthem including 'Slavs.' ""Hej Slaveni"" was used as the national anthem of Yugoslavia from 1944 to 2003. Confidence: 0.95

Final Answer: 1944 Confidence: 0.8",1944,0.46512000000000003,0.0,0,0
498,3hop2__103889_30152_20999,How were the people that the Ajuran Empire declared independence from by minting coins expelled from Zaw Win Thet's country?,The dynasty regrouped and defeated the Portuguese,"Step 1: The Ajuran Empire was an influential Somali empire that was well-known for its centralization and use of currency, including minting coins, which it used when declaring its own economic independence. Confidence: 0.8
Step 2: The Ajuran Empire was in Africa, operating roughly from the 13th to the 17th century, whereas Zaw Win Thet is a name more commonly associated with Myanmar (Burma) in Southeast Asia, not Africa. Confidence: 0.7
Step 3: Given the geographical and historical differences, the people the Ajuran Empire declared independence from through coin minting were likely not directly expelled from any place related to Zaw Win Thet as the two are historically and geographically unrelated. Confidence: 0.75
Step 4: There is no known connection or historical event where a group was expelled from a location specifically associated with someone named Zaw Win Thet, especially in connection to the Ajuran Empire. Confidence: 0.9
Final Answer: No direct expulsion event Confidence: 0.6",No direct expulsion event,0.22679999999999995,0.0,0,0
499,2hop__706038_14251,What line by a cast member of Birds of Feather is believed to have started the archie nickname?,"""Archibald, certainly not!""","Step 1: ""Birds of a Feather"" is a British sitcom. Confidence: 1.0
Step 2: One of the main cast members is Pauline Quirke, who plays the character Sharon. Confidence: 0.8
Step 3: In ""Birds of a Feather,"" there's a possibility that a line mentioning ""Archie"" is attributed to a recurring joke or plot point. Confidence: 0.7
Step 4: The sitcom becomes popular because of its humor and character interactions, suggesting a particular line might become famous or serve as inspiration. Confidence: 0.6
Step 5: Researching outside the direct show plot might provide the specific line, but based on available typical sitcom plot devices, it often revolves around names or nicknames. Confidence: 0.5
Final Answer: Sharon Confidence: 0.4",Sharon,0.0672,0.0,0,0
500,2hop__75207_53316,"Before the military coup was staged, who was the president of the country where Fuser and Alberto met the indigenous couple who were traveling to look for work?",Salvador Allende,"Step 1: Fuser and Alberto refer to Ernesto ""Che"" Guevara and Alberto Granado, who traveled through Latin America. Confidence: 0.9
Step 2: During their journey, they traveled through multiple countries, one of which included Bolivia. Confidence: 0.8
Step 3: The indigenous couple they met while traveling could be in Bolivia, as it's well known for its indigenous population. Confidence: 0.7
Step 4: The recent military coup referenced in Bolivia happened in November 2019. Confidence: 0.9
Step 5: The president of Bolivia before this coup was Evo Morales. Confidence: 0.95
Final Answer: Evo Morales Confidence: 0.85",Evo Morales,0.36628199999999994,0.0,0,0
501,3hop1__765565_326948_86925,What is the symbols of the Saints from the place where Here Come the Girl's performer was born called?,fleur - de-lis,"Step 1: ""Here Come the Girl"" was performed by Ernie K-Doe. Confidence: 0.9
Step 2: Ernie K-Doe was born in New Orleans, Louisiana. Confidence: 0.9
Step 3: The New Orleans Saints is the NFL team from New Orleans. Confidence: 0.95
Step 4: The New Orleans Saints' symbols include the Fleur-de-lis. Confidence: 0.95
Final Answer: Fleur-de-lis Confidence: 0.9",Fleur-de-lis,0.6579225,0.0,0,1
502,4hop1__711773_508773_85832_745702,Who's the son of the Italian navigator who explored the eastern coast of the continent Manuel Balbi was born in?,Sebastian Cabot,"Step 1: Manuel Balbi was born in Mexico, which is in North America. Confidence: 1.0
Step 2: The Italian navigator known for exploring the eastern coast of North America was Giovanni Caboto, also known as John Cabot. Confidence: 0.9
Step 3: John Cabot's son, who was also an explorer, was named Sebastian Cabot. Confidence: 1.0
Final Answer: Sebastian Cabot Confidence: 0.9",Sebastian Cabot,0.81,1.0,1,1
503,2hop__170914_152093,"What label is responsible for the performer of ""Friend Like That""?",Fair Trade Services,"Step 1: The performer of ""Friend Like That"" is the band Hawk Nelson. Confidence: 0.9
Step 2: Hawk Nelson is a Christian rock band. Confidence: 0.8
Step 3: Hawk Nelson released ""Friend Like That"" as part of their album ""Hawk Nelson Is My Friend."" Confidence: 0.85
Step 4: The album ""Hawk Nelson Is My Friend"" was released under the Tooth & Nail Records label. Confidence: 0.95
Final Answer: Tooth & Nail Records Confidence: 0.9",Tooth & Nail Records,0.5232600000000001,0.0,0,0
504,2hop__761291_87295,Who does the author of Home: A Memoir of My Early Years play in Princess Diaries?,Queen dowager Clarisse Renaldi,"Step 1: ""Home: A Memoir of My Early Years"" is authored by Julie Andrews. Confidence: 1.0
Step 2: Julie Andrews stars in ""The Princess Diaries"" movie. Confidence: 1.0
Step 3: Julie Andrews plays the role of Queen Clarisse Renaldi in ""The Princess Diaries."" Confidence: 1.0
Final Answer: Queen Clarisse Renaldi Confidence: 1.0",Queen Clarisse Renaldi,1.0,0.8571428571428571,0,1
505,3hop1__465684_160545_62931,Where in the country where Bodindecha was born was The Beach filmed?,island Koh Phi Phi,"Step 1: ""Bodindecha"" refers to a historical figure in Thailand, primarily Phraya Phichai Bodindecha, a military leader. Confidence: 0.9
Step 2: ""The Beach"" is a film that was primarily filmed on Ko Phi Phi Leh in Thailand. Confidence: 0.9
Step 3: Since Bodindecha is associated with Thailand and ""The Beach"" was filmed on Ko Phi Phi Leh, it can be concluded that The Beach was filmed in Thailand. Confidence: 0.9
Final Answer: Ko Phi Phi Leh Confidence: 0.9",Ko Phi Phi Leh,0.6561000000000001,0.25,0,1
506,2hop__276637_126089,Who was in charge of the area where Pavilion Welgelegen is located?,Johan Remkes,"Step 1: Pavilion Welgelegen is located in Haarlem, Netherlands. Confidence: 0.9
Step 2: The area of Haarlem is part of the province of North Holland. Confidence: 0.9
Step 3: As of historical governance structures, the province of North Holland is managed by a provincial government. Confidence: 0.8
Step 4: The provincial government is led by the King's Commissioner (Commissaris van de Koning) for North Holland. Confidence: 0.7
Step 5: Historically, specific control over a pavilion such as Welgelegen might vary and could include local municipal or provincial figures. However, ultimate administrative governance would fall under the provincial authorities. Confidence: 0.6

Final Answer: Provincial government of North Holland Confidence: 0.6",Provincial government of North Holland,0.163296,0.0,0,0
507,3hop1__321720_650651_7262,Who was a prominent figure at the radio division of the network that created the version of The Biggest Loser set in the country where Seria is?,Walter Sabo,"Step 1: ""The Biggest Loser"" has a version set in various countries, notably the United Kingdom (UK), as Seria is a town in Brunei, and Brunei does not have its own version. Confidence: 0.8
Step 2: The network associated with ""The Biggest Loser"" in the UK is ITV. Confidence: 0.9
Step 3: ITV, as a television network, does not have a separate radio division; however, historically, the BBC played a significant role in radio broadcasting in the UK. Confidence: 0.7
Step 4: A prominent figure at the BBC's radio division is Sir John Reith, who was the first general manager and director-general of the BBC, which initially started as a radio broadcaster. Confidence: 0.8
Final Answer: John Reith Confidence: 0.7",John Reith,0.28224,0.0,0,0
508,2hop__603598_25719,At the end of what year did the tribes from the place where the Rossen culture is located invade the Roman Empire?,406,"Step 1: The Rossen culture is associated with the Neolithic period in Central Europe, primarily around what is today the area of Germany. Confidence: 0.8
Step 2: The Roman Empire faced numerous invasions and conflicts with different tribes throughout its existence, especially during its decline. Confidence: 0.85
Step 3: A significant invasion by Central European tribes took place during the late Roman Empire period, when the Hunnic and Germanic invasions occurred. Confidence: 0.9
Step 4: The year 406 AD is notable for the great crossing of the Rhine, where Vandals, Alans, and Suebi crossed into Roman Gaul, marking a significant invasion point during this time. Confidence: 0.95
Final Answer: 406 AD Confidence: 0.9",406 AD,0.5232600000000001,0.6666666666666666,0,1
509,2hop__160223_58067,Who was given India's highest civilian honor before he became President of India?,A.P.J. Abdul Kalam,"Step 1: The highest civilian honor in India is the Bharat Ratna. Confidence: 0.95
Step 2: Dr. A.P.J. Abdul Kalam was awarded the Bharat Ratna in 1997. Confidence: 0.9
Step 3: Dr. A.P.J. Abdul Kalam became the President of India in 2002. Confidence: 0.9
Step 4: Before becoming President, Dr. A.P.J. Abdul Kalam had already received the Bharat Ratna. Confidence: 0.95
Final Answer: A.P.J. Abdul Kalam Confidence: 0.9",A.P.J. Abdul Kalam,0.6579225,1.0,1,1
510,2hop__20268_42004,The Directory of Public Worship was approved by a parliament whose modern equivalent has been based where since 2004?,Scottish Parliament Building,"Step 1: The Directory of Public Worship was approved by the Parliament of Scotland. Confidence: 0.9
Step 2: The modern equivalent of the Parliament of Scotland is the Scottish Parliament. Confidence: 0.9
Step 3: The modern Scottish Parliament has been based in the Scottish Parliament Building. Confidence: 0.8
Step 4: The Scottish Parliament Building has been located in Edinburgh since 2004. Confidence: 0.9
Final Answer: Edinburgh Confidence: 0.85",Edinburgh,0.4957200000000001,0.0,0,1
511,2hop__478978_124498,Who is the father of the performer of Je dis aime?,Louis Chedid,"Step 1: The performer of ""Je dis aime"" is Matthieu Chedid, known as -M-. Confidence: 0.9
Step 2: Matthieu Chedid is the son of French singer Louis Chedid. Confidence: 0.9
Final Answer: Louis Chedid Confidence: 0.85",Louis Chedid,0.6885,1.0,1,1
512,3hop2__132957_379231_40768,"When did Nissan, the Acura Legend maker and the Scion xD manufacturer open US assembly plants?",1981,"Step 1: Nissan opened its first US assembly plant in Smyrna, Tennessee, in 1983. Confidence: 0.9
Step 2: Acura, a division of Honda, does not manufacture in assembly plants under the ""Acura Legend"" name itself; rather, Honda's assembly plants in the US began operations with their first in Marysville, Ohio, in 1982. Confidence: 0.8
Step 3: Scion, a defunct marque of Toyota, which was responsible for the Scion xD, indirectly relates to Toyota's US manufacturing efforts, which began in 1986 in Georgetown, Kentucky. Confidence: 0.7
Final Answer: 1983, 1982, 1986 Confidence: 0.7","1983, 1982, 1986",0.3528,0.0,0,0
513,2hop__166824_185403,What league does the team that plays in Stadio Ciro Vigorito play for?,Lega Pro Prima Divisione,"Step 1: The team that plays in Stadio Ciro Vigorito is Benevento Calcio. Confidence: 0.9
Step 2: Benevento Calcio is an Italian football club. Confidence: 0.9
Step 3: Teams in Italy often play in the Serie A, Serie B, or Serie C. Confidence: 0.8
Step 4: As of the latest information, Benevento Calcio plays in Serie B. Confidence: 0.85
Final Answer: Serie B Confidence: 0.85",Serie B,0.46818000000000004,0.0,0,0
514,4hop3__130404_29339_508306_70744,"Who has more national championships, the university where Fort Hill is, or the university in the state where Edwards won the primary, along with winning in the state containing WDXQ?",University of South Carolina,"Step 1: Identify the university where Fort Hill is located. Fort Hill is part of Edmondson Village in Baltimore, Maryland. The major university affiliated with Baltimore is Johns Hopkins University. Confidence: 0.8

Step 2: Determine where Edwards won the primary. Assume this refers to John Bel Edwards, who won the gubernatorial primary in Louisiana. Confidence: 0.9

Step 3: Identify the university in the state of Louisiana and determine if Edwards won in the state containing WDXQ. Louisiana State University (LSU) is a major university in Louisiana. Edwards also won in Mississippi, where the radio station WDXQ is located. Mississippi State University is a major university in Mississippi. Confidence: 0.9

Step 4: Compare the number of national championships: Johns Hopkins University, primarily known for lacrosse, has 44 national championships in that sport, while LSU has multiple championships in football and other sports. Mississippi State University has fewer national titles than LSU and Johns Hopkins. Confidence: 0.8

Final Answer: Johns Hopkins University Confidence: 0.8",Johns Hopkins University,0.4147200000000001,0.28571428571428575,0,0
515,3hop1__857_846_7794,"In 2010, what was the population of the city where the Yongle emperor greeted the person to whom the edict was addressed?",8.005 million,"Step 1: The Yongle Emperor of the Ming Dynasty reigned from 1402 to 1424. Confidence: 1.0
Step 2: During Yongle Emperor's reign, Beijing became the capital of China. Confidence: 0.9
Step 3: The edict (like an official order) would most likely be addressed to someone significant, possibly located where the administrative center was, i.e., Beijing. Confidence: 0.8
Step 4: In 2010, the population of Beijing was approximately 19.6 million. Confidence: 0.9
Final Answer: 19.6 million Confidence: 0.8",19.6 million,0.5184000000000001,0.5,0,0
516,2hop__24697_634490,Who is the sibling of Shu Yu from the Chinese capital that Kanmu modeled his government after?,King Cheng of Zhou,"Step 1: Kanmu was a Japanese emperor who modeled his government after the Tang dynasty.
Confidence: 0.95

Step 2: The capital city during the Tang dynasty was Chang'an.
Confidence: 0.95

Step 3: Shu Yu was a historical Chinese figure and the progenitor of the Jin dynasty (not related to Tang politics directly).
Confidence: 0.80

Step 4: Shu Yu's well-known sibling was Tang Shu, but this may not directly relate to the Tang dynasty government modeling.
Confidence: 0.60

Final Answer: Tang Shu Confidence: 0.50",Tang Shu,0.2166,0.0,0,0
517,4hop1__39871_314549_131976_44892,"A line with Williamsburg, Main Street and another station are in a state that's next to an ocean. When did that ocean start to open up?",around 140 million years ago,"Step 1: Williamsburg and Main Street are commonly used station names, but considering well-known locations, they are in New York City, and the relevant state is New York. Confidence: 0.8
Step 2: New York is bordered by the Atlantic Ocean. Confidence: 0.9
Step 3: The Atlantic Ocean started to open up during the Jurassic Period when the supercontinent Pangaea began to break apart. Confidence: 0.9 
Step 4: The Jurassic Period occurred approximately 201 to 145 million years ago. Confidence: 0.8
Final Answer: Jurassic Period, 201 to 145 million years ago. Confidence: 0.7","Jurassic Period, 201 to 145 million years ago.",0.36288000000000004,0.4615384615384615,0,1
518,2hop__96177_62765,Who did the star of Dark Hazard play in The Ten Commandments?,Dathan,"Step 1: ""Dark Hazard"" starred the actor Edward G. Robinson. Confidence: 0.9
Step 2: Edward G. Robinson had a role in ""The Ten Commandments,"" the 1956 film directed by Cecil B. DeMille. Confidence: 0.9
Step 3: Edward G. Robinson played the character Dathan in ""The Ten Commandments."" Confidence: 0.95
Final Answer: Dathan Confidence: 0.95",Dathan,0.7310249999999999,1.0,1,1
519,4hop1__166471_49925_13759_736921,In what state is the district where the one who wanted to reform and address the institution behind the religion of Egidio Vagnozzi preached a sermon?,Saxony-Anhalt,"Step 1: Egidio Vagnozzi was an Italian priest known for his work in the Roman Catholic Church. Confidence: 0.9
Step 2: A preacher associated with reforming or addressing the institution behind Roman Catholicism is likely to be Martin Luther, who started the Protestant Reformation. Confidence: 0.8
Step 3: Martin Luther is famously known for his Ninety-Five Theses, which he nailed to the church door in Wittenberg. Confidence: 0.95
Step 4: Wittenberg is located in Germany, so we need to consider which similar reformers in the U.S. might be relevant. Confidence: 0.7
Step 5: Massachusetts is historically known for early reformist religious activities within the U.S., especially with figures like those associated with the Protestant movement. Confidence: 0.75
Final Answer: Massachusetts Confidence: 0.6",Massachusetts,0.21545999999999998,0.0,0,0
520,2hop__198459_61845,Who has played for both West Ham Ajax and the team that Adam Hammill is on?,Mido,"Step 1: Adam Hammill has played for various teams, including St. Mirren. Confidence: 0.8
Step 2: Identify a player who has played for both West Ham and Ajax. One such player is Winston Bogarde. Confidence: 0.7
Step 3: Determine if Winston Bogarde has played for the same team as Adam Hammill, currently at St. Mirren. Confidence: 0.5
Step 4: There seems to be no direct player that fits all three criteria without including more non-recent teams. Confidence: 0.2
Final Answer: None identified. Confidence: 0.3",None identified.,0.0168,0.0,0,0
521,3hop1__512574_42197_18397,Where did the arguer that Oleg Lomakin's country of citizenship had become an imperialist power declare he would intervene in the Korean conflict?,the Politburo,"Step 1: Oleg Lomakin is a Russian name, suggesting his country of citizenship might be Russia. Confidence: 0.8
Step 2: Russia, as the Soviet Union, was once considered an imperialist power, especially during the Cold War. Confidence: 0.9
Step 3: An arguer assessing Russia or the Soviet Union as an imperialist power during the Korean War likely had a political or military stance. Confidence: 0.7
Step 4: The most prominent foreign intervention in the Korean conflict was by the United States. Confidence: 0.85
Step 5: The declaration to intervene in the Korean conflict was prominently made by the United States, as the Soviet intervention was mainly indirect. Confidence: 0.9
Final Answer: United States Confidence: 0.85",United States,0.327726,0.0,0,0
522,3hop1__664835_650651_7262,"Who was a prominent figure in the radio division of the network of the version of The Biggest Loser: The Final Chance, set in the country where Bokok is located?",Walter Sabo,"Step 1: Identify where Bokok is located. Bokok is a city located in Palau. Confidence: 0.9
Step 2: Determine which country's version of ""The Biggest Loser: The Final Chance"" is being referred to. The country is Palau. Confidence: 0.9
Step 3: Research if there was a version of ""The Biggest Loser: The Final Chance"" specifically set in Palau. Confidence: 0.7
Step 4: Determine if any notable radio division or network personalities are associated with ""The Biggest Loser"" in Palau. Confidence: 0.6
Step 5: Without specific information on a Palauan version of ""The Biggest Loser"" or related radio division figures, guess that a key network figure related to ""The Biggest Loser"" internationally might be the intended answer. Confidence: 0.5
Final Answer: Bob Harper. Confidence: 0.4",Bob Harper.,0.06803999999999999,0.0,0,0
523,3hop1__527372_339990_54675,"What mountains can you see from Portland, in the state with the county that contains Fester Hollow?",Tualatin Mountains,"Step 1: Fester Hollow is located in Garrett County. Confidence: 0.8
Step 2: Garrett County is in the state of Maryland. Confidence: 0.9
Step 3: Portland in Maryland refers to the incorrect geographical location, as Portland is typically associated with Oregon or Maine. Confidence: 0.6
Step 4: Oregon is known for its visible mountains from Portland, such as Mount Hood, Mount Saint Helens, and the Cascade Range. Confidence: 0.85
Step 5: Therefore, the Portland referred to in the question is likely Portland, Oregon, providing visibility of Mount Hood. Confidence: 0.85
Final Answer: Mount Hood Confidence: 0.85",Mount Hood,0.265302,0.0,0,0
524,3hop2__20335_82856_9331,"What dissolved the privileges in Poland of the empire that helped the patriots during the Revolutionary War, the Kingdom that acquired some Thuringian territory in 1815, and the Habsburg Monarchy?",March Constitution of Poland,"Step 1: The empire that helped the patriots during the Revolutionary War was France. Confidence: 0.9
Step 2: The Kingdom that acquired some Thuringian territory in 1815 was Prussia. Confidence: 0.8
Step 3: The Habsburg Monarchy refers to Austria. Confidence: 0.9
Step 4: The privileges in Poland of France, Prussia, and Austria were dissolved after Poland regained independence following World War I and the Treaty of Versailles in 1919. Confidence: 0.7
Final Answer: Treaty of Versailles Confidence: 0.7",Treaty of Versailles,0.31752,0.28571428571428575,0,0
525,2hop__130508_32379,What is the oldest college in the state that contains Borough House Plantation?,College of Charles Towne,"Step 1: Borough House Plantation is located in the state of South Carolina. Confidence: 0.9
Step 2: The oldest college in South Carolina is the College of Charleston. Confidence: 0.85
Final Answer: College of Charleston Confidence: 0.85",College of Charleston,0.65025,0.5714285714285715,0,1
526,2hop__242045_2684,What law was passed by Maria Shriver's husband?,"""Donda West Law""","Step 1: Maria Shriver was married to Arnold Schwarzenegger. Confidence: 0.95
Step 2: Arnold Schwarzenegger was the Governor of California from 2003 to 2011. Confidence: 0.95
Step 3: As governor, Arnold Schwarzenegger signed several significant bills into law. Confidence: 0.90
Step 4: One of the prominent laws he signed was AB 32, the Global Warming Solutions Act of 2006. Confidence: 0.85
Final Answer: AB 32 (Global Warming Solutions Act of 2006) Confidence: 0.85",AB 32 (Global Warming Solutions Act of 2006),0.586850625,0.0,0,0
527,2hop__422295_8311,"When was the sibling of Alice de Lusignan, Countess of Surrey crowned?",1216,"Step 1: Alice de Lusignan, Countess of Surrey, was a noblewoman of the 13th century. Confidence: 0.9
Step 2: One of her siblings was her brother, William de Valence, who was an important figure. Confidence: 0.8
Step 3: William de Valence, while significant, was not a king and thus not crowned. Confidence: 0.95
Step 4: Crowning typically refers to a king or queen, so it's likely referring to the coronation of a ruler. Confidence: 0.9
Final Answer: There is no record of a sibling of Alice de Lusignan being crowned, as crowning refers to royalty, and her siblings were not kings or queens. Confidence: 0.9","There is no record of a sibling of Alice de Lusignan being crowned, as crowning refers to royalty, and her siblings were not kings or queens.",0.5540400000000001,0.0,0,0
528,2hop__170341_43945,"Why was Common Sense, by the same author as Rights of Man, an important work?",crystallized the rebellious demand for independence from Great Britain,"Step 1: ""Common Sense"" was written by Thomas Paine. Confidence: 1.0
Step 2: ""Rights of Man"" was also authored by Thomas Paine. Confidence: 1.0
Step 3: ""Common Sense"" played a pivotal role in advocating for American independence from Britain. Confidence: 1.0
Step 4: The pamphlet ""Common Sense"" was highly influential in shaping public opinion in the American colonies, making it an important work. Confidence: 0.9
Final Answer: Advocated American independence Confidence: 0.9",Advocated American independence,0.81,0.18181818181818182,0,1
529,4hop1__429751_32392_823060_610794,What county is the city that shares a border with the state capital of the state where Purrysburg is located?,Richland County,"Step 1: Purrysburg is located in South Carolina. Confidence: 0.9
Step 2: The state capital of South Carolina is Columbia. Confidence: 1.0
Step 3: Columbia shares a border with the city of West Columbia. Confidence: 0.8
Step 4: West Columbia is located in Lexington County. Confidence: 0.9
Final Answer: Lexington County Confidence: 0.85",Lexington County,0.5508000000000001,0.5,0,1
530,2hop__227791_75487,Who is the federal leader of the political party Ken Epp belongs to?,Andrew Scheer,"Step 1: Ken Epp is a Canadian politician. Confidence: 0.9
Step 2: Ken Epp was a member of the House of Commons in Canada. Confidence: 0.8
Step 3: Ken Epp was a member of the Conservative Party of Canada. Confidence: 0.8
Step 4: As of October 2023, Pierre Poilievre is the leader of the Conservative Party of Canada. Confidence: 0.9
Final Answer: Pierre Poilievre Confidence: 0.8",Pierre Poilievre,0.4147200000000001,0.0,0,0
531,2hop__488811_30078,What military overran much of Erich Zakowski's place of birth?,Russian troops,"Step 1: Erich Zakowski was born in East Prussia. Confidence: 0.7
Step 2: East Prussia was overrun by the Soviet military during World War II. Confidence: 0.9
Final Answer: Soviet military Confidence: 0.85",Soviet military,0.5355,0.0,0,1
532,2hop__494659_5385,How many people work at the school that holds the Julian P. Kanter Political Commercial Archive?,"11,900","Step 1: The Julian P. Kanter Political Commercial Archive is held at the University of Oklahoma. Confidence: 0.9
Step 2: The University of Oklahoma employs many people across its various campuses and departments. Confidence: 0.8
Step 3: Determining the exact number of employees involves knowing current staffing details for the university. Confidence: 0.7
Step 4: Approximation can be made; a major university like the University of Oklahoma likely employs thousands of people. Confidence: 0.8
Final Answer: Thousands (approx. 3,300 faculty and staff) Confidence: 0.7","Thousands (approx. 3,300 faculty and staff)",0.28224,0.0,0,0
533,2hop__286621_67370,When does the show of the cast member of Politically Incorrect start again in 2018?,"January 19, 2018","Step 1: Politically Incorrect is an American late-night talk show that aired from 1993 to 2002. Confidence: 1.0
Step 2: The main cast member and host of Politically Incorrect was Bill Maher. Confidence: 1.0
Step 3: After Politically Incorrect, Bill Maher started a new show called Real Time with Bill Maher. Confidence: 1.0
Step 4: Real Time with Bill Maher typically follows a seasonal schedule, often resuming in January of each year. Confidence: 0.8
Final Answer: January 2018 Confidence: 0.8",January 2018,0.6400000000000001,0.8,0,1
534,3hop1__178435_547811_41132,How many times did plague occur in the birthplace of the composer of Gloria in D Major?,22,"Step 1: ""Gloria in D Major"" was composed by Antonio Vivaldi. Confidence: 0.95
Step 2: Antonio Vivaldi was born in Venice, Italy. Confidence: 0.95
Step 3: Venice experienced several plague outbreaks historically, notably in 1575-1577 and 1630-1631. Confidence: 0.9
Step 4: To best of my knowledge, there were at least these two significant plague outbreaks in Venice. Confidence: 0.85
Final Answer: 2 Confidence: 0.85",2,0.586850625,0.0,0,0
535,3hop1__617062_127905_67954,Who won the All-Star MVP for the league that the team that Jim Wilson plays for is a part of?,Alex Bregman,"Step 1: Identify the team that Jim Wilson plays for. Confidence: 0.7
Step 2: Determine which league this team belongs to. Confidence: 0.8
Step 3: Find out the most recent All-Star MVP from that league. Confidence: 0.7
Final Answer: Shai Gilgeous-Alexander, NBA 2023 Confidence: 0.6","Shai Gilgeous-Alexander, NBA 2023",0.23519999999999996,0.0,0,0
536,3hop1__139773_88110_77129,"What was the first OS to support the Hyper-V protocol, developed by the company that the letters MS stand for, in the network where The Rachel Maddow Show is found?",Windows 8,"Step 1: The letters ""MS"" stand for Microsoft. Confidence: 1.0
Step 2: Microsoft developed the Hyper-V protocol. Confidence: 1.0
Step 3: ""The Rachel Maddow Show"" is broadcast on MSNBC, a television network. Confidence: 1.0
Step 4: The first Microsoft OS to support Hyper-V was Windows Server 2008. Confidence: 0.9
Final Answer: Windows Server 2008 Confidence: 0.9",Windows Server 2008,0.81,0.4,0,0
537,3hop2__132957_133292_40768,When did Nissan along with the creator of the Hino Dutro and the maker of the Acura Legend open US assembly plants?,1981,"Step 1: Nissan opened its first US assembly plant in Smyrna, Tennessee in 1983. Confidence: 1.0
Step 2: The Hino Dutro is a product of Hino Motors, a subsidiary of Toyota. Confidence: 0.9
Step 3: Toyota opened its first US assembly plant in Georgetown, Kentucky in 1988. Confidence: 0.9
Step 4: The Acura Legend was made by Honda, which opened its first US assembly plant in Marysville, Ohio in 1982. Confidence: 1.0
Final Answer: 1988 Confidence: 0.8",1988,0.6480000000000001,0.0,0,0
538,4hop3__387712_132409_146285_35031,Where does the city where Alexander Golitzen died rank in the top five largest urban areas of the state where the band that Jacoby Shaddix is a member of formed?,third-largest,"Step 1: Jacoby Shaddix is known as the lead singer of the band Papa Roach. Confidence: 0.9
Step 2: Papa Roach formed in Vacaville, California. Confidence: 0.95
Step 3: Alexander Golitzen died in San Diego, California. Confidence: 0.85
Step 4: San Diego is the second-largest urban area in California, after Los Angeles. Confidence: 0.9
Final Answer: 2 Confidence: 0.85",2,0.5559637500000001,0.0,0,0
539,2hop__25797_990,Which iPod generation introduced compatibility with the industry standard connection that was first widely used at version 1.1?,third generation,"Step 1: USB (Universal Serial Bus) was first widely used with version 1.1. Confidence: 0.9
Step 2: The first iPod generation compatible with USB was the iPod 2nd generation. Confidence: 0.8
Step 3: iPod 2nd generation boasted a FireWire connection and later USB compatibility with an adapter. Confidence: 0.7
Step 4: USB connectivity became more prominent with iPod 3rd generation onwards. Confidence: 0.85
Final Answer: iPod 3rd generation Confidence: 0.8",iPod 3rd generation,0.34272,0.4,0,1
540,3hop2__132957_52222_40768,"When did the maker of Acura Legend, the biggest automobile company in the world, and Nissan open US assembly plants?",1981,"Step 1: The Acura Legend is a model manufactured by Honda. Confidence: 0.9
Step 2: Honda, a major automobile company in Japan, opened its first US assembly plant in Marysville, Ohio, in 1982. Confidence: 0.8
Step 3: Nissan opened its first US assembly plant in Smyrna, Tennessee, in 1983. Confidence: 0.9
Step 4: The biggest automobile company is generally understood to be Toyota; however, Honda is the maker of Acura. Confidence: 0.7
Final Answer: 1982, 1983 Confidence: 0.8","1982, 1983",0.3628800000000001,0.0,0,0
541,4hop1__788226_32392_823060_610794,The capital of the state where Mary Boykin Chesnut lived borders a city within which county?,Richland County,"Step 1: Mary Boykin Chesnut was a Southern author who lived in South Carolina. Confidence: 0.8
Step 2: The capital of South Carolina is Columbia. Confidence: 0.9
Step 3: Columbia, South Carolina borders the city of Cayce. Confidence: 0.8
Step 4: Cayce is located within Lexington County. Confidence: 0.9
Final Answer: Lexington County Confidence: 0.85",Lexington County,0.44064000000000003,0.5,0,0
542,2hop__554145_88622,Who is the head of the main subject of NSA in popular culture?,ADM Michael S. Rogers,"Step 1: The NSA, or National Security Agency, is known for signals intelligence and is a frequent subject in media and popular culture. Confidence: 0.9
Step 2: In popular culture, the NSA is often depicted in movies, books, and TV series with fictional directors or heads. Confidence: 0.8
Step 3: In television series like ""Person of Interest"" or movies like ""Enemy of the State,"" fictional characters often lead NSA-like organizations. Confidence: 0.7
Step 4: There is no definitive or singular ""head"" of the NSA in popular culture, as there are various portrayals. Confidence: 0.6
Final Answer: Various fictional characters Confidence: 0.5",Various fictional characters,0.1512,0.0,0,0
543,2hop__312223_144857,What city was the author of What We Talk About When We Talk About love born in?,Clatskanie,"Step 1: The author of ""What We Talk About When We Talk About Love"" is Raymond Carver. Confidence: 0.95
Step 2: Raymond Carver was born in Clatskanie, Oregon. Confidence: 0.95
Final Answer: Clatskanie Confidence: 0.95",Clatskanie,0.8573749999999999,1.0,1,1
544,3hop1__622145_42197_18397,Where did the arguer that Boris Lagutin's country of citizenship had become an imperialist power declare he would intervene in the Korean conflict?,the Politburo,"Step 1: Boris Lagutin was a Soviet boxer who represented the Soviet Union (USSR). Confidence: 0.9
Step 2: The USSR is historically known for being involved in global conflicts during the Cold War, sometimes described as imperialist by its critics. Confidence: 0.8
Step 3: The Korean conflict, known as the Korean War, was a conflict between North Korea, supported by China and the USSR, and South Korea, supported by the United Nations, primarily the United States. Confidence: 0.9
Step 4: The primary international figure who declared significant intervention in the Korean conflict was U.S. President Harry S. Truman. Confidence: 0.8
Step 5: President Truman declared intervention in the Korean conflict on behalf of the UN forces to counter North Korean advances in South Korea. Confidence: 0.9
Final Answer: South Korea Confidence: 0.7",South Korea,0.32659200000000005,0.0,0,0
545,3hop2__131820_132454_61019,"What was the capital of the state where WEKL operates, before the city where Blackberry Smoke was formed?",Milledgeville,"Step 1: WEKL is a radio station located in Augusta, Georgia. Confidence: 0.9
Step 2: Augusta, Georgia is in the state of Georgia. Confidence: 0.9
Step 3: Blackberry Smoke is a band that was formed in Atlanta, Georgia. Confidence: 0.85
Step 4: The capital of Georgia before Atlanta was Milledgeville. Confidence: 0.8
Final Answer: Milledgeville Confidence: 0.75",Milledgeville,0.4131,1.0,1,1
546,2hop__233551_746883,Who does William Clito's father follow?,William the Conqueror,"Step 1: William Clito was a historical figure from the 11th and 12th centuries. Confidence: 0.9
Step 2: William Clito's father was Robert Curthose. Confidence: 0.95
Step 3: Robert Curthose was a Duke of Normandy and participated in the First Crusade. Confidence: 0.9
Step 4: Robert Curthose was a son of William the Conqueror and followed him as Duke of Normandy. Confidence: 0.9
Final Answer: William the Conqueror Confidence: 0.85",William the Conqueror,0.5886675,1.0,1,1
547,3hop1__67704_237521_291682,Who is the wife of the man who produced the documentary of the pop star who sings I Want to Rock With You?,Liza Minnelli,"Step 1: ""I Want to Rock With You"" is a song by Michael Jackson. Confidence: 0.9
Step 2: Michael Jackson's documentary ""This Is It"" was produced by Kenny Ortega. Confidence: 0.8
Step 3: Kenny Ortega is not married; there is no public information confirming he is married. Confidence: 0.7
Final Answer: Kenny Ortega is not married. Confidence: 0.7",Kenny Ortega is not married.,0.3528,0.0,0,0
548,2hop__310112_88165,Who did Haran's sibling marry after the death of sarah?,Keturah,"Step 1: Haran is a character in the Hebrew Bible, and he had siblings named Abram (later Abraham) and Nahor. Confidence: 0.9
Step 2: Abram, who later became known as Abraham, is a possible brother to Haran. Confidence: 0.9
Step 3: After the death of Sarah, Abraham's wife, it is mentioned that Abraham married Keturah. Confidence: 0.8
Step 4: Keturah is identified as the woman Abraham married after the death of Sarah. Confidence: 0.9
Final Answer: Keturah Confidence: 0.8",Keturah,0.46656000000000014,1.0,1,1
549,3hop2__326964_464925_7713,How long had Michael Shen Fu-Tsung's birthplace been the capitol city of Yaxing Coach's headquarters location?,about 400 years,"Step 1: Michael Shen Fu-Tsung was born in Nanjing, China. Confidence: 0.8
Step 2: Nanjing has been a capital city at various times in Chinese history. Confidence: 0.7
Step 3: Yaxing Coach is headquartered in Yangzhou, China, not Nanjing. Confidence: 0.9
Step 4: There appears to be a mismatch in locations needed between the birthplace of Michael Shen Fu-Tsung and the headquarters of Yaxing Coach. Confidence: 0.95
Step 5: Since there is no overlap between Nanjing as a capital city and Yaxing's headquarters in Yangzhou, the birthplace has never been the capital of the headquarters location. Confidence: 0.9
Final Answer: Never. Confidence: 0.9",Never.,0.387828,0.0,0,0
550,2hop__748615_123956,On what date did Battle of the birth place of Marzuki Alie end?,15 February 1942,"Step 1: Marzuki Alie was born in Palembang, Indonesia. Confidence: 0.8
Step 2: The Battle of Palembang occurred during World War II. Confidence: 0.8
Step 3: The Battle of Palembang took place in February 1942. Confidence: 0.9
Step 4: The Battle of Palembang specifically ended on February 15, 1942. Confidence: 0.9
Final Answer: February 15, 1942 Confidence: 0.9","February 15, 1942",0.4665600000000002,1.0,0,1
551,2hop__30741_85990,Who were the leaders of the opposition of the party that dominated until the mid-20th century?,"anti-slavery activists, modernizers, ex Whigs and ex Free Soilers","Step 1: The party that dominated in the United States until the mid-20th century was the Democratic Party. Confidence: 0.8
Step 2: During the period until the mid-20th century, the main opposition to the Democratic Party was the Republican Party. Confidence: 0.9
Step 3: Known leaders of the Republican Party in the early to mid-20th century include figures like Thomas E. Dewey and Wendell Willkie. Confidence: 0.7
Final Answer: Thomas E. Dewey, Wendell Willkie Confidence: 0.7","Thomas E. Dewey, Wendell Willkie",0.3528,0.0,0,0
552,3hop2__127483_84553_10557,What was the language of Auctor of who built a european empire and was crowned emperor of the romans in 800 era later known as?,Medieval Latin,"Step 1: The question is asking about a person who built a European empire and was crowned emperor of the Romans in the year 800. This is referring to Charlemagne. Confidence: 0.9
Step 2: Charlemagne was crowned Emperor of the Romans by Pope Leo III in 800 CE. Confidence: 0.95
Step 3: The language associated with Charlemagne, who was a Frankish king, would have been Old High German, his native language, or Latin, which was used for religious and administrative purposes. Confidence: 0.85
Step 4: The term ""Auctor"" suggests it may be referring to the scholarly or administrative language used, which would be Latin. Confidence: 0.8
Final Answer: Latin Confidence: 0.8",Latin,0.46512000000000003,0.6666666666666666,0,1
553,3hop1__132798_40769_64047,When did the luxury division of the maker of the Toyopet Master change the body style of the rx 350?,Sales began worldwide in April 2012,"Step 1: The Toyopet Master was made by Toyota. Confidence: 1.0
Step 2: The luxury division of Toyota is Lexus. Confidence: 1.0
Step 3: The Lexus RX 350 is a model under the Lexus brand. Confidence: 1.0
Step 4: The RX 350 underwent a major body style change for the 2016 model year. Confidence: 0.9
Final Answer: 2016 Confidence: 0.9",2016,0.81,0.0,0,0
554,3hop1__836699_15840_36002,What were the Genesis's advantages over the platform of the game Nightshade?,built on 16-bit architectures and offered improved graphics and sound,"Step 1: Identify what ""Genesis"" refers to in the context of video games; it usually refers to the Sega Genesis, which was a popular video game console. Confidence: 0.9
Step 2: Identify the platform of the game ""Nightshade""; it was released on the NES (Nintendo Entertainment System). Confidence: 0.9
Step 3: Consider the technological advantages Sega Genesis had over NES, such as better graphics, sound capabilities, and faster processor. Confidence: 0.8
Step 4: The Sega Genesis typically had a larger color palette and the ability to render more sprites on screen compared to the NES. Confidence: 0.8
Step 5: The Sega Genesis's sound hardware (FM synthesis) was superior to the NES's more basic sound chip, leading to more complex audio capabilities. Confidence: 0.8
Final Answer: Better graphics and sound capabilities. Confidence: 0.7",Better graphics and sound capabilities.,0.29030400000000006,0.4,0,1
555,2hop__498061_88622,Who's the head of the owner of ThinThread?,ADM Michael S. Rogers,"Step 1: ThinThread was a project developed by the NSA (National Security Agency) as a surveillance program. Confidence: 0.9
Step 2: The head of the NSA is the Director of the National Security Agency. Confidence: 0.9
Step 3: As of the latest information available, the Director of the NSA is Paul M. Nakasone. Confidence: 0.8
Final Answer: Paul M. Nakasone Confidence: 0.8",Paul M. Nakasone,0.5184000000000001,0.0,0,0
556,3hop2__72083_92991_76291,When did the party that gained control of Congress in the midterm elections in 1946 take control of the government branch that determines the rules of the US House?,January 2015,"Step 1: The political party that gained control of Congress in the 1946 midterm elections was the Republican Party. Confidence: 0.9
Step 2: The branch of government that determines the rules of the US House of Representatives is the House itself through the House Rules Committee. Confidence: 0.9
Step 3: The new Congress formed after the November 1946 elections began its term on January 3, 1947. Confidence: 0.9
Step 4: Therefore, the Republican Party would have taken control of the US House, including the rules committee, at the start of the new session in January 1947. Confidence: 0.9
Final Answer: January 3, 1947 Confidence: 0.9","January 3, 1947",0.5904900000000002,0.4,0,0
557,4hop2__161602_474028_88460_20985,Does the capital city hold the majority of the population in the natural boundary between the country that hosted the tournament and the country where A Don is from?,largest city is Yangon (Rangoon),"Step 1: Identify the country that hosted the tournament. Without specific reference, it's unclear which tournament or country is being discussed. Historically significant tournaments include events like the FIFA World Cup, Olympics, etc. Confidence: 0.2
Step 2: Identify the country A Don is from. Assuming ""A Don"" refers to a known public figure, determine their nationality. Without specific context, it's difficult to ascertain. Confidence: 0.2
Step 3: Determine the natural boundary between the two countries identified in Steps 1 and 2. Without knowing the countries, identifying the boundary is not feasible. Confidence: 0.2
Step 4: Check if the capital of either identified country holds the majority of the population within that natural boundary. Requires knowledge of population distributions and geography not provided. Confidence: 0.2
Final Answer: Uncertain. Confidence: 0.1",Uncertain.,0.00016000000000000007,0.0,0,0
558,3hop1__813285_774554_124169,What year did the post end of Governor of the city where the author of Quadragesimo Anno died?,1952,"Step 1: The author of Quadragesimo Anno is Pope Pius XI. Confidence: 0.9
Step 2: Pope Pius XI died in Vatican City. Confidence: 0.9
Step 3: Vatican City does not have a governor in the traditional sense but is governed by the Pope. Confidence: 0.8
Step 4: Pope Pius XI died in 1939. Confidence: 0.95
Final Answer: 1939 Confidence: 0.7",1939,0.4309200000000001,0.0,0,0
559,4hop1__562740_49925_13759_736921,Where is the district that the person who wanted to reform and address the religion that practices altarage preach a sermon on Marian devotion before his death located?,Saxony-Anhalt,"Step 1: Understand that the question refers to a person who wanted to reform a religion associated with altarage, which typically can be associated with Catholicism. Confidence: 0.8

Step 2: Identify a reformer within Catholicism known for addressing practices and perhaps involving Marian devotion, such as Martin Luther. Confidence: 0.9

Step 3: Martin Luther preached the Assumption of the Virgin Mary sermon in the town of Wittenberg, Saxony. Confidence: 0.9

Step 4: Wittenberg is located in the district of Wittenberg, in the state of Saxony-Anhalt, Germany. Confidence: 0.9

Final Answer: Saxony-Anhalt Confidence: 0.85",Saxony-Anhalt,0.4957200000000001,1.0,1,1
560,2hop__92051_827343,Who is the sibling of the actress who played Susan Walker in Miracle on 34th street?,Lana Wood,"Step 1: The actress who played Susan Walker in the original ""Miracle on 34th Street"" (1947) is Natalie Wood. Confidence: 1.0
Step 2: Natalie Wood had a sibling named Lana Wood. Confidence: 0.9
Final Answer: Lana Wood Confidence: 0.9",Lana Wood,0.81,1.0,1,1
561,3hop1__433054_831637_91775,What does seal stand for in who is the operator of destroyer class of the operator of the USS Venus seals?,"Sea, Air, and Land","Step 1: First, I need to identify the operator of the USS Venus. However, the USS Venus does not exist as a known naval vessel, suggesting it might be a fictional or hypothetical scenario, which results in no clear operator. Confidence: 0.5

Step 2: Given that the USS Venus appears to be fictional, I need to think about typical operators of destroyer class vessels, which are usually naval forces like the United States Navy. Confidence: 0.7

Step 3: Assuming ""seal"" is referring to the United States Navy SEALs, I will clarify what SEAL stands for in this context. SEAL stands for ""Sea, Air, and Land,"" which refers to the environments in which the United States Navy SEALs operate. Confidence: 1.0

Step 4: Since SEAL is not related to the operator of any destroyer (as it is a special operations force), there's a mismatch between the terms, so SEAL itself doesn't provide direct information for operators of destroyers. Confidence: 0.8

Final Answer: Sea, Air, and Land Confidence: 0.9","Sea, Air, and Land",0.252,1.0,1,1
562,2hop__6956_192417,The league the New England Patriots belongs to is an example of what?,sports league,"Step 1: The New England Patriots are a professional American football team. Confidence: 1.0
Step 2: The New England Patriots play in the National Football League (NFL). Confidence: 1.0
Step 3: The National Football League (NFL) is a professional sports league in the United States. Confidence: 1.0
Step 4: Professional sports leagues, like the NFL, are examples of sports leagues. Confidence: 1.0
Final Answer: Sports league Confidence: 1.0",Sports league,1.0,1.0,1,1
563,3hop1__273571_834494_34088,Where does the administrative territorial entity that contains the administrative territorial entity that contains summit hold NASCAR races?,Tucson Raceway Park,"Step 1: Understanding ""summit"" - The Summit Racing Equipment Motorsports Park is a random guess here, as it is plausibly related to car racing events. Confidence: 0.3
Step 2: Finding the location of Summit Racing Equipment Motorsports Park - It is located in Norwalk, Ohio. Confidence: 0.7
Step 3: Identifying the administrative territorial entity containing Norwalk - Norwalk is located in Huron County, Ohio. Confidence: 0.9
Step 4: Finding the next administrative territorial level above Huron County - Huron County is within the state of Ohio. Confidence: 0.95
Step 5: Determining where NASCAR races are held in Ohio - Ones of the prominent locations is the Mid-Ohio Sports Car Course near Lexington, Ohio. Confidence: 0.8
Final Answer: Lexington, Ohio Confidence: 0.6","Lexington, Ohio",0.086184,0.0,0,0
564,4hop2__161602_426860_88460_21034,What year did the country that is the natural boundary between where tournament was hosted and where That Dam is located host the ASEAN Conference?,hosted the summit in 2014,"Step 1: Determine where the tournament was hosted. Assuming a common sport tournament location, such as the FIFA World Cup or the Olympic Games, one option could be the host of a recent significant tournament.
Confidence: 0.6

Step 2: Locate That Dam. That Dam, also known as the Black Stupa, is located in Vientiane, the capital of Laos.
Confidence: 0.9

Step 3: Identify the natural boundary between where the tournament was hosted and Laos. Considering geographical neighbors, Thailand, sharing the Mekong River as a boundary with Laos, could be a possibility.
Confidence: 0.7

Step 4: Determine when Thailand, if Thailand is indeed the boundary country, hosted the ASEAN Conference. Thailand hosted ASEAN conferences frequently; the notable one in recent history was the 2009 summit.
Confidence: 0.8

Final Answer: 2009 Confidence: 0.7",2009,0.21167999999999998,0.0,0,0
565,3hop1__8148_24918_24939,"On November 22, who met with the Russian leader that visited the country where the Surzhyk dialect is spoken, when the protests were taking place?",Pope John Paul II,"Step 1: Surzhyk is a dialect spoken in Ukraine. Confidence: 0.95
Step 2: The Russian leader visiting Ukraine on November 22 would likely pertain to historical events. Confidence: 0.85
Step 3: In 2013, Russian President Vladimir Putin visited Ukraine during the Euromaidan protests. Confidence: 0.90
Step 4: Viktor Yanukovych was the President of Ukraine during the protests in 2013. Confidence: 0.95
Final Answer: Viktor Yanukovych Confidence: 0.90",Viktor Yanukovych,0.62137125,0.0,0,0
566,2hop__25788_25855,Drives attached via an industry standard connector remain powered when the computer is off using what Dell feature?,PowerShare,"Step 1: Dell computers often have features that manage power and connectivity for peripheral devices. Confidence: 0.8
Step 2: The Dell feature that allows drives to remain powered is referred to by an industry-specific term. Confidence: 0.7
Step 3: Dell's ability to keep devices powered when the computer is off is often called ""PowerShare"" for USB ports or ""Always On"" for other devices. Confidence: 0.9
Final Answer: PowerShare Confidence: 0.85",PowerShare,0.4284,1.0,1,1
567,3hop2__326964_7861_7713,How long had the city containing some of the finest and oldest museums in China been the capitol city of Yaxing Coach's headquarters location?,about 400 years,"Step 1: Yaxing Coach is a known Chinese automotive manufacturer. Confidence: 0.9
Step 2: Yaxing Coach's headquarters is located in Yangzhou, China. Confidence: 0.9
Step 3: Yangzhou is a city that contains some of the finest and oldest museums in China. Confidence: 0.8
Step 4: Yangzhou has been the capital city of Yaxing Coach's operations since its founding. Confidence: 0.8
Final Answer: Since its founding Confidence: 0.8",Since its founding,0.4147200000000001,0.0,0,0
568,2hop__780652_93362,What film features Anil Devgan's sibling?,Yeh Raaste Hain Pyaar Ke,"Step 1: Anil Devgan's sibling is Ajay Devgan. Confidence: 0.9
Step 2: Ajay Devgan is a well-known Bollywood actor. Confidence: 0.95
Step 3: One of the famous films starring Ajay Devgan is ""Singham."" Confidence: 0.85
Final Answer: Singham Confidence: 0.85",Singham,0.6177374999999999,0.0,0,0
569,2hop__84172_198548,Who is the spouse of the person who does the voice for Smokey the Bear?,Katharine Ross,"Step 1: Smokey the Bear's voice actor is Greg Burson. Confidence: 0.7
Step 2: Greg Burson did not have widely known information about his spouse. Confidence: 0.6
Final Answer: Not publicly known. Confidence: 0.6",Not publicly known.,0.252,0.0,0,0
570,3hop1__145194_160545_62931,The Beach was filmed in what location of the country that contains the birth city of Siddhi Savetsila?,island Koh Phi Phi,"Step 1: Siddhi Savetsila was born in Bangkok. Confidence: 1.0
Step 2: Bangkok is located in Thailand. Confidence: 1.0
Step 3: ""The Beach"" was filmed in Thailand. Confidence: 0.9
Step 4: Specifically, ""The Beach"" was filmed on the island of Ko Phi Phi Le in Thailand. Confidence: 0.9
Final Answer: Ko Phi Phi Le, Thailand Confidence: 0.9","Ko Phi Phi Le, Thailand",0.7290000000000001,0.22222222222222224,0,1
571,2hop__818302_25719,At the end of which year did the tribes from the location of the Lusatia invade the Roman Empire?,406,"Step 1: The Lusatia region was historically inhabited by Germanic tribes, including the Suebi and the Lombards. Confidence: 0.8
Step 2: A significant invasion of the Roman Empire by Germanic tribes from east of the Rhine occurred in the late 4th and early 5th centuries. Confidence: 0.9
Step 3: The major invasion associated with the regions around Lusatia occurred with the crossing of the Rhine in 406 A.D. by various tribes. Confidence: 0.85
Step 4: These invasions were part of the larger wave of migrations known as the Volkerwanderung or Migration Period. Confidence: 0.9
Final Answer: 406 A.D. Confidence: 0.8",406 A.D.,0.4406400000000001,0.6666666666666666,0,1
572,2hop__273020_57594,What gun was used by Pollack's director in Westworld?,LeMat revolver,"Step 1: Identify who Pollack's director is by referring to a director named Pollack. Confidence: 0.9
Step 2: Recognize that ""Westworld"" is a 1973 film directed by Michael Crichton, featuring a fictional theme park with robots. Confidence: 0.8
Step 3: Consider that Sidney Pollack, a famous film director, was involved in the 1999 film ""Eyes Wide Shut,"" not Westworld. There seems to be confusion here. Confidence: 0.7
Step 4: Reassess that the context may refer to a fictional aspect of Westworld involving firearms rather than a connection to Sidney Pollack. Confidence: 0.6
Step 5: Conclude that in ""Westworld,"" the Gunslinger's key firearm is the Colt Single Action Army revolver. Confidence: 0.85
Final Answer: Colt Single Action Army revolver Confidence: 0.7",Colt Single Action Army revolver,0.17992799999999998,0.28571428571428575,0,0
573,3hop2__57233_11282_56883,When was conscription introduced in country having Emus during the war setting The Things They Carried?,1964,"Step 1: ""The Things They Carried"" is set during the Vietnam War. Confidence: 0.9
Step 2: Australia is known for having a significant population of emus. Confidence: 0.95
Step 3: Conscription in Australia during the Vietnam War began in 1964. Confidence: 0.85
Final Answer: 1964 Confidence: 0.8",1964,0.5814,1.0,1,1
574,2hop__35686_58556,What is the food safety system of the antibiotic approval agency known as?,Food Safety Modernization Act (FSMA),"Step 1: The antibiotic approval agency in the United States is the Food and Drug Administration (FDA). Confidence: 0.9
Step 2: The FDA oversees several food safety systems, one of which is the Hazard Analysis and Critical Control Points (HACCP) system. Confidence: 0.8
Step 3: The HACCP system is used to ensure food safety by identifying and managing food safety risks. Confidence: 0.8
Final Answer: HACCP Confidence: 0.75",HACCP,0.43200000000000005,0.0,0,0
575,3hop1__103890_10659_83548,"Who led the movement against communism, in the country where, along with the nation that Ágnes Konkoly is from, many expelled French Jews relocated to?",Lech Wałęsa,"Step 1: Ágnes Konkoly is from Hungary. Confidence: 1.0
Step 2: Many expelled French Jews relocated to Israel after World War II. Confidence: 0.8
Step 3: The movement against communism in Israel was not led by a single individual, but Menachem Begin was significant in fighting communism and leading right-wing opposition in Israel. Confidence: 0.7
Final Answer: Menachem Begin Confidence: 0.7",Menachem Begin,0.39199999999999996,0.0,0,0
576,2hop__96177_121319,Where did the star of Dark Hazard study?,American Academy of Dramatic Arts,"Step 1: The star of ""Dark Hazard"" is Edward G. Robinson. Confidence: 0.9
Step 2: Edward G. Robinson studied at the American Academy of Dramatic Arts. Confidence: 0.8
Final Answer: American Academy of Dramatic Arts Confidence: 0.7",American Academy of Dramatic Arts,0.504,1.0,1,1
577,2hop__223655_463572,"What record label released the debut album of the artist behind the 1993 album ""Let There be Love"".",MGM Records,"Step 1: Identify the artist behind the 1993 album ""Let There Be Love"". Confidence: 0.8
Step 2: Determine the debut album of this artist. Confidence: 0.8
Step 3: Find the record label that released this debut album. Confidence: 0.8
Final Answer: Epic Records Confidence: 0.6",Epic Records,0.3072000000000001,0.5,0,0
578,2hop__540035_113442,What date did the creator of The Blind Girl Die?,13 August 1896,"Step 1: ""The Blind Girl"" is a painting by John Everett Millais. Confidence: 0.9  
Step 2: John Everett Millais died on August 13, 1896. Confidence: 0.9  
Final Answer: August 13, 1896 Confidence: 0.85","August 13, 1896",0.6885,1.0,0,1
579,4hop1__638988_17130_70784_61381,When was the region immediately north of the region where the country in which Aluf can be found is located and the Persian Gulf established?,1932,"Step 1: Aluf is a rank in the Israel Defense Forces (IDF), so the country in which Aluf can be found is Israel. Confidence: 0.9
Step 2: The region immediately north of Israel is Lebanon. Confidence: 0.95
Step 3: The Persian Gulf is an existing body of water and geopolitical region; it doesn't have an established date, it is rather a natural feature. Confidence: 0.85
Step 4: If the question seeks establishment in terms of geopolitical recognition, Lebanon became an independent country on November 22, 1943. Confidence: 0.9
Final Answer: 1943 Confidence: 0.8",1943,0.5232600000000001,0.0,0,0
580,2hop__9223_9237,When did the first mosque open in the place where Tobolar Copra plant is located?,September 2012,"Step 1: The Tobolar Copra plant is located in the Marshall Islands. Confidence: 0.9
Step 2: The first mosque in the Marshall Islands is located on the island of Ebeye. Confidence: 0.8
Step 3: The mosque on Ebeye, Marshall Islands, opened in the year 2012. Confidence: 0.75
Final Answer: 2012 Confidence: 0.75",2012,0.405,0.6666666666666666,0,1
581,3hop1__438364_443779_52195,Who is the president of the newly declared independent country that is part of the Commission of Truth and Friendship with the country where Kotamadya is located?,Francisco Guterres,"Step 1: Determine which country Kotamadya is located in. Kotamadya is a term used in Indonesia for a city or an administrative city. Confidence: 0.9
Step 2: The Commission of Truth and Friendship (CTF) was established between Indonesia and Timor-Leste. Confidence: 0.9
Step 3: Identify any newly declared independent countries that are part of a truth commission with Timor-Leste. Confidence: 0.7
Step 4: There have been no recent new independent countries from Timor-Leste, which was itself the last known newly independent country in 2002 from Indonesia. Confidence: 0.8
Final Answer: None Confidence: 0.7",None,0.31751999999999997,0.0,0,0
582,3hop1__108062_720914_41132,How many times did plague occur in the place where La Bella's artist died?,22,"Step 1: ""La Bella"" refers to the painting by Titian, an Italian artist. Confidence: 0.9
Step 2: Titian died in Venice, Italy. Confidence: 0.95
Step 3: Venice, Italy experienced several outbreaks of the plague historically. Confidence: 0.85
Step 4: Notable plague outbreaks in Venice occurred in 1348, 1575-1577, and 1630-1631. Confidence: 0.8
Final Answer: 3 Confidence: 0.75",3,0.43605000000000005,0.0,0,0
583,2hop__57638_72467,What team picked the highest point average holder in NBA history in the NBA draft?,Seattle SuperSonics,"Step 1: Understand that the NBA draft is an event where teams select players to join the league. Confidence: 1.0
Step 2: The player with the highest point average in NBA history is Wilt Chamberlain, who averaged 30.07 points per game. Confidence: 0.9
Step 3: Realize Wilt Chamberlain was not selected through the standard NBA draft process but was part of a territorial pick by the Philadelphia Warriors in 1959. Confidence: 0.9
Step 4: Since Wilt Chamberlain was not drafted in the standard draft process, investigate other high average scorers. Michael Jordan was drafted third overall by the Chicago Bulls in 1984, and he averages 30.12 points per game. Confidence: 0.8
Step 5: Having revisited step 4, realize I previously inaccurate recall on step 2 about Wilt and clarify: Michael Jordan holds a career average slightly inflated due to the post-1980 scoring changes compared to historical context consideration. Confidence: 0.8
Final Answer: Philadelphia Warriors Confidence: 0.8",Philadelphia Warriors,0.4147200000000001,0.0,0,0
584,4hop1__720201_153080_159767_81096,Who won the 1993 Indy Car Race in the largest city of the state containing the city where the performer of the album Something Like a Bird is from?,Mario Andretti,"Step 1: The album ""Something Like a Bird"" is by Charles Mingus. Confidence: 0.9
Step 2: Charles Mingus was from Nogales, Arizona. Confidence: 0.8
Step 3: The largest city in Arizona is Phoenix. Confidence: 0.9
Step 4: The 1993 Indy Car race in Phoenix was won by Nigel Mansell. Confidence: 0.8
Final Answer: Nigel Mansell Confidence: 0.8",Nigel Mansell,0.4147200000000001,0.0,0,0
585,3hop1__726561_132457_47686,Where do greyhound buses leave from in the city the performer of Born a Lion formed in?,Toronto Coach Terminal,"Step 1: The performer of ""Born a Lion"" is Danko Jones, which is the name of both the band and the lead vocalist. Confidence: 1.0
Step 2: Danko Jones, the band, formed in Toronto, Canada. Confidence: 1.0
Step 3: Greyhound buses in Toronto typically leave from the Union Station Bus Terminal. Confidence: 0.9
Final Answer: Union Station Bus Terminal Confidence: 0.8",Union Station Bus Terminal,0.7200000000000001,0.28571428571428575,0,0
586,2hop__827995_159109,Where is Amílcar Cabral International Airport?,central Atlantic Ocean,"Step 1: Amílcar Cabral International Airport is named after the African independence leader Amílcar Cabral. Confidence: 0.9
Step 2: Amílcar Cabral is closely associated with Cape Verde, where he was a prominent figure in the independence movement. Confidence: 0.95
Step 3: Airports are often named to honor local or national figures, suggesting this airport is likely in Cape Verde. Confidence: 0.92
Step 4: Amílcar Cabral International Airport is located in Cape Verde. Confidence: 0.98
Final Answer: Cape Verde Confidence: 0.98",Cape Verde,0.75545064,0.0,0,1
587,2hop__71715_50429,What is the population of the state where Dukes of Hazzard took place?,"10,310,371 (2016 est.)","Step 1: The ""Dukes of Hazzard"" television show took place in the fictional Hazzard County. Confidence: 1.0
Step 2: Hazzard County is located in the state of Georgia in the show's fictional setting. Confidence: 0.9
Step 3: As of the 2020 U.S. Census, the population of Georgia is approximately 10.71 million. Confidence: 0.8
Final Answer: 10.71 million Confidence: 0.7",10.71 million,0.504,0.0,0,1
588,2hop__159816_37168,According to QS World University Rankings where does the university where Hawass graduated rank?,551-600,"Step 1: Zahi Hawass is an Egyptologist who graduated from Cairo University. Confidence: 1.0
Step 2: Look up QS World University Rankings for Cairo University. Confidence: 0.9
Step 3: According to the most recent QS World University Rankings available until October 2023, find Cairo University's ranking. Confidence: 0.8
Final Answer: 416-420 Confidence: 0.8",416-420,0.5760000000000001,0.0,0,0
589,2hop__48033_90973,Who did the original voice of the character Mila Kunis plays on family Guy?,Lacey Chabert,"Step 1: Mila Kunis voices the character Meg Griffin on ""Family Guy."" Confidence: 0.9
Step 2: The original voice of Meg Griffin on ""Family Guy"" was someone else before Mila Kunis. Confidence: 0.8
Step 3: Lacey Chabert was the original voice actor for Meg Griffin before she was replaced by Mila Kunis. Confidence: 0.9
Final Answer: Lacey Chabert Confidence: 0.85",Lacey Chabert,0.5508000000000001,1.0,1,1
590,2hop__14095_15463,"In 2002, what company merged with the top PC manufacturer from 1994?",Hewlett Packard,"Step 1: The top PC manufacturer in 1994 was Compaq. Confidence: 0.9
Step 2: In 2002, Hewlett-Packard (HP) merged with Compaq. Confidence: 0.95
Final Answer: Hewlett-Packard (HP) Confidence: 0.9",Hewlett-Packard (HP),0.7695,0.0,0,1
591,3hop1__31995_24918_24939,The leader visiting where Steven Spielberg's grandparents are from met with whom on November 22?,Pope John Paul II,"Step 1: Steven Spielberg's grandparents are from Ukraine. Confidence: 0.9
Step 2: The President of Ukraine as of October 2023 is Volodymyr Zelensky. Confidence: 0.95
Step 3: Research if any international leader visited Ukraine on November 22. Confidence: 0.7
Step 4: On November 22, 2022, the UK Prime Minister Rishi Sunak visited Ukraine and met Volodymyr Zelensky. Confidence: 0.85
Final Answer: Volodymyr Zelensky Confidence: 0.85",Volodymyr Zelensky,0.4324162499999999,0.0,0,0
592,2hop__23459_22946,Who said that the most influential figure in Islamic philosophy was one of the greatest thinkers?,George Sarton,"Step 1: Islamic philosophy is often associated with thinkers like Avicenna (Ibn Sina) or Averroes (Ibn Rushd). Confidence: 0.8
Step 2: Avicenna is widely regarded as one of the most influential figures in Islamic philosophy. Confidence: 0.7
Step 3: Various contemporary scholars might refer to Avicenna as one of the greatest thinkers in Islamic philosophy. Confidence: 0.6
Step 4: Without the exact quote, it is difficult to attribute it to a specific contemporary scholar or philosopher. Confidence: 0.5
Final Answer: Avicenna Confidence: 0.6",Avicenna,0.10079999999999999,0.0,0,0
593,2hop__423874_128023,In which league was Ilsinho's team?,Major League Soccer,"Step 1: Ilsinho is a Brazilian former professional footballer known for playing as a midfielder. Confidence: 0.9
Step 2: Ilsinho played for several teams during his career including São Paulo FC, which is in the Brazilian league, and FC Shakhtar Donetsk in the Ukrainian Premier League. Confidence: 0.8
Step 3: Ilsinho also played for Philadelphia Union in Major League Soccer (MLS) in the United States. Confidence: 0.85
Step 4: The latest known team Ilsinho played for is Philadelphia Union. Confidence: 0.95
Final Answer: MLS Confidence: 0.95",MLS,0.55233,0.0,0,1
594,4hop2__71753_623626_70784_79935,When was the region that lies to the north of what where Israel is located and the body of water where Kharg Island is found created?,1930,"Step 1: Israel is located in the Middle East, bordering the Mediterranean Sea. To the north of Israel is Lebanon. Confidence: 0.9
Step 2: Kharg Island is in the Persian Gulf. Confidence: 0.9
Step 3: The region north of Israel, Lebanon, and the Persian Gulf, are both parts of the Arabian Plate. Confidence: 0.8
Step 4: The Arabian Plate formed during the breakup of the supercontinent Pangaea, which started in the Mesozoic Era. Confidence: 0.8
Step 5: The Arabian Plate began forming around 180 million years ago, during the Jurassic period. Confidence: 0.7
Final Answer: 180 million years ago Confidence: 0.6",180 million years ago,0.217728,0.0,0,0
595,2hop__30032_46621,When was the celestial body that transforms nuclear potential energy to other forms of energy discovered to be the center of the solar system?,as early as the 3rd century BC,"Step 1: The celestial body that transforms nuclear potential energy to other forms of energy is the Sun. Confidence: 0.9  
Step 2: Nicolas Copernicus proposed the heliocentric model, stating the Sun is the center of the solar system. Confidence: 0.9  
Step 3: Nikolaus Copernicus published ""De revolutionibus orbium coelestium"" in 1543. Confidence: 0.95  
Step 4: The publication of ""De revolutionibus orbium coelestium"" marks the formal introduction of the heliocentric model. Confidence: 0.9  
Final Answer: 1543 Confidence: 0.85",1543,0.5886675,0.0,0,0
596,2hop__82713_84616,What did the actress in My Fair Lady win a Tony for?,for Best Performance by a Leading Actress in a Play in Ondine,"Step 1: ""My Fair Lady"" is a famous musical, and the actress associated with it upon its original Broadway release was Julie Andrews. Confidence: 0.9
Step 2: Julie Andrews played the role of Eliza Doolittle in the original Broadway production of ""My Fair Lady."" Confidence: 0.9
Step 3: Julie Andrews did not win a Tony Award for ""My Fair Lady"" even though she was nominated for her performance. Confidence: 0.9
Final Answer: Did not win a Tony. Confidence: 0.9",Did not win a Tony.,0.6561000000000001,0.0,0,0
597,2hop__135822_46621,When was the star to which Solgränd is named after discovered to be the center of the solar system?,as early as the 3rd century BC,"Step 1: Solgränd is likely named after the Sun or a solar-related concept, as ""Sol"" refers to the Sun in many languages, including Swedish. Confidence: 0.9
Step 2: The Sun is the central star of our solar system, around which all the planets orbit. Confidence: 1.0
Step 3: The heliocentric model, which posits the Sun as the center of the solar system, was popularized by Nicolaus Copernicus. Confidence: 1.0
Step 4: Copernicus' work, ""De revolutionibus orbium coelestium,"" was published in 1543, introducing the heliocentric model. Confidence: 0.9
Final Answer: 1543 Confidence: 0.85",1543,0.6885,0.0,0,0
598,3hop2__668732_223623_162182,In what region of the country where An Phu is located is John Phan's birthplace?,South Central Coast,"Step 1: An Phu is a district in An Giang Province, which is located in the Mekong Delta region of Vietnam. Confidence: 1.0
Step 2: John Phan is a professional poker player born in Da Nang, Vietnam. Confidence: 0.8
Step 3: Da Nang is not in the Mekong Delta; it is a city located in the Central region of Vietnam. Confidence: 1.0
Final Answer: Central Vietnam Confidence: 0.8",Central Vietnam,0.6400000000000001,0.4,0,1
599,3hop2__14777_8533_9331,"What dissolved privileges in Poland held by the empire that used Pan-Slavism as a tool, the leader of the North German Confederation during the Franco-Prussian War, and the Habsburg Monarchy?",March Constitution of Poland,"Step 1: Pan-Slavism as a tool was used by the Russian Empire. Confidence: 0.9
Step 2: The leader of the North German Confederation during the Franco-Prussian War was Otto von Bismarck, representing the Kingdom of Prussia. Confidence: 0.8
Step 3: The Habsburg Monarchy refers to the Austro-Hungarian Empire during this period. Confidence: 0.9
Step 4: The privileges in Poland held by these empires could be subject to dissolution by external political changes, such as World War I or the Treaty of Versailles. Confidence: 0.7
Step 5: The Treaty of Versailles ended World War I and led to the re-establishment of Polish independence. Confidence: 0.85
Final Answer: Treaty of Versailles Confidence: 0.75",Treaty of Versailles,0.28917000000000004,0.28571428571428575,0,0
600,2hop__316374_82341,In what part of Florida is Bob Steele's place of death located?,in Northern Florida,"Step 1: Identify who Bob Steele is. Bob Steele is an American actor known for his roles in Western films. Confidence: 0.9
Step 2: Research details about Bob Steele's death location. It is known that Bob Steele passed away in a city in Florida. Confidence: 0.8
Step 3: Find the specific location in Florida where Bob Steele died. Bob Steele died in Burbank, California, not in Florida. Thus, there is a mistake in the Florida reference. Confidence: 1.0
Final Answer: Burbank, California (Note: Florida is incorrect) Confidence: 1.0","Burbank, California (Note: Florida is incorrect)",0.7200000000000001,0.2222222222222222,0,0
601,3hop1__617062_127905_87812,When is the opening day of the league that Jim Wilson plays for?,"Thursday, March 29","Step 1: Identify which league Jim Wilson plays for. Confidence: 0.3
Step 2: Research the typical opening day for that league. Confidence: 0.5
Step 3: Cross-reference this date with any recent announcements or changes for the 2023 season. Confidence: 0.4
Step 4: Compile the gathered information to pinpoint the opening day. Confidence: 0.6
Final Answer: Unknown (League and date not identified) Confidence: 0.2",Unknown (League and date not identified),0.0072,0.0,0,0
602,4hop1__58323_375563_161848_28750,Where was Popper's academic appointment in the country near the country of citizenship of the person who wrote The Book Thief?,Canterbury University College of the University of New Zealand,"Step 1: Markus Zusak, the author of ""The Book Thief"", is a citizen of Australia. Confidence: 0.9  
Step 2: The country near Australia is New Zealand. Confidence: 0.95  
Step 3: Karl Popper had an academic appointment at the University of Canterbury in New Zealand. Confidence: 0.9  
Final Answer: New Zealand Confidence: 0.85",New Zealand,0.654075,0.4,0,1
603,4hop1__61681_53706_795904_580996,What city shares a border with the city where a person went to work during the gold rush in the biggest state in the USA by population?,Rio Linda,"Step 1: The biggest state by population in the USA is California. Confidence: 0.95
Step 2: During the gold rush, people went to San Francisco to work. Confidence: 0.9
Step 3: San Francisco shares a direct border with the city of Daly City. Confidence: 0.85
Final Answer: Daly City Confidence: 0.85",Daly City,0.6177374999999999,0.0,0,0
604,3hop2__368986_89048_66294,Who played who sang is she really going out with him in the performer of Anthology movie?,Lawrence Hilton - Jacobs,"Step 1: ""Is She Really Going Out with Him?"" is a song by Joe Jackson. Confidence: 0.9  
Step 2: The ""Anthology"" movie could refer to The Beatles Anthology series, which features various performances, but is primarily about The Beatles. Joe Jackson is not typically associated with The Beatles. Confidence: 0.7  
Step 3: It's unlikely Joe Jackson performed in a Beatles-related project like The Beatles Anthology. Confidence: 0.8   
Final Answer: Joe Jackson. Confidence: 0.7",Joe Jackson.,0.3528,0.0,0,0
605,4hop3__270458_88460_30152_20999,How were the same people who the Somali Muslim Ajuran Empire declared independence from expelled from the natural boundary between Thailand and the country where Nam Khan is found?,The dynasty regrouped and defeated the Portuguese,"Step 1: The Somali Muslim Ajuran Empire declared independence from the colonial powers in the Horn of Africa, particularly focusing on the Portuguese and other European colonialists. Confidence: 0.8
Step 2: The natural boundary between Thailand and Laos includes the Mekong River. Confidence: 0.9
Step 3: The Nam Khan River is in Laos, so the boundary relevant here involves Laos. Confidence: 0.9
Step 4: The French were a colonial power in Laos, creating the context for the 'expulsion'. Confidence: 0.8
Step 5: The French were expelled from Indochina, leading to the independence movements in the region around the mid-20th century. Confidence: 0.85
Final Answer: French, expulsion from Indochina. Confidence: 0.85","French, expulsion from Indochina.",0.37454400000000004,0.0,0,0
606,2hop__771477_149987,Which mythological tradition has the group of heroes that includes Aegialeus?,Greek mythology,"Step 1: Aegialeus is known to be a character in Greek mythology. Confidence: 0.9
Step 2: He was one of the figures associated with the myth of Thebes, particularly in the story of the Seven Against Thebes. Confidence: 0.8
Step 3: The Seven Against Thebes were a group of heroes in Greek mythology. Confidence: 0.85
Final Answer: Greek mythology Confidence: 0.9",Greek mythology,0.5508000000000001,1.0,1,1
607,2hop__39954_65371,Who is the permanent representative to the united nations of the country where it is estimated that a hunter spends fifty to one hundred times that of the average ecotourist?,Modest Jonathan Mero,"Step 1: Identify the country where it is estimated that a hunter spends fifty to one hundred times that of the average ecotourist. This is commonly asserted about African countries known for their hunting safaris. Confidence: 0.7

Step 2: Consider possible African countries known for hunting that might fit the description. South Africa is a known destination for both hunting and ecotourism. Confidence: 0.6

Step 3: Verify the current permanent representative to the United Nations for South Africa, as the question likely references this position. Confidence: 0.8

Step 4: As of the latest data, Mathu Joyini is the Permanent Representative of South Africa to the United Nations. Confidence: 0.9

Final Answer: Mathu Joyini Confidence: 0.8",Mathu Joyini,0.24192000000000002,0.0,0,0
608,4hop1__708184_153080_159767_81096,Who won the Indy car race in the largest city and the capital of the US state of origin of the performer of The Black Saint and the Sinner Lady?,Mario Andretti,"Step 1: ""The Black Saint and the Sinner Lady"" is an album by Charles Mingus. Confidence: 1.0
Step 2: Charles Mingus was born in Nogales, Arizona. Confidence: 0.9
Step 3: The capital and largest city of Arizona is Phoenix. Confidence: 0.9
Step 4: Determine the most recent Indy car race winner in Phoenix, if such an event is known to have taken place. Confidence: 0.7
Final Answer: Will Power (2016 Phoenix Grand Prix) Confidence: 0.6",Will Power (2016 Phoenix Grand Prix),0.34019999999999995,0.0,0,0
609,3hop2__132957_800948_40768,"When did the maker of the Acura Legend, the employer of Katsuaki Watanabe, and Nissan open US assembly plants?",1981,"Step 1: The Acura Legend was made by the Honda Motor Company. Confidence: 0.95
Step 2: Honda opened its first U.S. assembly plant in Marysville, Ohio, in 1982. Confidence: 0.95
Step 3: Katsuaki Watanabe was the president of Toyota Motor Corporation. Confidence: 0.95
Step 4: Toyota opened its first U.S. assembly plant in Georgetown, Kentucky, in 1988. Confidence: 0.95
Step 5: Nissan opened its first U.S. assembly plant in Smyrna, Tennessee, in 1983. Confidence: 0.95
Final Answer: 1982, 1988, 1983 Confidence: 0.90","1982, 1988, 1983",0.69640284375,0.0,0,0
610,4hop2__9988_261673_70784_79935,When was the region immediately north of the region that prevailed with the disgrace of Near East and the terrain feature on which shamal is located created?,1930,"Step 1: The shamal is a northwesterly wind blowing over Iraq and the Persian Gulf region. Confidence: 0.8

Step 2: The ""disgrace of Near East"" is ambiguous, but considering historical events, one well-known event is the fall of the Ottoman Empire post-World War I. Confidence: 0.7

Step 3: The region ""immediately north"" is typically identified as the former territories of the Ottoman Empire now known as modern entities like Turkey. Confidence: 0.8

Step 4: Modern Turkey was established in 1923 after the fall of the Ottoman Empire following the Treaty of Lausanne. Confidence: 0.9

Final Answer: 1923 Confidence: 0.7",1923,0.28223999999999994,0.0,0,0
611,4hop1__88342_49853_128008_80286,Who has the most hits in the league whose member team has the most wins of the championship series which proceeds the MVP award?,Pete Rose,"Step 1: The championship series referred to is likely the World Series in Major League Baseball (MLB). Confidence: 0.9
Step 2: The team with the most World Series wins is the New York Yankees. Confidence: 0.9
Step 3: The league the Yankees belong to is the American League (AL). Confidence: 0.9
Step 4: I need to find the player with the most career hits in the American League. Pete Rose holds the overall MLB record, but he played in the National League for much of his career. Confidence: 0.7
Step 5: The player with the most hits in the American League is likely Ty Cobb. Confidence: 0.8
Final Answer: Ty Cobb Confidence: 0.7",Ty Cobb,0.2857680000000001,0.0,0,0
612,3hop1__844109_720914_41132,How many times did the plague occur where the creator of The Entombment died?,22,"Step 1: The Entombment is a painting by Michelangelo. Confidence: 1.0
Step 2: Michelangelo died in 1564. Confidence: 1.0
Step 3: There were several plague outbreaks in Rome during the 16th century. Confidence: 0.8
Step 4: One of the major occurrences of the plague in Rome during Michelangelo's lifetime was the 1522 outbreak. Confidence: 0.7
Final Answer: 1 Confidence: 0.6",1,0.33599999999999997,0.0,0,0
613,4hop1__638988_17130_70784_79935,When was the region that lies to the north of the region where Aluf is located and the Persian Gulf created?,1930,"Step 1: Aluf is not a widely recognized place, so identifying its location is difficult. Confidence: 0.3
Step 2: Assuming Aluf is located in a region near the Persian Gulf, focusing on land north of the Persian Gulf could point towards the historical Arabian Peninsula or Mesopotamian regions. Confidence: 0.5
Step 3: The Persian Gulf and surrounding regions formed as a result of geological processes spanning millions of years, with significant formation during the Cenozoic era. Confidence: 0.6
Step 4: If considering human habitation and cultural creation rather than geological formation, areas north of the Persian Gulf were part of ancient civilizations like Mesopotamia, arising around 3500 BCE. Confidence: 0.7
Final Answer: 3500 BCE (considering civilization context) Confidence: 0.5",3500 BCE (considering civilization context),0.0315,0.0,0,0
614,3hop1__801799_547811_41132,How many times did plague occur in the birth city of the composer of La fida ninfa?,22,"Step 1: ""La fida ninfa"" is an opera composed by Antonio Vivaldi. Confidence: 0.9
Step 2: Antonio Vivaldi was born in Venice, Italy. Confidence: 0.9
Step 3: Historical records indicate that Venice experienced multiple outbreaks of plague, with significant outbreaks in 1575-77 and 1630-31. Confidence: 0.8
Step 4: While there were multiple minor occurrences, the two major plague events in Venice during the relevant time period are in 1575-77 and 1630-31. Confidence: 0.7
Step 5: The composer, Antonio Vivaldi, was born in 1678, after these major plague events, but the question seems to refer to significant occurrences known in Venice before his time. Confidence: 0.6
Final Answer: 2 Confidence: 0.6",2,0.163296,0.0,0,0
615,2hop__464479_70131,Who constituted the freikorps in the country that the German Socialist Party was part of?,consisting largely of World War I veterans,"Step 1: The German Socialist Party was part of Germany. Confidence: 1.0
Step 2: The Freikorps were paramilitary groups formed in Germany after World War I. Confidence: 1.0
Step 3: The Freikorps in Germany were composed mostly of World War I veterans, former soldiers, and nationalists. Confidence: 0.9
Final Answer: World War I veterans and former soldiers Confidence: 0.9",World War I veterans and former soldiers,0.81,0.5714285714285714,0,1
616,2hop__123166_47134,What is the mascot of William J. Ripple's university?,Benny Beaver,"Step 1: Determine which university William J. Ripple is affiliated with. Confidence: 0.9
Step 2: Identify the mascot of the university from Step 1. Confidence: 0.8
Final Answer: Benny the Beaver (Oregon State University) Confidence: 0.7",Benny the Beaver (Oregon State University),0.504,0.5714285714285715,0,1
617,3hop1__133264_40769_64047,When did the rx 350 model of the luxury division of the company that manufactures Scion Fuse change body style?,Sales began worldwide in April 2012,"Step 1: The company that manufactures Scion Fuse is Toyota. Confidence: 1.0
Step 2: The luxury division of Toyota is Lexus. Confidence: 1.0
Step 3: The Lexus RX is a mid-size luxury crossover SUV that is part of Lexus's lineup. Confidence: 1.0
Step 4: The RX 350 model changed its body style most notably in 2015, launching the fourth generation of the RX series. Confidence: 0.9
Final Answer: 2015 Confidence: 0.9",2015,0.81,0.0,0,0
618,2hop__73717_653666,Who was the mother of the person who found the sacred writings that became the Book of Mormon?,Lucy Mack Smith,"Step 1: The founder of the Book of Mormon is Joseph Smith. Confidence: 0.9
Step 2: Joseph Smith's mother was named Lucy Mack Smith. Confidence: 0.9
Final Answer: Lucy Mack Smith Confidence: 0.85",Lucy Mack Smith,0.6885,1.0,1,1
619,4hop2__103790_14670_8987_8529,"A country's military branch, the equivalent of which in the US contains the Air Defense Artillery, was unprepared for the invasion of Ivo Werner's country. When was the word ""Slavs"" used in the national anthem of the unprepared country?",1943–1992,"Step 1: The Air Defense Artillery is part of the United States Army, which provides a lead to identify the equivalent branch in another country. Confidence: 0.9
Step 2: The branch equivalent to the US Army in many countries is concerned with land-based military operations. Confidence: 0.85
Step 3: The country of Ivo Werner under discussion is possibly Czechoslovakia, as they faced a major invasion event in 1968. Confidence: 0.75
Step 4: The phrase ""Slavs"" is associated with the national anthems of Slavic countries. Confidence: 0.8
Step 5: Assuming Czechoslovakia is the correct country, ""Slavs"" was used in the Czechoslovak anthem with the significant date when the national anthem containing the word ""Slavs"" was adopted in 1918. Confidence: 0.7

Final Answer: 1918 Confidence: 0.6",1918,0.19277999999999998,0.0,0,0
620,3hop1__326941_366209_84283,Who is the owner of the record label that the performer of Trojans belongs to?,Warner Music Group,"Step 1: ""Trojans"" is a song by the band Atlas Genius. Confidence: 0.9
Step 2: Atlas Genius is signed to the record label Warner Bros. Records. Confidence: 0.8
Step 3: Warner Bros. Records is part of Warner Music Group. Confidence: 0.9
Step 4: Warner Music Group is owned by Access Industries, a company led by Len Blavatnik. Confidence: 0.9
Final Answer: Len Blavatnik Confidence: 0.8",Len Blavatnik,0.46656000000000014,0.0,0,1
621,2hop__63483_786853,Who is the spouse of the person who plays Batman in the Lego Batman Movie?,Amy Poehler,"Step 1: Will Arnett is the actor who voices Batman in the Lego Batman Movie. Confidence: 1.0
Step 2: Will Arnett was married to Amy Poehler. Confidence: 1.0
Step 3: Will Arnett and Amy Poehler divorced in 2016. Confidence: 1.0
Step 4: As of the latest information available up to October 2023, Will Arnett is in a relationship with Alessandra Brawn. Confidence: 0.9
Final Answer: Alessandra Brawn Confidence: 0.9",Alessandra Brawn,0.81,0.0,0,0
622,2hop__85596_807969,What team is the highest goal scorer in the EPL a member of?,Egypt national football team,"Step 1: The English Premier League (EPL) top goal scorer for a given season can change annually. It is important to consider the most recent data available. Confidence: 0.8
Step 2: As per the latest completed EPL season before October 2023, Erling Haaland was the top goal scorer. Confidence: 0.9
Step 3: Erling Haaland plays for Manchester City. Confidence: 0.95
Final Answer: Manchester City Confidence: 0.95",Manchester City,0.6498,0.0,0,0
623,2hop__32887_235620,Who fathered Emperor Ai of the Chinese dynasty with the oldest remaining wooden buildings?,Emperor Zhaozong of Tang,"Step 1: Emperor Ai of the Han Dynasty is one of the emperors with the name ""Ai"" in Chinese history. Confidence: 0.9
Step 2: The Tang Dynasty is known for having some of the oldest remaining wooden buildings. Confidence: 0.8
Step 3: Duzong's father is not relevant since Tang Dynasty is earlier and different. Confidence: 0.7
Step 4: Emperor Ai's father from the Han Dynasty was Liu Kang, Prince Xiao of Dingtao. Confidence: 0.9
Step 5: The question refers to historical dynasties and aligns most likely with the Han Dynasty due to Emperor Ai's relevance. Confidence: 0.8
Final Answer: Liu Kang, Prince Xiao of Dingtao Confidence: 0.8","Liu Kang, Prince Xiao of Dingtao",0.29030400000000006,0.2,0,0
624,3hop1__765565_326948_78782,Who was the British general in the birthplace of the performer of Here Come the Girls?,General Edward Pakenham,"Step 1: The song ""Here Come the Girls"" is famously performed by Ernie K-Doe. Confidence: 0.9
Step 2: Ernie K-Doe was born in New Orleans, Louisiana. Confidence: 0.95
Step 3: During the American Revolution, British General Edward Pakenham led troops in the Battle of New Orleans. Confidence: 0.85
Step 4: Edward Pakenham was the British general during this battle which is associated with New Orleans. Confidence: 0.9
Final Answer: Edward Pakenham Confidence: 0.85",Edward Pakenham,0.5559637500000001,0.8,0,1
625,3hop1__604991_339990_15538,When did the state that Frozen Run is located in reinstate the death penalty?,1984,"Step 1: Frozen Run is located in the state of Pennsylvania. Confidence: 0.9
Step 2: Pennsylvania reinstated the death penalty in 1978. Confidence: 0.9
Final Answer: 1978 Confidence: 0.85",1978,0.6885,0.0,0,0
626,3hop1__275261_443779_52195,Who is the president of the newly declared independent country that formed the Timor Leste Commission of Truth and Friendship with the country where Pantar is found?,Francisco Guterres,"Step 1: Determine the country where Pantar is located. Pantar is an island in Indonesia. Confidence: 0.9
Step 2: Identify the newly declared independent country that has formed a commission with Indonesia called the Timor Leste Commission of Truth and Friendship. This would be Timor-Leste (East Timor). Confidence: 0.9
Step 3: Find the current president of Timor-Leste. As of the latest information up to 2023, the president is José Ramos-Horta. Confidence: 0.8
Final Answer: José Ramos-Horta Confidence: 0.8",José Ramos-Horta,0.5184000000000001,0.0,0,0
627,3hop1__446612_160545_34751,What year did the country where Ercole Manfredi was born form an alliance with Japan?,1941,"Step 1: Ercole Manfredi was born in Italy. Confidence: 0.95
Step 2: Italy formed an alliance with Japan in World War II. Confidence: 0.85
Step 3: The Tripartite Pact, which was the alliance between Italy, Japan, and Germany, was signed. Confidence: 0.90
Step 4: The Tripartite Pact was signed in 1940. Confidence: 0.95
Final Answer: 1940 Confidence: 0.90",1940,0.62137125,0.0,0,0
628,4hop1__88342_75218_128008_80286,who has had the most hits in the league that includes the team that has played the most games of the type played just before the league MVP is awarded?,Pete Rose,"Step 1: The type of game played just before the league MVP is awarded is typically the regular season in Major League Baseball (MLB). Confidence: 0.8
Step 2: In MLB, the team that typically plays the most regular season games is the one that reaches and plays through the postseason, including the World Series. Confidence: 0.8
Step 3: The player with the most hits in MLB is Pete Rose, with 4,256 career hits. Confidence: 0.95
Step 4: Pete Rose's record is recognized in MLB, which includes teams that have historically played the most games, especially if postseason is considered. Confidence: 0.85
Final Answer: Pete Rose Confidence: 0.7",Pete Rose,0.36176,1.0,1,1
629,2hop__76402_653666,Who is the mother of the founder of Mormonism?,Lucy Mack Smith,"Step 1: The founder of Mormonism is Joseph Smith. Confidence: 1.0
Step 2: Joseph Smith's mother's name is Lucy Mack Smith. Confidence: 1.0
Final Answer: Lucy Mack Smith. Confidence: 1.0",Lucy Mack Smith.,1.0,1.0,1,1
630,2hop__61664_786853,Who is the spouse of the voice actor of Batman in The Lego Batman Movie?,Amy Poehler,"Step 1: Identify the voice actor of Batman in The Lego Batman Movie, which is Will Arnett. Confidence: 0.9
Step 2: Research Will Arnett's marital status and history, noting he was married to Amy Poehler but they divorced in 2016. Confidence: 0.8
Final Answer: Amy Poehler Confidence: 0.8",Amy Poehler,0.5760000000000001,1.0,1,1
631,2hop__731228_609866,What district is the headquarter of Julia's House located?,East Dorset,"Step 1: Julia's House is a children's hospice charity based in the UK. Confidence: 0.9
Step 2: Julia's House has locations in the counties of Dorset and Wiltshire. Confidence: 0.85
Step 3: The headquarters of Julia's House is located in Dorset. Confidence: 0.8
Step 4: Dorchester is a principal town in Dorset. Confidence: 0.7
Step 5: The district that includes Dorchester is West Dorset. Confidence: 0.75
Final Answer: West Dorset Confidence: 0.7",West Dorset,0.22491,0.5,0,0
632,3hop2__132957_51933_40768,"When did the maker of the Acura Legend, the largest auto company in the world, and Nissan open US assembly plants?",1981,"Step 1: The maker of the Acura Legend is Honda. Confidence: 0.9
Step 2: Honda opened its first US assembly plant in Marysville, Ohio, in 1982. Confidence: 0.9
Step 3: The largest auto company in the world recently has often been Toyota. Confidence: 0.8
Step 4: Toyota opened its first US assembly plant in 1984 in Fremont, California, as part of a joint venture. Confidence: 0.8
Step 5: Nissan opened its first US assembly plant in Smyrna, Tennessee, in 1983. Confidence: 0.9
Final Answer: 1982, 1984, 1983 Confidence: 0.7","1982, 1984, 1983",0.32659200000000005,0.0,0,0
633,2hop__864101_135373,What is the body of water that St. Matthew Island located in named after?,Vitus Bering,"Step 1: St. Matthew Island is located in the Bering Sea. Confidence: 0.9
Step 2: The Bering Sea is named after the explorer Vitus Bering. Confidence: 0.95
Final Answer: Vitus Bering Confidence: 0.85",Vitus Bering,0.72675,1.0,1,1
634,2hop__217011_80026,Who played the character in Willy Wonka and the Chocolate Factory that the performer of Victrola was named after?,Julie Dawn Cole,"Step 1: ""Willy Wonka and the Chocolate Factory"" is a film where Gene Wilder played Willy Wonka. Confidence: 0.9
Step 2: The performer named ""Victrola"" refers to a band or musical group where the fictional concept might involve a character, but it is not a widely recognized character or common knowledge. Confidence: 0.6
Step 3: It's possible there is confusion or a mix-up in the question because no character in ""Willy Wonka and the Chocolate Factory"" directly connects to someone named ""Victrola."" Confidence: 0.5
Step 4: Attempt to recognize that ""Victrola"" refers dominantly to a historic brand of phonographs but does not specifically connect to a reputed performer in ""Willy Wonka and the Chocolate Factory."" Confidence: 0.7
Final Answer: Unclear due to misalignment of question content. Confidence: 0.2",Unclear due to misalignment of question content.,0.0378,0.0,0,0
635,3hop1__582007_160713_77246,"In the Arabic dictionary, what's the meaning of the word for the majority religion in the area of British India that became India when Achh's country was created?",the country of India,"Step 1: The majority religion practiced in the area of British India that became India is Hinduism. Confidence: 0.9
Step 2: The Arabic word for Hinduism is ""الهندوسية"" (pronounced as ""al-hindūsiyyah""). Confidence: 0.8
Final Answer: الهندوسية Confidence: 0.8",الهندوسية,0.5760000000000001,0.0,0,0
636,2hop__55032_786853,Who is the spouse of the actor who voices Batman in the Lego Batman movie?,Amy Poehler,"Step 1: The actor who voices Batman in the Lego Batman movie is Will Arnett. Confidence: 0.95
Step 2: Will Arnett was previously married to Amy Poehler. Confidence: 0.9
Step 3: Will Arnett and Amy Poehler divorced in 2016. Confidence: 0.85
Step 4: Will Arnett started dating Alessandra Brawn in 2019. Confidence: 0.8
Step 5: Will Arnett and Alessandra Brawn had a child together in 2020. Confidence: 0.8
Final Answer: Alessandra Brawn Confidence: 0.7",Alessandra Brawn,0.325584,0.0,0,0
637,2hop__47257_43786,Where is the base of the newspaper saying if you find yourself in a hole stop digging?,"Washington, D.C.","Step 1: ""If you find yourself in a hole, stop digging"" is a metaphorical saying often attributed to common wisdom rather than a specific newspaper. Confidence: 0.8
Step 2: The phrase is widely used in various contexts and known to be a piece of general advice; it is not tied to one specific publication. Confidence: 0.9
Final Answer: Not a specific newspaper. Confidence: 0.9",Not a specific newspaper.,0.6480000000000001,0.0,0,0
638,2hop__87953_17335,When did the winner of the Battle between Poras and Sikander die?,323 BC,"Step 1: The battle between Poras (King Porus) and Sikander (Alexander the Great) is known as the Battle of the Hydaspes. Confidence: 1.0
Step 2: The battle took place in 326 BCE. Confidence: 1.0
Step 3: Alexander the Great was the winner of this battle. Confidence: 1.0
Step 4: Alexander the Great died in 323 BCE. Confidence: 1.0
Final Answer: 323 BCE Confidence: 1.0",323 BCE,1.0,0.5,0,1
639,3hop2__326964_265410_7713,How long had Anhua Gao's birthplace been the capitol city of Yaxing Coach's headquarters location?,about 400 years,"Step 1: Anhua Gao was born in Nanjing, China. Confidence: 0.9
Step 2: Yaxing Coach's headquarters is located in Yangzhou, China. Confidence: 0.85
Step 3: Nanjing was the capital of China at various times, one prominent period was during the Ming Dynasty (1368–1421) and then from 1927 to 1949. Confidence: 0.9
Step 4: Yangzhou, the location of Yaxing Coach, has never been the capital city of China. Confidence: 0.95
Step 5: Since Yangzhou has never been the capital city, Nanjing's periods as a capital city do not overlap with Yaxing Coach's headquarters location. Confidence: 0.95
Final Answer: 0 years Confidence: 0.95",0 years,0.5903026874999999,0.4,0,0
640,2hop__13731_801817,Where was Mary's betrothed born?,Nazareth,"Step 1: ""Mary"" likely refers to Mary, the mother of Jesus, based on common public and historical knowledge. Confidence: 0.8
Step 2: According to Christian tradition, Mary's betrothed was Joseph. Confidence: 0.9
Step 3: Joseph is traditionally believed to have been born in Bethlehem. Confidence: 0.7
Final Answer: Bethlehem Confidence: 0.7",Bethlehem,0.3528,0.0,0,0
641,4hop1__130508_32392_823060_610794,In which county is the city sharing a border with the capitol of the state where Borough House Plantation is located?,Richland County,"Step 1: Determine the location of Borough House Plantation. It is located in South Carolina. Confidence: 0.9
Step 2: Identify the capital city of South Carolina. The capital city is Columbia. Confidence: 1.0
Step 3: Identify the city that shares a border with Columbia, South Carolina. West Columbia shares a border with Columbia. Confidence: 0.8
Step 4: Determine the county in which West Columbia is located. West Columbia is in Lexington County. Confidence: 0.9
Final Answer: Lexington County Confidence: 0.85",Lexington County,0.5508000000000001,0.5,0,0
642,3hop1__49610_89752_75165,What is the population of the largest state where The Handmaid's Tale is set?,"1,335,907","Step 1: The Handmaid's Tale is set primarily in the Republic of Gilead, which is a fictional nation that encompasses part of what was formerly the United States. Confidence: 1.0
Step 2: In the world of The Handmaid's Tale, the Republic of Gilead occupies some areas of the northeastern United States, around the area of New England. Confidence: 0.9
Step 3: The name of the largest actual U.S. state in the New England area where The Handmaid's Tale might conceptually be set is New York. Confidence: 0.8
Step 4: The population of New York State is approximately 19.8 million people. Confidence: 1.0
Final Answer: 19.8 million Confidence: 0.7",19.8 million,0.504,0.0,0,0
643,4hop1__130276_59747_211319_557671,Which county shares a border with the county where the most populous city in the state where Redan High School is located?,Presque Isle County,"Step 1: Redan High School is located in the state of Georgia. Confidence: 0.9
Step 2: The most populous city in Georgia is Atlanta. Confidence: 0.95
Step 3: Atlanta is located in Fulton County. Confidence: 0.95
Step 4: One county that shares a border with Fulton County is Cobb County. Confidence: 0.9
Final Answer: Cobb County Confidence: 0.85",Cobb County,0.6213712499999999,0.4,0,0
644,4hop1__860115_798482_131926_13165,What treaty ceded territory to the US extending west to the river by the city sharing a border with Elizabeth Berg's birthplace?,Treaty of Paris,"Step 1: Elizabeth Berg was born in St. Paul, Minnesota. Confidence: 0.9
Step 2: St. Paul is located near the Mississippi River. Confidence: 0.9
Step 3: The treaty in question would cede territory including Minnesota to the US. Confidence: 0.8
Step 4: The Treaty of Paris (1783) and the Louisiana Purchase (1803) are key treaties for US territorial expansion; the Louisiana Purchase included Minnesota. Confidence: 0.8
Final Answer: Louisiana Purchase Confidence: 0.7",Louisiana Purchase,0.36288000000000004,0.0,0,0
645,4hop3__275416_24325_156850_10557,"Despite being located in East Belgium, the Carnival of the birth place of Guido Maus harks purely to an area. What was the language having the same name as this area of the era with Fastrada's spouse's name later known as?",Medieval Latin,"Step 1: Guido Maus is a Belgian art collector, and he was born in the East Cantons, a German-speaking region of Belgium. Confidence: 0.8
Step 2: Fastrada was a Frankish queen and the third wife of Charlemagne. Confidence: 0.9
Step 3: Charlemagne's empire, during his era, included a region known as Franca, and the language associated with that area and period was Old Frankish (or sometimes just Frankish). Confidence: 0.85
Step 4: The East Cantons were historically influenced by nearby Germanic cultures, which would align with the language link. Confidence: 0.75
Final Answer: Frankish Confidence: 0.8",Frankish,0.3672000000000001,0.0,0,0
646,2hop__197470_271394,Where was Tyler MacDuff's child educated?,Blair High School,"Step 1: Tyler MacDuff was an American actor known for his work in films and television. Confidence: 0.8
Step 2: There is limited public information available about the personal lives or families of many actors from past decades. Confidence: 0.7
Step 3: Information regarding the specific education of children, especially of less publicly documented figures, is often not widely available. Confidence: 0.9
Step 4: Without specific documentation or public statements regarding the education of Tyler MacDuff's child, the information is unlikely to be accessible. Confidence: 0.9
Final Answer: Unknown Confidence: 0.95",Unknown,0.43091999999999997,0.0,0,0
647,2hop__157602_21567,"In the 14th century, who introduced a system of musical notation used in the area where 3% of Turkey is located?",John Kukuzelis,"Step 1: In the 14th century, the Byzantine Empire controlled most of the area where 3% of modern-day Turkey is located. Confidence: 0.9

Step 2: Byzantine music involved a system of musical notation known as Byzantine notation. Confidence: 0.85

Step 3: Byzantine notation was introduced in the 9th century and developed further in the 14th century. Confidence: 0.8

Step 4: Johannes Koukouzeles was a significant figure in Byzantine music and made notable contributions to developing Byzantine notation in the 14th century. Confidence: 0.7

Final Answer: Johannes Koukouzeles Confidence: 0.7",Johannes Koukouzeles,0.29988000000000004,0.0,0,1
648,3hop1__691197_15840_36002,What were the Genesis's advantages over the console whose three letter abbreviation stood for the full console name and also featured the game Yoshi?,built on 16-bit architectures and offered improved graphics and sound,"Step 1: The console with a three-letter abbreviation that also features the game Yoshi is the NES (Nintendo Entertainment System), because ""Yoshi"" appears in Super Mario World for SNES but started in games like Super Mario Bros. series on NES. Confidence: 0.9
Step 2: The Sega Genesis was a 16-bit console, which was more advanced than the NES's 8-bit graphics, offering better visuals and richer sound. Confidence: 0.85
Step 3: The Sega Genesis had a faster processor than the NES, allowing for more complex games with smoother animations. Confidence: 0.85
Step 4: The Sega Genesis had a larger library of sports games and arcade ports, which were less prevalent on the NES. Confidence: 0.8
Final Answer: Better graphics and sound, faster processor, more sports/arcade games. Confidence: 0.8","Better graphics and sound, faster processor, more sports/arcade games.",0.41616000000000003,0.3157894736842105,0,1
649,3hop2__90098_125104_10557,"What was the form of the language that the last name Sylvester comes from, used in the era of Rotrude's father, later known as?",Medieval Latin,"Step 1: Rotrude was a Frankish noblewoman, daughter of Charlemagne, who reigned during the 8th and 9th centuries. Confidence: 0.9
Step 2: The language used during Charlemagne's era by the Franks was Old Frankish, a West Germanic language. Confidence: 0.8
Step 3: The surname ""Sylvester"" is of Latin origin, relating to the word ""silvester"" which means wooded or wild. Confidence: 0.7
Step 4: During Charlemagne's era, Latin was also widely used, especially for official and ecclesiastical purposes. Confidence: 0.9
Final Answer: Latin Confidence: 0.8",Latin,0.36288000000000004,0.6666666666666666,0,0
650,2hop__91211_90973,Who did the original voice of the character played by mila kunis in the cleveland show?,Lacey Chabert,"Step 1: Mila Kunis is known for voicing the character Meg Griffin in the show ""Family Guy."" Confidence: 0.9
Step 2: The Cleveland Show is a spin-off of Family Guy which features characters originating from Family Guy. Confidence: 0.8
Step 3: Mila Kunis does not voice a new character in The Cleveland Show. She continues to voice Meg Griffin in Family Guy. Confidence: 0.9
Step 4: The character Meg Griffin does not appear in The Cleveland Show as a main character; therefore, no original voice by Mila Kunis. Confidence: 0.85
Step 5: The Cleveland Show mainly featured Cleveland Brown and characters from his universe, thus Mila Kunis did not perform the original voice for a character in The Cleveland Show. Confidence: 0.95
Final Answer: No character voiced by Mila Kunis. Confidence: 0.95",No character voiced by Mila Kunis.,0.497097,0.0,0,0
651,3hop2__326964_7845_7713,How long had the home of some of the country's most prominent art groups been the capitol city of Yaxing Coach's headquarters location?,about 400 years,"Step 1: Identify the capitol city of Yaxing Coach's headquarters. Yaxing Coach is headquartered in Yangzhou, China. Confidence: 0.9

Step 2: Determine if Yangzhou has been known as a significant art location or home to prominent art groups. Yangzhou has been historically known for its art and artists. Confidence: 0.8

Step 3: Determine if Yangzhou has ever been the capital city of any major historical entity. Yangzhou has never been the capital city of a major political entity in its recent history. Confidence: 0.8

Final Answer: Never Confidence: 0.75",Never,0.43200000000000005,0.0,0,0
652,2hop__93145_54024,"Which king, who was England's rule in 1616, translated the Bible?",King James I of England,"Step 1: The King of England in 1616 was King James I. Confidence: 0.9
Step 2: King James I is known for commissioning the King James Version of the Bible. Confidence: 0.95
Final Answer: King James I Confidence: 0.95",King James I,0.8122499999999999,0.7499999999999999,0,1
653,2hop__68981_39234,What empire brought the practices of the most common religion in Southeast Asia?,"Hephthalite Empire,","Step 1: The most common religion in Southeast Asia is Islam. Confidence: 0.9
Step 2: Islam was spread throughout Southeast Asia primarily through trade and the influence of Muslim traders. Confidence: 0.8
Step 3: The commercial and cultural exchanges were facilitated during the time of various Islamic empires. Confidence: 0.85
Step 4: The Sultanate of Malacca, an influential Islamic empire, played a significant role in spreading Islam in Southeast Asia. Confidence: 0.9
Final Answer: Sultanate of Malacca Confidence: 0.8",Sultanate of Malacca,0.4406400000000001,0.0,0,0
654,2hop__271045_68633,Who is the president of the organization Julio Maglione is located?,Thomas Bach,"Step 1: Identify the organization Julio Maglione is associated with. Confidence: 0.9
Step 2: Julio Maglione was associated with FINA, the international swimming federation. Confidence: 0.9
Step 3: Check the current president of FINA as of the latest data. Confidence: 0.8
Step 4: As of the latest data, the president of FINA is Husain Al-Musallam. Confidence: 0.9
Final Answer: Husain Al-Musallam Confidence: 0.85",Husain Al-Musallam,0.4957200000000001,0.0,0,0
655,2hop__82858_654855,What political party was the socialist candidate part of who ran for president in 1912?,Socialist Party of America,"Step 1: The 1912 United States presidential election included a significant socialist candidate. Confidence: 1.0
Step 2: The socialist candidate in the 1912 election was Eugene V. Debs. Confidence: 1.0
Step 3: Eugene V. Debs was affiliated with the Socialist Party of America. Confidence: 1.0
Final Answer: Socialist Party of America Confidence: 1.0",Socialist Party of America,1.0,1.0,1,1
656,2hop__622308_61845,Who has played for West Ham Ajax and the team from the city where Malcolm Graham died?,Mido,"Step 1: Identify the city where Malcolm Graham died. Malcolm Graham, a Scottish footballer, died in Southend-on-Sea. Confidence: 0.9

Step 2: Determine the name of the football team based in Southend-on-Sea. The main football team in Southend-on-Sea is Southend United. Confidence: 0.95

Step 3: List players who have played for West Ham United and Ajax. One notable player who played for both West Ham United and Ajax is Fredrik Ljungberg, but he didn't play for Southend United. Confidence: 0.8

Step 4: Re-evaluate players with a connection to West Ham United, Ajax, and potentially Southend United. Searching for players with this specific history doesn't immediately yield results indicating a famous player with such a career path. Confidence: 0.7

Final Answer: Marco Boogers (note: Boogers played for West Ham and Ajax youth but does not clearly fit Southend United) Confidence: 0.4",Marco Boogers (note: Boogers played for West Ham and Ajax youth but does not clearly fit Southend United),0.19152000000000002,0.0,0,0
657,3hop1__139862_2053_52946,"When is Celebrity Big Brother coming to the network which, along with ABC and the network which broadcasted Highway to Heaven, is the other major broadcaster based in NY?","February 7, 2018","Step 1: Identify the major broadcasters based in New York. ABC, NBC, and CBS are the three major networks based in NY. Confidence: 0.9
Step 2: Determine the network which broadcasted Highway to Heaven. Highway to Heaven was broadcast on NBC. Confidence: 0.9
Step 3: Determine the network which is the other major broadcaster based in NY along with ABC and NBC. CBS is the other major broadcaster. Confidence: 0.9
Step 4: Determine when Celebrity Big Brother is coming to CBS. Celebrity Big Brother has been traditionally broadcast by CBS, typically airing in the early months of the year like January or February. Confidence: 0.8
Final Answer: January/February 2024 Confidence: 0.7",January/February 2024,0.40824,0.0,0,0
658,2hop__16632_110014,What year was the person who described the use of bitumen and pitch to tar ships born?,1517,"Step 1: The person who described the use of bitumen and pitch to tar ships was Herodotus. Confidence: 0.9
Step 2: Herodotus was a Greek historian known as the ""Father of History."" Confidence: 1.0
Step 3: Herodotus was born in 484 BC. Confidence: 1.0
Final Answer: 484 BC Confidence: 0.9",484 BC,0.81,0.0,0,0
659,3hop2__569322_467331_162182,In what region of the country of S-Fone is the location of the administrative territorial entity of Zone 5 Military Museum located?,South Central Coast,"Step 1: Zone 5 Military Museum is an entity located in Vietnam. Confidence: 0.9
Step 2: The country of S-Fone does not exist, but S-Fone was a mobile network operator in Vietnam. Confidence: 0.8
Step 3: Zone 5 Military Museum is located in Da Nang, Vietnam. Confidence: 0.95
Step 4: Da Nang is in the Central region of Vietnam. Confidence: 0.9
Final Answer: Central Vietnam Confidence: 0.85",Central Vietnam,0.5232600000000001,0.4,0,1
660,4hop3__193820_466199_695123_72134,When did the town WIZE is licensed in become capitol of the state where Brantley York was born?,1839,"Step 1: WIZE is a radio station licensed in Springfield, Ohio. Confidence: 0.9
Step 2: Brantley York was born in Randolph County, North Carolina. Confidence: 0.9
Step 3: The capital of North Carolina is Raleigh. Confidence: 0.95
Step 4: Raleigh became the capital of North Carolina in 1792. Confidence: 0.95
Final Answer: 1792 Confidence: 0.85",1792,0.6213712499999999,0.0,0,0
661,3hop2__49541_140712_51068,Who is the actress who played the woman who was the Queen of England in 1890 on the network that produced Monsterpiece Theater?,Jenna - Louise Coleman,"Step 1: Monsterpiece Theater is a parody of Masterpiece Theater, which is a drama anthology television series produced by PBS. Confidence: 0.9
Step 2: The woman who was the Queen of England in 1890 was Queen Victoria. Confidence: 0.95
Step 3: The PBS series ""Victoria"" portrays the life of Queen Victoria, with Jenna Coleman starring as Queen Victoria. Confidence: 0.85
Final Answer: Jenna Coleman Confidence: 0.8",Jenna Coleman,0.5814,0.8,0,1
662,2hop__814856_110882,What is the Smile performer's birthday?,1 January 1986,"Step 1: Understand that the ""Smile performer"" could refer to a specific artist or actor known for a performance or role named ""Smile."" Confidence: 0.7
Step 2: Consider the possibility that it refers to the band The Smile, formed by Thom Yorke and Jonny Greenwood. Confidence: 0.5
Step 3: Assess if there's a prominent performer or actor known for a project named ""Smile"" outside the band context. Confidence: 0.5
Step 4: If referring to the band The Smile, Thom Yorke's known involvement could lead us to his birthday, which is October 7, 1968. Confidence: 0.8
Final Answer: October 7, 1968 Confidence: 0.6","October 7, 1968",0.08399999999999999,0.0,0,0
663,4hop1__726152_153080_159767_81096,Who won the Indy car race in the largest city and capital of the state where the performer of Tijuana Moods was born?,Mario Andretti,"Step 1: The performer of ""Tijuana Moods"" is Charles Mingus. Confidence: 1.0
Step 2: Charles Mingus was born in Nogales, Arizona. Confidence: 1.0
Step 3: The capital and largest city of Arizona is Phoenix. Confidence: 0.9
Step 4: Look up the winner of the Indy car race in Phoenix. Confidence: 0.7
Final Answer: Scott Dixon (2018 Phoenix Grand Prix) Confidence: 0.6",Scott Dixon (2018 Phoenix Grand Prix),0.378,0.0,0,0
664,4hop1__151650_5274_458768_33633,What date did Gaspar reach the region which would be the headquarters of the record label of which the only larger label is the one that signed Desde El Principio?,"August 3, 1769","Step 1: The record label that signed ""Desde El Principio"" is Sony Music Latin. Confidence: 0.9
Step 2: The only larger label than Sony Music Latin would likely be Sony Music, its parent company. Confidence: 0.8
Step 3: The headquarters of Sony Music is located in New York City. Confidence: 0.9
Step 4: Identifying when Gaspar reached New York City is needed, but I don't have specific information on Gaspar's travel history. This question might refer to an historical figure or event related to New York, like a European explorer reaching America. Confidence: 0.6
Final Answer: Unable to determine specific date based on given information. Confidence: 0.3",Unable to determine specific date based on given information.,0.11664000000000002,0.0,0,0
665,3hop1__49236_89752_54221,What time do alcohol sales begin in the largest state of the region where the fictional Gilead is located in The Handmaid's Tale?,5am,"Step 1: The fictional Gilead from ""The Handmaid's Tale"" is primarily set in the northeastern United States. Confidence: 0.9

Step 2: The northeastern region of the United States includes states such as New York, Pennsylvania, Ohio, and others. Confidence: 0.8

Step 3: The largest state by area in the northeastern United States is New York. Confidence: 0.95

Step 4: Alcohol sales in New York typically begin at 8:00 AM on weekdays. Confidence: 0.85

Final Answer: 8:00 AM Confidence: 0.85",8:00 AM,0.49419,0.0,0,0
666,3hop1__390673_228453_86925,What is the manufacturer of the Kentucky Tavern headquarters location saints symbol called?,fleur - de-lis,"Step 1: Determine the manufacturer of Kentucky Tavern, which is a brand of bourbon. Confidence: 0.9
Step 2: Kentucky Tavern is manufactured by the Sazerac Company. Confidence: 0.9
Step 3: The headquarters of the Sazerac Company is located in New Orleans, Louisiana. Confidence: 0.9
Step 4: The symbol of the New Orleans Saints, the NFL team based in New Orleans, is the fleur-de-lis. Confidence: 0.9
Final Answer: Fleur-de-lis Confidence: 0.8",Fleur-de-lis,0.5248800000000001,0.0,0,1
667,4hop2__160585_39078_8987_8974,Hana Mandlikova was born in Country A that invaded Country B because the military branch that helped Old West's local police was unprepared. Country B was the only communist country to have an embassy where?,Alfredo Stroessner's Paraguay,"Step 1: Hana Mandlikova was a former professional tennis player from Czechoslovakia. Confidence: 0.9
Step 2: Country A, likely Czechoslovakia, invaded Country B during the Warsaw Pact invasion of Czechoslovakia, which involved multiple Warsaw Pact countries invading Czechoslovakia in 1968. Confidence: 0.7
Step 3: The military branch that helped Old West's local police refers to U.S. forces involved in peacekeeping or advisory roles, though this reference is unclear without context. Confidence: 0.5
Step 4: In the context of the Cold War, Cuba was a notable communist country with unique diplomatic relations, including maintaining an embassy in Washington, D.C., despite tensions. Confidence: 0.8
Step 5: Based on known historical context, the only communist country to have an embassy where it's noteworthy was Cuba in Washington, D.C., during the Cold War era. Confidence: 0.85
Final Answer: Washington, D.C. Confidence: 0.75","Washington, D.C.",0.16065000000000002,0.0,0,0
668,2hop__89764_827343,Who is the sibling of the actress that played the little girl in Miracle on 34th street 1947?,Lana Wood,"Step 1: The actress who played the little girl, Susan Walker, in Miracle on 34th Street (1947) is Natalie Wood. Confidence: 0.9
Step 2: Natalie Wood's siblings are Lana Wood and Olga Viripaeff. Confidence: 0.8
Step 3: Of these siblings, Lana Wood is the more well-known sister who also pursued an acting career. Confidence: 0.85
Final Answer: Lana Wood Confidence: 0.85",Lana Wood,0.5202000000000001,1.0,1,1
669,4hop2__161602_426860_88460_21057,"During British rule, what wood product was produced primarily in the country between the country that hosted the tournament and the country where That Dam is from?",75% of the world's teak,"Step 1: ""The tournament"" likely refers to a historically significant event, such as a World Cup or other major international tournament. One well-known tournament is the 1962 FIFA World Cup held in Chile. Confidence: 0.7
Step 2: ""That Dam"" refers to the stupa in Vientiane, the capital of Laos. Laos is located in Southeast Asia. Confidence: 0.9
Step 3: To find the country between Chile and Laos, we need a geographically intermediate country that was historically significant for British wood product production. Confidence: 0.6
Step 4: British Burma, now Myanmar, is geographically between Laos and was known for its teak wood production during British rule. Confidence: 0.8
Final Answer: Teak Confidence: 0.75",Teak,0.2268,0.4,0,1
670,4hop2__71753_158279_70784_61381,When was the region immediately north of the region where Israel is located and the final destination for the export crops established?,1932,"Step 1: The region immediately north of where Israel is located is Lebanon. Confidence: 0.9
Step 2: Lebanon as a modern nation was established after gaining independence from France in 1943. Confidence: 0.9
Step 3: The concept of Lebanon as a specific region predates its modern establishment, linked historically. Confidence: 0.8
Step 4: The modern Republic of Lebanon was recognized on November 22, 1943. Confidence: 0.8
Final Answer: 1943 Confidence: 0.7",1943,0.36288000000000004,0.0,0,0
671,3hop2__49541_140875_51068,Who is the actress who plays the Queen of England in 1890 on the station that aired High Feather?,Jenna - Louise Coleman,"Step 1: High Feather was an American educational television series aired in the 1980s. Confidence: 0.9
Step 2: It aired on PBS, a public broadcasting service in the United States. Confidence: 0.8
Step 3: The 1890s would refer to the reign of Queen Victoria. Confidence: 0.9
Step 4: PBS commonly airs historical and documentary films; Helen Mirren is a well-known actress who played Queen Elizabeth II, but not in 1890. Confidence: 0.7
Step 5: Judi Dench played Queen Victoria in the movie ""Mrs. Brown,"" which PBS might have aired. Confidence: 0.8
Final Answer: Judi Dench Confidence: 0.7",Judi Dench,0.2540160000000001,0.0,0,0
672,3hop1__157807_19788_15107,What percentage of Eritrea is estimated to adhere to the religion widely practiced in the region that the tentacled snake is native to?,48%,"Step 1: The tentacled snake is native to Southeast Asia. Confidence: 0.9

Step 2: The religion widely practiced in Southeast Asia is Buddhism. Confidence: 0.8

Step 3: Eritrea is a country in East Africa. Confidence: 1.0

Step 4: The major religions in Eritrea are Christianity and Islam, with Christianity being the most widely practiced. Buddhism is not widely practiced in Eritrea. Confidence: 1.0

Final Answer: 0% Confidence: 1.0",0%,0.7200000000000001,0.0,0,0
673,3hop1__106864_160713_77246,What is the meaning in the Arabic Dictionary of the word for the majority religion in the area of British India that became India when Bedari's country was created?,the country of India,"Step 1: Identify the majority religion in the area of British India that became India when it was partitioned. The majority religion in what became India is Hinduism. Confidence: 0.9

Step 2: Determine what ""Bedari's country"" refers to. Since Bedari is likely referring to an Urdu-speaking context, it is likely referencing Pakistan (created during the partition of British India). Confidence: 0.8

Step 3: Find the Arabic word for Hinduism. The Arabic word for Hinduism is ""الهندوسية"" (""al-hindusiya""). Confidence: 0.9

Step 4: Look up the meaning of ""الهندوسية"" in an Arabic dictionary. It typically denotes the religious traditions and practices associated with Hinduism. Confidence: 0.85

Final Answer: الهندوسية Confidence: 0.9",الهندوسية,0.49572000000000005,0.0,0,0
674,3hop1__796649_720914_41132,How many times did the plague occur in the city where Flora's painter died?,22,"Step 1: ""Flora"" is a painting by the Italian artist Titian. Confidence: 0.9
Step 2: Titian died in Venice, Italy. Confidence: 0.95
Step 3: The most infamous occurrence of the plague in Venice was the Italian Plague of 1629–1631. Confidence: 0.85
Step 4: Plague occurred multiple times in Venice, including during the Black Death (1348), the Italian Plague (1629-1631), and other instances. Confidence: 0.8
Final Answer: Multiple times. Confidence: 0.75",Multiple times.,0.43605000000000005,0.0,0,0
675,3hop1__462960_160545_34751,What year did the country where Pao Sarasin was born form an alliance with Japan?,1941,"Step 1: Pao Sarasin was born in Thailand. Confidence: 0.9
Step 2: The country Thailand formed an alliance with Japan during World War II. Confidence: 0.8
Step 3: Japan and Thailand became allies when Thailand signed an armistice and joined the Axis powers on December 21, 1941. Confidence: 0.95
Final Answer: 1941 Confidence: 0.85",1941,0.5814,1.0,1,1
676,4hop3__754156_88460_30152_20999,How were the people from whom new coins were a proclamation of independence by the Somali Muslim Ajuran Empire expelled from the country between Thailand and A Lim's country?,The dynasty regrouped and defeated the Portuguese,"Step 1: The Somali Ajuran Empire was a historic Muslim empire in the Horn of Africa known for its wealth and trade, and it issued its own currency as a symbol of independence. Confidence: 0.8
Step 2: The ""country between Thailand and A Lim's country"" refers to Malaysia, since A Lim is likely a common Chinese name and may imply Singapore or Malaysia. Confidence: 0.7
Step 3: Historically, Malaysia was colonized by various European powers, and during British control, the Japanese expelled the British during World War II. Confidence: 0.75
Step 4: The Japanese occupation of British Malaya during World War II led to the expulsion of the British. Confidence: 0.85
Final Answer: British Confidence: 0.7",British,0.24989999999999993,0.0,0,0
677,4hop1__9007_698949_157828_162309,When did the country with a co-official language used in the film titled after the city that is the final resting place of Tito first attend the Olympics games?,2016,"Step 1: Josip Broz Tito was the leader of the former Yugoslavia. Confidence: 0.95
Step 2: Tito's final resting place is in Belgrade, the capital city of Serbia. Confidence: 0.9
Step 3: A well-known film titled ""Belgrade"" would primarily involve the Serbian language as a co-official language. Confidence: 0.9
Step 4: Serbia, as part of the former Yugoslavia, first participated in the Olympic Games in 1920. Confidence: 0.95
Final Answer: 1920 Confidence: 0.85",1920,0.6213712499999999,0.0,0,0
678,4hop1__145494_698949_157828_162309,When did the country whose co-official language was used in the movie named after the place where Bela Linder died first attend the Olympics games as an independent team?,2016,"Step 1: Bela Linder died in Yerevan, which is in Armenia. Confidence: 0.9
Step 2: The co-official language of Armenia is Russian. Confidence: 0.8
Step 3: Armenia first attended the Olympic Games as an independent team in 1994. Confidence: 0.9
Final Answer: 1994 Confidence: 0.8",1994,0.5184000000000001,0.0,0,0
679,2hop__47808_198548,Who is the wife of the actor of Grace's boyfriend in Frankie and Grace?,Katharine Ross,"Step 1: ""Frankie and Grace"" is a TV show known interchangeably as ""Grace and Frankie."" Confidence: 1.0
Step 2: Grace's boyfriend in ""Grace and Frankie"" is Nick Skolka, played by Peter Gallagher. Confidence: 0.8
Step 3: Peter Gallagher's real-life wife is Paula Harwood. Confidence: 0.9
Final Answer: Paula Harwood Confidence: 0.8",Paula Harwood,0.5760000000000001,0.0,0,0
680,2hop__122565_37168,Where does the university that Mohamed Abu Hamed attended rank according to the QS World University Rankings?,551-600,"Step 1: Mohamed Abu Hamed is an Egyptian politician, and it is relevant to know which university he attended. Confidence: 0.8
Step 2: He attended Cairo University, which is one of the prominent universities in Egypt. Confidence: 0.9
Step 3: The QS World University Rankings is a widely recognized ranking system for universities globally. Confidence: 0.95
Step 4: Cairo University's position in the QS World University Rankings typically fluctuates due to various factors. Confidence: 0.7
Final Answer: 801-1000 range (as per the usual ranking for Cairo University) Confidence: 0.6",801-1000 range (as per the usual ranking for Cairo University),0.28728,0.0,0,0
681,2hop__763380_74735,What song did Paul McCartney write for the person who performed Too Late for Goodbyes?,``Hey Jude '',"Step 1: ""Too Late for Goodbyes"" was performed by Julian Lennon. Confidence: 0.9
Step 2: Paul McCartney wrote the song ""Here Today"" for John Lennon, who is Julian Lennon's father. Confidence: 0.8
Step 3: Julian Lennon covered the song ""Here Today"" as a tribute to his father. Confidence: 0.7
Step 4: There is no specific song by Paul McCartney written directly for Julian Lennon. Confidence: 0.6
Final Answer: None Confidence: 0.6",None,0.18144,0.0,0,0
682,2hop__83460_456238,This is an instance of who was named commander in chief of texas forces by the new national government of texas National Forest?,United States National Forest,"Step 1: The question is asking about a historical event related to the Republic of Texas, not Texas National Forest. Confidence: 0.9
Step 2: Sam Houston was named commander in chief of the Texas forces during the Texas Revolution by the provisional government of the Republic of Texas. Confidence: 0.95
Final Answer: Sam Houston Confidence: 0.95",Sam Houston,0.8122499999999999,0.0,0,0
683,2hop__458672_20057,Who started the foundation that developed the Free Software Directory?,Richard Stallman,"Step 1: The Free Software Directory is maintained by the Free Software Foundation (FSF). Confidence: 0.9
Step 2: The Free Software Foundation was founded by Richard Stallman. Confidence: 0.95
Final Answer: Richard Stallman Confidence: 0.9",Richard Stallman,0.7695,1.0,1,1
684,2hop__85993_512508,What was the person who discovered that nuclei of atoms contained neutrons with no charge a participant in?,Manhattan Project,"Step 1: James Chadwick discovered that nuclei of atoms contained neutrons with no charge. Confidence: 0.9
Step 2: James Chadwick was a participant in the Manhattan Project. Confidence: 0.8
Final Answer: Manhattan Project Confidence: 0.8",Manhattan Project,0.5760000000000001,1.0,1,1
685,2hop__64537_482364,Who is the father of the man with the same name as the Big Brother hot dog challenge winner?,Aeson,"Step 1: Determine the name of the Big Brother hot dog challenge winner. Confidence: 0.4
Step 2: Assume that the Big Brother hot dog challenge is a specific challenge on the TV show ""Big Brother."" Confidence: 0.6
Step 3: Identify any notable winners of challenges with a name that could relate to someone famous or known. Confidence: 0.3
Step 4: Investigate if there's a notable person with the same name as the challenge winner who has a widely known father. Confidence: 0.4

Final Answer: Not enough data to determine. Confidence: 0.2",Not enough data to determine.,0.00576,0.0,0,0
686,3hop1__140994_2053_52946,"When is Celebrity Big Brother coming to the network which, along with ABC and the network which broadcasted Hello, Larry?, is the other major broadcaster based in NY?","February 7, 2018","Step 1: The major broadcasters based in New York are CBS, NBC, and ABC. Confidence: 0.9
Step 2: NBC is the network that broadcasted ""Hello, Larry."" Confidence: 0.8
Step 3: Along with ABC, the other major broadcaster based in NY is CBS. Confidence: 0.9
Step 4: Celebrity Big Brother is a show that airs on CBS. Confidence: 0.9
Step 5: The most recent season of Celebrity Big Brother US aired in February 2022. Confidence: 0.7

Final Answer: February 2022 Confidence: 0.6",February 2022,0.24494400000000005,0.4,0,0
687,3hop2__127483_125104_10557,What was the language Auctor comes from during the era of Rotrude's father later known as?,Medieval Latin,"Step 1: The name ""Rotrude"" suggests a historical context, likely medieval Europe. Confidence: 0.7
Step 2: Rotrude's father, given context, could be referring to Charlemagne, a notable figure in European history. Confidence: 0.8
Step 3: Charlemagne was a Frankish king, and the Frankish language was an early form of the Germanic languages. Confidence: 0.9
Step 4: The language spoken by Charlemagne's Franks later evolved and became known as Old High German. Confidence: 0.85
Final Answer: Old High German Confidence: 0.7",Old High German,0.29988,0.0,0,0
688,2hop__66167_72467,Where did the player who scored the most points in a NBA season go in the NBA Draft?,Seattle SuperSonics,"Step 1: Wilt Chamberlain scored the most points in a single NBA season with 4,029 points in the 1961-1962 season. Confidence: 0.9
Step 2: Wilt Chamberlain was drafted into the NBA in the 1959 draft. Confidence: 0.9
Step 3: Wilt Chamberlain was drafted by the Philadelphia Warriors. Confidence: 0.8
Step 4: Wilt Chamberlain was selected as a territorial pick in the draft, which meant he did not go through the regular draft order. Confidence: 0.8
Final Answer: Territorial Pick Confidence: 0.8",Territorial Pick,0.4147200000000001,0.0,0,0
689,2hop__487706_40502,What was the population of the republic that participated in The Battle of the Kentish Knock before this emigration?,2 million,"Step 1: The Battle of the Kentish Knock was a naval battle fought in the First Anglo-Dutch War in 1652. Confidence: 0.9
Step 2: The republic that participated in the battle was the Dutch Republic. Confidence: 0.95
Step 3: Before this emigration refers to a time before a significant emigration event affecting the Dutch Republic population. Confidence: 0.8
Step 4: In the mid-17th century, the population of the Dutch Republic was estimated to be around 1.5 to 2 million people. Confidence: 0.85
Final Answer: 1.5 to 2 million. Confidence: 0.8",1.5 to 2 million.,0.46512000000000003,0.6666666666666666,0,1
690,4hop1__44149_32392_823060_610794,What county is the city that shares a border with the state capital of the state where the RBC Heritage Golf Tournament is played in?,Richland County,"Step 1: The RBC Heritage Golf Tournament is played in Hilton Head Island, South Carolina. Confidence: 0.9
Step 2: The state capital of South Carolina is Columbia. Confidence: 0.95
Step 3: A city that shares a border with Columbia, South Carolina, is West Columbia. Confidence: 0.9
Step 4: West Columbia is located in Lexington County. Confidence: 0.95
Final Answer: Lexington County Confidence: 0.85",Lexington County,0.6213712499999999,0.5,0,0
691,3hop1__135659_87694_64412,When did the place where St for whom the Mantua Cathedral was named for basilica the head of the catholic religion is located in become its own country?,11 February 1929,"Step 1: St. Peter is the saint for whom the St Peter Basilica is named. Confidence: 0.9
Step 2: The Vatican City is where St. Peter's Basilica is located. Confidence: 0.9
Step 3: Vatican City became its own country in 1929. Confidence: 0.95
Final Answer: 1929 Confidence: 0.85",1929,0.654075,0.5,0,1
692,2hop__8347_8311,When did the crowning of the person under whom the Chapter House was built happen?,1216,"Step 1: The Chapter House refers to a specific building section, most likely of a cathedral or similar institution. Confidence: 0.8
Step 2: The Chapter House of Westminster Abbey is renowned, having been constructed during the reign of which monarch might provide insight. Confidence: 0.7
Step 3: The Chapter House of Westminster Abbey was built under the reign of King Henry III. Confidence: 0.9
Step 4: King Henry III of England was crowned in 1216. Confidence: 0.95
Final Answer: 1216 Confidence: 0.85",1216,0.40698,1.0,1,1
693,3hop1__857_846_7791,How many parties rule the city where the Yongle emperor greeted the person to whom the edict was addressed?,one-party,"Step 1: The Yongle Emperor was a ruler of the Ming Dynasty in China, who reigned from 1402 to 1424. Confidence: 0.95
Step 2: The Yongle Emperor issued the famous ""Yongle Encyclopedia"" and the ""Letter to King of Korea."" The latter suggests diplomatic relations during his reign. Confidence: 0.90
Step 3: The edict could have been addressed to Korea, as it was a neighbor and had diplomatic relations with the Ming Dynasty. Confidence: 0.85
Step 4: Seoul is the capital city of South Korea, formerly part of Korea. Confidence: 0.95
Step 5: The city of Seoul is ruled by a mayor and does not have a party that solely governs the city; it operates within the framework of South Korean government politics, currently led by the People Power Party and the Democratic Party. Confidence: 0.85
Final Answer: 2 Confidence: 0.80",2,0.46948049999999997,0.0,0,0
694,3hop2__9951_20335_9331,"What dissolved the privileges in Poland of the empire that the British sided with against the Ottomans, the Kingdom that acquired some Thuringian territory in 1815, and the Habsburg Monarchy?",March Constitution of Poland,"Step 1: Identify the empire with which the British sided against the Ottoman Empire. This was primarily Russia, as they were allies in conflicts like the Crimean War. Confidence: 0.8
Step 2: Identify the Kingdom that acquired Thuringian territory in 1815. Prussia gained territory in Thuringia following the Congress of Vienna in 1815. Confidence: 0.8
Step 3: Identify the event that dissolved the privileges of powers like Russia, Prussia, and the Habsburg Monarchy in Poland. The privileges in Poland for these empires were effectively dissolved with the treaties and actions following World War I, leading to Polish independence. Confidence: 0.7
Final Answer: World War I's aftermath Confidence: 0.7",World War I's aftermath,0.31360000000000005,0.0,0,0
695,3hop2__92991_27069_76291,When did the party Oklahoma's US Senators come from take control of the body determining the rules of the US House and US Senate?,January 2015,"Step 1: Identify the current political party of Oklahoma's US Senators. Both of Oklahoma's US Senators, as of 2023, are Republicans. Confidence: 0.9
Step 2: Determine which political party controls the US Senate. As of October 2023, the Democratic Party holds control of the US Senate. Confidence: 0.9
Step 3: Determine which political party controls the US House of Representatives. As of October 2023, the Republican Party holds control of the US House of Representatives. Confidence: 0.8
Step 4: The Rules of the US House and Senate are determined by each respective body, so each is controlled by the party in power within that chamber. Confidence: 0.8

Final Answer: The Senate has not been controlled by Oklahoma's party recently, but the House has since January 2023. Confidence: 0.7","The Senate has not been controlled by Oklahoma's party recently, but the House has since January 2023.",0.36288000000000004,0.11764705882352941,0,0
696,3hop1__131783_131926_87157,What is the direction of flow of the body of water by the city where The Minikahda Club is located?,rises in northern Minnesota and meanders slowly southwards,"Step 1: The Minikahda Club is located in Minneapolis, Minnesota. Confidence: 0.9
Step 2: Minneapolis is situated near the Mississippi River. Confidence: 0.9
Step 3: The Mississippi River flows from north to south. Confidence: 0.95
Final Answer: South Confidence: 0.85",South,0.654075,0.0,0,1
697,2hop__24973_5674,Who suspended the party that would have maintained power if the treaty was signed in the Russian Soviet Federative Socialist Republic?,Yeltsin,"Step 1: The Russian Soviet Federative Socialist Republic was the largest republic in the former Soviet Union. Confidence: 0.9
Step 2: During the early 1920s, the Soviet Union was led by the Communist Party under Vladimir Lenin's leadership. Confidence: 0.85
Step 3: A treaty that might impact the leadership power of a party in the Soviet context could refer to historical agreements such as the Treaty of Brest-Litovsk. Confidence: 0.8
Step 4: If the question refers to a treaty like the Treaty of Brest-Litovsk, it's improbable that a party was ""suspended"" in the modern sense. However, in 1921 during Lenin's era, the party itself had internal suspensions or consolidation of power, leading to the banning of factions like the Workers' Opposition. Confidence: 0.75

Final Answer: Vladimir Lenin Confidence: 0.7",Vladimir Lenin,0.32130000000000003,0.0,0,0
698,3hop1__404541_629431_64412,When did the place of death of Paenitentiam Agere's author become its own country?,11 February 1929,"Step 1: The author of ""Paenitentiam Agere"" is Pope John XXIII. Confidence: 0.9
Step 2: Pope John XXIII died in Vatican City. Confidence: 0.95
Step 3: Vatican City became an independent country on February 11, 1929 with the signing of the Lateran Treaty. Confidence: 0.95
Final Answer: 1929 Confidence: 0.9",1929,0.7310249999999999,0.5,0,1
699,3hop1__64957_87694_124169,"When was the position of Governor ended in the city that houses the head of Catholicism, and the basilica of the saint holding a knife in the Last Supper?",1952,"Step 1: The city that houses the head of Catholicism is Vatican City. Confidence: 0.9
Step 2: The basilica of the saint holding a knife in the Last Supper refers to Saint Peter, who is depicted holding a knife. Saint Peter's Basilica is in Vatican City. Confidence: 0.9
Step 3: Vatican City is an independent city-state and does not have a position referred to as ""Governor"" in the traditional sense; it is governed by the Pope. Confidence: 0.8
Step 4: The Lateran Treaty in 1929 established Vatican City as an independent state, suggesting any prior administrative roles specific to Rome transitioned at that time. Confidence: 0.7
Final Answer: 1929 Confidence: 0.6",1929,0.27216,0.0,0,0
700,3hop1__106094_443779_52195,Who is the president of the newly declared independent country part of the Commission of Truth and Friendship with the country that made Arisan!??,Francisco Guterres,"Step 1: Identify the country that made the movie ""Arisan!"". Confidence: 0.9
Step 2: ""Arisan!"" is an Indonesian film. Confidence: 1.0
Step 3: The Commission of Truth and Friendship (CTF) was established between Indonesia and Timor-Leste. Confidence: 0.9
Step 4: Identify the newly declared independent country that might be part of the CTF. Confidence: 0.6
Step 5: Timor-Leste is a country that declared independence relatively recently compared to others. Confidence: 1.0
Final Answer: José Ramos-Horta (President of Timor-Leste) Confidence: 0.8",José Ramos-Horta (President of Timor-Leste),0.38880000000000003,0.0,0,0
701,4hop3__131775_29339_508306_70744,"Which has more national championships, university of the state having Fort Hill or university of the state whose primary was won by Edwards besides the state having Ted Wright Stadium?",University of South Carolina,"Step 1: Fort Hill is located in Maryland, which means ""university of the state having Fort Hill"" refers to universities in Maryland. Confidence: 0.9
Step 2: Ted Wright Stadium is located in Georgia. Therefore, ""the state having Ted Wright Stadium"" refers to Georgia. Confidence: 0.9
Step 3: ""Whose primary was won by Edwards"" could refer to John Edwards who won the 2004 South Carolina Democratic primary. Therefore, ""university of the state whose primary was won by Edwards"" refers to universities in South Carolina. Confidence: 0.8
Step 4: The University of Maryland has a notable number of national championships, especially in sports like lacrosse. Confidence: 0.8
Step 5: The University of South Carolina has fewer national championships compared to the University of Maryland. Confidence: 0.7

Final Answer: University of Maryland (state having Fort Hill) Confidence: 0.7",University of Maryland (state having Fort Hill),0.254016,0.36363636363636365,0,0
702,2hop__593633_82341,Where is New Perry's place of death found in Florida?,in Northern Florida,"Step 1: New Perry is a city name. Confidence: 0.5
Step 2: There is no prominent historical figure or event commonly known as “New Perry."" It appears the statement could be referring to a less widely known individual. Confidence: 0.4
Step 3: There isn't enough directly available information to determine ""New Perry's place of death"" without more context. Confidence: 0.3
Step 4: If ""New Perry"" refers to a lesser-known or fictional name, the reference might require additional clarification not available in current data. Confidence: 0.2
Final Answer: Insufficient data Confidence: 0.1",Insufficient data,0.0012000000000000001,0.0,0,0
703,2hop__481349_302087,Which company owns the manufacturer of Learjet 60?,Bombardier Inc.,"Step 1: Learjet 60 is a model of jet manufactured by Learjet. Confidence: 0.9
Step 2: Learjet is a subsidiary of Bombardier Aerospace. Confidence: 0.95
Final Answer: Bombardier Aerospace Confidence: 0.85",Bombardier Aerospace,0.72675,0.5,0,1
704,4hop3__673447_132409_223216_35031,"Among the top five largest urban areas in the state Infest's performers were formed, what is the ranking of the city Pathology was formed in?",third-largest,"Step 1: Identify the state where the performers Infest were formed. Confidence: 0.8
Step 2: Research the top five largest urban areas in that state. Confidence: 0.7
Step 3: Determine the city where Pathology was formed. Confidence: 0.9
Step 4: Find the size or population ranking of the city identified in step 3 among the cities identified in step 2. Confidence: 0.7
Final Answer: [City Ranking] Confidence: 0.6",[City Ranking],0.21168,0.0,0,0
705,3hop1__504362_443779_52195,Who is the president of the new country that jointly established a Commission of Truth and Friendship with the country that Solor is a part of?,Francisco Guterres,"Step 1: Solor is an island that is part of Indonesia. Confidence: 0.9
Step 2: Indonesia established the Commission of Truth and Friendship with East Timor. Confidence: 0.8
Step 3: The current president of East Timor is José Ramos-Horta. Confidence: 0.8
Final Answer: José Ramos-Horta Confidence: 0.7",José Ramos-Horta,0.4032,0.0,0,0
706,2hop__88632_67668,"In Batman Under the Red Hood, who does the actor of Barney Stinson from How I Met Your Mother play?",Nightwing / Dick Grayson,"Step 1: ""Batman Under the Red Hood"" is a DC Universe Animated Original Movie featuring the Red Hood story arc. Confidence: 0.9
Step 2: Neil Patrick Harris is the actor who played Barney Stinson in ""How I Met Your Mother."" Confidence: 1.0
Step 3: Neil Patrick Harris provided the voice for a character in ""Batman Under the Red Hood."" Confidence: 0.9
Step 4: In ""Batman Under the Red Hood,"" Neil Patrick Harris voiced the character Nightwing/Dick Grayson. Confidence: 1.0
Final Answer: Nightwing Confidence: 1.0",Nightwing,0.81,0.5,0,1
707,2hop__23459_35123,What was the lifespan of the most influential figure in Islamic philosophy?,980–1037,"Step 1: One of the most influential figures in Islamic philosophy is often considered to be Al-Ghazali. Confidence: 0.8
Step 2: Al-Ghazali was born in 1058 CE. Confidence: 0.9
Step 3: Al-Ghazali died in 1111 CE. Confidence: 0.9
Step 4: The lifespan of Al-Ghazali can be calculated by subtracting the year of birth from the year of death: 1111 - 1058 = 53 years. Confidence: 0.95
Final Answer: 53 years Confidence: 0.8",53 years,0.49248000000000014,0.0,0,1
708,3hop2__30152_105895_20999,What forced the departure from the country responsible for Phoe Pyonn Cho of the people once defied by new coinage?,The dynasty regrouped and defeated the Portuguese,"Step 1: Phoe Pyonn Cho is a name that likely relates to a person or a place in Myanmar, a country that has been under military rule. Confidence: 0.6
Step 2: The term ""people once defied by new coinage"" possibly refers to the Rohingya people, who are not recognized as citizens in Myanmar and are often excluded from national symbols, including currency. Confidence: 0.7
Step 3: The Rohingya people have been forced to flee Myanmar due to persecution and violence, particularly notable since the military actions against them that began prominently in 2017. Confidence: 0.8
Step 4: The main reason for the Rohingya's departure was ethnic cleansing, which was heavily condemned internationally. Confidence: 0.9
Final Answer: Ethnic cleansing Confidence: 0.8",Ethnic cleansing,0.24192000000000002,0.0,0,0
709,2hop__280451_84616,What did the spouse of Andrea Dotti win a Tony for?,for Best Performance by a Leading Actress in a Play in Ondine,"Step 1: Andrea Dotti was married to Audrey Hepburn from 1969 to 1982. Confidence: 0.9
Step 2: Audrey Hepburn won a Tony Award in 1954. Confidence: 0.8
Step 3: Audrey Hepburn won the Tony Award for Best Actress in a Play. Confidence: 0.9
Final Answer: Best Actress in a Play Confidence: 0.8",Best Actress in a Play,0.5184000000000001,0.5714285714285715,0,1
710,3hop1__144439_443779_52195,who is the president of newly declared independent country of the country of the birthplace of Mulham Arufin–Timor Leste Commission of Truth and Friendship?,Francisco Guterres,"Step 1: Mulham Arufin is linked to the Timor Leste Commission of Truth and Friendship, suggesting a connection to Timor-Leste. Confidence: 0.8
Step 2: The birthplace of Mulham Arufin is Indonesia, as he is linked to the commission formed between Indonesia and Timor-Leste. Confidence: 0.7
Step 3: There are currently no newly declared independent countries stemming from Indonesia's territory as of October 2023. Confidence: 0.9
Step 4: Timor-Leste (East Timor) gained independence in 2002, but it is not a newly declared independent country as of 2023. Confidence: 0.9
Final Answer: No newly declared independent country from Indonesia as of 2023 Confidence: 0.95",No newly declared independent country from Indonesia as of 2023,0.43091999999999997,0.0,0,0
711,4hop2__103790_39078_8987_8529,"Ivo Werner is from Country A that invaded Country B because their military branch that helped the Old West police was unprepared. When was the word ""Slavs"" used in the national anthem of country B?",1943–1992,"Step 1: Determine the countries involved based on the context provided. ""Country A"" invaded ""Country B"" because their Old West-related military branch was unprepared. This suggests a conflict where a country famous for Old West culture might be involved, which could indicate a historical or cultural context involving the USA.
Confidence: 0.5

Step 2: Identify potential countries for Country A and Country B. Given the reference to ""Slavs"" and military conflict, consider Russia and Ukraine as potential countries, with Russia often associated with invasions in recent history.
Confidence: 0.7

Step 3: Establish which country might have ""Slavs"" in their national anthem. Ukraine's national anthem, ""Shche ne vmerla Ukraina,"" does mention Slavic heritage.
Confidence: 0.8

Step 4: Find when the word ""Slavs"" was used in the Ukrainian national anthem. The full text mentions Slavic heritage and was adopted officially in 1992 after Ukraine gained independence.
Confidence: 0.9

Final Answer: 1992 Confidence: 0.8",1992,0.2016,0.0,0,0
712,2hop__631024_18974,Who led the military expedition in the province where Gong Beibi was born?,Chen Zheng,"Step 1: Gong Beibi is a Chinese actress, and public records show she was born in Fujian Province, China. Confidence: 0.9
Step 2: Search historical records for notable military expeditions in Fujian Province, China. Confidence: 0.8
Step 3: Koxinga (Zheng Chenggong) led military expeditions in Fujian during the 17th century. Confidence: 0.85
Final Answer: Koxinga (Zheng Chenggong) Confidence: 0.75",Koxinga (Zheng Chenggong),0.4590000000000001,0.4,0,0
713,3hop1__28841_547811_41132,How many times did the plague occur in the birth place of Concerto in C Major Op 3 6's composer?,22,"Step 1: The composer of ""Concerto in C Major Op 3 6"" is Antonio Vivaldi. Confidence: 0.9  
Step 2: Antonio Vivaldi was born in Venice, Italy. Confidence: 0.95  
Step 3: The plague occurred multiple times in Venice's history, but the most significant was the Italian Plague of 1629–1631. Confidence: 0.8  
Step 4: Without more context, the most noted plagues specifically recognized in Venice were during these years: 1575–1577 and 1629–1631, which counts as two major occurrences. Confidence: 0.85  
Final Answer: 2 Confidence: 0.75",2,0.43605000000000005,0.0,0,0
714,2hop__832795_350510,What group was the performer of Be the One a member of?,Jackson 5,"Step 1: ""Be the One"" is a song performed by Dua Lipa. Confidence: 1.0
Step 2: Dua Lipa is a solo artist and not typically associated with any group as a member. Confidence: 0.9
Final Answer: None Confidence: 0.9",None,0.81,0.0,0,0
715,3hop2__25177_19506_23299,"After the period which limited the supply of shellac; Białystok, Przemyśl were returned to what country along with the region they had been given in the Treaty of Schönbrunn?",Polish state,"Step 1: The Treaty of Schönbrunn, also known as the Treaty of Vienna, was signed in 1809 between France and Austria. Confidence: 0.9
Step 2: The treaty rearranged several territories, including recognizing some regions in Eastern Europe under new control. Confidence: 0.8
Step 3: Białystok and Przemyśl are currently cities in Poland; they have historically shifted between various countries due to geopolitical changes. Confidence: 0.9
Step 4: After the Treaty of Schönbrunn, these regions were affected during the Napoleonic Wars, with territories frequently changing hands. Confidence: 0.85
Step 5: After events like the Napoleonic Wars and subsequent treaties restoring regions, Białystok and Przemyśl became part of Poland after shifting from other states. Confidence: 0.95
Final Answer: Poland Confidence: 0.9",Poland,0.4709340000000001,0.0,0,1
716,2hop__29606_600504,What field of work was the person who discovered the mathematical relationship between peaks and curves of light at different temperatures in?,physic,"Step 1: We need to identify the person who discovered the mathematical relationship between peaks and curves of light at different temperatures. Confidence: 0.9
Step 2: This relationship is known as Wien's Law, named after Wilhelm Wien. Confidence: 0.95
Step 3: Wilhelm Wien was a physicist. Confidence: 0.95
Final Answer: Physics Confidence: 0.95",Physics,0.7716374999999999,0.0,0,1
717,2hop__581084_828685,"Who employs the author of ""Ravenswood: The Steelworkers' Victory and the Revival of American Labor""?",Cornell University,"Step 1: ""Ravenswood: The Steelworkers' Victory and the Revival of American Labor"" is a book written by an author with expertise in labor relations. Confidence: 0.8
Step 2: The author of the book is named Tom Juravich. Confidence: 0.9
Step 3: Tom Juravich is a professor at the University of Massachusetts Amherst. Confidence: 0.9
Final Answer: University of Massachusetts Amherst Confidence: 0.85",University of Massachusetts Amherst,0.5508000000000001,0.3333333333333333,0,0
718,4hop1__88342_49853_128008_86588,What's the longest homer in the history of the league where the team with the most titles from the event after which they give out the MLB MVP award plays?,582 feet (177 m),"Step 1: The MLB MVP award is associated with the Baseball Writers' Association of America (BBWAA). Confidence: 0.9
Step 2: The event after which the BBWAA gives out the MVP award is the MLB World Series. Confidence: 0.9
Step 3: The team with the most World Series titles is the New York Yankees. Confidence: 0.95
Step 4: The longest home run in history claimed in MLB was by Mickey Mantle, of the New York Yankees, estimated at 565 feet (though there is some debate about home run distances). Confidence: 0.8
Final Answer: 565 feet Confidence: 0.8",565 feet,0.49248000000000003,0.3333333333333333,0,0
719,2hop__427249_20057,Who founded the organization that wrote GNU Free Documentation License?,Richard Stallman,"Step 1: The GNU Free Documentation License was written by the Free Software Foundation. Confidence: 0.9
Step 2: The Free Software Foundation was founded by Richard Stallman. Confidence: 0.95
Final Answer: Richard Stallman Confidence: 0.9",Richard Stallman,0.7695,1.0,1,1
720,2hop__82270_177869,Who is the spouse of the first nominated African American presidential candidate?,Helen Pitts Douglass,"Step 1: The first African American presidential candidate nominated by a major party was Barack Obama. Confidence: 1.0
Step 2: Barack Obama was nominated by the Democratic Party as their presidential candidate. Confidence: 1.0
Step 3: Barack Obama is married to Michelle Obama. Confidence: 1.0
Final Answer: Michelle Obama Confidence: 1.0",Michelle Obama,1.0,0.0,0,0
721,2hop__623931_656446,Who is the spouse of a cast member of Secrets of a Windmill Girl?,John Alderton,"Step 1: ""Secrets of a Windmill Girl"" is a film from 1966 featuring several cast members. Confidence: 0.9
Step 2: One notable cast member of this film is Pauline Collins. Confidence: 0.8
Step 3: Pauline Collins is married to actor John Alderton. Confidence: 0.9
Final Answer: John Alderton Confidence: 0.8",John Alderton,0.5184000000000001,1.0,1,1
722,2hop__145220_58439,Notre Dame is located is what section of Camille Cottin's birthplace?,The Île de la Cité,"Step 1: Camille Cottin was born in Paris, France. Confidence: 1.0
Step 2: Notre Dame is located in the 4th arrondissement of Paris, France. Confidence: 0.9
Final Answer: 4th arrondissement Confidence: 0.9",4th arrondissement,0.81,0.0,0,1
723,2hop__258940_135844,Who is the city where Lesnoye Sanatorium is located named after?,Palmiro Togliatti,"Step 1: Lesnoye Sanatorium is located in the city of Sochi, Russia. Confidence: 0.8
Step 2: Sochi is not named after a person, rather it was derived from a word from the local Ubykh language. Confidence: 0.9
Final Answer: Not named after a person Confidence: 0.85",Not named after a person,0.6120000000000001,0.0,0,0
724,2hop__520033_123956,On what date did Battle of the birth place of Denny Januar Ali end?,15 February 1942,"Step 1: Identify who Denny Januar Ali is. Denny Januar Ali is an Indonesian political analyst and writer. Confidence: 0.8
Step 2: Determine Denny Januar Ali's birthplace. A quick search may reveal he's from Medan, Indonesia. Confidence: 0.7
Step 3: Identify historical battles that took place in Medan. One significant battle was the Medan Area incident during the Indonesian National Revolution. Confidence: 0.7
Step 4: Research when the Battle of Medan Area ended. The Medan Area incident involved conflicts in late 1945 and into 1946. Confidence: 0.7
Step 5: The Medan Area battle often references December 10, 1945, as a notable date in the conflict. Confidence: 0.6

Final Answer: December 10, 1945 Confidence: 0.5","December 10, 1945",0.08231999999999999,0.0,0,0
725,2hop__85463_54688,What type of government did North Korea have during the conflict when UN troops approached the Yalu River?,a communist government,"Step 1: The conflict where UN troops approached the Yalu River was the Korean War. Confidence: 1.0
Step 2: The Korean War began in 1950 and ended in 1953. Confidence: 1.0
Step 3: During the Korean War, North Korea was led by Kim Il-sung, who established a communist regime. Confidence: 0.9
Step 4: The government type under Kim Il-sung was a single-party state with a centralized command economy, typical of communist states. Confidence: 0.9
Final Answer: Communist regime Confidence: 0.9",Communist regime,0.7290000000000001,0.5,0,1
726,2hop__91021_19033,Where did the wrestler who has held the intercontinental championship the most times win in 2008?,Great American Bash,"Step 1: The wrestler who has held the Intercontinental Championship the most times as of the knowledge cutoff is Chris Jericho. Confidence: 0.9
Step 2: In 2008, Chris Jericho won the Intercontinental Championship at the event WWE Raw, which took place in various locations throughout the year. Confidence: 0.8
Step 3: Chris Jericho won the Intercontinental Championship in 2008 during an episode of WWE Raw in San Antonio, Texas. Confidence: 0.7
Final Answer: San Antonio, Texas Confidence: 0.7","San Antonio, Texas",0.3528,0.0,0,1
727,3hop1__161433_33952_34099,How long are the council terms in the second largest city in the US state focused by the cross-border transactions committee of the Department of Real Estate?,four-year,"Step 1: Identify US state focused by the cross-border transactions committee of the Department of Real Estate. Confidence: 0.8
Step 2: Determine the second largest city in that state. Confidence: 0.9
Step 3: Find out the length of council terms in that city. Confidence: 0.8
Final Answer: 4 years Confidence: 0.7",4 years,0.4032,0.0,0,1
728,2hop__575282_114648,What year did Allegory of Isabella d'Este's Coronation's creator the Younger die?,1583,"Step 1: ""Allegory of Isabella d'Este's Coronation"" was created by Peter Paul Rubens. Confidence: 0.9
Step 2: Peter Paul Rubens is not referred to as ""the Younger."" Paintings by artists referred to as ""the Younger"" are often by Lucas Cranach the Younger. Confidence: 0.8
Step 3: Lucas Cranach the Younger, known for religious and portrait painting, died in 1586. Confidence: 0.95
Final Answer: 1586 Confidence: 0.7",1586,0.4788,0.0,0,0
729,2hop__704217_82341,Where is Sean Hampton's birth place in the state of Florida?,in Northern Florida,"Step 1: To determine Sean Hampton's birth place in Florida, begin by identifying available information about Sean Hampton's biography. Confidence: 0.8

Step 2: Look for specific biographical resources or databases that might include birthplace for people associated with acting or entertainment industry. Confidence: 0.6

Step 3: Verify if Sean Hampton’s birth place is mentioned in sources accessible or frequently cited for actor biographies, such as IMDb, Wikipedia, or other entertainment-related biographies. Confidence: 0.7

Step 4: If Sean Hampton's birth place is found within these trusted sources, ensure it specifies a city or location within Florida. Confidence: 0.9

Final Answer: Ocala, Florida Confidence: 0.95","Ocala, Florida",0.28728,0.4,0,1
730,2hop__6827_75783,When was countrywide bought by the company that bought FleetBoston Financial?,"July 1, 2008","Step 1: Bank of America acquired FleetBoston Financial in 2004. Confidence: 0.9  
Step 2: Countrywide Financial was bought by Bank of America. Confidence: 0.9  
Step 3: Bank of America completed the acquisition of Countrywide Financial in 2008. Confidence: 0.9  
Final Answer: 2008 Confidence: 0.9",2008,0.6561000000000001,0.5,0,1
731,2hop__852657_155922,Into what harbour does the river Lennox Bridge in Parramatta crosses flow?,Sydney Harbour,"Step 1: The Lennox Bridge in Parramatta crosses the Parramatta River. Confidence: 0.9
Step 2: The Parramatta River flows into Sydney Harbour. Confidence: 0.9
Final Answer: Sydney Harbour Confidence: 0.85",Sydney Harbour,0.6885,1.0,1,1
732,4hop2__71753_158985_70784_79935,When was the region that lies to the north of where Israel is located and where the most growth in desalination for agricultural use is taking place created?,1930,"Step 1: The region to the north of Israel is Lebanon. Confidence: 0.9
Step 2: Desalination for agricultural use is a topic of interest in recent years, particularly due to water scarcity issues. Confidence: 0.8
Step 3: The country Lebanon was created as a modern nation-state in the year 1943, achieving independence from French colonial rule. Confidence: 0.95
Final Answer: 1943 Confidence: 0.85",1943,0.5814,0.0,0,0
733,2hop__95172_456836,Where was the person who acted in Signora Enrica born?,La Goulette,"Step 1: The film ""Signora Enrica"" features the actress Claudia Cardinale. Confidence: 0.8
Step 2: Claudia Cardinale was born in Tunis, Tunisia. Confidence: 0.9
Final Answer: Tunis, Tunisia Confidence: 0.85","Tunis, Tunisia",0.6120000000000001,0.0,0,1
734,3hop1__671542_665330_51423,What is the name of the castle in city where the performer of Darlings was formed?,Casa Loma,"Step 1: The phrase ""the performer of Darlings"" likely refers to a music group or artist. Confidence: 0.8
Step 2: The Darlings are associated with musicians, but notable ""Darlings"" performance is a project by a prominent group like Arctic Monkeys. Confidence: 0.7
Step 3: Arctic Monkeys were formed in High Green, a suburb in Sheffield, England. Confidence: 0.9
Step 4: The notable castle in Sheffield, England is known as Sheffield Castle. Confidence: 0.8
Final Answer: Sheffield Castle Confidence: 0.7",Sheffield Castle,0.28224,0.0,0,0
735,2hop__409884_83837,Who sings Home Alone Tonight with the Country Girl (Shake It for Me) performer?,Karen Fairchild,"Step 1: ""Country Girl (Shake It for Me)"" is performed by Luke Bryan. Confidence: 0.9
Step 2: ""Home Alone Tonight"" is a song performed by Luke Bryan. Confidence: 0.9
Step 3: ""Home Alone Tonight"" is a duet with Karen Fairchild of Little Big Town. Confidence: 0.9
Final Answer: Karen Fairchild Confidence: 0.9",Karen Fairchild,0.6561000000000001,1.0,1,1
736,2hop__367318_7292,"What artist was featured on Smooth Jazz Stations, along with Kenny G and the performer of The Dance?",George Benson,"Step 1: The artist Kenny G is a well-known saxophonist featured on smooth jazz stations. Confidence: 1.0
Step 2: ""The Dance"" is a song performed by country music artist Garth Brooks. Confidence: 1.0
Step 3: Smooth jazz stations, in addition to featuring artists like Kenny G, often play a variety of jazz, blues, and easy-listening artists. Confidence: 1.0
Step 4: Garth Brooks is not typically associated with smooth jazz, implying that another artist popular in the smooth jazz genre may be featured alongside Kenny G. Confidence: 0.9
Final Answer: Dave Koz Confidence: 0.8",Dave Koz,0.7200000000000001,0.0,0,0
737,4hop3__862_846_613770_7713,How long was the place where the Yongle Emperor greeted who the Ming court thought representatives were sent by the capitol of the city in which Guangling District is located?,about 400 years,"Step 1: The place where the Yongle Emperor greeted representatives is likely a specific building or location within a city used for official receptions. Confidence: 0.7
Step 2: The Ming court would have greeted representatives at the capital, which during the Yongle Emperor's reign was Beijing. Confidence: 0.8
Step 3: Guangling District is located within Yangzhou, which is in modern-day Jiangsu Province. Confidence: 0.9
Step 4: The ""length"" of this place requires specific historical architectural documentation, which is not commonly known or specified without direct reference to architectural records. Confidence: 0.6
Final Answer: Insufficient data Confidence: 0.3",Insufficient data,0.09072,0.0,0,0
738,2hop__398344_439882,Who is the creator of the main character in the Steven the Sword Fighter series?,Rebecca Sugar,"Step 1: ""Steven the Sword Fighter"" is likely a confusion with the show ""Steven Universe."" Confidence: 0.8
Step 2: ""Steven Universe"" features a main character named Steven. Confidence: 0.9
Step 3: The creator of ""Steven Universe"" is Rebecca Sugar. Confidence: 0.95
Final Answer: Rebecca Sugar Confidence: 0.9",Rebecca Sugar,0.6156,1.0,1,1
739,3hop1__857_846_7769,How many square miles is the city where the Yongle emperor greeted the person to whom the edict was addressed?,"2,548 sq mi","Step 1: The Yongle Emperor was the third emperor of the Ming Dynasty in China. Confidence: 1.0
Step 2: The Yongle Emperor moved the capital of China from Nanjing to Beijing in 1421 and was primarily based in Beijing. Confidence: 0.9
Step 3: The most famous edict from the Yongle Emperor is the one he gave to Zheng He in Beijing. Confidence: 0.8
Step 4: Beijing today covers an area of approximately 6,336 square miles. Confidence: 0.9
Final Answer: 6,336 Confidence: 0.7","6,336",0.45360000000000006,0.0,0,0
740,3hop1__635099_131926_89261,Where does the body of water by the city where Write This Down was formed empty into the Gulf of Mexico?,the Mississippi River Delta,"Step 1: Write This Down is a Christian metal band formed in Minneapolis, Minnesota. Confidence: 0.9
Step 2: The major body of water by Minneapolis is the Mississippi River. Confidence: 0.95
Step 3: The Mississippi River empties into the Gulf of Mexico at the Mississippi River Delta. Confidence: 0.95
Final Answer: Mississippi River Delta Confidence: 0.9",Mississippi River Delta,0.7310249999999999,1.0,1,1
741,3hop1__603558_87694_64412,When did the location of the basilica that is named after the same saint as the San Pietro in Ciel d'Oro become its own country?,11 February 1929,"Step 1: The Basilica of San Pietro in Ciel d'Oro is named after Saint Peter. Confidence: 0.9
Step 2: Saint Peter's Basilica is located in Vatican City, which is named after Saint Peter as well. Confidence: 0.9
Step 3: Vatican City became its own country on February 11, 1929, with the signing of the Lateran Treaty. Confidence: 0.95
Final Answer: 1929 Confidence: 0.85",1929,0.654075,0.5,0,1
742,2hop__391873_88622,Who is the head of the agency that created MYSTIC?,ADM Michael S. Rogers,"Step 1: MYSTIC is a secretive surveillance program. Confidence: 0.8
Step 2: MYSTIC was created by the National Security Agency (NSA). Confidence: 0.9
Step 3: The head of the NSA is known as the Director of the NSA. Confidence: 0.9
Step 4: As of my last update, the Director of the NSA is General Paul M. Nakasone. Confidence: 0.85
Final Answer: Paul M. Nakasone Confidence: 0.85",Paul M. Nakasone,0.46818000000000004,0.0,0,0
743,2hop__106864_80460,What was the 2017 population of the country where Bedari was made?,207.77 million people,"Step 1: Identify the country where the film ""Bedari"" was made. ""Bedari"" is a Pakistani film, which suggests it was made in Pakistan. Confidence: 0.9

Step 2: Find the population of Pakistan in the year 2017. According to world demographic data, Pakistan's population in 2017 was approximately 207 million. Confidence: 0.8

Final Answer: 207 million Confidence: 0.7",207 million,0.504,0.4,0,1
744,2hop__142621_225454,What is the record label of the co-writer and recording artist of Permission to Fly?,Hollywood Records,"Step 1: ""Permission to Fly"" is an album by Jordan Pruitt. Confidence: 0.9
Step 2: Jordan Pruitt is the recording artist and also co-writer of many songs on the album ""Permission to Fly"". Confidence: 0.9
Step 3: Jordan Pruitt was signed with Hollywood Records during the release of ""Permission to Fly"". Confidence: 0.9
Final Answer: Hollywood Records Confidence: 0.85",Hollywood Records,0.61965,1.0,1,1
745,2hop__147171_27537,Why did Roncalli leave the place where Francesco Fontebasso resided when he died?,for the conclave in Rome,"Step 1: Roncalli refers to Angelo Giuseppe Roncalli, who became Pope John XXIII. Confidence: 0.8
Step 2: Francesco Fontebasso was an Italian painter from the 18th century. Confidence: 0.9
Step 3: Roncalli and Francesco Fontebasso lived in different centuries, with Fontebasso dying in 1769 and Roncalli living from 1881 to 1963. Confidence: 0.95
Step 4: Due to the time difference, Roncalli could not have physically left a place because of Fontebasso's death. Confidence: 0.95
Final Answer: Not applicable Confidence: 0.95",Not applicable,0.61731,0.0,0,0
746,4hop1__752321_153080_33897_81096,Who won the Indy car race in the largest populated city in the state where the Pithecanthropus Erectus performer is from?,Mario Andretti,"Step 1: The ""Pithecanthropus Erectus"" performer refers to Charles Mingus, a jazz musician. Confidence: 1.0
Step 2: Charles Mingus was born in Nogales, Arizona. Confidence: 0.9
Step 3: The largest populated city in Arizona is Phoenix. Confidence: 1.0
Step 4: The IndyCar race held in Phoenix, Arizona is the Phoenix Grand Prix. Confidence: 0.9
Step 5: The last winner of the Phoenix Grand Prix was Simon Pagenaud in 2017. Confidence: 0.8
Final Answer: Simon Pagenaud Confidence: 0.8",Simon Pagenaud,0.5184000000000001,0.0,0,0
747,3hop1__487301_443779_52195,Who is the president of newly declared independent country part of the Commission of Truth and Friendship with the country where Kaimana is located?,Francisco Guterres,"Step 1: Kaimana is located in Indonesia. Confidence: 1.0
Step 2: The Commission of Truth and Friendship was a bilateral initiative between Indonesia and Timor-Leste. Confidence: 1.0
Step 3: No new independent country involving the Commission of Truth and Friendship is known to have been declared recently. Confidence: 0.8
Step 4: The current president of Timor-Leste is José Ramos-Horta, as of my last update. Confidence: 0.9
Final Answer: José Ramos-Horta Confidence: 0.7",José Ramos-Horta,0.504,0.0,0,0
748,2hop__365236_19320,What worldwide ranking is held by Mario Pani's alma mater?,74th,"Step 1: Identify Mario Pani's alma mater. Mario Pani attended the National Autonomous University of Mexico (UNAM). Confidence: 0.9
Step 2: Determine the worldwide ranking of the National Autonomous University of Mexico (UNAM) from a recent source, such as QS World University Rankings or Times Higher Education World University Rankings. These sources often rank its position between 100 and 200 globally. Confidence: 0.7
Step 3: Given the approximate average mentioned range and common past knowledge, estimate UNAM's current worldwide ranking. Confidence: 0.6
Final Answer: 128 Confidence: 0.6",128,0.2268,0.0,0,0
749,3hop1__465684_160545_60577,Where did they film The Beach in the country where Bodindecha died?,Ko Phi Phi Leh,"Step 1: The movie ""The Beach,"" starring Leonardo DiCaprio, was filmed in Thailand. Confidence: 0.9
Step 2: Prayurawongse Bodindecha was a notable figure who died in Thailand. Confidence: 0.85
Step 3: The specific filming location in Thailand for ""The Beach"" was Maya Bay on the island of Ko Phi Phi Leh. Confidence: 0.95
Final Answer: Maya Bay, Ko Phi Phi Leh Confidence: 0.9","Maya Bay, Ko Phi Phi Leh",0.6540750000000001,0.6,0,1
750,2hop__861047_110949,What is the date of birth for the performer of Beat Hotel?,11 September 1962,"Step 1: Determine who is the performer of ""Beat Hotel."" Confidence: 0.8
Step 2: ""Beat Hotel"" is a song by Allan Ginsberg. Confidence: 0.9
Step 3: Allan Ginsberg, primarily known as a poet, performed ""Beat Hotel."" Confidence: 0.85
Step 4: Find the date of birth of Allan Ginsberg. Confidence: 0.9
Step 5: Allan Ginsberg was born on June 3, 1926. Confidence: 0.95

Final Answer: June 3, 1926 Confidence: 0.85","June 3, 1926",0.444771,0.0,0,0
751,2hop__80_59409,"Who was the artist who did a duet with Beyonce in the single ""Deja Vu"" talking about in the song ""Cry""?",three different relationships he had in the past,"Step 1: The single ""Deja Vu"" features Beyoncé and another artist. Confidence: 0.9
Step 2: The artist who did a duet with Beyoncé in ""Deja Vu"" is Jay-Z. Confidence: 0.9
Step 3: The song ""Cry"" is attributed to several artists, but one artist known for a notable song titled ""Cry"" is Rihanna. Confidence: 0.7
Step 4: Jay-Z and Rihanna have collaborated on songs in the past, which could relate to the question. Confidence: 0.8
Final Answer: Rihanna Confidence: 0.7",Rihanna,0.31751999999999997,0.0,0,0
752,2hop__88834_425488,Who is the mother of the person who plays Nim in Return to Nim's Island?,Terri Irwin,"Step 1: The actress who plays Nim in ""Return to Nim's Island"" is Bindi Irwin. Confidence: 0.9
Step 2: Bindi Irwin's mother is Terri Irwin. Confidence: 0.95
Final Answer: Terri Irwin Confidence: 0.85",Terri Irwin,0.72675,1.0,1,1
753,4hop2__161602_474028_88460_20988,For what major conflict is the country on the natural boundary between the country that hosted the tournament and the country where A Don is from known?,one of the world's longest-running ongoing civil wars.,"Step 1: Identify the country where ""A Don"" is from; A Don could be referring to ""Alonso"" (Fernando Alonso) who is Spanish. Confidence: 0.8
Step 2: The phrase ""the country that hosted the tournament"" implies the 2023 FIFA World Cup, which was held in Qatar. Confidence: 0.9
Step 3: Determine the natural boundary: The natural boundary could be the Pyrenees, which separates France (host of major events) and Spain. However, considering Qatar, it might be a different event or location. Confidence: 0.7
Step 4: Considering the proximity and conflicts, Iraq or Syria might relate to Qatar in conflicts like the Gulf War considering middle-eastern geography. Confidence: 0.7
Step 5: The Gulf War 1990-1991 was a major conflict involving Iraq, which shares regional boundaries near Qatar. Confidence: 0.8
Final Answer: Gulf War Confidence: 0.7",Gulf War,0.197568,0.0,0,0
754,2hop__77601_814677,What pantheon is the God of the underworld in ancient Egypt a part of?,ancient Egyptian religion,"Step 1: Identify the God of the underworld in ancient Egypt, which is Osiris. Confidence: 0.9  
Step 2: Determine which pantheon Osiris belongs to. Confidence: 0.9  
Final Answer: Egyptian pantheon Confidence: 0.95",Egyptian pantheon,0.7695,0.4,0,1
755,2hop__35137_22901,What Islamic denomination was the author of The Canon of Medicine thought to be a member of?,Sunni,"Step 1: The author of The Canon of Medicine is Avicenna. Confidence: 0.9
Step 2: Avicenna, also known as Ibn Sina, was a Persian polymath. Confidence: 0.85
Step 3: Avicenna is often associated with the Shia Islamic denomination. Confidence: 0.8
Step 4: Historically, the Buyid dynasty, under which Avicenna lived, was Shia Muslim and had influence on intellectuals including Avicenna. Confidence: 0.75
Final Answer: Shia Confidence: 0.7",Shia,0.32130000000000003,0.0,0,0
756,4hop3__175072_88460_30152_20999,How were the same people who the Somali Muslim Ajuran Empire declared independence from expelled from the natural boundary between Thailand and the country Setthathirath is a citizen of?,The dynasty regrouped and defeated the Portuguese,"Step 1: The Ajuran Empire declared independence from Portugal. Confidence: 0.9  
Step 2: Setthathirath was a ruler of Lan Xang, now part of Laos. Confidence: 0.8  
Step 3: The natural boundary between Thailand and Laos is the Mekong River. Confidence: 0.9  
Step 4: Portugal was expelled from regions in the area by force or decline of influence, often due to local uprisings or wars. Confidence: 0.7  
Final Answer: By force/uprising. Confidence: 0.6",By force/uprising.,0.27216,0.0,0,1
757,4hop1__161605_32392_823060_610794,What county is the city that shares a border with the state capital of the state where Darlington County located in?,Richland County,"Step 1: Darlington County is located in South Carolina. Confidence: 1.0
Step 2: The state capital of South Carolina is Columbia. Confidence: 1.0
Step 3: The city that shares a border with Columbia, South Carolina is Forest Acres. Confidence: 0.9
Step 4: Forest Acres is located in Richland County. Confidence: 1.0
Final Answer: Richland County Confidence: 0.9",Richland County,0.81,1.0,1,1
758,2hop__58168_1783,Who was the mayor of New York during the time when the US had its highest unemployment rate?,Fiorello La Guardia,"Step 1: The US's highest unemployment rate occurred during the Great Depression, specifically reaching 24.9% in 1933. Confidence: 0.9
Step 2: Fiorello H. La Guardia was the Mayor of New York City from 1934 to 1945. Confidence: 0.8
Step 3: The mayor in the year 1933 was John P. O'Brien, who served from January 1 to December 31, 1933. Confidence: 0.8
Final Answer: John P. O'Brien Confidence: 0.7",John P. O'Brien,0.4032,0.0,0,0
759,2hop__161151_50883,Which section of the emergency response guidebook of the continent where bison antiquus are found contains the response guides?,"The fourth section, with orange page borders","Step 1: Bison antiquus is an extinct species that lived in North America. Confidence: 0.9
Step 2: The Emergency Response Guidebook is commonly used in North America for first responders dealing with hazardous materials. Confidence: 0.9
Step 3: The Emergency Response Guidebook is divided into colored sections, with the response guides typically being in the orange section. Confidence: 0.85
Final Answer: Orange Confidence: 0.85",Orange,0.585225,0.2857142857142857,0,0
760,4hop1__83058_53706_795904_580996,"What area shares a border, with the city that was the work location of an individual, who went to the U.S. state with a Mediterranean climate, during the Gold Rush?",Rio Linda,"Step 1: The U.S. state with a Mediterranean climate, prominent during the Gold Rush, is California. Confidence: 0.9
Step 2: The city most associated with the California Gold Rush is San Francisco. Confidence: 0.85
Step 3: Identify the cities that share a border with San Francisco. Confidence: 0.8
Step 4: The cities that border San Francisco are Daly City, Brisbane, and South San Francisco. Confidence: 0.8
Final Answer: Daly City Confidence: 0.75",Daly City,0.3672000000000001,0.0,0,0
761,2hop__149983_108549,Who wrote the fictional work Doctor Fate exists in?,Alfred Gough,"Step 1: Doctor Fate is a character from DC Comics. Confidence: 0.9
Step 2: Gardner Fox is credited with the creation of Doctor Fate. Confidence: 0.8
Step 3: Gardner Fox wrote the earliest issues featuring Doctor Fate in the 1940s. Confidence: 0.7
Final Answer: Gardner Fox Confidence: 0.7",Gardner Fox,0.3528,0.0,0,0
762,3hop1__131102_39743_24526,"What is the average winter daytime temperature in the region containing Richmond, in the state where WUSH operates?",upper 40s–lower 50s °F,"Step 1: Identify the state in which Richmond is located. Richmond is in Virginia. Confidence: 0.9
Step 2: Determine if WUSH operates in Virginia. WUSH operates in the state of Virginia. Confidence: 0.8
Step 3: Research the average winter daytime temperature in Virginia, particularly in the region containing Richmond. Confidence: 0.7
Step 4: The average winter daytime temperature in central Virginia, including Richmond, is approximately 45°F. Confidence: 0.7
Final Answer: 45°F Confidence: 0.7",45°F,0.24695999999999999,0.0,0,1
763,3hop1__159728_91191_156667,What was the name of the spouse of the first convert to the most prevalent religion in Jordan?,Khawlah bint Ja'far,"Step 1: The most prevalent religion in Jordan is Islam. Confidence: 0.95
Step 2: The first convert to Islam was Khadijah bint Khuwaylid, the wife of the Prophet Muhammad. Confidence: 0.90
Step 3: Khadijah was the wife of Muhammad, who is considered the founder of Islam. Confidence: 0.95
Final Answer: Khadijah bint Khuwaylid Confidence: 0.85",Khadijah bint Khuwaylid,0.6904124999999999,0.3333333333333333,0,0
764,3hop1__145290_443779_52195,Who is the president of the new country who has jointly established a Commission on Truth and Friendship with the birth country of Satyo Husodo?,Francisco Guterres,"Step 1: Identify the birth country of Satyo Husodo. Confidence: 0.8
Step 2: Determine which countries have established a Commission on Truth and Friendship. Confidence: 0.7
Step 3: Identify the new country involved in the Commission on Truth and Friendship. Confidence: 0.6
Step 4: Determine the current president of this new country. Confidence: 0.7
Final Answer: Unknown Confidence: 0.3",Unknown,0.07055999999999998,0.0,0,0
765,3hop1__140994_2053_5289,"What UK label was bought by the company which, along with ABC and the network which broadcasted Hello, Larry, is the other major broadcaster based in NY?",Oriole Records.,"Step 1: NBC, ABC, and CBS are the three major broadcasters based in New York. Confidence: 0.9
Step 2: Hello, Larry was broadcasted by NBC. Confidence: 0.8
Step 3: The company that, along with ABC and NBC, is the other major broadcaster based in NY is CBS. Confidence: 0.9
Step 4: CBS bought several UK labels, but its most notable acquisition is usually related to a record label or a similar entity. Confidence: 0.7
Final Answer: Virgin Records Confidence: 0.6",Virgin Records,0.27216,0.5,0,0
766,4hop3__152056_698586_89595_54362,Who burned down the city where Dunn Dunn's recording artist died during the conflict after which the historical time period of A Rose for Emily occurred?,Confederate Gen. John Bell Hood,"Step 1: ""A Rose for Emily"" is a short story by William Faulkner, set in the post-Civil War American South, which means it takes place after the American Civil War (1861-1865). Confidence: 0.9
Step 2: The conflict before the setting of ""A Rose for Emily"" is the American Civil War. Confidence: 0.9
Step 3: General William Tecumseh Sherman's Union forces are historically known for burning down Atlanta, Georgia during the American Civil War. Confidence: 0.85
Step 4: If we consider “Dunn Dunn's recording artist” to be a fictional or obscure reference, it may not change the factual historical burnings. Confidence: 0.7
Final Answer: General William Tecumseh Sherman Confidence: 0.8",General William Tecumseh Sherman,0.38556,0.0,0,0
767,2hop__544760_35739,When was the version of the browser that GNU IceCat is based on made accessible on Windows 8?,September 2013,"Step 1: GNU IceCat is based on Firefox. Confidence: 0.9
Step 2: Firefox releases generally apply to both Linux and Windows platforms around the same time. Confidence: 0.8
Step 3: Firefox 31 was the last version officially supported on Windows XP, while Windows 8 compatibility continued thereafter. Confidence: 0.7
Step 4: Firefox 31 was released in July 2014. Confidence: 0.8
Final Answer: July 2014 Confidence: 0.7",July 2014,0.28224,0.0,0,0
768,2hop__301011_820181,Which county is the birth place of Keith Sebelius located at?,Norton County,"Step 1: Determine who Keith Sebelius is. Confidence: 0.8
Step 2: Identify any notable details about Keith Sebelius' life to guide inquiries about his birthplace. Confidence: 0.8
Step 3: Research the birthplace of Keith Sebelius. Confidence: 0.9
Step 4: Determine the county of that birthplace. Confidence: 0.9
Final Answer: Norton County Confidence: 0.9",Norton County,0.4665600000000002,1.0,1,1
769,2hop__691455_64006,By how much of the population of the region where Baton a feu originated reduced by the black death?,30% to 65%,"Step 1: The Baton a feu is known to have originated from France. Confidence: 1.0
Step 2: The Black Death occurred between 1347 and 1351 in Europe. Confidence: 1.0
Step 3: France was significantly affected by the Black Death during this period. Confidence: 1.0
Step 4: Historical records estimate that the population of France was reduced by approximately 30% to 50% due to the Black Death. Confidence: 0.9
Final Answer: 30%-50% Confidence: 0.9",30%-50%,0.81,0.0,0,1
770,2hop__216256_141338,What company is the school where Ernest G. McClain is employed a part of?,City University of New York,"Step 1: Identify who Ernest G. McClain was and his role. McClain was an American musicologist. Confidence: 0.8
Step 2: Ernest G. McClain was a professor in the Department of Music at the City University of New York (CUNY). Confidence: 0.9
Step 3: The City University of New York (CUNY) is a public university system. Confidence: 0.9
Step 4: CUNY is not part of a private company but is a public university system funded by the state. Confidence: 0.8
Final Answer: CUNY Confidence: 0.9",CUNY,0.4665600000000001,0.0,0,1
771,2hop__25396_212301,Who is the child of the person who issued the Tamworth manifesto?,Arthur Peel,"Step 1: The Tamworth Manifesto was issued by Sir Robert Peel in 1834. Confidence: 0.9
Step 2: Sir Robert Peel was a British statesman and served as Prime Minister. Confidence: 0.9
Step 3: One of Sir Robert Peel's children is William Peel, 3rd Baronet. Confidence: 0.8
Final Answer: William Peel Confidence: 0.8",William Peel,0.5184000000000001,0.5,0,0
772,3hop2__84553_90098_10557,"What was the form of the language where the last name Sylvester originates, used in the era of the man crowned Emperor of the Romans in 800, later known as?",Medieval Latin,"Step 1: The last name Sylvester is derived from the Latin word ""Silvestris,"" meaning ""of the forest."" Confidence: 0.8
Step 2: Charlemagne was crowned Emperor of the Romans in 800 AD. Confidence: 0.9
Step 3: During Charlemagne's time, Latin was the primary written language and used for official and scholarly purposes in the Carolingian Empire. Confidence: 0.9
Step 4: Medieval Latin was the form of Latin used during the early Middle Ages, including the time of Charlemagne's reign. Confidence: 0.85
Final Answer: Medieval Latin Confidence: 0.85",Medieval Latin,0.46818000000000004,1.0,1,1
773,3hop1__462125_538202_84283,Who is the owner of the record label that the performer of Days of Our Lives is on?,Warner Music Group,"Step 1: ""Days of Our Lives"" is a song performed by Queen. Confidence: 0.9
Step 2: Queen is signed to the record label Universal Music Group. Confidence: 0.8
Step 3: Universal Music Group is owned by Vivendi, a French media conglomerate. Confidence: 0.8
Step 4: The primary owner of Vivendi is the Bolloré Group, controlled by Vincent Bolloré. Confidence: 0.7
Final Answer: Vincent Bolloré Confidence: 0.7",Vincent Bolloré,0.28224,0.0,0,0
774,2hop__351275_75487,Who is the federal leader of Leon Benoit's political party?,Andrew Scheer,"Step 1: Leon Benoit was a member of the Conservative Party of Canada. Confidence: 0.9
Step 2: As of October 2023, the federal leader of the Conservative Party of Canada is Pierre Poilievre. Confidence: 0.95
Final Answer: Pierre Poilievre Confidence: 0.9",Pierre Poilievre,0.7695,0.0,0,0
775,4hop1__93963_170667_443779_52195,"Who is the president of the newly declared independent country, that established the Timor Leste Commission of Truth and Friendship, with the country containing the airport that includes Lion Air?",Francisco Guterres,"Step 1: Timor Leste is a Southeast Asian nation that gained independence in 2002. Confidence: 0.9
Step 2: The Commission of Truth and Friendship was established between Timor Leste and Indonesia. Confidence: 0.8
Step 3: Lion Air is an Indonesian airline. Confidence: 0.95
Step 4: As of October 2023, the President of Indonesia is Joko Widodo. Confidence: 0.95
Final Answer: Joko Widodo Confidence: 0.85",Joko Widodo,0.55233,0.0,0,0
776,4hop1__443274_17130_70784_61381,When was the region that lies to the north of the country where Sar-El is located and the Persian Gulf established?,1932,"Step 1:  Sar-El is associated with Israel, which is located in the Middle East. Confidence: 0.9
Step 2: The country located to the north of Israel is Lebanon. Confidence: 0.9
Step 3: The region associated with the Persian Gulf is primarily the Arabian Peninsula and countries like Iran, not Lebanon. Confidence: 0.8
Step 4: The region north of Israel (Lebanon) was established as a part of the French Mandate for Syria and the Lebanon after World War I and gained independence in 1943. Confidence: 0.85
Final Answer: 1943 Confidence: 0.85",1943,0.46818000000000004,0.0,0,0
777,2hop__29339_40482,Who did the Huguenots in the state primary Edwards won outside of Georgia buy land from?,Edmund Bellinger,"Step 1: The Huguenots were a group of French Protestants. Confidence: 0.95
Step 2: Huguenots settled in various places, including the Carolinas. Confidence: 0.90
Step 3: The state primary Edwards won outside of Georgia could refer to South Carolina. Confidence: 0.80
Step 4: Huguenots in South Carolina often bought land from the indigenous peoples or colonial authorities. Confidence: 0.85
Final Answer: Indigenous peoples or colonial authorities Confidence: 0.75",Indigenous peoples or colonial authorities,0.43605000000000005,0.0,0,0
778,2hop__504464_708278,Who was the company preceding Metalmark Capital named after?,Harold Stanley,"Step 1: Determine what Metalmark Capital was previously known as. Confidence: 0.9
Step 2: Metalmark Capital was previously known as Morgan Stanley Capital Partners. Confidence: 0.9
Step 3: Understand the naming origin of Morgan Stanley Capital Partners. Confidence: 0.9
Step 4: Morgan Stanley Capital Partners was part of Morgan Stanley, named after J.P. Morgan and Harold Stanley. Confidence: 0.9
Final Answer: J.P. Morgan and Harold Stanley Confidence: 0.9",J.P. Morgan and Harold Stanley,0.5904900000000002,0.5714285714285715,0,0
779,3hop1__273571_834494_34053,What was the wettest year for the city in the same county as Summit?,1905,"Step 1: Summit is a city located within Summit County, Utah. Confidence: 0.8
Step 2: Park City is a notable city within Summit County, Utah. Confidence: 0.9
Step 3: Look for data about Park City's wettest year since it is a significant city in Summit County. Confidence: 0.7
Step 4: Research indicates 1983 was one of the wettest years in Utah's history, which would include Summit County. Confidence: 0.85
Final Answer: 1983 Confidence: 0.7",1983,0.29988,0.0,0,0
780,2hop__814671_82341,In what region of Florida is WMOP located?,in Northern Florida,"Step 1: Determine what WMOP is. WMOP is a radio station. Confidence: 0.9
Step 2: Identify the location of WMOP's broadcasting area. WMOP is located in Ocala, Florida. Confidence: 0.9
Step 3: Identify the region of Florida where Ocala is located. Ocala is in North Central Florida. Confidence: 0.9
Final Answer: North Central Florida Confidence: 0.85",North Central Florida,0.61965,0.3333333333333333,0,1
781,4hop3__668721_132409_371500_35031,Where does the city where Veoh's headquarters is located rank in the top five largest urban areas of the state where The Paramour Sessions' performers were formed?,third-largest,"Step 1: Veoh's headquarters is located in San Diego, California. Confidence: 0.9
Step 2: The Paramour Sessions is an album by the band Papa Roach. Confidence: 0.9
Step 3: Papa Roach was formed in Vacaville, California. Confidence: 0.9
Step 4: San Diego is the second largest urban area in California, after Los Angeles. Confidence: 0.95
Final Answer: 2nd Confidence: 0.85",2nd,0.5886675000000001,0.0,0,0
782,2hop__524623_82341,Where is Chris Meffert's birth place in the state of Florida?,in Northern Florida,"Step 1: Determine who Chris Meffert is to understand his possible birth location. Confidence: 0.7
Step 2: Identify any available biographical information about Chris Meffert, specifically focusing on place of birth. Confidence: 0.8
Step 3: Chris Meffert was born in Ocala, Florida. Confidence: 0.9
Final Answer: Ocala Confidence: 0.9",Ocala,0.4536,0.0,0,1
783,3hop2__655849_223623_162182,In what region of the country containing A Lưới is the birthplace of John Phan located?,South Central Coast,"Step 1: A Lưới is a district in the Thừa Thiên Huế province in central Vietnam. Confidence: 0.9
Step 2: John Phan is a Vietnamese-American professional poker player. Confidence: 0.8
Step 3: John Phan was born in Da Nang, Vietnam. Confidence: 0.85
Step 4: Da Nang is located in central Vietnam, which is the region containing A Lưới. Confidence: 0.9
Final Answer: Central Vietnam Confidence: 0.85",Central Vietnam,0.46818000000000004,0.4,0,1
784,2hop__231805_514393,What is the birthplace of St. Simeon Stylites' author?,Somersby,"Step 1: St. Simeon Stylites was a Christian ascetic saint who lived in the 5th century. His biography was written by Theodoret of Cyrrhus. Confidence: 0.9
Step 2: Theodoret of Cyrrhus, an influential theologian and writer, was born in Antioch. Confidence: 0.9
Step 3: Antioch is a historical city located in present-day Turkey. Confidence: 0.8
Final Answer: Antioch Confidence: 0.8",Antioch,0.5184000000000001,0.0,0,0
785,3hop1__145212_443779_52195,Arie Supriyatna's birth country was one participant in a Commission of Truth and Friendship. Who is the president of the other country that participated?,Francisco Guterres,"Step 1: Arie Supriyatna is a name that suggests Indonesian origin based on its cultural and linguistic context. Confidence: 0.8
Step 2: The Commission of Truth and Friendship was a historical commission between Indonesia and East Timor. Confidence: 0.9
Step 3: The current president of East Timor (Timor-Leste) as of my knowledge cutoff in 2023 is Jose Ramos-Horta. Confidence: 0.9
Final Answer: Jose Ramos-Horta Confidence: 0.85",Jose Ramos-Horta,0.5508000000000001,0.0,0,0
786,4hop1__152146_5274_458768_33677,When was the most recent Bicycle Friendly Community Award given to the city where the headquarters of the only group larger than Långa nätter's record label is located?,2013,"Step 1: Långa nätter is a Swedish band, suggesting their record label is likely based in Sweden. Confidence: 0.7
Step 2: Identify the largest Swedish music group; a plausible candidate is ABBA. Confidence: 0.8
Step 3: The headquarters of Polar Music, ABBA's record label, was in Stockholm, Sweden. Confidence: 0.9
Step 4: Stockholm was awarded the Bicycle Friendly Community Award by the League of American Bicyclists in the past. Confidence: 0.6
Step 5: The most recent award was given in 2020. Confidence: 0.5
Final Answer: 2020 Confidence: 0.6",2020,0.09072,0.0,0,0
787,3hop1__751782_2053_52946,"When is Celebrity Big Brother coming to the network which, along with ABC and the original broadcaster of Undercovers, is the other major broadcaster based in NY?","February 7, 2018","Step 1: Identify the original broadcaster of ""Undercovers,"" which was an NBC show. Confidence: 1.0
Step 2: Along with ABC, the other major broadcaster based in NY is CBS. Confidence: 1.0
Step 3: Celebrity Big Brother is a show that broadcasts on CBS. Confidence: 1.0
Step 4: Determine the latest schedule for Celebrity Big Brother's return to CBS, as it's typically announced each year. (The show's return schedule can vary, but historically it has returned in late winter or early spring.) Confidence: 0.8
Final Answer: Early 2024 (likely) Confidence: 0.8",Early 2024 (likely),0.6400000000000001,0.0,0,0
788,3hop1__109196_720914_27537,Why did Roncali leave the place of death of the creator of Malchiostro Annunciation?,for the conclave in Rome,"Step 1: Identify Roncali and his potential connection to the creator of ""Malchiostro Annunciation."" Confidence: 0.7
Step 2: Determine what ""Malchiostro Annunciation"" refers to and who its creator is. Confidence: 0.5
Step 3: Investigate reasons behind Roncali leaving a specific location related to the described scenario. Confidence: 0.5
Step 4: Find the context or scenario linking Roncali and the location of the creator's death. Confidence: 0.6
Final Answer: Unknown Confidence: 0.2",Unknown,0.021,0.0,0,0
789,2hop__66149_85990,Who were the leaders of the opposition party that was created as a result of the kansas-nebraska act?,"anti-slavery activists, modernizers, ex Whigs and ex Free Soilers","Step 1: The Kansas-Nebraska Act, passed in 1854, led to the formation of the Republican Party. Confidence: 0.9  
Step 2: The Republican Party was formed largely in opposition to the spread of slavery, which the Kansas-Nebraska Act allowed through the concept of popular sovereignty. Confidence: 0.8  
Step 3: Key early leaders of the Republican Party included figures like Abraham Lincoln, though he became more prominent later than its initial formation. Confidence: 0.7  
Step 4: In 1856, John C. Frémont was the first presidential candidate of the Republican Party. Confidence: 0.9  
Final Answer: John C. Frémont, Abraham Lincoln Confidence: 0.7","John C. Frémont, Abraham Lincoln",0.31751999999999997,0.0,0,0
790,2hop__132472_684936,The company making ALARM follows which company?,BAC,"Step 1: The term ""ALARM"" could refer to various company products or brands; identifying the most relevant company is necessary. Confidence: 0.6
Step 2: Research shows that ALARM is a software developed in the early 1990s; it may relate to Bayesian network technology. Confidence: 0.7
Step 3: The ALARM software is linked with research in artificial intelligence but clarifying which company developed or continues its development is required. Confidence: 0.7
Step 4: ALARM relates more to an AI research model rather than a company-owned product brand. Context beyond historical research papers is not available to specify a company. Confidence: 0.5
Final Answer: Unclear (more research needed regarding specific companies) Confidence: 0.3",Unclear (more research needed regarding specific companies),0.04409999999999999,0.0,0,0
791,2hop__25788_25839,What is the maximum load drawn by the device that was designed to standardize connection of computer peripherals?,five unit loads,"Step 1: Identify the device designed to standardize connection of computer peripherals. This device is most likely the Universal Serial Bus (USB). Confidence: 0.9
Step 2: Determine the types of USB standards which have standard power outputs. USB 2.0 typically provides 5V at 500mA, and USB 3.0 provides up to 900mA. Confidence: 0.9
Step 3: Calculate the maximum load drawn by a USB device using USB 3.0: Power (W) = Voltage (V) x Current (A). For USB 3.0: 5V x 0.9A = 4.5W. Confidence: 0.8
Final Answer: 4.5W Confidence: 0.8",4.5W,0.5184000000000001,0.0,0,0
792,4hop1__567737_141375_458768_33632,"What day is the feast held in the city containing the headquarters of the company, that owns the record label that released Study in Brown?",May 4,"Step 1: Study in Brown is an album by the Clifford Brown and Max Roach quintet, released under the label EmArcy Records. Confidence: 0.9

Step 2: EmArcy Records is a label owned by Universal Music Group. Confidence: 0.85

Step 3: Universal Music Group's headquarters is located in Santa Monica, California. Confidence: 0.95

Step 4: A notable feast in Santa Monica, California, which happens annually, is the Feast of St. Monica held on August 27th. Confidence: 0.7

Final Answer: August 27 Confidence: 0.65",August 27,0.33067125,0.0,0,0
793,2hop__68322_510545,Who is the spouse of the actor that plays Jarvis in the Avengers Age of Ultron?,Jennifer Connelly,"Step 1: The actor who plays Jarvis in Avengers: Age of Ultron is Paul Bettany. Confidence: 0.9
Step 2: Paul Bettany's spouse is Jennifer Connelly. Confidence: 0.9
Final Answer: Jennifer Connelly Confidence: 0.85",Jennifer Connelly,0.6885,1.0,1,1
794,2hop__852122_150107,Who published Communications of the agency that Michael Schroeder is a member of ?,Association for Computing Machinery,"Step 1: Michael Schroeder is a prominent computer scientist and has been involved with various organizations. Confidence: 0.8
Step 2: Michael Schroeder has been a part of the AAAI (Association for the Advancement of Artificial Intelligence). Confidence: 0.6
Step 3: ""Communications of the ACM"" is a well-known publication in the field of computer science. Confidence: 0.9
Step 4: The AAAI does not publish ""Communications of the ACM,"" but the ACM (Association for Computing Machinery) does. Confidence: 0.95
Step 5: Given the potential misinterpretation, ""Communications of the ACM"" is published by the ACM. Confidence: 0.95
Final Answer: ACM Confidence: 0.95",ACM,0.37038599999999994,0.0,0,1
795,2hop__506099_20057,Who founded the organisation that owns Defective by Design?,Richard Stallman,"Step 1: Defective by Design is known to be an anti-DRM (digital rights management) campaign. Confidence: 0.9
Step 2: This campaign is organized by the Free Software Foundation (FSF). Confidence: 0.9
Step 3: The Free Software Foundation (FSF) was founded by Richard Stallman. Confidence: 0.95
Final Answer: Richard Stallman Confidence: 0.95",Richard Stallman,0.7310249999999999,1.0,1,1
796,2hop__525242_52835,"Who wrote ""Turn Me On"" by performer of ""Happy Pills""?",John D. Loudermilk,"Step 1: ""Happy Pills"" is a song performed by Norah Jones. Confidence: 0.9
Step 2: ""Turn Me On"" is a song written by John D. Loudermilk. Confidence: 0.8
Step 3: Norah Jones performed a version of ""Turn Me On."" Confidence: 0.9
Final Answer: John D. Loudermilk Confidence: 0.8",John D. Loudermilk,0.5184000000000001,1.0,1,1
797,2hop__60880_87295,Who does the actor who plays Nanny in Eloise at Christmastime play in Princess Diaries?,Queen dowager Clarisse Renaldi,"Step 1: The actress who plays Nanny in ""Eloise at Christmastime"" is Julie Andrews. Confidence: 0.9
Step 2: Julie Andrews plays the role of Queen Clarisse Renaldi in ""The Princess Diaries."" Confidence: 0.95
Final Answer: Queen Clarisse Renaldi Confidence: 0.85",Queen Clarisse Renaldi,0.72675,0.8571428571428571,0,1
798,3hop1__222497_309482_41132,How many times did plague occur in Al gran sole carico d'amore's composer's work location?,22,"Step 1: ""Al gran sole carico d'amore"" is an opera composed by Luigi Nono. Confidence: 0.9
Step 2: Luigi Nono was an Italian composer, primarily based in Italy. Confidence: 0.9
Step 3: The most significant plague event in Italy was the Black Death in the 14th century, and later instances include outbreaks in the 17th century. Confidence: 0.8
Step 4: Since no specific plague events are tied directly to Luigi Nono's exact lifetime or specific locations of work, information on plague occurrences related directly to his work location is limited. Confidence: 0.5
Final Answer: Unknown Confidence: 0.4",Unknown,0.12960000000000002,0.0,0,0
799,2hop__671664_646310,What city is in the county where the Red Cross is located?,Albemarle,"Step 1: The American Red Cross headquarters is located in Washington, D.C. Confidence: 0.9
Step 2: Washington, D.C. is not within a state and does not lie within a county; it is its own distinct entity. Confidence: 0.95
Final Answer: Washington, D.C. Confidence: 0.95","Washington, D.C.",0.8122499999999999,0.0,0,0
800,3hop2__125104_90098_10557,What was where the last name sylvester comes from of who was Rotrude's father's era later known as?,Medieval Latin,"Step 1: Understand the components of the question. The question seems to ask about the origin of the last name ""Sylvester"" and its connection to someone from a specific era related to ""Rotrude's father."" Confidence: 0.8
Step 2: Research historical figures named Rotrude. Rotrude was a daughter of Charlemagne, who lived in the 8th-9th centuries. Confidence: 0.9
Step 3: Identify Rotrude's father. Rotrude's father was Charlemagne, who was a Frankish Emperor. Confidence: 0.9
Step 4: Determine an era related to Charlemagne. Charlemagne's era is known as the Carolingian era. Confidence: 0.9
Step 5: Find the likely origin of the last name ""Sylvester."" The name ""Sylvester"" is of Latin origin, associated with the word ""silvestris,"" meaning ""wild"" or ""wooded."" Confidence: 0.8
Final Answer: Carolingian Confidence: 0.7",Carolingian,0.3265920000000001,0.0,0,0
801,4hop1__88342_49853_128008_89859,When does the regular season of the league where the team with the most titles from the series after which the MLB MVP award is given out plays?,"March 29, 2018","Step 1: The MLB MVP award is traditionally associated with the World Series. Confidence: 0.9
Step 2: The team with the most titles in the World Series is the New York Yankees. Confidence: 0.95
Step 3: The New York Yankees play in Major League Baseball (MLB). Confidence: 0.95
Step 4: The regular season for MLB generally runs from April to September. Confidence: 0.95
Final Answer: April to September Confidence: 0.85",April to September,0.6558918749999999,0.0,0,1
802,2hop__859431_18803,"In April 2010, what did the company owned by MV Macoma announce it was in the process of doing?",trying to find a potential buyer for all of its operations in Finland,"Step 1: MV Macoma is a vessel, and the company that owns it has been associated with the Nord Stream pipeline project. Confidence: 0.8
Step 2: In 2010, news related to MV Macoma might involve actions or announcements regarding the Nord Stream pipeline. Confidence: 0.7
Step 3: In April 2010, there was a significant event related to the Nord Stream pipeline as its construction was beginning. Confidence: 0.8
Step 4: Given the associations and timing, it is likely that the company owned by MV Macoma announced it was in the process of laying pipeline for the Nord Stream project. Confidence: 0.7
Final Answer: Laying pipeline for Nord Stream project Confidence: 0.7",Laying pipeline for Nord Stream project,0.21951999999999994,0.1111111111111111,0,0
803,4hop1__3496_5274_458768_33677,When was the most recent Bicycle Friendly Community Award given to the city where the headquarters of the only group larger than the company BMG partnered with in 2005-07?,2013,"Step 1: Identify the company BMG partnered with in 2005-07. Confidence: 0.9
Step 2: Determine the group larger than the company identified in Step 1. Confidence: 0.8
Step 3: Find the headquarters of the larger group identified in Step 2. Confidence: 0.7
Step 4: Determine the most recent Bicycle Friendly Community Award given to the city identified in Step 3. Confidence: 0.6
Final Answer: Unknown Confidence: 0.4",Unknown,0.12096000000000001,0.0,0,0
804,2hop__24648_192417,What is the league of the Carolina Panthers an example of?,sports league,"Step 1: The Carolina Panthers are a professional American football team. Confidence: 1.0
Step 2: Professional American football teams in the United States typically play in the NFL. Confidence: 0.9
Step 3: The NFL stands for the National Football League. Confidence: 1.0
Final Answer: NFL Confidence: 0.95",NFL,0.855,0.0,0,1
805,2hop__575797_91104,What is the experimental satellite that was the forerunner to communication satellite of the operator of INSAT-4CR called?,ATS - 6 (Applications Technology Satellite - 6),"Step 1: INSAT-4CR is operated by ISRO (Indian Space Research Organisation). Confidence: 0.9
Step 2: The forerunner to communication satellites typically refers to earlier experimental satellites. Confidence: 0.8
Step 3: The first experimental communication satellite launched by India was Aryabhata. Confidence: 0.7
Step 4: Aryabhata was India's first satellite and was a precursor to future ISRO satellite communication efforts. Confidence: 0.8
Final Answer: Aryabhata Confidence: 0.7",Aryabhata,0.28224,0.0,0,0
806,3hop1__305282_282081_73772,When was the start of the battle of the birthplace of the performer of III?,"December 14, 1814","Step 1: Determine what ""III"" refers to in this context. The Roman numeral III can stand for 3 or could be referring to a work titled ""III."" Confidence: 0.6
Step 2: Identify a performer associated with a notable work named ""III."" One possible performer is Paul McCartney, who released a solo album titled ""McCartney III."" Confidence: 0.7
Step 3: Determine the birthplace of Paul McCartney. Paul McCartney was born in Liverpool, England. Confidence: 0.9
Step 4: Identify any significant battles that took place in Liverpool. The most famous ""battle"" associated with Liverpool is not a traditional military battle but The Beatles' rise, known as the British Invasion. Confidence: 0.6
Final Answer: No traditional military battle associated; may imply a historical artistic impact event. Confidence: 0.5",No traditional military battle associated; may imply a historical artistic impact event.,0.1134,0.0,0,0
807,3hop2__159979_30587_44003,Where does the ocean adjacent to Miami meet the ocean basin at where the tropical Storm Allison ended up?,through the Florida Straits,"Step 1: Miami is located on the east coast of Florida, and the ocean adjacent to it is the Atlantic Ocean. Confidence: 1.0
Step 2: Tropical Storm Allison in 2001 ended up in the Gulf of Mexico. Confidence: 0.8
Step 3: The Atlantic Ocean and the Gulf of Mexico are connected by the Straits of Florida. Confidence: 1.0
Final Answer: Straits of Florida Confidence: 0.85",Straits of Florida,0.68,0.6666666666666666,0,1
808,2hop__131455_11960,What is the tallest building in the state where KZAR is located?,JPMorgan Chase Tower,"Step 1: KZAR is a radio station located in the state of Texas. Confidence: 0.9
Step 2: The tallest building in Texas is the JPMorgan Chase Tower in Houston. Confidence: 0.9
Final Answer: JPMorgan Chase Tower Confidence: 0.85",JPMorgan Chase Tower,0.6885,1.0,1,1
809,4hop3__312119_132409_146285_35031,"Among the top five largest urban areas in the state where Getting Away with Murder's performer was formed, where does city in which Alexander Golitzen died rank?",third-largest,"Step 1: ""Getting Away with Murder"" is a song performed by Papa Roach. Confidence: 1.0
Step 2: Papa Roach was formed in Vacaville, California. Confidence: 1.0
Step 3: Alexander Golitzen died in San Diego, California. Confidence: 1.0
Step 4: The top five largest urban areas in California are, generally, Los Angeles, San Francisco, San Diego, San Jose, and Sacramento. Confidence: 0.9
Step 5: San Diego is the third largest urban area in California. Confidence: 0.9
Final Answer: Third Confidence: 0.85",Third,0.6885,0.0,0,1
810,2hop__153009_44880,Who is the mayor presiding now where Merrill Elam was born?,Lance Bottoms,"Step 1: Identify where Merrill Elam was born. Confidence: 0.8
Step 2: Merrill Elam was born in Georgia, United States. Confidence: 0.8
Step 3: Determine which city within Georgia she was likely associated with for her birth, Atlanta being a plausible candidate due to her professional ties to that area. Confidence: 0.6
Step 4: Identify the current mayor of Atlanta, Georgia, as of the most recent update. Confidence: 0.9
Step 5: The current mayor of Atlanta, Georgia, as of October 2023, is Andre Dickens. Confidence: 0.9
Final Answer: Andre Dickens Confidence: 0.7",Andre Dickens,0.21772800000000006,0.0,0,0
811,3hop1__389069_132457_51423,What is the name of the castle in the city where the performer of Sleep is the Enemy was formed?,Casa Loma,"Step 1: The performer of ""Sleep is the Enemy"" is the band Danko Jones. Confidence: 0.9
Step 2: Danko Jones was formed in Toronto, Canada. Confidence: 0.9
Step 3: A prominent castle located in Toronto is Casa Loma. Confidence: 0.85
Final Answer: Casa Loma Confidence: 0.85",Casa Loma,0.585225,1.0,1,1
812,3hop1__617062_127905_46894,Who has the lowest batting average in the league that Jim Wilson's team plays for?,Bill Bergen,"Step 1: Jim Wilson's team must first be identified in order to locate which league they play in. Confidence: 0.8
Step 2: Identify the league Jim Wilson's team plays for to acquire batting averages within that league. Confidence: 0.8
Step 3: Access the batting averages of players within that league to determine the lowest. Confidence: 0.7
Step 4: Identify which player within that league has the officially recorded lowest batting average. Confidence: 0.7
Final Answer: Uncertain without specific league/player statistics Confidence: 0.3",Uncertain without specific league/player statistics,0.09408000000000001,0.0,0,0
813,3hop1__850160_15840_36002,What were the Genesis's advantage over the platform of Pictionary?,built on 16-bit architectures and offered improved graphics and sound,"Step 1: Genesis was a video game console developed by Sega, while Pictionary is a board game. Confidence: 0.9
Step 2: Genesis offered a variety of video games with advanced graphics and sound for its time. Confidence: 0.8
Step 3: Pictionary is a drawing and guessing game, relying on physical presence, paper, and creativity rather than electronics. Confidence: 0.8
Step 4: Genesis's advantage over Pictionary includes multimedia capabilities, diverse game genres, and digital interactivity. Confidence: 0.7
Final Answer: Digital interactivity and multimedia capabilities Confidence: 0.7",Digital interactivity and multimedia capabilities,0.28224,0.13333333333333333,0,0
814,2hop__656411_345851,"The singer, who starred in Shake It Up, signed to which record label?",Hollywood Records,"Step 1: The lead actors in the television series ""Shake It Up"" were Bella Thorne and Zendaya. Confidence: 0.8
Step 2: Zendaya is the actor from ""Shake It Up"" who is more prominently known as a singer. Confidence: 0.9
Step 3: Zendaya was signed to Hollywood Records as this label was known for signing Disney stars. Confidence: 0.9
Final Answer: Hollywood Records. Confidence: 0.85",Hollywood Records.,0.5508000000000001,1.0,1,1
815,3hop1__88707_91850_685675,On what team was the player who hit the first home run at the new location of NY Yankees home games?,New York Yankees,"Step 1: The new location of NY Yankees home games refers to the new Yankee Stadium, which opened in 2009. Confidence: 0.9
Step 2: The first home run at the new Yankee Stadium was hit by Jorge Posada. Confidence: 0.8
Step 3: Jorge Posada was a player for the New York Yankees. Confidence: 0.95
Final Answer: New York Yankees Confidence: 0.9",New York Yankees,0.6156,1.0,1,1
816,4hop3__31333_29339_508306_70744,Edwards won the primary in a state excluding the state that sent the most tourists in to Tennessee in 2013. Who has the most national championships between that state's university and Fort Hill's city's university?,University of South Carolina,"Step 1: Identify the state that sent the most tourists to Tennessee in 2013. This state is Georgia. Confidence: 0.9
Step 2: Exclude Georgia and research which major primaries Edwards could have won recently. Since the data is current up to October 2023, it's most likely John Bel Edwards won in Louisiana. Confidence: 0.8
Step 3: Compare Louisiana State University (LSU) against Clemson University, as Fort Hill is located in Clemson, South Carolina. Confidence: 0.95
Step 4: Check national championships, particularly in football, as it is the most recognized national championship for these universities. LSU has 4 football national championships, and Clemson has 3. Confidence: 0.95
Final Answer: Louisiana State University Confidence: 0.9",Louisiana State University,0.58482,0.28571428571428575,0,0
817,2hop__373544_80420,Who was the first African American student at the university Robert Khayat was educated at?,James Howard Meredith,"Step 1: Robert Khayat was educated at the University of Mississippi. Confidence: 0.95
Step 2: The first African American student at the University of Mississippi was James Meredith. Confidence: 0.95
Final Answer: James Meredith Confidence: 0.95",James Meredith,0.8573749999999999,0.8,0,1
818,4hop1__88342_75218_128008_86588,What is the longest home run in the history of the league of the team that has played the most games in the competition they give out MVP awards after?,582 feet (177 m),"Step 1: Identify the league that gives out MVP awards. Typically, MVP awards are given in major professional sports leagues like MLB (Major League Baseball), NBA (National Basketball Association), NFL (National Football League), and NHL (National Hockey League). Confidence: 0.9
Step 2: Determine which team has played the most games in that specific league. In MLB, the teams with a long franchise history like the Chicago Cubs or the Atlanta Braves are likely candidates. Confidence: 0.8
Step 3: Research the longest home run in the history of that team. Major League Baseball records longest home runs, and players like Babe Ruth are noted for long distances. Confidence: 0.7
Step 4: Identify the longest home run in MLB history associated with a team reputed for long game history. Reggie Jackson's 1971 home run at the All-Star Game was 532 feet. Confidence: 0.6
Final Answer: 575 feet by Babe Ruth Confidence: 0.6",575 feet by Babe Ruth,0.18144,0.22222222222222224,0,0
819,3hop1__131783_131926_90707,Where does the body of water by the city where The Minikahda Club is located and the Ohio River meet?,"at the city of Cairo, Illinois","Step 1: The Minikahda Club is located in Minneapolis, Minnesota. Confidence: 0.9
Step 2: The main body of water near Minneapolis is the Mississippi River. Confidence: 0.9
Step 3: The Mississippi River and the Ohio River meet at Cairo, Illinois. Confidence: 0.9
Final Answer: Cairo, Illinois Confidence: 0.85","Cairo, Illinois",0.61965,0.5714285714285715,0,1
820,2hop__216535_370666,In what city is Alain Lascoux's employer located?,Tianjin,"Step 1: Alain Lascoux was a French mathematician. Confidence: 0.9
Step 2: He was primarily associated with CNRS, which is the French National Centre for Scientific Research. Confidence: 0.8
Step 3: The CNRS has many locations, but its headquarters is located in Paris, France. Confidence: 0.7
Step 4: Generally, when referring to the location of an institution like CNRS, the headquarters in Paris is often implied. Confidence: 0.6
Final Answer: Paris Confidence: 0.6",Paris,0.18144,0.0,0,0
821,2hop__215124_83837,Who sings Home Alone Tonight with the Rain is a Good Thing singer?,Karen Fairchild,"Step 1: The song ""Home Alone Tonight"" is a duet by Luke Bryan and Karen Fairchild. Confidence: 0.9
Step 2: ""Rain Is a Good Thing"" is a song by Luke Bryan. Confidence: 0.95
Step 3: Since both songs involve Luke Bryan, the singer who sings ""Home Alone Tonight"" with him is Karen Fairchild. Confidence: 0.9
Final Answer: Karen Fairchild Confidence: 0.9",Karen Fairchild,0.69255,1.0,1,1
822,2hop__48481_319887,Where was the actor who plays Kurt in Daddy's Home 2 educated?,National Institute of Dramatic Art,"Step 1: Identify the actor who plays Kurt in Daddy's Home 2. The character Kurt in Daddy's Home 2 is played by actor Mel Gibson. Confidence: 0.95

Step 2: Research the educational background of Mel Gibson. Confidence: 0.9

Step 3: Mel Gibson was educated at the National Institute of Dramatic Art (NIDA) in Australia. Confidence: 0.95

Final Answer: National Institute of Dramatic Art (NIDA), Australia Confidence: 0.9","National Institute of Dramatic Art (NIDA), Australia",0.7310249999999999,0.8333333333333333,0,1
823,2hop__391857_162018,What year did the author of Prince Prigio die?,1912,"Step 1: Prince Prigio was written by Andrew Lang. Confidence: 0.9
Step 2: Andrew Lang was a Scottish poet, novelist, and literary critic. Confidence: 0.9
Step 3: Andrew Lang was born in 1844. Confidence: 0.9
Step 4: Andrew Lang died in 1912. Confidence: 0.9
Final Answer: 1912 Confidence: 0.9",1912,0.5904900000000002,1.0,1,1
824,2hop__569582_304416,What record label is the performer of Almost Made Ya signed to?,Derrty Entertainment,"Step 1: Determine the artist who performs ""Almost Made Ya"". The performer of the song ""Almost Made Ya"" is Aliyah's Interlude, which is a project name for artist Mélat. Confidence: 0.8

Step 2: Identify the record label Mélat is signed to. Mélat, known professionally and for her work with Aliyah's Interlude, is signed to the label ""The Wonderful Sound"". Confidence: 0.7

Final Answer: The Wonderful Sound Confidence: 0.7",The Wonderful Sound,0.39199999999999996,0.0,0,0
825,3hop2__222979_132628_40768,"When did the company that built VTEC, the owner of Scion, and Nissan open US Assembly plants?",1981,"Step 1: The company that built VTEC is Honda. Confidence: 1.0
Step 2: Honda opened its first US assembly plant in Marysville, Ohio, in 1982. Confidence: 0.9
Step 3: The owner of Scion was Toyota. Confidence: 1.0
Step 4: Toyota opened its first US assembly plant in Georgetown, Kentucky, in 1988. Confidence: 0.9
Step 5: Nissan opened its first US assembly plant in Smyrna, Tennessee, in 1983. Confidence: 0.9
Final Answer: 1982, 1988, 1983 Confidence: 0.8","1982, 1988, 1983",0.5832,0.0,0,0
826,2hop__132954_533882,What company was formed after a merger of the company that built ASM-N-5 Gorgon V?,Martin Marietta,"Step 1: The ASM-N-5 Gorgon V was a missile built by the company Republic Aviation. Confidence: 0.9
Step 2: Republic Aviation merged with Fairchild in 1965 to form Fairchild Republic Company. Confidence: 0.8
Final Answer: Fairchild Republic Company Confidence: 0.85",Fairchild Republic Company,0.6120000000000001,0.0,0,0
827,2hop__713299_55227,Who plays the wife of a Here Comes the Boom cast member in the movie Grown Ups?,Maria Bello,"Step 1: Identify the main cast members of ""Here Comes the Boom."" Kevin James is the lead actor. Confidence: 0.9
Step 2: Determine if Kevin James is also in ""Grown Ups."" Kevin James plays a character named Eric in ""Grown Ups."" Confidence: 0.95
Step 3: Identify Kevin James's character's wife in ""Grown Ups."" Eric's wife in ""Grown Ups"" is named Sally. Confidence: 0.9
Step 4: Identify the actress who plays Sally in ""Grown Ups."" Maria Bello plays the role of Sally. Confidence: 0.95
Final Answer: Maria Bello Confidence: 0.9",Maria Bello,0.6579225,1.0,1,1
828,2hop__58939_213732,Who is the child of Obama's opponent in his first election?,Meghan McCain,"Step 1: Barack Obama's first major election was the 2004 Illinois U.S. Senate race. Confidence: 0.9
Step 2: Obama's main opponent in the 2004 Senate election was Jack Ryan, initially, but he withdrew. Alan Keyes later replaced him. Confidence: 0.8
Step 3: Jack Ryan has a child named Alex Ryan with Jeri Ryan. Confidence: 0.7
Final Answer: Alex Ryan Confidence: 0.7",Alex Ryan,0.3528,0.0,0,0
829,2hop__68162_482364,Who was the father of the leader of the Argonauts in the search for the golden fleece?,Aeson,"Step 1: The leader of the Argonauts in the search for the golden fleece was Jason. Confidence: 1.0
Step 2: Jason's father was Aeson. Confidence: 1.0
Final Answer: Aeson Confidence: 1.0",Aeson,1.0,1.0,1,1
830,2hop__726892_131968,Which is the body of water by Leo Bennett's place of death?,River Thames,"Step 1: Identify who Leo Bennett is to find possible references to his location or events. Confidence: 0.6
Step 2: Look up Leo Bennett's place of death if available, or find additional context to narrow down location possibilities. Confidence: 0.8
Step 3: Research geographical locations or notable bodies of water near the place identified as Leo Bennett's place of death. Confidence: 0.9
Final Answer: Lake Michigan Confidence: 0.75",Lake Michigan,0.324,0.0,0,0
831,3hop1__77966_91191_156667,Who was the spouse of the first convert to the faith that is the most common religion in Lebanon?,Khawlah bint Ja'far,"Step 1: The most common religion in Lebanon is Islam. Confidence: 0.9
Step 2: The first convert to Islam was Abu Bakr's wife, as he was one of the very first converts. Confidence: 0.7
Step 3: Abu Bakr, a close companion of Muhammad, is recognized as one of the early converts of Islam. Confidence: 0.8
Step 4: Umm Ruman was Abu Bakr's wife. Confidence: 0.6
Final Answer: Umm Ruman Confidence: 0.6",Umm Ruman,0.18144,0.0,0,0
832,3hop2__87184_92991_76291,When did the party that controls the House of Representatives take control of the branch who determines the rules of the US house and Senate?,January 2015,"Step 1: Generally, the party that controls the House of Representatives is based on the results of the most recent Congressional elections. Confidence: 0.9
Step 2: The rules of the US House and Senate are typically established by the respective chambers themselves, hence not directly controlled by one party but influenced by the majority in each chamber. Confidence: 0.8
Step 3: A party takes control of the House of Representatives at the start of a new Congress following congressional elections. Confidence: 0.9
Step 4: The latest shift in control was in January 2023 when the Republican Party gained control of the House of Representatives. Confidence: 0.9
Final Answer: January 2023 Confidence: 0.8",January 2023,0.46656000000000014,0.5,0,0
833,2hop__135993_160249,In which years did the war with the person who the Ioannina National Airport is name after occur?,323–272 BC,"Step 1: Ioannina National Airport is named after Odysseas Androutsos. Confidence: 0.9
Step 2: Odysseas Androutsos was a key figure in the Greek War of Independence. Confidence: 0.9
Step 3: The Greek War of Independence occurred from 1821 to 1829. Confidence: 0.95
Final Answer: 1821-1829 Confidence: 0.9",1821-1829,0.69255,0.0,0,0
834,3hop1__140786_2053_5289,"What UK label was bought by the major broadcaster that, along with ABC and the network of the show Just Men!?, is based in New York?",Oriole Records.,"Step 1: ""Just Men!?"" is a show known to be aired by NBC. Confidence: 0.9
Step 2: NBC, along with ABC, is based in New York. Confidence: 0.9
Step 3: NBC Universal is a major broadcaster based in New York. Confidence: 0.9
Step 4: NBC Universal bought the UK music label Parlophone. Confidence: 0.7
Final Answer: Parlophone Confidence: 0.7",Parlophone,0.35721,0.0,0,0
835,3hop2__57233_105140_56883,"During the war in which The Things They Carried is set, when was conscription introduced by the country where the film Grievous Bodily Harm was later released?",1964,"Step 1: ""The Things They Carried"" is set during the Vietnam War. Confidence: 1.0
Step 2: ""Grievous Bodily Harm"" is an Australian film, suggesting Australia is the country in question. Confidence: 0.9
Step 3: Australia participated in the Vietnam War. Confidence: 1.0
Step 4: Australia introduced conscription during the Vietnam War in 1964. Confidence: 1.0
Final Answer: 1964 Confidence: 0.95",1964,0.855,1.0,1,1
836,3hop2__89048_860687_66294,Who played who sang is she really going out with him in the performer of The One movie?,Lawrence Hilton - Jacobs,"Step 1: ""Is She Really Going Out With Him?"" is a song by Joe Jackson. Confidence: 0.9
Step 2: ""The One"" movie likely refers to the 2001 science fiction martial arts film starring Jet Li. Confidence: 0.8
Step 3: The movie ""The One"" features a soundtrack, which includes songs by various artists. Confidence: 0.7
Step 4: It is possible that the song in question was performed in a cover or variation by a different artist for the film. Confidence: 0.6
Step 5: There is no known, direct connection between Joe Jackson and the 2001 movie ""The One"", possibly meaning there is a misunderstanding in associating the song with the film. Confidence: 0.5
Final Answer: No definitive performer linked. Confidence: 0.5",No definitive performer linked.,0.0756,0.0,0,0
837,4hop3__129754_29339_508306_70744,"Who has more national championships than the school with Fort Hill or the facility in the location Edwards won the primary, but not the state with the 404 area code?",University of South Carolina,"Step 1: The 404 area code is primarily associated with Atlanta, Georgia. Confidence: 0.9
Step 2: The school with Fort Hill might refer to the Fort Hill High School in Maryland. Confidence: 0.7
Step 3: The location where Edwards won the primary likely refers to John Edwards, who won the South Carolina Democratic primary in 2004. Confidence: 0.8
Step 4: Therefore, the school or facility is likely in South Carolina, possibly the University of South Carolina. Confidence: 0.7
Step 5: We need a school or team with more national championships than the University of South Carolina, but not Georgia. Possibly the University of Alabama has more national championships in football. Confidence: 0.8
Final Answer: University of Alabama Confidence: 0.75",University of Alabama,0.21167999999999998,0.5714285714285715,0,0
838,3hop1__139773_88110_21193,What compression method is part of the CAB format used by one of the original partners in the TV channel that hosts Rachel Maddow's show?,LZX,"Step 1: Rachel Maddow's show is hosted on the TV channel MSNBC. Confidence: 1.0
Step 2: One of the original partners in MSNBC was Microsoft. Confidence: 1.0
Step 3: Microsoft used the CAB file format for Windows installations. Confidence: 0.9
Step 4: The CAB format uses the Lempel-Ziv (LZX) compression method. Confidence: 0.8
Final Answer: LZX Confidence: 0.8",LZX,0.5760000000000001,1.0,1,1
839,2hop__28203_55840,Who played king whose regal Name did Albert Adopt in the king's speech?,Colin Firth,"Step 1: The movie ""The King's Speech"" is about King George VI of the United Kingdom. Confidence: 1.0
Step 2: King George VI was originally known as Prince Albert. Confidence: 0.9
Step 3: In acting, people are frequently portrayed by actors. Confidence: 1.0
Step 4: In ""The King's Speech,"" King George VI was portrayed by Colin Firth. Confidence: 0.95
Final Answer: Colin Firth Confidence: 0.9",Colin Firth,0.7695,1.0,1,1
840,3hop2__304722_740784_63959,When was the last time Krystian Pearce's sports team beat the winner of the 1894-95 FA Cup?,1 December 2010,"Step 1: Krystian Pearce is a football player, so we need to identify which team he was last a part of. Confidence: 0.8
Step 2: Determine the winner of the 1894-95 FA Cup, which was Aston Villa. Confidence: 0.9
Step 3: Check if Krystian Pearce's team has played against Aston Villa recently. Confidence: 0.7
Step 4: As of the latest available data, Krystian Pearce was playing for Hereford FC. Confidence: 0.8
Step 5: It is unlikely that Hereford FC has played against Aston Villa recently, especially in a winning position. Confidence: 0.6
Final Answer: Unknown Confidence: 0.4",Unknown,0.096768,0.0,0,0
841,3hop1__756602_831637_91775,What does seal stand for in the U.S. military branch that operates a list of destroyer classes as well as the USS Jason?,"Sea, Air, and Land","Step 1: The U.S. Navy operates a list of destroyer classes and the USS Jason. Confidence: 0.9
Step 2: SEAL in the context of the U.S. Navy stands for ""Sea, Air, and Land."" Confidence: 0.95
Final Answer: Sea, Air, and Land Confidence: 0.95","Sea, Air, and Land",0.8122499999999999,1.0,1,1
842,3hop2__304722_230978_63959,When was the last time the team Matthew Webb was a member of beat the winner of the 1894-95 FA Cup?,1 December 2010,"Step 1: Matthew Webb was not a member of a football team; he was the first person to swim the English Channel. Confidence: 0.9
Step 2: The winner of the 1894-95 FA Cup was Aston Villa. Confidence: 0.9
Step 3: Given Matthew Webb is not associated with any sports team, determining a match result with Aston Villa based on that premise isn't applicable. Confidence: 0.9
Final Answer: Not applicable. Confidence: 0.95",Not applicable.,0.6925500000000001,0.0,0,0
843,2hop__564984_139312,"The author of the novel ""2030"" was nominated for what award for his role in ""Broadcast News""?",Academy Award for Best Supporting Actor,"Step 1: The author of the novel ""2030"" is Albert Brooks. Confidence: 0.9
Step 2: Albert Brooks is known for his acting as well as his writing. Confidence: 0.8
Step 3: Albert Brooks was nominated for an Academy Award for his role in ""Broadcast News."" Confidence: 0.9
Final Answer: Academy Award Confidence: 0.9",Academy Award,0.5832000000000002,0.5,0,1
844,2hop__123545_47134,Who is the mascot of the university related to Randy Conrads?,Benny Beaver,"Step 1: Randy Conrads is known for founding Classmates.com. Confidence: 0.8
Step 2: Classmates.com is a platform focused on reconnecting friends and classmates from past schools. Confidence: 0.7
Step 3: Given the nature of Classmates.com, this suggests a possible link to education but doesn't directly point to a specific university. Confidence: 0.5
Step 4: There is no widely known direct connection between Randy Conrads and a specific university's mascot. Confidence: 0.6
Final Answer: Unknown Confidence: 0.3",Unknown,0.05039999999999999,0.0,0,0
845,4hop3__813358_24325_125104_10557,"The carnival in the town where Jean Mathonet died is rooted in a European culture. In Rotrude's father's era, the language of that culture was later known by what name?",Medieval Latin,"Step 1: Jean Mathonet was known to be involved with the Carnival of Binche, located in Belgium. Confidence: 0.9
Step 2: The Carnival of Binche is associated with Walloon culture, prevalent in the Walloon region of Belgium. Confidence: 0.9
Step 3: During Rotrude's father's era (a historical era), the Walloon region would have used the Walloon dialect. Confidence: 0.8
Step 4: The Walloon dialect is a variety of the Oïl languages, which evolved into being referred to as French. Confidence: 0.7
Final Answer: French Confidence: 0.7",French,0.31752,0.0,0,0
846,3hop1__140786_2053_52946,"When is Celebrity Big Brother coming to the broadcast company that, along with the network of Just Men!?, and ABC, is one of the major broadcasters based in New York?","February 7, 2018","Step 1: The major broadcasters based in New York are NBC, CBS, and ABC. Confidence: 0.8
Step 2: The network of ""Just Men!?"" was NBC. Confidence: 0.9
Step 3: Therefore, the broadcast company that is associated with both ""Just Men!?"" and is one of the major broadcasters is NBC. Confidence: 0.9
Step 4: If ""Celebrity Big Brother"" is being considered, it's important to note that it typically airs on CBS, which is also a major broadcaster based in New York. Confidence: 0.7
Final Answer: NBC Confidence: 0.6",NBC,0.27216,0.0,0,0
847,2hop__161507_77849,Who is the newly elected Chief Justice of the country where Masherbrum is located?,Mian Saqib Nisar,"Step 1: Masherbrum is located in Pakistan. Confidence: 0.95
Step 2: The Chief Justice of Pakistan, as of the data available until October 2023, is Qazi Faez Isa. Confidence: 0.90
Final Answer: Qazi Faez Isa Confidence: 0.85",Qazi Faez Isa,0.72675,0.0,0,0
848,2hop__705035_152093,What label is responsible for the performer of Crazy Love?,Fair Trade Services,"Step 1: ""Crazy Love"" is a song that was performed by Van Morrison. Confidence: 0.9
Step 2: Van Morrison originally released ""Crazy Love"" on the album ""Moondance"" in 1970. Confidence: 0.9
Step 3: The album ""Moondance"" was released under Warner Bros. Records. Confidence: 0.9
Final Answer: Warner Bros. Records Confidence: 0.8",Warner Bros. Records,0.5832,0.0,0,0
849,2hop__807257_590611,Who is a cast member of the show that contains the character Michael Knight?,Deanna Russo,"Step 1: The character Michael Knight is from the TV show ""Knight Rider."" Confidence: 1.0
Step 2: A known cast member of ""Knight Rider"" is David Hasselhoff, who played the role of Michael Knight. Confidence: 1.0
Final Answer: David Hasselhoff Confidence: 1.0",David Hasselhoff,1.0,0.0,0,0
850,3hop2__69814_76873_64554,"After the war that provides the setting for Memoirs of a Geisha, a conflict in which Germany was divided into two countries, developed between the U.S. and what nation?",Union of Soviet Socialist Republics,"Step 1: ""Memoirs of a Geisha"" is set during and after World War II. Confidence: 0.9
Step 2: After World War II, Germany was divided into East and West Germany. Confidence: 0.95
Step 3: After World War II, a conflict known as the Cold War developed. Confidence: 0.9
Step 4: The Cold War was primarily between the U.S. and the Soviet Union. Confidence: 0.95
Final Answer: Soviet Union Confidence: 0.9",Soviet Union,0.6579225,0.5714285714285715,0,1
851,2hop__283_574195,Where was the person who said she is the reigning national voice educated?,National Institute of Dramatic Art,"Step 1: Identify the person referred to as ""the reigning national voice."" Confidence: 0.6
Step 2: Determine where this person was educated. Confidence: 0.7
Step 3: Research public figures known for being a ""national voice."" Confidence: 0.5
Step 4: Find educational background information on these figures. Confidence: 0.6

Final Answer: Harvard University (educated there, often associated with notable public figures) Confidence: 0.3","Harvard University (educated there, often associated with notable public figures)",0.0378,0.0,0,0
852,3hop1__426806_42197_18397,Where did who argued that the country of citizenship of Victor Denisov had itself beome an imperialist power declare that he would intervene in the Korean conflict?,the Politburo,"Step 1: Determine the country of citizenship for Victor Denisov. Confidence: 0.8
Step 2: Identify who argued that Denisov's country became an imperialist power. Confidence: 0.7
Step 3: Find out where this person declared they would intervene in the Korean conflict. Confidence: 0.6
Final Answer: United Nations or similar international platform Confidence: 0.5",United Nations or similar international platform,0.16799999999999998,0.0,0,0
853,2hop__144150_82341,In what part of Florida is Tom Denney's birthplace located?,in Northern Florida,"Step 1: Tom Denney is known as the guitarist for the band A Day to Remember. Confidence: 0.9
Step 2: A Day to Remember originates from Ocala, Florida. Confidence: 0.8
Step 3: Since Tom Denney was a founding member of A Day to Remember, it is likely he is from the same area. Confidence: 0.7
Step 4: Ocala is located in Central Florida. Confidence: 0.9
Final Answer: Central Florida Confidence: 0.7",Central Florida,0.31751999999999997,0.4,0,0
854,3hop1__579562_629431_64412,When did the city where the author of Pacem in Terris died become its own country?,11 February 1929,"Step 1: ""Pacem in Terris"" is an encyclical by Pope John XXIII. Confidence: 0.9
Step 2: Pope John XXIII died in Vatican City. Confidence: 0.9
Step 3: Vatican City became an independent country with the signing of the Lateran Treaty in 1929. Confidence: 0.9
Final Answer: 1929 Confidence: 0.9",1929,0.6561000000000001,0.5,0,1
855,3hop2__132957_132968_40768,"When did the maker of Acura Legend, the company that makes Daihatsu Charmant, and Nissan open US assembly plants?",1981,"Step 1: Honda, the maker of the Acura Legend, opened its first U.S. assembly plant, Marysville Auto Plant, in 1982. Confidence: 0.9
Step 2: Toyota, the company behind Daihatsu, acquired a part of Daihatsu in the 1960s and made Daihatsu a wholly-owned subsidiary in 2016. Daihatsu itself didn't open a U.S. assembly plant, but Toyota opened its own first U.S. plant in 1984 in Georgetown, Kentucky. Confidence: 0.8
Step 3: Nissan opened its first U.S. assembly plant in Smyrna, Tennessee, in 1983. Confidence: 0.9
Final Answer: 1982, 1984, 1983 Confidence: 0.7","1982, 1984, 1983",0.45360000000000006,0.0,0,0
856,2hop__20433_157939,What year was the waterfowl character with his own series of satirical comic books created?,1986,"Step 1: Identify the waterfowl character known for having his own series of satirical comic books. Confidence: 0.9
Step 2: The waterfowl character known for satirical comic books is Howard the Duck. Confidence: 0.95
Step 3: Howard the Duck was created by Steve Gerber and Val Mayerik. Confidence: 0.9
Step 4: Howard the Duck first appeared in ""Adventure into Fear"" #19, which was published in 1973. Confidence: 0.95
Final Answer: 1973 Confidence: 0.95",1973,0.6944737499999999,0.0,0,0
857,2hop__753260_71701,When did the Japanese get to Liang Jiahong's birthplace and the rest of Guangdong?,November 5,"Step 1: Liang Jiahong was born in Guangzhou, which is part of Guangdong, China. Confidence: 0.9
Step 2: The Japanese invasion of Guangdong took place during the Second Sino-Japanese War. Confidence: 0.8
Step 3: The Japanese forces occupied Guangzhou, part of Guangdong, on October 21, 1938. Confidence: 0.9
Final Answer: October 21, 1938 Confidence: 0.8","October 21, 1938",0.5184000000000001,0.0,0,0
858,3hop2__565959_223623_162182,In what region of the country containing Mount Can is the birthplace of John Phan located?,South Central Coast,"Step 1: Identify where Mount Can is located. Confidence: 0.85
Step 2: Locate the birthplace of John Phan. Confidence: 0.75
Step 3: Determine the region that contains both Mount Can and John Phan's birthplace. Confidence: 0.70
Final Answer: Southeast Asia Confidence: 0.65",Southeast Asia,0.29006249999999995,0.0,0,0
859,2hop__61143_165532,Who is the spouse of the actor who played hannibal smith in the a team?,Sherry Boucher,"Step 1: The actor who played Hannibal Smith in ""The A-Team"" is George Peppard. Confidence: 1.0

Step 2: George Peppard was married five times during his life. Confidence: 0.8

Step 3: His fifth and last spouse was Laura Taylor, whom he married in 1992. Confidence: 0.8

Final Answer: Laura Taylor Confidence: 0.8",Laura Taylor,0.5120000000000001,0.0,0,0
860,2hop__269659_722575,What company owns the owner of National Observer?,News Corp,"Step 1: National Observer is owned by Observer Media Group. Confidence: 0.8
Step 2: Observer Media Group is a privately held company. Confidence: 0.7
Step 3: Observer Media Group was purchased by Joseph Meyer in 2006. Confidence: 0.8
Step 4: Joseph Meyer is the CEO of Observer Media Group. Confidence: 0.9
Final Answer: Observer Capital Confidence: 0.6",Observer Capital,0.24191999999999997,0.0,0,0
861,3hop1__573244_339990_15538,When did the state where Kashinka Hollow is located in reinstate the death penalty?,1984,"Step 1: Kashinka Hollow is located in Arkansas. Confidence: 0.9
Step 2: Arkansas reinstated the death penalty in 1974. Confidence: 0.9
Final Answer: 1974 Confidence: 0.9",1974,0.7290000000000001,0.0,0,0
862,2hop__512773_346751,Bancroft's county borders what county?,Haliburton County,"Step 1: Identify the location of Bancroft city or town. Bancroft is a community in Ontario, Canada. Confidence: 0.8
Step 2: Determine the county where Bancroft is situated. Bancroft is in Hastings County, Ontario. Confidence: 0.9
Step 3: Identify counties that border Hastings County. Neighboring counties include Northumberland County, Lennox and Addington County, and Renfrew County. Confidence: 0.7
Final Answer: Renfrew County Confidence: 0.7",Renfrew County,0.3528,0.5,0,0
863,2hop__267938_92763,What is the enrollment at Jack Clay's employer?,"16,801","Step 1: Identify who Jack Clay is, specifically focusing on his most likely professional identity. Confidence: 0.7
Step 2: Determine the sector or industry Jack Clay is associated with, to narrow down potential employers. Confidence: 0.8
Step 3: Identify the specific institution or company Jack Clay works for, if it is public knowledge. Confidence: 0.7
Step 4: If Jack Clay is a faculty member or administrator, identify the enrollment at the educational institution he is associated with. Confidence: 0.6
Final Answer: Unable to determine from provided information. Confidence: 0.5",Unable to determine from provided information.,0.11759999999999998,0.0,0,0
864,2hop__511296_2684,What was the name of the law passed by the actor from Terminator?,"""Donda West Law""","Step 1: The actor from Terminator refers to Arnold Schwarzenegger. Confidence: 1.0
Step 2: Arnold Schwarzenegger served as the Governor of California. Confidence: 1.0
Step 3: As Governor, he signed into law several bills. Confidence: 0.8
Step 4: One significant law associated with Schwarzenegger is the Global Warming Solutions Act of 2006. Confidence: 0.7
Final Answer: Global Warming Solutions Act of 2006 Confidence: 0.7",Global Warming Solutions Act of 2006,0.39199999999999996,0.0,0,0
865,2hop__580231_162399,When did the father of Dahyabhai Patel die?,15 December 1950,"Step 1: Dahyabhai Patel is the son of Vallabhbhai Patel. Confidence: 0.9
Step 2: Vallabhbhai Patel, also known as Sardar Patel, was a prominent Indian leader and the first Deputy Prime Minister of India. Confidence: 0.95
Step 3: Vallabhbhai Patel died on December 15, 1950. Confidence: 0.95
Final Answer: December 15, 1950 Confidence: 0.95","December 15, 1950",0.7716374999999999,1.0,0,1
866,4hop1__88342_75218_128008_80487,When is the all-star game of the league whose member played in the most championship series which proceed the MVP award?,"July 11, 2017","Step 1: Identify the league that awards an MVP and has championship series. The NBA, MLB, and NFL all have MVP awards and championship series, but the NBA has the most frequently contested series (Best of 7 format vs. single-game finals). Confidence: 0.8
Step 2: Determine the timing of the NBA All-Star Game. The NBA All-Star Game typically takes place in mid-February. Confidence: 0.9
Final Answer: Mid-February Confidence: 0.7",Mid-February,0.504,0.0,0,0
867,2hop__549146_223121,What record label did the person who is part of The Bruce Lee Band start?,Asian Man Records,"Step 1: The Bruce Lee Band features members who are involved in multiple projects related to ska and punk music. Confidence: 0.8
Step 2: Mike Park is a notable member of The Bruce Lee Band. Confidence: 0.9
Step 3: Mike Park is the founder of Asian Man Records. Confidence: 0.95
Final Answer: Asian Man Records Confidence: 0.95",Asian Man Records,0.6498,1.0,1,1
868,4hop3__839787_88460_30152_20999,How were the same people who the Somali Muslim Ajuran Empire declared independence from expelled from the natural boundary between Thailand and the country where Sepon mine is found?,The dynasty regrouped and defeated the Portuguese,"Step 1: The Ajuran Empire was a Somali Muslim empire in the Horn of Africa. Confidence: 0.9
Step 2: The Ajuran Empire likely declared independence from a European colonial power, possibly Portugal. Confidence: 0.8
Step 3: The Sepon mine is located in Laos. Confidence: 0.9
Step 4: The natural boundary between Thailand and Laos is the Mekong River. Confidence: 0.9
Step 5: The French were expelled from Southeast Asia, including the Mekong River boundary, following decolonization movements and conflicts in the mid-20th century. Confidence: 0.9
Final Answer: France Confidence: 0.7",France,0.3674160000000001,0.0,0,0
869,2hop__29368_29376,What event caused the founder of Australia's liberal party to become Prime Minister?,Lyons' death in 1939,"Step 1: The founder of Australia's liberal party is Robert Menzies. Confidence: 0.9
Step 2: Robert Menzies first became Prime Minister of Australia on 26 April 1939. Confidence: 0.8
Step 3: The event that led to Menzies becoming Prime Minister was the resignation of Joseph Lyons due to his health problems, which eventually led to his death. Confidence: 0.8
Step 4: Menzies became leader of the United Australia Party and Prime Minister after Lyons's death. Confidence: 0.7
Final Answer: Death of Joseph Lyons. Confidence: 0.7",Death of Joseph Lyons.,0.28224,0.5,0,1
870,4hop1__767417_624859_355213_203322,What county shares a border with the county where the performer of Change of Heart was born?,Cabarrus County,"Step 1: Change of Heart is a song by Cyndi Lauper. Confidence: 0.9
Step 2: Cyndi Lauper was born in Brooklyn, New York. Confidence: 0.95
Step 3: Brooklyn is in Kings County. Confidence: 0.95
Step 4: Kings County shares a border with Queens County. Confidence: 0.9
Final Answer: Queens County Confidence: 0.85",Queens County,0.6213712499999999,0.5,0,0
871,2hop__503085_110222,When was the painter of Femme nue couchée born?,10 June 1819,"Step 1: The painting ""Femme nue couchée"" was created by Picasso. Confidence: 1.0
Step 2: Pablo Picasso was a famous Spanish painter and sculptor. Confidence: 1.0
Step 3: Pablo Picasso was born on October 25, 1881. Confidence: 1.0
Final Answer: October 25, 1881 Confidence: 1.0","October 25, 1881",1.0,0.0,0,0
872,3hop1__320697_547811_41132,How many times did plague occur in the birth city of the composer of Nulla in mundo pax sincera?,22,"Step 1: ""Nulla in mundo pax sincera"" is a motet by Antonio Vivaldi. Confidence: 0.9
Step 2: Antonio Vivaldi was born in Venice, Italy. Confidence: 0.95
Step 3: Venice experienced several plague outbreaks historically, including significant ones in 1575-1577 and 1630-1631. Confidence: 0.85
Step 4: There were at least two major recorded plague epidemics in Venice during major outbreaks. Confidence: 0.9
Final Answer: 2 Confidence: 0.85",2,0.5559637500000001,0.0,0,0
873,4hop1__151650_5274_458768_33632,What day is the Feast in the city where the headquarters of the only group larger than Desde El Principio's record label held on?,May 4,"Step 1: Determine the location of Desde El Principio's headquarters. Confidence: 0.8
Step 2: Identify the group that is larger than Desde El Principio's record label. Confidence: 0.7
Step 3: Find the city where the headquarters of this larger group is located. Confidence: 0.8
Step 4: Identify any notable feasts or festivals associated with this city. Confidence: 0.7
Step 5: Determine the day this feast or festival is held. Confidence: 0.7
Final Answer: N/A (I cannot determine a specific day without more information) Confidence: 0.3",N/A (I cannot determine a specific day without more information),0.06585599999999998,0.0,0,0
874,2hop__41158_35124,How many books were said to have been written by the person who proposed explanations for the origins of earthquakes and the formation of mountains?,450,"Step 1: Determine who proposed explanations for the origins of earthquakes and the formation of mountains. Confidence: 0.9
Step 2: Recognize that Aristotle was one of the first to propose explanations for these geological phenomena. Confidence: 0.8
Step 3: Recall that Aristotle is known for having written many works on various subjects. Confidence: 0.85
Step 4: Identify that Aristotle's works include around 200 works on diverse topics ranging from philosophy to sciences. Confidence: 0.7
Final Answer: 200 Confidence: 0.6",200,0.25704000000000005,0.0,0,0
875,3hop1__354480_834494_34099,How long are the city council terms in the city that is in the same county as Eric Marcus Municipal Airport?,four-year,"Step 1: Eric Marcus Municipal Airport is located in Pima County. Confidence: 0.9
Step 2: Tucson is a city located in Pima County. Confidence: 0.9
Step 3: The city council terms in Tucson, Arizona, are typically 4 years. Confidence: 0.8
Final Answer: 4 years Confidence: 0.8",4 years,0.5184000000000001,0.0,0,1
876,4hop2__71753_729371_70784_79935,When was the region that lies to the north of where Israel is located and the location of Operation Earnest Will established?,1930,"Step 1: Identify the region north of where Israel is located, which is Lebanon. Confidence: 0.9
Step 2: Identify the location of Operation Earnest Will, which was in the Persian Gulf. Confidence: 0.9
Step 3: Determine the establishment year of Lebanon. Lebanon gained independence and was established as an independent state in 1943. Confidence: 0.95
Final Answer: 1943 Confidence: 0.85",1943,0.654075,0.0,0,0
877,2hop__7906_78851,Which professional sports team would you not see play a home game where Jim Foster came up with the idea for arena football?,Brooklyn Nets NBA,"Step 1: Jim Foster came up with the idea for arena football in Madison Square Garden in New York City. Confidence: 0.9
Step 2: Madison Square Garden is currently home to the New York Knicks (NBA) and New York Rangers (NHL). Confidence: 0.95
Step 3: Arena football is typically not associated with NBA or NHL teams directly. Confidence: 0.85
Step 4: We are asked for a professional sports team you would not see at Madison Square Garden. Confidence: 0.8
Final Answer: New York Yankees (MLB) Confidence: 0.85",New York Yankees (MLB),0.49419,0.0,0,0
878,2hop__249867_557232,Which country is the Desert Forest Golf Club located in?,Maricopa County,"Step 1: Desert Forest Golf Club is a golf course. Confidence: 0.9
Step 2: Desert Forest Golf Club is located in Carefree, Arizona. Confidence: 0.95
Step 3: Carefree is a town in the United States. Confidence: 0.95
Step 4: Therefore, Desert Forest Golf Club is located in the United States. Confidence: 0.95
Final Answer: United States Confidence: 0.95",United States,0.7330556249999999,0.0,0,0
879,2hop__204493_69048,Who is the chief judge of Fred Aghogho Brume's birthplace?,Honorable Justice Abiodun Smith,"Step 1: Fred Aghogho Brume was born in Warri, Nigeria. Confidence: 0.9
Step 2: Warri is located in Delta State, Nigeria. Confidence: 0.9
Step 3: The chief judge is usually a regional position, associated with a state in Nigeria. Confidence: 0.8
Step 4: As of the latest data, the Chief Judge of Delta State is Theresa Diai. Confidence: 0.7
Final Answer: Theresa Diai Confidence: 0.7",Theresa Diai,0.31752,0.0,0,0
880,3hop1__90327_83076_319330,Who is the child of the president who suffered a major defeat when the body which approves members of the American cabinet refused to ratify the Versailles treaty?,Jessie Woodrow Wilson,"Step 1: Identify the president involved with the Treaty of Versailles. Confidence: 0.9
Step 2: President Woodrow Wilson was the U.S. president who advocated for the Treaty of Versailles, which was not ratified by the Senate. Confidence: 0.95
Step 3: Determine if Woodrow Wilson had children. Confidence: 0.85
Step 4: Woodrow Wilson had three children. Confidence: 0.95
Step 5: The children of Woodrow Wilson are Margaret, Jessie, and Eleanor Wilson. Confidence: 0.9
Final Answer: Margaret, Jessie, or Eleanor Wilson Confidence: 0.9","Margaret, Jessie, or Eleanor Wilson",0.559234125,0.5,0,1
881,3hop1__285585_538202_84283,Who is the owner of the record label of the performer of Groovy Little Summer Song?,Warner Music Group,"Step 1: ""Groovy Little Summer Song"" is a song performed by James Otto. Confidence: 0.9
Step 2: James Otto is associated with the record label Warner Bros. Records. Confidence: 0.8
Step 3: Warner Bros. Records is owned by Warner Music Group. Confidence: 0.9
Final Answer: Warner Music Group Confidence: 0.8",Warner Music Group,0.5184000000000001,1.0,1,1
882,2hop__243084_523417,What is the anime that has Seta Sōjirō an instance of?,OVA,"Step 1: Seta Sōjirō is a character from an anime series. Confidence: 0.9
Step 2: Seta Sōjirō is known as a character from the anime ""Rurouni Kenshin."" Confidence: 0.95
Final Answer: Rurouni Kenshin Confidence: 0.95",Rurouni Kenshin,0.8122499999999999,0.0,0,0
883,3hop1__390673_228453_10972,When did the headquarters city of Kentucky Tavern's manufacturer elect its first black mayor?,1970s,"Step 1: Kentucky Tavern is a brand of bourbon whiskey. Confidence: 0.9
Step 2: The manufacturer of Kentucky Tavern is based in Louisville, Kentucky. Confidence: 0.8
Step 3: Louisville, Kentucky elected its first black mayor in 2022 when Craig Greenberg assumed office. Confidence: 0.7
Final Answer: 2022 Confidence: 0.7",2022,0.3528,0.0,0,0
884,2hop__669837_31270,How far from Nashville in miles is the place of death of Felix Ives Batson?,45,"Step 1: Felix Ives Batson died in Little Rock, Arkansas. Confidence: 0.9
Step 2: The distance from Nashville, Tennessee to Little Rock, Arkansas is approximately 350 miles. Confidence: 0.9
Final Answer: 350 Confidence: 0.85",350,0.6885,0.0,0,0
885,2hop__203437_152093,What label was responsible for the performer of Live Life Loud?,Fair Trade Services,"Step 1: ""Live Life Loud"" is an album by Hawk Nelson. Confidence: 0.9
Step 2: Hawk Nelson was a band signed to BEC Recordings during the release of ""Live Life Loud"". Confidence: 0.85
Final Answer: BEC Recordings Confidence: 0.8",BEC Recordings,0.6120000000000001,0.0,0,0
886,2hop__519160_78303,"What was the name of Forced Vengeance's producer in Walker, Texas Ranger?",Cordell Walker,"Step 1: ""Walker, Texas Ranger"" is a television series that aired from 1993 to 2001. Confidence: 0.9
Step 2: ""Forced Vengeance"" is not related to the ""Walker, Texas Ranger"" series as it is a separate 1982 film starring Chuck Norris. Confidence: 0.95
Step 3: The producer of ""Forced Vengeance"" was Menahem Golan. Confidence: 0.8
Step 4: Since ""Forced Vengeance"" and ""Walker, Texas Ranger"" are unrelated works, the producer of ""Forced Vengeance"" does not appear in ""Walker, Texas Ranger."" Confidence: 0.85
Final Answer: Menahem Golan Confidence: 0.7",Menahem Golan,0.40698,0.0,0,0
887,2hop__124592_402641,Who is the other child of Chian Hsiao-chang's father?,Chiang Hsiao-wu,"Step 1: Identify Chian Hsiao-chang's father, Chian Hsiao-chang may not be a widely recognized historical or public figure, and as such specific family details about non-prominent figures are typically not available. Confidence: 0.1
Step 2: If this name were associated with a well-known individual, such as a public figure or entertainer, I would refer to public records or data sources. At present, I do not have such data. Confidence: 0.1
Final Answer: Unavailable Confidence: 0.05",Unavailable,0.0005000000000000001,0.0,0,0
888,3hop1__103890_10659_23296,"After the Nazis, who invaded the country where, along with the nation that Ágnes Konkoly is from, many expelled French Jews relocated to?",Soviet,"Step 1: Identify the nationality of Ágnes Konkoly. Ágnes Konkoly is a Hungarian model. Confidence: 0.9
Step 2: Determine which country many expelled French Jews relocated to during or after World War II. Many relocated to Israel. Confidence: 0.8
Step 3: Determine who invaded Israel after World War II. After World War II, several Arab nations invaded newly established Israel in 1948. Confidence: 0.7
Step 4: Name these Arab nations involved in the invasion of Israel in 1948. Key countries included Egypt, Jordan, Syria, and Iraq, among others. Confidence: 0.7
Final Answer: Egypt Confidence: 0.7",Egypt,0.24695999999999999,0.0,0,0
889,2hop__45126_807969,Which team is the highest goal scorer in EPL this season a member of?,Egypt national football team,"Step 1: Identify the current highest goal scorer in the EPL for the 2023-2024 season. Confidence: 0.8
Step 2: Determine which team this highest goal scorer plays for. Confidence: 0.9
Final Answer: Manchester City Confidence: 0.7",Manchester City,0.504,0.0,0,0
890,2hop__73760_712629,Who is the spouse of the individual who lives in the houses in Windsor Castle?,Philip Mountbatten,"Step 1: Windsor Castle is a residence of the British royal family. Confidence: 0.9
Step 2: The current primary resident traditionally associated with Windsor Castle is the reigning monarch of the United Kingdom. Confidence: 0.85
Step 3: As of my training data, the reigning monarch is King Charles III. Confidence: 0.9
Step 4: King Charles III's spouse is Queen Camilla. Confidence: 0.9
Final Answer: Queen Camilla Confidence: 0.85",Queen Camilla,0.5267025,0.0,0,0
891,3hop1__639955_834494_33939,What was the 1900 population of the city located within the county that also contains Helvetia?,"7,531","Step 1: Determine the county in which Helvetia is located. Helvetia is an unincorporated community in Washington County, Oregon. Confidence: 0.9

Step 2: Identify the most significant city in Washington County, Oregon, or with historical data available from 1900. Hillsboro is a city in Washington County, Oregon. Confidence: 0.85

Step 3: Find historical population data for Hillsboro, Oregon, in 1900. The population of Hillsboro in 1900 was approximately 1,516. Confidence: 0.8

Final Answer: 1,516 Confidence: 0.75","1,516",0.4590000000000001,0.0,0,0
892,3hop1__30240_740597_41132,How many times did plague occur in the birthplace of the person who used the spice route that the Ottoman Empire controlled?,22,"Step 1: The Spice Route was historically used for the trade of spices from the East, particularly India, to Europe and was controlled by the Ottoman Empire during various periods. Confidence: 0.8

Step 2: A notable figure who used the spice route is likely to be Marco Polo, who was a Venetian merchant and explorer. Confidence: 0.7

Step 3: Marco Polo was born in Venice, which is his birthplace. Confidence: 0.9

Step 4: The plague, particularly the Black Death, occurred multiple times in Venice. Major outbreaks occurred in the 14th century (1347-1351), the 16th century, and the 17th century. Confidence: 0.8

Final Answer: Multiple times (at least 3 major outbreaks) Confidence: 0.85",Multiple times (at least 3 major outbreaks),0.34271999999999997,0.0,0,0
893,3hop1__106042_64399_59680,"How many Stations of the Cross happened in the city originating Christianity in Rome, Egypt, Judea and the country for Vasilopita?",fourteen,"Step 1: The Stations of the Cross is a religious observance in Christianity symbolic of certain events that are said to have occurred in the final hours of Jesus Christ. Confidence: 0.8
Step 2: Christianity did not originate in Rome or Egypt, but in Judea, an area in modern-day Israel/Palestine. Confidence: 0.9
Step 3: The ""Stations of the Cross"" traditionally refers to 14 specific events in the Passion of Christ. Confidence: 0.7
Step 4: Vasilopita is a Greek tradition, associated with St. Basil's day, which is celebrated differently. It’s not directly tied to the Stations of the Cross. Confidence: 0.6
Step 5: Therefore, as the observance consists of 14 stations and originated in Judea, which ties to the city's association with Christianity, the number of Stations of the Cross is standard regardless of locations mentioned. Confidence: 0.8

Final Answer: 14 Confidence: 0.7",14,0.169344,0.0,0,1
894,3hop1__243276_42197_18397,Where did the arguer that Norair Sisakian's country of citizenship had itself become an imperialist power declare he would intervene in the Korean conflict?,the Politburo,"Step 1: Norair Sisakian was a Soviet Armenian biochemist. His country of citizenship was the Soviet Union. Confidence: 0.9
Step 2: During the Korean War, the Soviet Union was often associated with intervening or supporting North Korea against South Korea. Confidence: 0.8
Step 3: The context of the question suggests discussing a leader or figure declaring intervention in Korea, likely referring to a notable figure during the time of the Korean War, possibly Joseph Stalin or another Soviet leader. Confidence: 0.7
Step 4: Joseph Stalin was the leader of the Soviet Union during the Korean War and had influence over Soviet military and political decisions regarding intervention in the conflict. Confidence: 0.8
Final Answer: Korea Confidence: 0.7",Korea,0.28224,0.0,0,0
895,2hop__157737_46621,When was the celestial body that all objects focus on according to Kepler's laws discovered to be the center of the solar system?,as early as the 3rd century BC,"Step 1: According to Kepler's laws, all objects in the solar system orbit the sun, which is the central celestial body in the solar system. Confidence: 1.0
Step 2: The heliocentric model, which places the sun at the center of the solar system, was proposed by Nicolaus Copernicus. Confidence: 0.95
Step 3: Nicolaus Copernicus published his heliocentric theory in his book ""De revolutionibus orbium coelestium"" in 1543. Confidence: 0.95
Step 4: Although earlier astronomers like Aristarchus speculated about a heliocentric system, Copernicus's publication was the pivotal point in popularizing this model. Confidence: 0.9
Final Answer: 1543 Confidence: 0.9",1543,0.731025,0.0,0,0
896,3hop1__818422_160545_62931,What part of the country that includes the birth city of Beatrice Heuser was the film The Beach filmed?,island Koh Phi Phi,"Step 1: Beatrice Heuser is a German-born professor of International Relations. Confidence: 0.9
Step 2: Beatrice Heuser was born in Bangkok, Thailand. Confidence: 0.8
Step 3: The film ""The Beach"" predominantly features scenes filmed on the islands and beaches of Southern Thailand. Confidence: 0.9
Step 4: Considering Bangkok is in Thailand, and The Beach was filmed in Southern Thailand. Confidence: 0.9
Final Answer: Southern Thailand Confidence: 0.8",Southern Thailand,0.46656000000000014,0.0,0,1
897,4hop3__827497_354093_254885_76356,The Pee Dee River leads to a bay which leads to an ocean. Who led an attempt to link that ocean with the Pacific via a canal through the continental region containing the El Valle volcano?,Ferdinand de Lesseps,"Step 1: The Pee Dee River leads to Winyah Bay, which ultimately connects to the Atlantic Ocean. Confidence: 0.9
Step 2: The Panama Canal links the Atlantic Ocean to the Pacific Ocean. Confidence: 0.95
Step 3: The continental region containing the El Valle volcano is in Central America, specifically Panama. Confidence: 0.9
Step 4: Theodore Roosevelt led the effort to construct the Panama Canal, which links the Atlantic Ocean with the Pacific Ocean. Confidence: 0.95
Final Answer: Theodore Roosevelt Confidence: 0.9",Theodore Roosevelt,0.6579225,0.0,0,0
898,3hop1__354480_834494_34088,Where do they hold NASCAR races in the city that is in the same county as the Eric Marcus Municipal Airport?,Tucson Raceway Park,"Step 1: Identify the city where the Eric Marcus Municipal Airport is located. It is located in Marana, Arizona. Confidence: 0.9
Step 2: Determine the county where Marana, Arizona is located. It is in Pima County. Confidence: 0.9
Step 3: Check if there is a NASCAR race venue in Marana or nearby cities in Pima County. Confidence: 0.6
Step 4: Determine if Tucson, Arizona (a city in Pima County) has any NASCAR race tracks. Tucson Speedway is a common venue for racing events, including NASCAR. Confidence: 0.7
Final Answer: Tucson Speedway, Arizona Confidence: 0.7","Tucson Speedway, Arizona",0.23813999999999994,0.3333333333333333,0,1
899,2hop__87053_319330,Who was the child of the 28th U.S. president?,Jessie Woodrow Wilson,"Step 1: The 28th U.S. president was Woodrow Wilson. Confidence: 1.0
Step 2: Woodrow Wilson had three children. Confidence: 0.9
Step 3: The names of Woodrow Wilson's children are Margaret Woodrow Wilson, Jessie Woodrow Wilson Sayre, and Eleanor Randolph Wilson McAdoo. Confidence: 0.9
Final Answer: Margaret Woodrow Wilson, Jessie Woodrow Wilson Sayre, Eleanor Randolph Wilson McAdoo Confidence: 0.9","Margaret Woodrow Wilson, Jessie Woodrow Wilson Sayre, Eleanor Randolph Wilson McAdoo",0.7290000000000001,0.42857142857142855,0,1
900,2hop__133102_417697,What is the model of the vehicle of Mohammed Atta from the company that makes Datsun DC-3?,Nissan Altima,"Step 1: The company that makes Datsun DC-3 is Nissan. Confidence: 0.9
Step 2: Mohammed Atta rented a car from the company that makes Datsun for his infamous activities. Confidence: 0.7
Step 3: The model of the vehicle rented by Mohammed Atta is a Nissan Altima. Confidence: 0.8
Final Answer: Nissan Altima Confidence: 0.7",Nissan Altima,0.3528,1.0,1,1
901,2hop__244193_461106,What movement does the creator of the Washington Monument belong to?,Greek Revival,"Step 1: The Washington Monument was designed by architect Robert Mills. Confidence: 0.9
Step 2: Robert Mills was an American architect known for his works in the neoclassical style. Confidence: 0.8
Step 3: Neoclassicism was a movement that drew inspiration from the ""classical"" art and culture of Ancient Greece and Rome. Confidence: 0.85
Final Answer: Neoclassicism Confidence: 0.8",Neoclassicism,0.4896000000000001,0.0,0,0
902,3hop1__742780_567566_84283,Who owns the record label where the singer of All Right records?,Warner Music Group,"Step 1: Identify the singer of the song ""All Right."" According to data, the singer is Christopher Cross. Confidence: 0.9
Step 2: Determine which record label Christopher Cross is associated with. Christopher Cross is associated with Warner Bros. Records, especially during the time ""All Right"" was released. Confidence: 0.85
Step 3: Identify the owners of Warner Bros. Records. Warner Bros. Records is owned by Warner Music Group. Confidence: 0.9
Final Answer: Warner Music Group Confidence: 0.85",Warner Music Group,0.585225,1.0,1,1
903,3hop1__119402_102039_158266,What is the leading ballet company in the country where the discoverer of C/2014 Q2 (Lovejoy) is a citizen?,The Australian Ballet,"Step 1: C/2014 Q2 (Lovejoy) was discovered by Terry Lovejoy. Confidence: 0.9
Step 2: Terry Lovejoy is an Australian astronomer. Confidence: 0.9
Step 3: The leading ballet company in Australia is The Australian Ballet. Confidence: 0.95
Final Answer: The Australian Ballet Confidence: 0.9",The Australian Ballet,0.69255,1.0,1,1
904,3hop1__222979_40769_64047,When did the RX 350 from the Scion owner's luxury division change body style?,Sales began worldwide in April 2012,"Step 1: The RX 350 is a model from Lexus, which is the luxury division of Toyota, not Scion. Confidence: 0.9
Step 2: The RX 350 was first introduced as a 2007 model. Confidence: 0.8
Step 3: The second major body style change occurred with the fourth generation in 2016. Confidence: 0.9
Step 4: Scion was a separate division of Toyota and was discontinued in 2016. Confidence: 0.85
Final Answer: 2016 Confidence: 0.95",2016,0.5232600000000001,0.0,0,0
905,2hop__613959_135844,Who is the city that AvtoVAZ's headquarters is located in named after?,Palmiro Togliatti,"Step 1: AvtoVAZ is a major Russian automobile manufacturer headquartered in Tolyatti, Russia. Confidence: 0.9
Step 2: Tolyatti is named after Palmiro Togliatti, an Italian communist politician. Confidence: 0.95
Final Answer: Palmiro Togliatti Confidence: 0.95",Palmiro Togliatti,0.8122499999999999,1.0,1,1
906,2hop__158275_35739,When was one internet browser's version of Windows 8 made accessible?,September 2013,"Step 1: Windows 8 was officially released to the public on October 26, 2012. Confidence: 0.9
Step 2: Most major internet browsers aim to provide support for new operating systems around or shortly after their release. Confidence: 0.85
Step 3: Internet Explorer 10 was developed by Microsoft and bundled with Windows 8 upon its release. Confidence: 0.95
Step 4: Therefore, Internet Explorer 10 would have been made accessible with Windows 8 on its release date. Confidence: 0.9
Final Answer: October 26, 2012 Confidence: 0.85","October 26, 2012",0.5559637500000001,0.0,0,0
907,2hop__121386_37168,"According to QS World University Rankings, where does the college that Ibrahim Shihata attended rank?",551-600,"Step 1: Determine who Ibrahim Shihata was and any relevant information about his academic background or the college he attended. Confidence: 0.9
Step 2: Ibrahim Shihata attended Cairo University for his undergraduate studies. Confidence: 0.85
Step 3: Check the QS World University Rankings for the current ranking of Cairo University. Confidence: 0.8
Final Answer: Not ranked in top 400. Confidence: 0.7",Not ranked in top 400.,0.42840000000000006,0.0,0,1
908,2hop__628752_538661,Where are the headquarters for the publisher of In the Shadow of Greatness?,Annapolis,"Step 1: ""In the Shadow of Greatness"" is published by the Naval Institute Press. Confidence: 0.9
Step 2: The Naval Institute Press is part of the U.S. Naval Institute. Confidence: 0.9
Step 3: The U.S. Naval Institute is headquartered in Annapolis, Maryland. Confidence: 0.9
Final Answer: Annapolis, Maryland Confidence: 0.9","Annapolis, Maryland",0.6561000000000001,0.6666666666666666,0,1
909,2hop__57638_88526,Who was picked in the NBA draft before the player with the highest point average in NBA history?,Greg Oden,"Step 1: The player with the highest point average in NBA history is Michael Jordan, who averaged 30.1 points per game. Confidence: 0.9
Step 2: Michael Jordan was drafted in the 1984 NBA draft. Confidence: 0.9
Step 3: The player picked before Michael Jordan in the 1984 NBA draft was Sam Bowie, selected as the 2nd overall pick. Confidence: 0.8
Final Answer: Sam Bowie Confidence: 0.8",Sam Bowie,0.5184000000000001,0.0,0,0
910,3hop2__92991_87184_76291,When did the majority party in the House of Representatives take control of the determiner of rules of the US House and US Senate?,January 2015,"Step 1: The majority party in the U.S. House of Representatives traditionally controls the agenda through the Speaker of the House. Confidence: 0.8
Step 2: In the U.S. Senate, the majority party has significant power but the Senate operates on unanimous consent rules, so control is less strict. Confidence: 0.7
Step 3: The Speaker of the House, representing the majority party, has controlled the determiner of rules in the House historically since the role was defined in 1789. Confidence: 0.9
Step 4: The Senate’s formal rules are managed by the Senate Rules Committee and there is no single ‘determiner’ comparable to the House’s Speaker. Confidence: 0.6
Final Answer: 1789 Confidence: 0.8",1789,0.24192000000000002,0.0,0,0
911,2hop__481809_184805,Who is the child of the horse who also fathered Tompion?,Buckpasser,"Step 1: Research shows that Tompion was a Thoroughbred racehorse, which can provide background on the horse's lineage. Confidence: 0.8
Step 2: Tompion's sire (father) was a famous Thoroughbred racehorse named Tom Fool. Confidence: 0.9
Step 3: The question essentially asks for any offspring of Tom Fool, in addition to Tompion. Confidence: 0.85
Step 4: Tom Fool had several offspring, but a notable one was Silky Sullivan. Confidence: 0.7
Final Answer: Silky Sullivan Confidence: 0.7",Silky Sullivan,0.29988000000000004,0.0,0,0
912,2hop__51760_122023,What is the name of the university that educated the character that Mel Brooks plays in Mr. Peabody and Sherman?,Luitpold Gymnasium,"Step 1: Mel Brooks voices Albert Einstein in ""Mr. Peabody & Sherman"". Confidence: 0.9
Step 2: Albert Einstein attended the Swiss Federal Polytechnic, now ETH Zurich. Confidence: 0.9
Final Answer: ETH Zurich Confidence: 0.8",ETH Zurich,0.6480000000000001,0.0,0,0
913,3hop1__106313_443779_52195,Who is president of the newly declared independent country that is part of the Commission of Truth and Friendship with the country where Opor originated?,Francisco Guterres,"Step 1: Opor is a dish that originated from Indonesia. Confidence: 0.9
Step 2: The Commission of Truth and Friendship was a bilateral commission between Indonesia and Timor-Leste. Confidence: 0.9
Step 3: Timor-Leste, also known as East Timor, declared independence in 2002. Confidence: 0.9
Step 4: As of 2023, the president of Timor-Leste is José Ramos-Horta. Confidence: 0.9
Final Answer: José Ramos-Horta Confidence: 0.8",José Ramos-Horta,0.5248800000000001,0.0,0,0
914,4hop1__638706_378185_282674_759393,What is the capital of the county that shares a border with the county where the band Tenement was formed?,Green Bay,"Step 1: Determine where the band Tenement was formed, which is in Wisconsin. Confidence: 0.9
Step 2: Find the specific county in Wisconsin where Tenement was formed, which is Winnebago County. Confidence: 0.8
Step 3: Identify the counties that share a border with Winnebago County, such as Calumet County, Fond du Lac County, Outagamie County, and Waushara County. Confidence: 0.85
Step 4: Determine the capital of Calumet County, which is Chilton. Confidence: 0.9
Final Answer: Chilton Confidence: 0.9",Chilton,0.49572000000000005,0.0,0,0
915,2hop__591435_51329,What movie won the Knock on Any Door cast member his only Oscar?,The African Queen,"Step 1: Knock on Any Door had several cast members, including Humphrey Bogart. Confidence: 0.9
Step 2: Humphrey Bogart won his only Oscar for Best Actor for the movie ""The African Queen."" Confidence: 0.95
Final Answer: The African Queen Confidence: 0.9",The African Queen,0.7695,1.0,1,1
916,2hop__57209_67668,"The actor who plays Barney in ""How I Met Your Mother"" plays what character in Batman Under the Red Hood?",Nightwing / Dick Grayson,"Step 1: Identify the actor who plays Barney in ""How I Met Your Mother."" Neil Patrick Harris is the actor who played Barney Stinson in the TV show ""How I Met Your Mother."" Confidence: 1.0
Step 2: Determine what character Neil Patrick Harris voiced in ""Batman: Under the Red Hood."" Neil Patrick Harris voiced the character Nightwing in the animated film ""Batman: Under the Red Hood."" Confidence: 1.0
Final Answer: Nightwing Confidence: 1.0",Nightwing,1.0,0.5,0,1
917,2hop__77134_88165,Who did the person Sarah married to in the bible marry after the death of Sarah?,Keturah,"Step 1: Sarah in the Bible was married to Abraham. Confidence: 1.0
Step 2: After the death of Sarah, Abraham married Keturah. Confidence: 1.0
Final Answer: Keturah Confidence: 1.0",Keturah,1.0,1.0,1,1
918,4hop1__726391_153080_159767_81096,Who won the Indy car race in the largest city and capitol of the state where the Oh Yeah performer is from?,Mario Andretti,"Step 1: ""Oh Yeah"" is a song performed by the Swiss band Yello. Confidence: 0.9
Step 2: Since Yello is a Swiss band, they are not from any US state. This means their origin does not dictate a US city or state. Confidence: 0.9
Step 3: Due to the international origin of Yello (non-US), a US state cannot be determined directly from their performance. Confidence: 0.9
Step 4: Without a specific US state determined, the question asking about an Indy car race in the largest city and capital of a state related to Yello's origin does not apply. Confidence: 0.9
Final Answer: Question not applicable. Confidence: 0.9",Question not applicable.,0.5904900000000002,0.0,0,0
919,2hop__49409_67668,What character does the actor who played Barney on How I Met Your Mother play in Batman Under the Red Hood?,Nightwing / Dick Grayson,"Step 1: Neil Patrick Harris played Barney Stinson on How I Met Your Mother. Confidence: 1.0
Step 2: Neil Patrick Harris is known to have voiced characters in animated films and series. Confidence: 0.9
Step 3: Neil Patrick Harris voiced Nightwing in the animated film Batman: Under the Red Hood. Confidence: 0.95
Final Answer: Nightwing Confidence: 0.95",Nightwing,0.8122499999999999,0.5,0,1
920,3hop1__835193_160713_77246,In the Arabic dictionary what is the meaning of the word that also refers to the majority religion in India when the country containing Attabad was created?,the country of India,"Step 1: Identify the majority religion in India. Hinduism is the majority religion in India. Confidence: 0.95
Step 2: Determine the Arabic word that means ""Hinduism"" or relates to Hindu. One common Arabic term is ""الهندوسية"" (Al-Hindūsiyyah). Confidence: 0.85
Step 3: Identify the country containing Attabad when it was created. This would be Pakistan, as Attabad Lake is in Pakistan. Confidence: 0.95
Step 4: Confirm the relevance of the Arabic word for the context of the creation of Pakistan. Given that ""الهندوسية"" means Hinduism, it is a plausible dictionary entry related to the religion majority. Confidence: 0.80
Final Answer: الهندوسية (Al-Hindūsiyyah) Confidence: 0.80",الهندوسية (Al-Hindūsiyyah),0.49096000000000006,0.0,0,0
921,2hop__124932_278133,Who was the father of Jujhar Singh's father?,Guru Tegh Bahadur,"Step 1: Identify who Jujhar Singh is, and find his father's name. Confidence: 0.8
Step 2: Jujhar Singh was the son of Guru Gobind Singh. Confidence: 0.9
Step 3: Identify the father of Guru Gobind Singh. Confidence: 0.9
Step 4: Guru Tegh Bahadur was the father of Guru Gobind Singh. Confidence: 0.95
Final Answer: Guru Tegh Bahadur Confidence: 0.95",Guru Tegh Bahadur,0.5848200000000001,1.0,1,1
922,2hop__76314_177869,Who was the spouse of a leading speaker against slavery and publisher of an antislavery newspaper?,Helen Pitts Douglass,"Step 1: A leading speaker against slavery and publisher of an antislavery newspaper was William Lloyd Garrison. Confidence: 0.9
Step 2: William Lloyd Garrison was the founder and editor of the antislavery newspaper, ""The Liberator."" Confidence: 0.9
Step 3: William Lloyd Garrison's spouse was Helen Eliza Benson Garrison. Confidence: 0.85
Final Answer: Helen Eliza Benson Garrison Confidence: 0.85",Helen Eliza Benson Garrison,0.585225,0.28571428571428575,0,0
923,2hop__108158_83769,"Who was played by the creator of Push, Nevada in Dazed and Confused?",Fred O'Bannion,"Step 1: ""Push, Nevada"" was created by Ben Affleck and Sean Bailey. Confidence: 0.9
Step 2: Ben Affleck is known as both an actor and a filmmaker. Confidence: 0.95
Step 3: Ben Affleck had a role in the movie ""Dazed and Confused."" Confidence: 0.8
Step 4: In ""Dazed and Confused,"" Ben Affleck played the character Fred O'Bannion. Confidence: 0.95
Final Answer: Fred O'Bannion Confidence: 0.9",Fred O'Bannion,0.58482,1.0,1,1
924,2hop__817096_15463,What company merged in 2002 with the CEMM developer?,Hewlett Packard,"Step 1: The term ""CEMM"" likely refers to a specific technology or software related to corporate performance management. Confidence: 0.7  
Step 2: In 2002, the company Hyperion Solutions acquired a company focusing on Corporate Enterprise Performance Management. Confidence: 0.8  
Step 3: Hyperion Solutions was known for its corporate performance management solutions during that time. Confidence: 0.85  
Step 4: In 2002, Hyperion Solutions acquired the company Brio Technology, a developer of analytics and corporate performance management solutions. Confidence: 0.9  
Final Answer: Brio Technology Confidence: 0.9",Brio Technology,0.38555999999999996,0.0,0,0
925,2hop__152700_141308,"What company is the record label for Oh Woman, Oh Why a part of?",Apple Corps,"Step 1: ""Oh Woman, Oh Why"" is a song by Paul McCartney. Confidence: 0.9
Step 2: Paul McCartney was a part of The Beatles before his solo career. Confidence: 0.95
Step 3: As a solo artist, Paul McCartney often released music under the label Apple Records initially. Confidence: 0.85
Step 4: ""Oh Woman, Oh Why"" was the B-side to ""Another Day,"" which was released on Apple Records. Confidence: 0.9
Final Answer: Apple Records Confidence: 0.9",Apple Records,0.5886675000000001,0.5,0,1
926,4hop1__749065_698949_157828_162309,When did the country whose co-official language was used in the show named for the place Slavko Surdonja died first attend the Olympics games as an independent team?,2016,"Step 1: Identify Slavko Surdonja. Slavko Surdonja is a Croatian football player. Confidence: 0.9
Step 2: Determine the country with a co-official language related to Croatia. Croatia, where Croatian is the official language, was formerly part of Yugoslavia. Confidence: 0.9
Step 3: Determine when Croatia first attended the Olympics as an independent team. Croatia first participated in the Olympics as an independent nation at the 1992 Summer Olympics in Barcelona. Confidence: 0.95
Final Answer: 1992 Confidence: 0.95",1992,0.7310249999999999,0.0,0,0
927,4hop1__37608_32392_823060_610794,Which county has the location that shares a border with the city that became the state capital of where Representative Thomas Tucker was from?,Richland County,"Step 1: Thomas Tudor Tucker was a prominent political figure from South Carolina. Confidence: 0.9
Step 2: Columbia became the state capital of South Carolina. Confidence: 0.9
Step 3: Columbia shares a border with Lexington County in South Carolina. Confidence: 0.8
Final Answer: Lexington County Confidence: 0.8",Lexington County,0.5184000000000001,0.5,0,0
928,2hop__159903_419949,What is the capital of the country it is about?,Aden,"Step 1: Identify the ""it"" being referred to in the question. Unfortunately, without context regarding ""the country it is about,"" it is difficult to determine the country in question. However, I'll make an assumption that ""it"" is referring to a generic or commonly referenced context. Confidence: 0.3
Step 2: Make an educated guess about a commonly referenced country in such questions, such as France. Confidence: 0.4
Step 3: Determine the capital of France. Confidence: 0.9
Final Answer: Paris Confidence: 0.5",Paris,0.054,0.0,0,0
929,2hop__329676_119915,In which year did Taifa of Francisco Giner de los Rios' birthplace cease to exist?,1065,"Step 1: Francisco Giner de los Rios was born in Ronda, Spain. Confidence: 0.9
Step 2: Ronda was part of the Taifa of Ronda. Confidence: 0.8
Step 3: The Taifa of Ronda is one of the taifas that emerged after the collapse of the Caliphate of Cordoba. Confidence: 0.9
Step 4: The Taifa of Ronda ceased to exist in 1065 when it was absorbed by the Taifa of Seville. Confidence: 0.9
Final Answer: 1065 Confidence: 0.9",1065,0.5248800000000001,1.0,1,1
930,2hop__827755_156034,What is the river that the Kettle Generating Station is located on a tributary of?,Hudson's Bay,"Step 1: Kettle Generating Station is located on the Nelson River. Confidence: 0.9
Step 2: The Nelson River is not a tributary of another river; it drains directly into Hudson Bay. Confidence: 0.9
Final Answer: Nelson River Confidence: 0.9",Nelson River,0.7290000000000001,0.0,0,0
931,2hop__72660_319330,Who is the child of the first person who gave in person state of the union?,Jessie Woodrow Wilson,"Step 1: The State of the Union is a speech presented by the President of the United States to Congress. Confidence: 1.0
Step 2: The first in-person State of the Union address was given by Woodrow Wilson in 1913. Confidence: 0.8
Step 3: Woodrow Wilson's known child was Margaret Woodrow Wilson. Confidence: 0.9
Final Answer: Margaret Woodrow Wilson Confidence: 0.8",Margaret Woodrow Wilson,0.5760000000000001,0.6666666666666666,0,0
932,2hop__424908_500483,"What shares a border with the administrative district where Bieliny, Świętokrzyskie Voivodeship is the capital?",Gmina Daleszyce,"Step 1: Bieliny is a village in the Świętokrzyskie Voivodeship of Poland. Confidence: 0.95
Step 2: Bieliny is the seat of the Gmina Bieliny in the Kielce County. Confidence: 0.9
Step 3: Kielce County is bordered by the counties of Busko, Jędrzejów, Włoszczowa, Końskie, Skarżysko, and Starachowice. Confidence: 0.85
Step 4: Identifying Neighbors that also border Świętokrzyskie Voivodeship, which are consistent with county neighbors of Kielce County. Confidence: 0.8
Final Answer: Busko, Jędrzejów, Włoszczowa, Końskie, Skarżysko, Starachowice. Confidence: 0.75","Busko, Jędrzejów, Włoszczowa, Końskie, Skarżysko, Starachowice.",0.43605000000000005,0.0,0,0
933,3hop1__626214_503371_21711,3 When was the Palau de la Generalitat in the place of death of martin of the administrative territorial entity Navardun is located constructed?,built in the 15th century,"Step 1: The Palau de la Generalitat is a historical building in Barcelona, Catalonia, Spain. Confidence: 0.8
Step 2: Martin I of Aragon, often associated with Barcelona, died in the city in 1410. Confidence: 0.7
Step 3: Navardun is a municipality in the province of Zaragoza, Spain, not directly related to the building in question here. Confidence: 0.5
Step 4: The construction of the Palau de la Generalitat began in 1409. Confidence: 0.9
Final Answer: 1409 Confidence: 0.85",1409,0.2142,0.0,0,1
934,2hop__85931_108632,Who created the main character of The Godfather?,Mario Puzo,"Step 1: The main character of ""The Godfather"" is often considered to be Don Vito Corleone. Confidence: 0.9
Step 2: ""The Godfather"" is a novel written by Mario Puzo. Confidence: 1.0
Step 3: Therefore, the creator of the character Don Vito Corleone is Mario Puzo. Confidence: 1.0
Final Answer: Mario Puzo Confidence: 1.0",Mario Puzo,0.9,1.0,1,1
935,2hop__37656_160040,Who is the guy defending this stuff from the highest authority in Protestantism for morals?,Josh McDowell,"Step 1: The highest authority in Protestantism for morals is generally considered to be a key figure or leader within the Protestant denomination, such as a prominent theologian or church leader. Confidence: 0.7
Step 2: Protestant denominations do not have a singular leader like the Pope in Catholicism, but key figures may include leaders of larger denominations or influential theologians. Confidence: 0.8
Step 3: Typically, in terms of moral authority, figures such as Martin Luther or John Calvin have historically been noted, but contemporary figures might involve leaders known for moral teachings. Confidence: 0.6
Step 4: The reference to someone ""defending this stuff"" implies a contemporary figure who may be actively engaged in discussing Protestant morals at a high level today. Confidence: 0.7
Final Answer: Archbishop of Canterbury Confidence: 0.5",Archbishop of Canterbury,0.11759999999999998,0.0,0,0
936,3hop2__93066_88342_47738,When did the team that won the AL East in 2017 last play in the series of games that the MLB MVP award is given after?,the 2009 season,"Step 1: Identify the team that won the AL East in 2017. The Boston Red Sox won the AL East in 2017. Confidence: 0.9
Step 2: Find out when the Boston Red Sox last played in the World Series (which is the series of games the MLB MVP is awarded after). The Boston Red Sox last played in the World Series in 2018. Confidence: 0.95
Final Answer: 2018 Confidence: 0.9",2018,0.7695,0.0,0,0
937,3hop1__157177_625046_613900,The city where the river that Merchants Bridge crosses over is the capital of which county?,Ottawa County,"Step 1: Merchants Bridge crosses over the Mississippi River. Confidence: 0.9
Step 2: The Merchants Bridge is located in the city of St. Louis, Missouri. Confidence: 0.9
Step 3: St. Louis is an independent city and not part of any county, but it was historically part of St. Louis County. Confidence: 0.8
Step 4: St. Louis County is adjacent to the city of St. Louis and its county seat is Clayton. Confidence: 0.8
Final Answer: Clayton Confidence: 0.75",Clayton,0.38880000000000003,0.0,0,0
938,2hop__518354_67465,When did the performer of Blue Slide Park release Best Day Ever?,"March 11, 2011","Step 1: ""Blue Slide Park"" is an album by Mac Miller. Confidence: 0.95
Step 2: ""Best Day Ever"" is a mixtape by Mac Miller. Confidence: 0.95
Step 3: ""Best Day Ever"" was released on March 11, 2011. Confidence: 0.90
Final Answer: March 11, 2011 Confidence: 0.90","March 11, 2011",0.731025,1.0,1,1
939,2hop__157285_556157,What river is the mouth of the watercourse that turns into the Mtetengwe?,Limpopo River,"Step 1: Begin by identifying the main connection to be explored, which is the watercourse transforming into the Mtetengwe. Confidence: 0.8
Step 2: Consider geographical knowledge of the region where Mtetengwe is located, which is in Zimbabwe. Confidence: 0.7
Step 3: Examine the river systems in Zimbabwe that match such transformation criteria, focusing on significant ones. Confidence: 0.6
Step 4: The Limpopo River is a major river in the region that influences various smaller watercourses and their subsequent naming. Confidence: 0.7
Final Answer: Limpopo River Confidence: 0.65",Limpopo River,0.15288,1.0,1,1
940,3hop2__304722_591230_63959,When was the last time Ken Faulkner's team beat the 1894-95 FA Cup winner?,1 December 2010,"Step 1: The 1894–95 FA Cup was won by Aston Villa. Confidence: 1.0
Step 2: Ken Faulkner's team is New Brighton, which is a historical football club that does not exist anymore. Confidence: 0.9
Step 3: Determine when New Brighton last played against Aston Villa and won. New Brighton was operational until 1983. Confidence: 0.8
Step 4: The last recorded win by New Brighton over Aston Villa in official competitions was during the FA Cup in the 1927-28 season. Confidence: 0.7
Final Answer: 1927-28 season Confidence: 0.6",1927-28 season,0.3024,0.0,0,0
941,3hop2__809962_89048_66294,Who played the man named identically to the singer of Is She Really Going Out With Him in the movie about the composer of Speechless?,Lawrence Hilton - Jacobs,"Step 1: The singer of ""Is She Really Going Out With Him?"" is Joe Jackson. Confidence: 1.0
Step 2: The movie about the composer of ""Speechless"" is about Christopher Cross, as he is the one who sang the song ""Speechless."" Confidence: 0.6
Step 3: Matching the name Joe Jackson in a movie about a composer doesn't provide a direct connection to a specific movie about Christopher Cross, possibly due to inaccuracies in song or movie titles. Confidence: 0.4
Final Answer: Joe Jackson role unclear. Confidence: 0.2",Joe Jackson role unclear.,0.048,0.0,0,0
942,2hop__794999_113442,When did the creator of Christ in the House of His Parents die?,13 August 1896,"Step 1: The painting ""Christ in the House of His Parents"" was created by John Everett Millais. Confidence: 1.0
Step 2: John Everett Millais was a notable English painter and a founding member of the Pre-Raphaelite Brotherhood. Confidence: 1.0
Step 3: John Everett Millais was born in 1829. Confidence: 1.0
Step 4: John Everett Millais died in 1896. Confidence: 1.0
Final Answer: 1896 Confidence: 1.0",1896,1.0,0.5,0,1
943,2hop__142881_127399,"When was the performer of the album From Them, Through Us, to You formed?",2005,"Step 1: The album ""From Them, Through Us, to You"" was performed by the band Madina Lake. Confidence: 0.9
Step 2: Madina Lake is an American rock band. Confidence: 0.9
Step 3: According to available information, Madina Lake was formed in 2005. Confidence: 0.95
Final Answer: 2005 Confidence: 0.95",2005,0.7310249999999999,1.0,1,1
944,2hop__460946_294723,Who is the spouse of the Green performer?,Miquette Giraudy,"Step 1: The question refers to ""the Green performer,"" which might indicate a performer known for the color green, or a performer with a stage name connected to ""Green."" Confidence: 0.6
Step 2: A well-known performer with ""Green"" in their name is CeeLo Green. Confidence: 0.7
Step 3: CeeLo Green's spouse was Christina Johnson, though they have since been divorced. Confidence: 0.8
Final Answer: Christina Johnson (ex-spouse) Confidence: 0.8",Christina Johnson (ex-spouse),0.26880000000000004,0.0,0,0
945,3hop1__241001_568433_51423,What is the name of the castle in the headquarters of the company that employs Arna Selznick?,Casa Loma,"Step 1: Arna Selznick is a known animator and director who has worked with Nelvana, a Canadian animation company. Confidence: 0.8
Step 2: Nelvana is headquartered in Toronto, Ontario, Canada. Confidence: 0.9
Step 3: Nelvana's headquarters does not have a castle; this clue might refer to one of their productions. Confidence: 0.7
Step 4: Nelvana has produced a series called ""Care Bears,"" which features the ""Castle in the Clouds."" Confidence: 0.6
Final Answer: Castle in the Clouds Confidence: 0.5",Castle in the Clouds,0.1512,0.0,0,0
946,3hop2__92991_38326_76291,When did the party Harlan and Stewart were affiliated with gain control of the body which determines rules of the US House and US Senate?,January 2015,"Step 1: Identify which party Harlan and Stewart were affiliated with. Confidence: 0.8
Step 2: Harlan (John Marshall Harlan) and Stewart (discounting possibilities based on common historical figures, such as Potter Stewart or Jeb Stewart) were associated with the Republican Party. Confidence: 0.7
Step 3: Determine when the Republican Party gained control of Congress, as the rules of the House and Senate are determined by which party controls them. Confidence: 0.8
Step 4: Historically, the Republican Party gained control of both the House and Senate at different times; notably, they held both after the 2014 elections. Confidence: 0.85
Final Answer: 2014 Confidence: 0.7",2014,0.26655999999999996,0.0,0,0
947,2hop__765180_123956,When did the Battle at Choo Hoey's birthplace end?,15 February 1942,"Step 1: Determine who Choo Hoey is. Choo Hoey is a Singaporean conductor born in the city of Palembang, Indonesia. Confidence: 0.9

Step 2: Research historical battles that occurred in Palembang. A significant battle in Palembang during World War II was the Battle of Palembang. Confidence: 0.8

Step 3: Identify the date when the Battle of Palembang ended. The Battle of Palembang ended on February 16, 1942. Confidence: 0.85

Final Answer: February 16, 1942 Confidence: 0.8","February 16, 1942",0.4896000000000001,0.6666666666666666,0,0
948,4hop3__373573_132409_223216_35031,The band Pathology formed in a city whose urban area ranks where by size among the urban areas of the state where the Still Swingin' song's band formed?,third-largest,"Step 1: The band ""Pathology"" formed in San Diego. Confidence: 0.95
Step 2: The band with the song ""Still Swingin'"" is Papa Roach, which formed in Vacaville, California. Confidence: 0.9
Step 3: Vacaville is in California, so we need to identify the largest urban areas in California. Confidence: 0.85
Step 4: San Diego ranks as the second-largest urban area in California, after Los Angeles. Confidence: 0.95
Final Answer: 2nd Confidence: 0.9",2nd,0.62137125,0.0,0,0
949,2hop__48784_70131,Who constituted the free crops in the location where the democratic government set up in Germany in 1919?,consisting largely of World War I veterans,"Step 1: Identify the significance of 1919 in Germany with respect to government. The Weimar Republic was established in Germany in 1919 following World War I. Confidence: 0.9
Step 2: Determine what ""free crops"" might refer to in the context of German history or society. The phrase ""free crops"" might be intended to refer to a social class, peasants or farmers who are independent or free individuals working the land. Confidence: 0.4
Step 3: Consider the term ""free corps"" which is more contextually relevant to 1919 Germany. ""Free corps"" or ""Freikorps"" were paramilitary organizations made up of World War I veterans. Confidence: 0.9
Step 4: Connect Freikorps to the setting up of the Weimar Republic. Freikorps were involved in maintaining order and quelling uprisings during the early period of the Weimar Republic. Confidence: 0.8
Final Answer: Freikorps Confidence: 0.8",Freikorps,0.20736000000000004,0.0,0,1
950,2hop__176712_8311,What year was the father of Katherine of England crowned?,1216,"Step 1: Katherine of England likely refers to one of the well-known queens or princesses, possibly Katherine of Aragon. Confidence: 0.8
Step 2: Katherine of Aragon was the first wife of King Henry VIII and daughter of Ferdinand II of Aragon. Confidence: 0.9
Step 3: Ferdinand II of Aragon was crowned King of Aragon in 1479. Confidence: 0.9
Final Answer: 1479 Confidence: 0.8",1479,0.5184000000000001,0.0,0,0
951,2hop__315267_277284,What administrative territorial entity includes the place where Bill Cockcroft was educated?,"Tonbridge, Kent","Step 1: Identify where Bill Cockcroft was educated. He attended Keble College at the University of Oxford. Confidence: 0.9
Step 2: Determine the administrative territorial entity that includes the University of Oxford. Confidence: 0.9
Step 3: The University of Oxford is located in the city of Oxford. Confidence: 1.0
Step 4: The city of Oxford is within the county of Oxfordshire in England. Confidence: 1.0
Final Answer: Oxfordshire Confidence: 0.9",Oxfordshire,0.7290000000000001,0.0,0,0
952,2hop__499003_853511,What is the record label for the band which performed Pythons?,Kanine Records,"Step 1: The band that performed the album ""Pythons"" is Surfer Blood. Confidence: 1.0
Step 2: Surfer Blood's album ""Pythons"" was released under the label Warner Bros. Records. Confidence: 1.0
Final Answer: Warner Bros. Records Confidence: 1.0",Warner Bros. Records,1.0,0.4,0,0
953,2hop__96062_159673,What other movie did the cast member of Escape from L.A. play a character in?,The Hateful Eight,"Step 1: Identify a cast member of ""Escape from L.A."" I know Kurt Russell is a prominent cast member in that film. Confidence: 0.9
Step 2: Recall another movie that Kurt Russell played a character in. Films like ""The Thing"" come to mind where he played a significant role. Confidence: 0.8
Final Answer: The Thing Confidence: 0.8",The Thing,0.5760000000000001,0.0,0,0
954,3hop2__89854_36497_76291,When did the majority party in the House of Representatives take control of the body which the President calls on for support in his USAF appointments?,January 2015,"Step 1: Identify the body the President calls on for support in USAF (United States Air Force) appointments, which is the Senate. Confidence: 0.9

Step 2: Determine when the current majority party took control of the Senate. As of January 2021, Democrats took control of the Senate. Confidence: 0.8

Step 3: Identify the month and year because the question asks when, so it's January 2021. Confidence: 0.85

Final Answer: January 2021 Confidence: 0.75",January 2021,0.4590000000000001,0.5,0,0
955,3hop1__497845_629431_124169,On what date did the Governor of the place of death of Princeps Pastorum's author end?,1952,"Step 1: ""Princeps Pastorum"" is the title of an encyclical written by Pope John XXIII. Confidence: 0.9
Step 2: Pope John XXIII died in Vatican City. Confidence: 0.95
Step 3: Vatican City is governed by the Pope, who is also the Bishop of Rome. Confidence: 0.95
Step 4: Pope John XXIII's papacy ended with his death on June 3, 1963. Confidence: 0.95
Final Answer: June 3, 1963 Confidence: 0.9","June 3, 1963",0.6944737499999999,0.0,0,0
956,2hop__448615_127908,What league was the team that Jose Cancela was a member of in?,Major League Soccer,"Step 1: Jose Cancela is a former professional soccer player. Confidence: 0.9
Step 2: He played in Major League Soccer (MLS) during part of his career. Confidence: 0.8
Step 3: An association well-known for being part of MLS is the New England Revolution, which Jose Cancela played for. Confidence: 0.7
Final Answer: Major League Soccer (MLS) Confidence: 0.7",Major League Soccer (MLS),0.3528,0.8571428571428571,0,1
957,2hop__62020_158262,When did the president of the Confederacy end his fight in the Mexican-American war?,1848,"Step 1: The president of the Confederacy was Jefferson Davis. Confidence: 1.0
Step 2: Jefferson Davis served as an officer in the U.S. Army during the Mexican-American War. Confidence: 0.9
Step 3: The Mexican-American War ended on February 2, 1848, with the signing of the Treaty of Guadalupe Hidalgo. Confidence: 0.95
Step 4: Officers typically ended their military engagement once the war officially ended unless otherwise stated. Confidence: 0.9
Final Answer: February 2, 1848 Confidence: 0.85","February 2, 1848",0.654075,0.5,0,1
958,4hop1__726391_153080_33952_34109,What is the PBS station in the second largest city in the state where Oh Yeah's performer is from?,KUAT-TV 6,"Step 1: Oh Yeah's performer is the band Yello. Confidence: 1.0
Step 2: Yello is a band from Switzerland. Confidence: 1.0
Step 3: Since Switzerland is not a U.S. state, let's correct to the performer temporarily - this could refer to another band’s cover or association in a U.S. context. Confidence: 0.5
Step 4: A different band, The Bangles, has a song ""Oh Yeah"" and they're from California. Confidence: 0.8
Step 5: The second largest city in California is San Diego. Confidence: 1.0
Step 6: The PBS station in San Diego is KPBS. Confidence: 1.0
Final Answer: KPBS Confidence: 0.8",KPBS,0.32000000000000006,0.0,0,0
959,3hop1__41865_55331_34700,Who sent naval ships to the body of water that joins the Atlantic and the sea where the Rhine ends?,Caesar,"Step 1: Identify the body of water where the Rhine River ends, which is the North Sea. Confidence: 1.0
Step 2: Identify the body of water that joins the Atlantic Ocean and the North Sea, which is the English Channel. Confidence: 1.0
Step 3: Determine a recent or well-known instance of naval ships being sent to the English Channel. Confidence: 0.7
Step 4: The United Kingdom frequently sends naval ships to the English Channel for various reasons, including patrolling and immigration control. Confidence: 0.8
Final Answer: United Kingdom Confidence: 0.8",United Kingdom,0.44799999999999995,0.0,0,0
960,2hop__311694_129669,In which state is Vera Barbosa's place of birth located?,Lisbon District,"Step 1: Identify who Vera Barbosa is to find relevant information about her birthplace. Confidence: 0.8
Step 2: Vera Barbosa is a track and field sprinter from Cape Verde. Confidence: 0.9
Step 3: Since Vera Barbosa is from Cape Verde and not from the United States, her place of birth would not be in a US state. Confidence: 0.95
Step 4: Conclude that Vera Barbosa's place of birth being in a US state is unlikely, as she is associated with Cape Verde. Confidence: 0.95
Final Answer: Not in a US state. Confidence: 0.95",Not in a US state.,0.61731,0.0,0,1
961,2hop__500379_126537,When did Burroughs Corporation merge to form a new corporation?,1986,"Step 1: Burroughs Corporation merged with another company to form a new corporation. Confidence: 0.9
Step 2: The company Burroughs Corporation merged with was Sperry Corporation. Confidence: 0.9
Step 3: The merger between Burroughs Corporation and Sperry Corporation resulted in the formation of Unisys. Confidence: 0.8
Step 4: The merger to form Unisys took place in the year 1986. Confidence: 0.9
Final Answer: 1986 Confidence: 0.9",1986,0.5248800000000001,1.0,1,1
962,4hop1__726152_153080_33897_81096,Who won the Indy Car Race in the largest populated city of the state where the performer of Tijuana Moods is from?,Mario Andretti,"Step 1: The performer of ""Tijuana Moods"" is Charles Mingus. Confidence: 1.0
Step 2: Charles Mingus is from Nogales, Arizona. Confidence: 1.0
Step 3: The largest populated city in Arizona is Phoenix. Confidence: 1.0
Step 4: The Indy Car Race in Phoenix is the Phoenix Grand Prix. Confidence: 0.9
Step 5: The last winner of the Phoenix Grand Prix was Simon Pagenaud in 2017. Confidence: 0.8
Final Answer: Simon Pagenaud Confidence: 0.8",Simon Pagenaud,0.5760000000000001,0.0,0,0
963,2hop__35137_22899,What age did the writer of The Canon of Medicine learn the entire quran?,ten,"Step 1: The writer of The Canon of Medicine is Avicenna (Ibn Sina). Confidence: 0.9
Step 2: Avicenna is known to have completed memorizing the Quran. Confidence: 0.8
Step 3: Historical records suggest Avicenna completed memorizing the Quran by the age of 10. Confidence: 0.8
Final Answer: 10 Confidence: 0.7",10,0.4032,0.0,0,1
964,2hop__847433_11402,"According to the organization that creates census county division, what is the total area in square miles?",17.037 square miles,"Step 1: The organization that creates census county divisions in the United States is the U.S. Census Bureau. Confidence: 0.9
Step 2: The total area managed under census data is the entire land and water area of the United States and its territories. Confidence: 0.8
Step 3: The total area of the United States, including land and water, is approximately 3.8 million square miles. Confidence: 0.7
Step 4: Assuming this area is what the U.S. Census Bureau has data for, this would be the area you are asking about. Confidence: 0.7
Final Answer: 3,797,000 square miles Confidence: 0.6","3,797,000 square miles",0.21168,0.6666666666666666,0,0
965,2hop__52283_75184,Who play's Marty's girlfriend in back to the future?,Claudia Wells,"Step 1: ""Back to the Future"" is a film released in 1985 directed by Robert Zemeckis. Confidence: 1.0
Step 2: Marty's girlfriend in ""Back to the Future"" is named Jennifer Parker. Confidence: 1.0
Step 3: Claudia Wells played Jennifer Parker in the first ""Back to the Future"" film. Confidence: 1.0
Final Answer: Claudia Wells Confidence: 1.0",Claudia Wells,1.0,1.0,1,1
966,3hop2__92991_38242_76291,"When did the party that had majorities in Congress prior to the 1954 elections, take control of the organization that determines the rules of the US house and US senate?",January 2015,"Step 1: Before the 1954 elections, the Republican Party had the majority in both the US House of Representatives and the Senate. Confidence: 0.9
Step 2: The party that has majorities in Congress typically has significant control over the organization that determines the rules of the US House and Senate. Confidence: 0.9
Step 3: The Rules Committees in both the House and Senate are influenced by the majority party, who set the legislative agenda. Confidence: 0.8
Step 4: In the context of US history, the Republicans took control of Congress, thus the Rules Committees, after the 1952 elections. Confidence: 0.85
Final Answer: 1952 Confidence: 0.85",1952,0.46818000000000004,0.0,0,0
967,4hop1__152146_5274_458768_33633,When did the explorer reach the headquarters location of the only company larger than Langa natter's record label?,"August 3, 1769","Step 1: Identify Langa natter's record label. Confidence: 0.7
Step 2: Determine which company is larger than Langa natter's record label. Confidence: 0.8
Step 3: Identify the headquarters location of that larger company. Confidence: 0.7
Step 4: Find when the explorer reached that company headquarters. Confidence: 0.6
Final Answer: Unknown Date Confidence: 0.4",Unknown Date,0.09408,0.0,0,0
968,3hop1__132795_40769_64047,When did the luxury division of the company that produces TMG EV P001 change the body style of rx 350?,Sales began worldwide in April 2012,"Step 1: Determine the company that produces TMG EV P001. The TMG EV P001 is produced by Toyota Motorsport GmbH (TMG). Confidence: 0.8
Step 2: Identify the luxury division of Toyota. The luxury division of Toyota is Lexus. Confidence: 0.9
Step 3: Find the relevant model related to Lexus. The RX 350 is a model within the Lexus RX line. Confidence: 0.95
Step 4: Determine when Lexus changed the body style of the RX 350. The Lexus RX 350 changed its body style for the 2016 model year. Confidence: 0.85
Final Answer: 2016 Confidence: 0.8",2016,0.46512000000000003,0.0,0,0
969,2hop__79875_84469,"In the movie A League of their Own, who played the husband of the person who also played Thelma in the movie Thelma and Louise?",Bill Pullman,"Step 1: The movie ""Thelma and Louise"" features Geena Davis as Thelma. Confidence: 1.0
Step 2: In ""A League of Their Own,"" Geena Davis plays the character Dottie Hinson. Confidence: 1.0
Step 3: Bill Pullman played Dottie Hinson's husband, Bob Hinson, in ""A League of Their Own."" Confidence: 1.0
Final Answer: Bill Pullman Confidence: 1.0",Bill Pullman,1.0,1.0,1,1
970,2hop__31094_31122,The author of Alciphron lived in what century?,18th,"Step 1: Alciphron is a work authored by George Berkeley. Confidence: 1.0
Step 2: George Berkeley was an Irish philosopher. Confidence: 1.0
Step 3: George Berkeley lived during the late 17th and early 18th centuries. Confidence: 1.0
Step 4: Berkeley was born in 1685 and died in 1753. Confidence: 0.9
Final Answer: 18th century Confidence: 0.9",18th century,0.81,0.6666666666666666,0,1
971,4hop1__88342_75218_128008_46748,The MLB MVP award is given out after a competition where a team has played the most games. What is the longest win streak in the history of league that team plays for?,26,"Step 1: Identify the league the MLB MVP award is associated with, which is Major League Baseball (MLB). Confidence: 1.0
Step 2: Research the longest win streak in Major League Baseball history. Confidence: 0.9
Step 3: Determine that the New York Giants hold the record with a 26-game win streak in 1916. Confidence: 0.8
Final Answer: 26 games Confidence: 0.8",26 games,0.5760000000000001,0.6666666666666666,0,1
972,2hop__284613_87295,Who does the author of the The Last of the Really Great Whangdoodles play in Princess Diaries?,Queen dowager Clarisse Renaldi,"Step 1: Identify the author of ""The Last of the Really Great Whangdoodles"". The author is Julie Andrews. Confidence: 1.0
Step 2: Determine if Julie Andrews has a role in ""The Princess Diaries"" films. Julie Andrews plays a character in ""The Princess Diaries."" Confidence: 1.0
Step 3: Identify the character played by Julie Andrews in ""The Princess Diaries."" She plays Queen Clarisse Renaldi. Confidence: 1.0
Final Answer: Queen Clarisse Renaldi Confidence: 1.0",Queen Clarisse Renaldi,1.0,0.8571428571428571,0,1
973,2hop__166820_52835,"Who wrote turn me on, which was performed by the person who also performed Chasing Pirates?",John D. Loudermilk,"Step 1: ""Chasing Pirates"" is a song performed by Norah Jones. Confidence: 0.95
Step 2: The song ""Turn Me On"" was also performed by Norah Jones. Confidence: 0.90
Step 3: ""Turn Me On"" was written by John D. Loudermilk. Confidence: 0.85
Final Answer: John D. Loudermilk Confidence: 0.85",John D. Loudermilk,0.6177374999999999,1.0,1,1
974,3hop1__680374_503371_21711,"When was the construction of the Palau de la Generalitat in the place of death of Martin, of the region that contained Isuerre?",built in the 15th century,"Step 1: Martin I was a king of Aragon, and he died in the region of Aragon. Confidence: 1.0
Step 2: Isuerre is a municipality located in the province of Zaragoza, which is part of the region of Aragon. Confidence: 1.0
Step 3: The Palau de la Generalitat in Aragon refers to the government palace of the historical region of Aragon. Confidence: 0.8
Step 4: The construction of administrative buildings like the Palau de la Generalitat often occurred during or shortly after the reign of influential leaders in the region. Confidence: 0.7
Step 5: The Palau de la Generalitat de Catalunya, which might often be confused, began construction in the early 15th century, around 1400, and the Aragonese counterpart might share a similar timeline. Confidence: 0.6
Final Answer: 1400 Confidence: 0.6",1400,0.20159999999999997,0.0,0,1
975,2hop__476927_31270,How far is Hod Lisenbee's place of death in TN from Nashville?,45,"Step 1: Identify where Hod Lisenbee died. Confidence: 0.9
Step 2: Determine the specific location (city/town) in Tennessee where Lisenbee passed away. Confidence: 0.8
Step 3: Estimate the distance from that location to Nashville, TN. Confidence: 0.7
Step 4: If the city/town of death is not directly known, assume it may be a common significant city. Confidence: 0.6
Step 5: Check typical distances between key cities/towns in TN to Nashville. Confidence: 0.6
Final Answer: 80 miles Confidence: 0.5",80 miles,0.09072,0.0,0,0
976,2hop__757497_78606,"In Grown Ups, who plays the wife of the actor who produced The Chosen One?",Joyce Van Patten,"Step 1: The movie ""Grown Ups"" features multiple leading actors such as Adam Sandler, Kevin James, Chris Rock, David Spade, and Rob Schneider. Confidence: 0.8
Step 2: ""The Chosen One"" is a movie produced by Rob Schneider. Confidence: 0.9
Step 3: In ""Grown Ups,"" Rob Schneider's character's wife is played by Joyce Van Patten. Confidence: 0.9
Final Answer: Joyce Van Patten Confidence: 0.85",Joyce Van Patten,0.5508000000000001,1.0,1,1
977,4hop1__152562_5274_458768_33632,"What day is the feast held, in the city that holds the headquarters of the only music company that is larger than the record label of Vilaiyaadu Mankatha?",May 4,"Step 1: Vilaiyaadu Mankatha is a Tamil film that features music by the record label Sony Music India, which is a part of Sony Music Entertainment. Confidence: 0.9
Step 2: The largest music company globally is Universal Music Group, which is larger than Sony Music Entertainment. Confidence: 0.95
Step 3: Universal Music Group's headquarters is in Santa Monica, California, USA. Confidence: 0.9
Step 4: A notable feast held in Santa Monica is the Santa Monica Feast on the Pier, which does not align with a specific permanent annual event on a globally recognized date. Confidence: 0.6
Final Answer: None (as there's no specific day widely known for such a feast in Santa Monica) Confidence: 0.5",None (as there's no specific day widely known for such a feast in Santa Monica),0.23084999999999997,0.0,0,0
978,4hop3__638064_88460_30152_20999,How were people from whom new coins were a proclamation of independence by the Somali Muslim Ajuran Empire expelled from the natural boundary between Thailand and Hiam district's country?,The dynasty regrouped and defeated the Portuguese,"Step 1: The Somali Muslim Ajuran Empire was known for issuing their own currency as a sign of independence. Confidence: 0.8
Step 2: The natural boundary between Thailand and another country is likely referring to the Mekong River. Confidence: 0.7
Step 3: Hiam district is not a well-known place; it's possible the mention is incorrect or unrelated to a specific known geographical location. Confidence: 0.5
Step 4: The wording of this question suggests a misunderstanding; it combines unrelated elements from different regions historically and geographically. Confidence: 0.9
Final Answer: Misinterpretation Confidence: 0.7",Misinterpretation,0.1764,0.0,0,0
979,2hop__301587_233146,Who is the grandfather of James Mayer de Rothschild?,Amschel Moses Rothschild,"Step 1: James Mayer de Rothschild is a historical figure from the Rothschild family. Confidence: 1.0
Step 2: James Mayer de Rothschild was born in 1792. Confidence: 1.0
Step 3: James Mayer de Rothschild's father was Mayer Amschel Rothschild. Confidence: 1.0
Step 4: Mayer Amschel Rothschild's father was Amschel Moses Rothschild. Confidence: 1.0
Final Answer: Amschel Moses Rothschild Confidence: 1.0",Amschel Moses Rothschild,1.0,1.0,1,1
980,3hop1__635099_131926_87157,What is the direction of flow of the body of water by the city where Write This Down was formed?,rises in northern Minnesota and meanders slowly southwards,"Step 1: Write This Down is a Christian hardcore band formed in Minneapolis, Minnesota. Confidence: 0.9
Step 2: The Mississippi River flows through Minneapolis, Minnesota. Confidence: 0.9
Step 3: The general flow direction of the Mississippi River is from north to south. Confidence: 0.95
Final Answer: South Confidence: 0.9",South,0.69255,0.0,0,1
981,2hop__133116_533882,What company resulted from a merger in 1961 involving the builder of the Martin BM?,Martin Marietta,"Step 1: The Martin BM was an early aircraft designed by the Glenn L. Martin Company. Confidence: 0.9
Step 2: In 1961, the Glenn L. Martin Company merged with the American-Marietta Corporation. Confidence: 0.85
Step 3: This merger resulted in the formation of the Martin Marietta Corporation. Confidence: 0.9
Final Answer: Martin Marietta Corporation Confidence: 0.85",Martin Marietta Corporation,0.585225,0.8,0,1
982,3hop1__458916_651917_47686,Where do greyhound buses leave from in the birthplace of Spirit If...'s performer?,Toronto Coach Terminal,"Step 1: ""Spirit If..."" is an album by Kevin Drew, a member of the Canadian band Broken Social Scene. Confidence: 0.9
Step 2: Kevin Drew was born in Toronto, Ontario, Canada. Confidence: 0.95
Step 3: The main Greyhound bus terminal in Toronto is the Toronto Coach Terminal, which is located at 610 Bay Street. Confidence: 0.9
Final Answer: Toronto Coach Terminal, 610 Bay Street Confidence: 0.85","Toronto Coach Terminal, 610 Bay Street",0.654075,0.6666666666666666,0,1
983,2hop__44590_510545,Who is the spouse of the person who voices Jarvis in Iron Man?,Jennifer Connelly,"Step 1: Paul Bettany is the actor who voices Jarvis in the Iron Man films. Confidence: 0.9
Step 2: Paul Bettany is married to Jennifer Connelly. Confidence: 0.9
Final Answer: Jennifer Connelly Confidence: 0.85",Jennifer Connelly,0.6885,1.0,1,1
984,3hop1__141138_2053_52946,"When is Celebrity Big Brother coming to the network which, along with ABC and the network which broadcasted The Chisholms, is the other major broadcaster based in NY?","February 7, 2018","Step 1: The three major broadcasters based in NY are ABC, NBC, and CBS. Confidence: 0.9
Step 2: The network that broadcasted ""The Chisholms"" was CBS. Confidence: 0.8
Step 3: Therefore, the network along with ABC and NBC is CBS. Confidence: 0.9
Step 4: ""Celebrity Big Brother"" is known to air on CBS. Confidence: 0.85
Step 5: As of my last update, the most recent season of ""Celebrity Big Brother"" on CBS aired in February 2022. There's no confirmed release date for any subsequent season as of October 2023. Confidence: 0.75
Final Answer: Unknown, not confirmed. Confidence: 0.75","Unknown, not confirmed.",0.309825,0.0,0,0
985,2hop__754682_730690,What movement was Vibullia Alcia Agrippina's child a proponent for?,Second Sophistic,"Step 1: Vibullia Alcia Agrippina was associated with ancient Roman society. Confidence: 0.8
Step 2: There is limited historical information about Vibullia Alcia Agrippina herself in commonly known historical records. Confidence: 0.7
Step 3: If Vibullia Alcia Agrippina's child was notable, it would likely be in a context related to Roman or early Christian movements. Confidence: 0.6
Step 4: Without specific historical texts detailing her life or family, the exact movement her child was a proponent of is speculative. Confidence: 0.5
Final Answer: Unknown Confidence: 0.4",Unknown,0.0672,0.0,0,0
986,2hop__742831_156034,Of which river is the river Kichi Sipi Bridge crosses a tributary?,Hudson's Bay,"Step 1: Determine which river Kichi Sipi Bridge crosses. The Kichi Sipi Bridge crosses the Nelson River in Canada. Confidence: 0.9
Step 2: Determine the tributaries of the Nelson River. One notable tributary is the Saskatchewan River. Confidence: 0.8
Step 3: Assess if there's a connection between the Kichi Sipi Bridge and the Saskatchewan River. It crosses a tributary, but the specific tributary was not mentioned. Confidence: 0.7
Step 4: Conclude whether Saskatchewan River or another is more likely. With no specific tributary detailed for the Kichi Sipi Bridge, assume its principal connection is with the Nelson River. Confidence: 0.6
Final Answer: Nelson River Confidence: 0.6",Nelson River,0.18144,0.0,0,0
987,3hop1__671542_651917_47686,Where do greyhound buses leave from in the city where the performer of Darlings was born?,Toronto Coach Terminal,"Step 1: Identify the performer of ""Darlings"". Confidence: 0.9
Step 2: ""Darlings"" is a song by the artist ""Kevin Drew"". Confidence: 0.8
Step 3: Determine the birthplace of Kevin Drew. Confidence: 0.9
Step 4: Kevin Drew was born in Toronto, Ontario, Canada. Confidence: 0.9
Step 5: Find where Greyhound buses typically leave from in Toronto. Confidence: 0.8
Step 6: Greyhound buses used to operate from the Toronto Coach Terminal at 610 Bay Street until May 2021; now services run from other terminals or have ceased. Confidence: 0.7
Final Answer: Toronto Coach Terminal, 610 Bay Street (historically) Confidence: 0.7","Toronto Coach Terminal, 610 Bay Street (historically)",0.22861440000000005,0.6,0,1
988,2hop__6827_86319,Who is the CEO of FleetBoston Financial's purchaser?,Brian Thomas Moynihan,"Step 1: FleetBoston Financial was acquired by Bank of America. Confidence: 0.9
Step 2: As of the latest information available in October 2023, the CEO of Bank of America is Brian T. Moynihan. Confidence: 0.85
Final Answer: Brian T. Moynihan Confidence: 0.85",Brian T. Moynihan,0.65025,0.6666666666666666,0,1
989,3hop1__273571_834494_34099,How long are city council terms in the city in the same county as Summit?,four-year,"Step 1: Identify the county that Summit is located in. Based on available knowledge, Summit is located in Union County, New Jersey. Confidence: 0.9

Step 2: Determine a city in Union County, New Jersey to find out their city council terms. For example, consider the city of Elizabeth, which is a prominent city in Union County. Confidence: 0.85

Step 3: Look up the length of city council terms in the city of Elizabeth, New Jersey. Generally, city council terms in many municipalities are commonly 4 years long. Confidence: 0.75

Final Answer: 4 years Confidence: 0.7",4 years,0.40162499999999995,0.0,0,1
990,2hop__152229_604644,What was the record label of the record label of So Insane?,429 Records,"Step 1: Identify the artist of the song ""So Insane."" Confidence: 0.7
Step 2: Determine the record label that released ""So Insane."" Confidence: 0.7
Step 3: Identify the record label of the record label found in Step 2. Confidence: 0.5
Final Answer: Universal Music Group Confidence: 0.4",Universal Music Group,0.09799999999999999,0.0,0,0
991,2hop__809096_491515,Where did William Beckford's child die?,Bath,"Step 1: William Beckford's child refers to his daughter, Margaret Beckford. Confidence: 0.9
Step 2: Margaret Beckford, also known as Margaret Gordon, died in a location called Lausanne. Confidence: 0.8
Final Answer: Lausanne Confidence: 0.8",Lausanne,0.5760000000000001,0.0,0,0
992,2hop__333020_69048,Who is the Chief Judge of the place where Orezi was born?,Honorable Justice Abiodun Smith,"Step 1: Orezi is a Nigerian musician. Confidence: 0.9
Step 2: Orezi was born in Owhelogbo, Isoko North, Delta State, Nigeria. Confidence: 0.85
Step 3: The Chief Judge is typically associated with a state in Nigeria. Confidence: 0.9
Step 4: The Chief Judge of Delta State would be the Chief Judge of the place where Orezi was born. Confidence: 0.9
Step 5: As of the latest update in 2023, Justice Theresa Diai is the Chief Judge of Delta State. Confidence: 0.8
Final Answer: Theresa Diai Confidence: 0.8",Theresa Diai,0.39657600000000004,0.0,0,0
993,2hop__136179_13529,When was the player that Iglesia Maradoniana is named after signed by Barcelona?,June 1982,"Step 1: Iglesia Maradoniana is named after Diego Maradona. Confidence: 1.0
Step 2: Diego Maradona was a famous Argentine footballer. Confidence: 1.0
Step 3: Diego Maradona was signed by Barcelona in 1982. Confidence: 1.0
Final Answer: 1982 Confidence: 1.0",1982,1.0,0.6666666666666666,0,1
994,2hop__744055_408817,Who is the lead singer of the band performing Bang Bang Rock & Roll?,Eddie Argos,"Step 1: Identify the band that performs ""Bang Bang Rock & Roll."" The band is Art Brut. Confidence: 0.95
Step 2: Determine the lead singer of Art Brut. The lead singer is Eddie Argos. Confidence: 0.95
Final Answer: Eddie Argos Confidence: 0.95",Eddie Argos,0.8573749999999999,1.0,1,1
995,2hop__144763_599630,In which county was Zhu Qinan born?,Yongjia County,"Step 1: Zhu Qinan is a Chinese sports shooter. Confidence: 0.9
Step 2: Historical records and athlete profiles often include birthplace information. Confidence: 0.8
Step 3: Zhu Qinan was born in Wenzhou, which is located in Zhejiang Province, China. Confidence: 0.9
Step 4: Wenzhou is an administrative city and not directly associated with a 'county' as such. Confidence: 0.7
Final Answer: Wenzhou Confidence: 0.9",Wenzhou,0.40824000000000005,0.0,0,0
996,3hop2__222979_133154_40768,"When did the maker of the Acura EL, the company that owns Scion, and Nissan, open US assembly plants?",1981,"Step 1: The maker of the Acura EL is Honda. Honda opened its first U.S. assembly plant in Marysville, Ohio, in 1982. Confidence: 0.9
Step 2: The company that owns Scion is Toyota. Toyota opened its first U.S. assembly plant in Georgetown, Kentucky, in 1988. Confidence: 0.9
Step 3: Nissan opened its first U.S. assembly plant in Smyrna, Tennessee, in 1983. Confidence: 0.9
Final Answer: 1982, 1988, 1983 Confidence: 0.85","1982, 1988, 1983",0.61965,0.0,0,0
997,3hop2__90327_87184_76291,When did the party that controls the House of Representatives take control of the branch that approves the appointees to the american cabinet?,January 2015,"Step 1: The branch that approves appointees to the American cabinet is the Senate. Confidence: 0.9
Step 2: The party that controls the House of Representatives as of 2023 is the Republican Party, who gained control after the 2022 midterm elections. Confidence: 0.8
Step 3: For the Senate, control is determined by who holds the majority after elections; the Democrats gained control following the 2020 elections, maintaining it in the 2022 midterms with a 51-49 majority (including independents who caucus with the Democrats). Confidence: 0.85
Step 4: The Democratic Party currently controls the Senate, hence they control the branch that approves appointees to the Cabinet. Confidence: 0.9
Final Answer: The Democratic Party has controlled the Senate since January 2021. Confidence: 0.85",The Democratic Party has controlled the Senate since January 2021.,0.46818000000000004,0.2,0,0
998,3hop1__145194_160545_60577,Where did they film The Beach in the country where Siddhi Savetsila was born?,Ko Phi Phi Leh,"Step 1: Siddhi Savetsila was born in Thailand. Confidence: 0.9
Step 2: The movie ""The Beach"" was filmed in Thailand. Confidence: 0.95
Step 3: The most famous filming location of ""The Beach"" in Thailand is Maya Bay on the island of Ko Phi Phi Leh. Confidence: 0.9
Final Answer: Maya Bay, Ko Phi Phi Leh Confidence: 0.85","Maya Bay, Ko Phi Phi Leh",0.654075,0.6,0,1
999,2hop__278022_71701,what year did the Japanese get to city where Wang Yue died and the rest of Guangdong province?,November 5,"Step 1: Wang Yue, also known as a Chinese child actress, died in Foshan. Confidence: 0.8
Step 2: Foshan is a city in the Guangdong province of China. Confidence: 0.9
Step 3: The Japanese invasion and occupation of parts of China, including Guangdong province, occurred during the Second Sino-Japanese War. Confidence: 0.85
Step 4: The Second Sino-Japanese War began in 1937, and the Japanese occupied Guangdong province and its cities like Foshan in 1938. Confidence: 0.9
Final Answer: 1938 Confidence: 0.85",1938,0.46818000000000004,0.0,0,0
