,id,question,answer,response,prediction,confidence,f1,em,gpt_eval
0,2hop__44815_494136,Who is the spouse of the actor of Ethan in A Dog's Purpose?,Meg Ryan,"Answer: Kirsten Vangsness Confidence: 0.8
Answer: Kathryn Lindboe Confidence: 0.7
Answer: Molly McCook Confidence: 0.6
Answer: Jane Seymour Confidence: 0.5
Answer: Vanessa Thomas Confidence: 0.4",Kirsten Vangsness,0.8,0.0,0,0
1,2hop__640262_122868,What university did the author of 1967: The Last Good Year attend?,University of British Columbia,"Answer: University of Toronto Confidence: 0.8 
Answer: Harvard University Confidence: 0.6 
Answer: Yale University Confidence: 0.4 
Answer: Oxford University Confidence: 0.3 
Answer: Cambridge University Confidence: 0.2",University of Toronto,0.8,0.5714285714285715,0,0
2,2hop__370564_71701,What year did the japanese get to the current administrative territorial entity of the Century Lotus Stadium and the rest of the guangdong province?,November 5,"Answer: 1938 Confidence: 0.9  
Answer: 1937 Confidence: 0.8  
Answer: 1940 Confidence: 0.6  
Answer: 1945 Confidence: 0.4  
Answer: 1939 Confidence: 0.3",1938,0.9,0.0,0,0
3,2hop__6827_79845,How many atms does the bank that bought FleetBoston Financial has are there?,"15,900","Answer: 16,000 Confidence: 0.85 
Answer: 15,000 Confidence: 0.75 
Answer: 17,000 Confidence: 0.70 
Answer: 14,000 Confidence: 0.65 
Answer: 18,000 Confidence: 0.60","16,000",0.85,0.0,0,0
4,3hop2__90098_156850_10557,"What was the form of the language that the last name Sylvester comes from, used in the era of Fastrada's spouse, later known as?",Medieval Latin,"Answer: Latin Confidence: 0.9  
Answer: Old French Confidence: 0.7  
Answer: Proto-Germanic Confidence: 0.5  
Answer: Old High German Confidence: 0.4  
Answer: Middle English Confidence: 0.3",Latin,0.9,0.6666666666666666,0,0
5,2hop__488811_30110,What happened to the Curonians who lived in the area where Erich Zakowski was born?,expelled by the Soviet Union,"Answer: Germanization Confidence: 0.8 
Answer: Assimilation Confidence: 0.7 
Answer: Migration Confidence: 0.6 
Answer: Extinction Confidence: 0.5 
Answer: Cultural assimilation Confidence: 0.4",Germanization,0.8,0.0,0,0
6,2hop__17827_54024,Which king sold part of the Crown Freehold and commissioned a bible translation?,King James I of England,"Answer: James I Confidence: 0.9 
Answer: Charles I Confidence: 0.7 
Answer: Henry VIII Confidence: 0.5 
Answer: Edward VI Confidence: 0.4 
Answer: Charles II Confidence: 0.3",James I,0.9,0.5714285714285715,0,1
7,2hop__752214_639679,Who is the spouse of the author of Queen of the Elephants?,Clio Goldsmith,"Answer: Mark Shand Confidence: 0.95 
Answer: N/A Confidence: 0.05 
Answer: N/A Confidence: 0.05 
Answer: N/A Confidence: 0.05 
Answer: N/A Confidence: 0.05",Mark Shand,0.95,0.0,0,0
8,2hop__810884_22402,How many students attend the university that Edith Humphrey was educated?,"nearly 25,000","Answer: University of Oxford, 24,000 students Confidence: 0.8
Answer: Imperial College London, 20,000 students Confidence: 0.5
Answer: University of Edinburgh, 35,000 students Confidence: 0.4
Answer: University College London, 41,000 students Confidence: 0.3
Answer: University of Cambridge, 20,000 students Confidence: 0.2","University of Oxford, 24,000 students",0.8,0.0,0,1
9,4hop1__341777_508773_85832_745702,"Who was the child of the Italian navigator who sailed for England, and explored the eastern coast of the continent where the birthplace of Eduardo Cuervo is found?",Sebastian Cabot,"Answer: Sebastian Cabot Confidence: 0.8 
Answer: Jacquetta Cabot Confidence: 0.4 
Answer: Lewis Cabot Confidence: 0.3 
Answer: Charles Cabot Confidence: 0.2 
Answer: Henry Cabot Confidence: 0.1",Sebastian Cabot,0.8,1.0,1,1
10,3hop2__132957_222979_40768,"When did Nissan, the Acura Legend maker and the Scion owner open US assembly plants?",1981,"Answer: 1983, 1986, 2003 Confidence: 0.8 
Answer: 1983, 1985, 2003 Confidence: 0.7 
Answer: 1983, 1986, 1987 Confidence: 0.6 
Answer: 1984, 1986, 2003 Confidence: 0.5 
Answer: 1983, 1985, 1985 Confidence: 0.4","1983, 1986, 2003",0.8,0.0,0,0
11,2hop__62311_62279,When did Germany launch an air attack on the country the U.S. fought during the American Revolution?,10 July -- 31 October 1940,"Answer: 1940 Confidence: 0.85 
Answer: 1939 Confidence: 0.75 
Answer: 1941 Confidence: 0.65 
Answer: 1942 Confidence: 0.55 
Answer: 1938 Confidence: 0.45",1940,0.85,0.33333333333333337,0,1
12,3hop1__365934_87694_124169,What date did the Governor of the city where the basilica named after the same saint as the one that Mantua Cathedral is dedicated to end?,1952,"Answer: June 30, 2019 Confidence: 0.7
Answer: August 31, 2018 Confidence: 0.6
Answer: January 15, 2020 Confidence: 0.5
Answer: April 1, 2017 Confidence: 0.4
Answer: December 5, 2016 Confidence: 0.3","June 30, 2019",0.7,0.0,0,0
13,2hop__409166_152023,"What record label is responsible for the performer of ""Sanctuary""?",Kicking Mule Records,"Answer: OVO Sound Confidence: 0.8 
Answer: Warner Bros. Records Confidence: 0.6 
Answer: Def Jam Recordings Confidence: 0.4 
Answer: Universal Music Group Confidence: 0.3 
Answer: RCA Records Confidence: 0.2",OVO Sound,0.8,0.0,0,0
14,3hop1__857_846_7821,How many miles of highways are in the city where the Yongle emperor greeted the person to whom the edict was addressed?,140 mi,"Answer: 1,163 miles (Beijing) Confidence: 0.8
Answer: 2,472 miles (Nanjing) Confidence: 0.6
Answer: 1,620 miles (Xi'an) Confidence: 0.5
Answer: 3,010 miles (Hangzhou) Confidence: 0.4
Answer: 1,750 miles (Chengde) Confidence: 0.3","1,163 miles (Beijing)",0.8,0.0,0,0
15,3hop1__19768_19788_10117,"Widely practiced in the region having the second largest rain-forest in the world, how long ago did this religion arrive in Zhejiang?","1,400 years","Answer: 1,000 years ago Confidence: 0.7  
Answer: 1,500 years ago Confidence: 0.6  
Answer: 2,000 years ago Confidence: 0.5  
Answer: 800 years ago Confidence: 0.4  
Answer: 1,200 years ago Confidence: 0.3","1,000 years ago",0.7,0.4,0,0
16,2hop__703767_37168,Where does the employer of Hasan Hanafi rank according to QS World University Rankings?,551-600,"Answer: Not ranked Confidence: 0.7 
Answer: 801-1000 Confidence: 0.6 
Answer: 501-510 Confidence: 0.5 
Answer: 451-500 Confidence: 0.4 
Answer: 251-300 Confidence: 0.3",Not ranked,0.7,0.0,0,0
17,2hop__56851_343058,Who is the spouse of the actress who played the fairy god mother in Shrek 2?,Adrian Edmondson,"Answer: Roger Frost Confidence: 0.9 
Answer: Unknown Confidence: 0.2",Roger Frost,0.9,0.0,0,0
18,3hop2__30152_105395_20999,"How were the people that the Somali Muslim Ajuran Empire made coins to proclaim independence from, expelled from the country where Star Cola is produced?",The dynasty regrouped and defeated the Portuguese,"Answer: Portuguese, civil conflict Confidence: 0.8
Answer: Portuguese, military defeat Confidence: 0.7
Answer: Portuguese, naval battles Confidence: 0.6
Answer: Portuguese, resistance movements Confidence: 0.5
Answer: Portuguese, loss of trade routes Confidence: 0.4","Portuguese, civil conflict",0.8,0.25,0,0
19,2hop__42747_83837,Who sings Home Alone Tonight with the singer of Light It Up?,Karen Fairchild,"Answer: Luke Bryan Confidence: 0.9 
Answer: Karen Fairchild Confidence: 0.8 
Answer: Cole Swindell Confidence: 0.6 
Answer: Billy Currington Confidence: 0.3 
Answer: Kip Moore Confidence: 0.2",Luke Bryan,0.9,0.0,0,0
20,2hop__511176_22458,What does the acronym of the organization Danish Football Union is part of stand for?,International Federation of Association Football,"Answer: Union of European Football Associations Confidence: 0.9
Answer: United European Football Alliance Confidence: 0.6
Answer: Europe Football Union Alliance Confidence: 0.5
Answer: European Union of Football Associations Confidence: 0.4
Answer: United Europe Football Association Confidence: 0.3",Union of European Football Associations,0.9,0.4000000000000001,0,0
21,2hop__83800_747874,Who's the sibling of the player who won the men's wimbledon championship 2016?,Jamie Murray,"Answer: Jamie Murray Confidence: 0.95
Answer: Andy Murray's brother Confidence: 0.85
Answer: Andy's sibling Confidence: 0.75
Answer: Murray's brother Confidence: 0.65
Answer: Jamie Confidence: 0.60",Jamie Murray,0.95,1.0,1,1
22,2hop__83257_19033,Where did the inventor of the Money in the Bank ladder match win in 2008?,Great American Bash,"Answer: WrestleMania XXIV Confidence: 0.9
Answer: Backlash 2008 Confidence: 0.6
Answer: Armageddon 2008 Confidence: 0.5
Answer: Royal Rumble 2008 Confidence: 0.4
Answer: SummerSlam 2008 Confidence: 0.3",WrestleMania XXIV,0.9,0.0,0,0
23,2hop__55966_162341,What kind of recognition did the actor who played the game maker in hunger games receive?,nominated for an Academy Award for Best Supporting Actor,"Answer: Hugo Award nominee Confidence: 0.7 
Answer: Primetime Emmy Award winner Confidence: 0.6 
Answer: Critics' Choice Award winner Confidence: 0.4 
Answer: Golden Globe nominee Confidence: 0.3 
Answer: Saturn Award nominee Confidence: 0.2",Hugo Award nominee,0.7,0.18181818181818182,0,0
24,2hop__754753_57816,What is the U.S. News ranking of the law school at Carlos Alvarez's employer?,100,"Answer: 16 Confidence: 0.8  
Answer: 20 Confidence: 0.6  
Answer: 18 Confidence: 0.5  
Answer: 15 Confidence: 0.4  
Answer: 19 Confidence: 0.3",16,0.8,0.0,0,0
25,3hop1__127837_157828_239539,Where is the headquarters of the Radio Television of the country that has a co-official language in the language that Kuhinjica is in?,Pristina,"Answer: Ljubljana, Slovenia Confidence: 0.8  
Answer: Sarajevo, Bosnia and Herzegovina Confidence: 0.6  
Answer: Zagreb, Croatia Confidence: 0.4  
Answer: Belgrade, Serbia Confidence: 0.3  
Answer: Podgorica, Montenegro Confidence: 0.2","Ljubljana, Slovenia",0.8,0.0,0,0
26,3hop1__102461_24918_24991,What went down after the Soviet President visiting the the birth country of Andrey Dashkov while the protests were taking place departed from the Kremlin?,Soviet flag,"Answer: Coup attempt Confidence: 0.8  
Answer: Leadership change Confidence: 0.6  
Answer: New government policy Confidence: 0.5  
Answer: Economic reform Confidence: 0.4  
Answer: Diplomatic fallout Confidence: 0.3",Coup attempt,0.8,0.0,0,0
27,2hop__612719_6455,What was the resulting browser of the group that owns Mozilla Messaging?,Firefox,"Answer: Firefox Confidence: 0.9
Answer: Thunderbird Confidence: 0.7
Answer: SeaMonkey Confidence: 0.5
Answer: Netscape Confidence: 0.3
Answer: Camino Confidence: 0.2",Firefox,0.9,1.0,1,1
28,2hop__30905_189318,Where did the person who sponsored the resolution to reopen trade with Vietnam along with Kerry go to college?,National War College,"Answer: Princeton University Confidence: 0.8 
Answer: Yale University Confidence: 0.6 
Answer: Harvard University Confidence: 0.5 
Answer: Georgetown University Confidence: 0.4 
Answer: Stanford University Confidence: 0.3",Princeton University,0.8,0.0,0,0
29,2hop__776377_857193,What is the mouth of watercourse for the body of water where Bartram's Covered Bridge is located?,Delaware River,"Answer: Delaware River Confidence: 0.7 
Answer: Brandywine Creek Confidence: 0.6 
Answer: Schuylkill River Confidence: 0.5 
Answer: Chester Creek Confidence: 0.4 
Answer: Cobb's Creek Confidence: 0.3",Delaware River,0.7,1.0,1,1
30,2hop__411091_625230,In which county is Mark Dismore's birthplace located?,Hancock County,"Answer: Franklin County Confidence: 0.8 
Answer: Johnson County Confidence: 0.6 
Answer: Marion County Confidence: 0.4 
Answer: Bartholomew County Confidence: 0.3 
Answer: Monroe County Confidence: 0.2",Franklin County,0.8,0.5,0,0
31,4hop2__160585_14670_8987_8529,"A country's military branch, which in the US contains the Air Defense Artillery, was unprepared for the invasion of Hana Mandlikova's birth country. When was the word ""Slavs"" used in the national anthem of the unprepared country?",1943–1992,"Answer: 1834 Confidence: 0.9 
Answer: 1918 Confidence: 0.6 
Answer: 1945 Confidence: 0.4 
Answer: 1992 Confidence: 0.2 
Answer: 2006 Confidence: 0.1",1834,0.9,0.0,0,0
32,3hop1__28404_160713_77246,What is the meaning of the word that is also a majority religion in what became India when the country that disavowed the Taliban was created in the Arabic dictionary?,the country of India,"Answer: Peace Confidence: 0.3
Answer: Submission Confidence: 0.25
Answer: Safety Confidence: 0.2
Answer: Islam Confidence: 0.15
Answer: Serenity Confidence: 0.1",Peace,0.3,0.0,0,0
33,2hop__8496_21567,Who introduced a system of musical notation used during the 14th century in the place where there is no evidence of a Slavic settlement before c. 600 AD?,John Kukuzelis,"Answer: Philippe de Vitry Confidence: 0.85 
Answer: Johannes de Muris Confidence: 0.70 
Answer: Francesco Landini Confidence: 0.55 
Answer: Guillaume de Machaut Confidence: 0.50 
Answer: Jacopo da Bologna Confidence: 0.45",Philippe de Vitry,0.85,0.0,0,0
34,2hop__70338_36240,"What specific part of the book where the quote ""by the skin of your teeth"" comes from document reference for Mary?",Genesis 3:15,"Answer: Book of Job, Chapter 19, verse 20 Confidence: 0.9 
Answer: Book of Job Confidence: 0.8 
Answer: Job 19:20 Confidence: 0.7 
Answer: Old Testament, Job Confidence: 0.6 
Answer: Bible Confidence: 0.5","Book of Job, Chapter 19, verse 20",0.9,0.0,0,0
35,2hop__275891_55984,Who wrote the song The Story that is sung by the performer of Rhapsody Originals?,Phil Hanseroth,"Answer: Brandi Carlile Confidence: 0.9 
Answer: Phil Hanseroth Confidence: 0.7 
Answer: Tim Hanseroth Confidence: 0.6 
Answer: Dave Cobb Confidence: 0.4 
Answer: Bob Dylan Confidence: 0.2",Brandi Carlile,0.9,0.0,0,0
36,3hop1__136129_87694_124169,What year did the Governor of the city where the basilica named after the same saint as the one that Mantua Cathedral is dedicated to die?,1952,"Answer: 430 Confidence: 0.9 
Answer: 444 Confidence: 0.7 
Answer: 448 Confidence: 0.6 
Answer: 426 Confidence: 0.5 
Answer: 431 Confidence: 0.4",430,0.9,0.0,0,0
37,4hop3__373866_5189_38229_86687,A group of nations of which the People's Socialist Republic of Albania was a member was controlled by one country. When did that country agree to a unified Germany inside of the organization Eisenhower would not discuss during the campaign?,May 1990,"Answer: 1990 Confidence: 0.9
Answer: 1989 Confidence: 0.7
Answer: 1991 Confidence: 0.6
Answer: 1988 Confidence: 0.5
Answer: 1992 Confidence: 0.4",1990,0.9,0.6666666666666666,0,1
38,2hop__455158_247871,What county is the NRHEG High School located in?,Waseca County,"Answer: Waseca County Confidence: 0.9  
Answer: Steele County Confidence: 0.8  
Answer: Freeborn County Confidence: 0.5  
Answer: Blue Earth County Confidence: 0.3  
Answer: Mower County Confidence: 0.2",Waseca County,0.9,1.0,1,1
39,3hop1__131783_131926_13165,What treaty ceded territory to the US extending west to the body of water by the location of the Minikahda Club?,Treaty of Paris,"Answer: Treaty of Paris (1898) Confidence: 0.8 
Answer: Treaty of Guadalupe Hidalgo Confidence: 0.7 
Answer: Louisiana Purchase Treaty Confidence: 0.6 
Answer: Treaty of Fort Laramie (1868) Confidence: 0.4 
Answer: Adams-Onís Treaty Confidence: 0.3",Treaty of Paris (1898),0.8,0.8571428571428571,0,0
40,2hop__123214_22402,How many students attend Daniel Thürer's university?,"nearly 25,000","Answer: 21,000 Confidence: 0.7  
Answer: 10,000 Confidence: 0.6  
Answer: 25,000 Confidence: 0.5  
Answer: 15,000 Confidence: 0.4  
Answer: 30,000 Confidence: 0.3","21,000",0.7,0.0,0,0
41,3hop1__358853_339990_15538,"When did the state, that contains the county where Raven Creek is located, reinstate the death penalty?",1984,"Answer: 1976 Confidence: 0.8 
Answer: 1977 Confidence: 0.7 
Answer: 1975 Confidence: 0.6 
Answer: 1978 Confidence: 0.5 
Answer: 1979 Confidence: 0.4",1976,0.8,0.0,0,0
42,2hop__552546_70131,Who constituted the free corps in the country that the Free State of Mecklenburg-Schwerin is located in?,consisting largely of World War I veterans,"Answer: Paramilitary groups, Germany Confidence: 0.85
Answer: Volunteer militias, Germany Confidence: 0.80
Answer: Freikorps, Germany Confidence: 0.75
Answer: Mercenaries, Germany Confidence: 0.60
Answer: Soldiers, Germany Confidence: 0.55","Paramilitary groups, Germany",0.85,0.0,0,0
43,2hop__67956_463572,What record label does the artist who sang you belong to me belong to?,MGM Records,"Answer: Sony Music Entertainment Confidence: 0.7
Answer: Big Machine Records Confidence: 0.6
Answer: Universal Music Group Confidence: 0.4
Answer: Republic Records Confidence: 0.3
Answer: Columbia Records Confidence: 0.2",Sony Music Entertainment,0.7,0.0,0,0
44,2hop__418360_67370,When does real time with the author of The New New Rules start again in 2018,"January 19, 2018","Answer: January 19, 2018 Confidence: 0.9
Answer: January 26, 2018 Confidence: 0.6
Answer: February 2, 2018 Confidence: 0.3
Answer: February 9, 2018 Confidence: 0.2
Answer: January 12, 2018 Confidence: 0.1","January 19, 2018",0.9,1.0,1,1
45,2hop__73921_807969,The BBC Footballer of the Year is a member of which team?,Egypt national football team,"Answer: Real Madrid Confidence: 0.7
Answer: FC Barcelona Confidence: 0.6
Answer: Manchester City Confidence: 0.5
Answer: Liverpool Confidence: 0.4
Answer: Bayern Munich Confidence: 0.3",Real Madrid,0.7,0.0,0,0
46,3hop1__139787_88110_77129,What was the first OS to support Hyper-V from the company the letters MS stands for in the network that broadcasts Buchanan & Press?,Windows 8,"Answer: Windows Server 2008 Confidence: 0.9
Answer: Windows 8 Confidence: 0.7
Answer: Windows Server 2008 R2 Confidence: 0.4
Answer: Windows 7 Confidence: 0.2
Answer: Windows Server 2012 Confidence: 0.1",Windows Server 2008,0.9,0.4,0,0
47,2hop__141456_6455,What was the resulting browser for the company Mozilla Messaging is a part of?,Firefox,"Answer: Firefox Confidence: 0.9 
Answer: Thunderbird Confidence: 0.5 
Answer: Gecko Confidence: 0.3 
Answer: SeaMonkey Confidence: 0.2 
Answer: Camino Confidence: 0.1",Firefox,0.9,1.0,1,1
48,3hop2__326964_7855_7713,How long had the city considered to be a place that is popular with tourists been the capital city of the location of the Yaxing Coach headquarters?,about 400 years,"Answer: Since 1949 Confidence: 0.8 
Answer: Since 1946 Confidence: 0.7 
Answer: Since 1950 Confidence: 0.6 
Answer: Since 1945 Confidence: 0.5 
Answer: Since 1951 Confidence: 0.4",Since 1949,0.8,0.0,0,0
49,4hop1__436202_765799_282674_759393,What is the seat of the county sharing a border with the county in which J. P. Hayes was born?,Green Bay,"Answer: Antigo Confidence: 0.8 
Answer: Green Bay Confidence: 0.6 
Answer: Appleton Confidence: 0.5 
Answer: Clintonville Confidence: 0.4 
Answer: Shawano Confidence: 0.3",Antigo,0.8,0.0,0,0
50,3hop1__389069_132457_47686,"Where do greyhound buses depart from, in the city where the performer of Sleep Is the Enemy was formed?",Toronto Coach Terminal,"Answer: Kingston Bus Terminal Confidence: 0.8 
Answer: Kingston Bus Depot Confidence: 0.6 
Answer: Kingston Transit Centre Confidence: 0.4 
Answer: VIA Rail Station, Kingston Confidence: 0.3 
Answer: Coach Canada Terminal, Kingston Confidence: 0.2",Kingston Bus Terminal,0.8,0.3333333333333333,0,0
51,2hop__90773_715759,What was the inventor of the atomic bomb trigger a participant in?,Manhattan Project,"Answer: Manhattan Project Confidence: 0.9 
Answer: Los Alamos National Laboratory Confidence: 0.65 
Answer: World War II Confidence: 0.6 
Answer: Atomic Energy Commission Confidence: 0.55 
Answer: Project Y Confidence: 0.5",Manhattan Project,0.9,1.0,1,1
52,2hop__135652_669373,Who is the employer of the physicist who Mach number is named after?,Charles University,"Answer: University of Vienna Confidence: 0.8 
Answer: Charles University Confidence: 0.7 
Answer: Prague Polytechnic Institute Confidence: 0.6 
Answer: Imperial Academy of Sciences and Literature in Vienna Confidence: 0.5 
Answer: German University in Prague Confidence: 0.4",University of Vienna,0.8,0.4,0,0
53,2hop__6736_6733,To what division does the place where the most speakers are found belong?,Eastern block,"Answer: Guangdong, China Confidence: 0.8 
Answer: Lagos, Nigeria Confidence: 0.6 
Answer: Uttar Pradesh, India Confidence: 0.5 
Answer: São Paulo, Brazil Confidence: 0.4 
Answer: California, USA Confidence: 0.3","Guangdong, China",0.8,0.0,0,0
54,4hop1__58323_375563_161848_83118,When does daylight savings end in the country near the country where the author of The Book Thief is from?,the first Sunday in April,"Answer: First Sunday of October Confidence: 0.8 
Answer: Last Sunday of October Confidence: 0.6 
Answer: First Sunday of November Confidence: 0.4 
Answer: Fourth Sunday of October Confidence: 0.3 
Answer: Second Sunday of November Confidence: 0.2",First Sunday of October,0.8,0.5,0,0
55,4hop3__524186_219173_862998_72134,When did the city where Hillcrest High School is located become capitol of the state where the screenwriter of The Poor Boob was born?,1839,"Answer: 1896 Confidence: 0.9
Answer: 1997 Confidence: 0.4
Answer: 1875 Confidence: 0.3
Answer: 1907 Confidence: 0.2
Answer: 1912 Confidence: 0.1",1896,0.9,0.0,0,0
56,3hop1__354480_834494_34109,What is the administrative territorial entity that contains the location of Eric Marcus Municipal Airport PBS station?,KUAT-TV 6,"Answer: Oklahoma City Confidence: 0.7
Answer: Payne County Confidence: 0.6
Answer: Stillwater Confidence: 0.5
Answer: Oklahoma County Confidence: 0.4
Answer: Midwest City Confidence: 0.3",Oklahoma City,0.7,0.0,0,0
57,2hop__354635_174222,What company succeeded the owner of Empire Sports Network?,Time Warner Cable,"Answer: Adelphia Communications Corporation Confidence: 0.85
Answer: Time Warner Cable Confidence: 0.70
Answer: Comcast Confidence: 0.60
Answer: Charter Communications Confidence: 0.50
Answer: AT&T Broadband Confidence: 0.45",Adelphia Communications Corporation,0.85,0.0,0,0
58,4hop3__678814_466199_695123_72134,When did the town WIZE is licensed in become capitol of the state where Stoney Creek Township is located?,1839,"Answer: 1825 Confidence: 0.9 
Answer: 1821 Confidence: 0.6 
Answer: 1816 Confidence: 0.4 
Answer: 1824 Confidence: 0.3 
Answer: 1830 Confidence: 0.2",1825,0.9,0.0,0,0
59,2hop__83405_158262,When did the president of the Confederate States of America end his fight in the Mexican-American war?,1848,"Answer: 1847 Confidence: 0.8 
Answer: 1846 Confidence: 0.6 
Answer: 1848 Confidence: 0.4 
Answer: 1845 Confidence: 0.3 
Answer: 1849 Confidence: 0.2",1847,0.8,0.0,0,0
60,2hop__60001_512508,What did the person who discovered that all atoms of an element have the same number of protons participate in?,Manhattan Project,"Answer: Gold foil experiment Confidence: 0.9 
Answer: Quantum theory development Confidence: 0.7 
Answer: Structure of atom research Confidence: 0.6 
Answer: Cathode ray experiments Confidence: 0.4 
Answer: Alpha particle experiments Confidence: 0.3",Gold foil experiment,0.9,0.0,0,0
61,2hop__403712_793210,"Who is the father of Edward Baring, 1st Baron Revelstoke's father?","Sir Francis Baring, 1st Baronet","Answer: Sir Francis Baring, 1st Baronet Confidence: 0.9
Answer: Alexander Baring, 1st Baron Ashburton Confidence: 0.7
Answer: Henry Baring Confidence: 0.5
Answer: Thomas Baring Confidence: 0.3
Answer: John Baring Confidence: 0.2","Sir Francis Baring, 1st Baronet",0.9,1.0,1,1
62,3hop1__409517_547811_80702,What is the name of the famous bridge in the birth city of the composer of Scanderbeg?,Rialto Bridge,"Answer: Rialto Bridge Confidence: 0.8 
Answer: Ponte dei Trepponti Confidence: 0.65 
Answer: Bridge of Sighs Confidence: 0.6 
Answer: Ponte degli Scalzi Confidence: 0.55 
Answer: Ponte della Libertà Confidence: 0.5",Rialto Bridge,0.8,1.0,1,1
63,4hop1__433767_32392_823060_610794,In what county is located the city that shares a border with the capital of the state where Mike Dow was born?,Richland County,"Answer: Baldwin County Confidence: 0.85 
Answer: Mobile County Confidence: 0.60 
Answer: Shelby County Confidence: 0.40 
Answer: Madison County Confidence: 0.30 
Answer: Jefferson County Confidence: 0.25",Baldwin County,0.85,0.5,0,0
64,4hop2__567956_39078_8987_8974,Normalization occurred in Country A that invaded Country B because the military branch was unprepared. Country B was the only communist country to have an embassy where?,Alfredo Stroessner's Paraguay,"Answer: Raleigh, North Carolina Confidence: 0.75 
Answer: Silicon Valley, California Confidence: 0.70 
Answer: Washington, D.C. Confidence: 0.65 
Answer: Los Angeles, California Confidence: 0.60 
Answer: New York City, New York Confidence: 0.55","Raleigh, North Carolina",0.75,0.0,0,0
65,2hop__689472_52835,Who wrote the song turn me on that is performed by performer of Feelin' the Same Way?,John D. Loudermilk,"Answer: Norah Jones Confidence: 0.9 
Answer: John D. Loudermilk Confidence: 0.5 
Answer: Nina Simone Confidence: 0.4 
Answer: Van Morrison Confidence: 0.3 
Answer: David Ladd Confidence: 0.2",Norah Jones,0.9,0.0,0,0
66,2hop__820739_250752,Who is the sibling of the screenwriter of War of the Coprophages?,Glen Morgan,"Answer: Jonathan Gilligan Confidence: 0.85 
Answer: Chris Carter's sibling (none mentioned) Confidence: 0.5 
Answer: Gillian Anderson's sibling (none mentioned) Confidence: 0.2 
Answer: David Duchovny's sibling (none mentioned) Confidence: 0.1 
Answer: Vince Gilligan's sibling (none mentioned) Confidence: 0.05",Jonathan Gilligan,0.85,0.0,0,0
67,2hop__21104_16254,"By 1931, what percentage of the world's Jews were the group that represents at least 70% of Jews worldwide?",92 percent,"Answer: 92% Confidence: 0.9 
Answer: 90% Confidence: 0.8 
Answer: 85% Confidence: 0.7 
Answer: 95% Confidence: 0.6 
Answer: 80% Confidence: 0.5",92%,0.9,0.6666666666666666,0,1
68,4hop1__726391_153080_33952_34053,What was the wettest year in the second largest city of the state where the Oh Yeah performer is from?,1905,"Answer: 2005 Confidence: 0.6
Answer: 1998 Confidence: 0.5
Answer: 2017 Confidence: 0.4
Answer: 2020 Confidence: 0.3
Answer: 2004 Confidence: 0.2",2005,0.6,0.0,0,0
69,2hop__374767_152023,What label is responsible for the performer of One Night in America?,Kicking Mule Records,"Answer: Southern Cross Records Confidence: 0.9 
Answer: BMG Confidence: 0.7 
Answer: Sony Music Confidence: 0.6 
Answer: Columbia Records Confidence: 0.5 
Answer: Warner Music Group Confidence: 0.4",Southern Cross Records,0.9,0.3333333333333333,0,0
70,4hop3__426860_88460_30152_20999,How were the same people who the Somali Muslim Ajuran Empire declared independence from expelled from the natural boundary between Thailand and the country where That Dam is found?,The dynasty regrouped and defeated the Portuguese,"Answer: French Confidence: 0.85
Answer: Laos Confidence: 0.75
Answer: Siam Confidence: 0.65
Answer: British Confidence: 0.55
Answer: Vietnam Confidence: 0.45",French,0.85,0.0,0,0
71,3hop1__79462_91850_685675,What team is the person who hit the first home run at the new stadium where the american league Wildcard game will be played a member of?,New York Yankees,"Answer: Yankees Confidence: 0.7  
Answer: Red Sox Confidence: 0.6  
Answer: Rangers Confidence: 0.5  
Answer: Astros Confidence: 0.4  
Answer: Rays Confidence: 0.4",Yankees,0.7,0.5,0,1
72,2hop__289517_139339,What was the cast member in After Hours nominated for?,Academy Award for Best Live Action Short Film,"Answer: Golden Globe Award Confidence: 0.7 
Answer: Oscar Confidence: 0.6 
Answer: BAFTA Award Confidence: 0.5 
Answer: Saturn Award Confidence: 0.4 
Answer: Tony Award Confidence: 0.3",Golden Globe Award,0.7,0.18181818181818182,0,0
73,4hop1__129721_32392_823060_610794,What county is the city that shares a border with the state capital of the state where Zubly Cemetery is located in?,Richland County,"Answer: Camden County Confidence: 0.75 
Answer: Chatham County Confidence: 0.70 
Answer: Glynn County Confidence: 0.65 
Answer: McIntosh County Confidence: 0.60 
Answer: Liberty County Confidence: 0.55",Camden County,0.75,0.5,0,0
74,2hop__142842_68489,Who did the performer of Night Rocker play on Young and Restless?,Snapper Foster,"Answer: Brad Carlton Confidence: 0.9 
Answer: Danny Romalotti Confidence: 0.6 
Answer: Neil Winters Confidence: 0.3 
Answer: Jack Abbott Confidence: 0.2 
Answer: Victor Newman Confidence: 0.1",Brad Carlton,0.9,0.0,0,0
75,2hop__80546_75184,Who played the girlfriend of the actor who played Marlene McFly in Back to the Future?,Claudia Wells,"Answer: Lea Thompson Confidence: 0.9
Answer: Claudia Wells Confidence: 0.8
Answer: Elizabeth Shue Confidence: 0.7
Answer: Crispin Glover Confidence: 0.5
Answer: Thomas F. Wilson Confidence: 0.3",Lea Thompson,0.9,0.0,0,0
76,2hop__323534_810083,Where was the author of Marcinkus born?,Scranton,"Answer: Cicero, Illinois Confidence: 0.9
Answer: Chicago, Illinois Confidence: 0.6
Answer: Illinois, USA Confidence: 0.5
Answer: USA Confidence: 0.3
Answer: Cook County, Illinois Confidence: 0.4","Cicero, Illinois",0.9,0.0,0,0
77,2hop__829474_123956,On what date was the battle where Muhammad Shobran was born?,15 February 1942,"Answer: 21 May 1988; Confidence: 0.5 
Answer: unknown; Confidence: 0.3 
Answer: not applicable; Confidence: 0.2 
Answer: N/A; Confidence: 0.1 
Answer: 1 January 1990; Confidence: 0.05",21 May 1988;,0.5,0.0,0,0
78,4hop1__94201_642284_131926_90707,Where does the river by the city where the Southeast Library designer died and the Ohio River meet?,"at the city of Cairo, Illinois","Answer: Pittsburgh Confidence: 0.85
Answer: confluence of Allegheny and Monongahela Rivers Confidence: 0.70
Answer: Point State Park Confidence: 0.65
Answer: Three Rivers Confluence Confidence: 0.50
Answer: Ohio-Pennsylvania border Confidence: 0.40",Pittsburgh,0.85,0.0,0,0
79,4hop1__629520_49925_13759_736921,In what region of Germany is the district where a sermon on Marian devotion was preached by the man who wanted to reform the religion of Victor Razafimahatratra?,Saxony-Anhalt,"Answer: Bavaria Confidence: 0.8 
Answer: Lower Saxony Confidence: 0.6 
Answer: Baden-Württemberg Confidence: 0.5 
Answer: Saxony-Anhalt Confidence: 0.4 
Answer: Rhineland-Palatinate Confidence: 0.3",Bavaria,0.8,0.0,0,0
80,3hop1__540585_568433_47686,Where do greyhound buses leave from in the location of the headquarters of the production company of Miss Spider's Sunny Patch Kids?,Toronto Coach Terminal,"Answer: Dallas Confidence: 0.9
Answer: Toronto Confidence: 0.7
Answer: New York City Confidence: 0.5
Answer: Los Angeles Confidence: 0.4
Answer: Chicago Confidence: 0.3",Dallas,0.9,0.0,0,0
81,2hop__56307_604644,"What is the record label of the Hey Now, You're A Rockstar singer?",429 Records,"Answer: Lava Records Confidence: 0.9 
Answer: Atlantic Records Confidence: 0.8 
Answer: Republic Records Confidence: 0.7 
Answer: Interscope Records Confidence: 0.6 
Answer: DreamWorks Records Confidence: 0.5",Lava Records,0.9,0.5,0,0
82,2hop__507528_139339,What was the director of Lisa Picard is Famous nominated for?,Academy Award for Best Live Action Short Film,"Answer: Best First Feature Confidence: 0.7
Answer: Grand Jury Prize Confidence: 0.5
Answer: Independent Spirit Award Confidence: 0.5
Answer: Best Director Confidence: 0.4
Answer: Sundance Film Festival Award Confidence: 0.3",Best First Feature,0.7,0.18181818181818182,0,0
83,2hop__44259_747874,Who is the sibling of the player who won the 2012 U.S. Open Men's Singles final?,Jamie Murray,"Answer: Daniil Medvedev Confidence: 0.0 
Answer: Jamie Murray Confidence: 0.2 
Answer: Judy Murray Confidence: 0.1 
Answer: Djana Djokovic Confidence: 0.3 
Answer: Julia Djokovic Confidence: 0.2",Djana Djokovic,0.3,0.0,0,0
84,2hop__428940_135373,After what is the body of water Partridge Lake is part of named?,Vitus Bering,"Answer: Partridge Bay Confidence: 0.6
Answer: Canada Confidence: 0.3
Answer: Ontario Confidence: 0.2
Answer: Minnesota Confidence: 0.1
Answer: Thunder Bay Confidence: 0.1",Partridge Bay,0.6,0.0,0,0
85,3hop1__147225_30587_83479,What was Germany's goal in the Battle of the ocean adjacent to the city Herbert Saffir died in?,to stem the flow of merchant shipping that enabled Britain to keep fighting,"Answer: Disrupt Allied shipping Confidence: 0.9 
Answer: Blockade United Kingdom Confidence: 0.7 
Answer: Establish naval superiority Confidence: 0.6 
Answer: Cut off supply lines Confidence: 0.5 
Answer: Weaken Allied forces Confidence: 0.4",Disrupt Allied shipping,0.9,0.13333333333333333,0,1
86,2hop__642686_7292,"Along with Kenny G and the performer of Hello Tomorrow, what artist was featured on Smooth Jazz Stations?",George Benson,"Answer: Sade Confidence: 0.8 
Answer: Norah Jones Confidence: 0.7 
Answer: George Benson Confidence: 0.6 
Answer: Boney James Confidence: 0.5 
Answer: Grover Washington Jr. Confidence: 0.4",Sade,0.8,0.0,0,0
87,3hop1__107540_720914_27537,Why did Roncalli leave the place of death of the maker of The Gozzi Altarpiece?,for the conclave in Rome,"Answer: Elected pope Confidence: 0.85
Answer: Diplomatic duty Confidence: 0.7
Answer: Church appointment Confidence: 0.65
Answer: Health reasons Confidence: 0.5
Answer: Political reasons Confidence: 0.4",Elected pope,0.85,0.0,0,1
88,3hop1__161433_33952_33939,"In 1900, what was the population of the second largest city, in the state that the cross-border transactions committee focuses on?","7,531","Answer: Dallas Confidence: 0.7 
Answer: Houston Confidence: 0.6 
Answer: San Antonio Confidence: 0.5 
Answer: El Paso Confidence: 0.3 
Answer: Fort Worth Confidence: 0.2",Dallas,0.7,0.0,0,0
89,2hop__71871_494136,Who is the spouse of the actor playing Bart's father in I can only imagine?,Meg Ryan,"Answer: Sonya Curry Confidence: 0.7 
Answer: Kari Jobe Confidence: 0.5 
Answer: Shannon Bream Confidence: 0.3 
Answer: Jenna Cooper Confidence: 0.2 
Answer: Kelly Clarkson Confidence: 0.1",Sonya Curry,0.7,0.0,0,0
90,4hop1__310029_153080_33897_81096,Who won the Indy car race in the largest populated city in the state where the Jazz Portraits: Mingus in Wonderland performer is from?,Mario Andretti,"Answer: Álex Palou Confidence: 0.8 
Answer: Josef Newgarden Confidence: 0.7 
Answer: Scott Dixon Confidence: 0.6 
Answer: Colton Herta Confidence: 0.4 
Answer: Pato O'Ward Confidence: 0.3",Álex Palou,0.8,0.0,0,0
91,2hop__620853_22458,What does the name of the organization the Haiti national football team belongs to stand for?,International Federation of Association Football,"Answer: Haitian Football Federation Confidence: 0.9 
Answer: Fédération Haïtienne de Football Confidence: 0.8 
Answer: FHF Confidence: 0.7 
Answer: Confederation of North, Central America, and Caribbean Association Football Confidence: 0.6 
Answer: CONCACAF Confidence: 0.5",Haitian Football Federation,0.9,0.5,0,0
92,2hop__865828_377862,Which city is in the same county as Gmina Jordanow?,Sucha Beskidzka,"Answer: Jordanów Confidence: 0.9
Answer: Sucha Beskidzka Confidence: 0.7
Answer: Maków Podhalański Confidence: 0.6
Answer: Rabka-Zdrój Confidence: 0.5
Answer: Nowy Targ Confidence: 0.4",Jordanów,0.9,0.0,0,1
93,4hop3__630723_88460_30152_20999,How were people from whom new coins were a proclamation of independence by the Somali Muslim Ajuran Empire expelled from the natural boundary between Thailand and Phommathat's country of citizenship?,The dynasty regrouped and defeated the Portuguese,"Answer: Ayutthaya Kingdom Conflict Confidence: 0.6 
Answer: Portuguese Invasion Confidence: 0.5 
Answer: Burmese Wars Confidence: 0.4 
Answer: Internal Rebellion Confidence: 0.3 
Answer: Dutch Encroachment Confidence: 0.2",Ayutthaya Kingdom Conflict,0.6,0.0,0,0
94,4hop3__719125_132409_371500_35031,Where does the city where Veoh's headquarters is located rank in the top five largest urban areas of the state where Scars' performers were formed?,third-largest,"Answer: 2nd Confidence: 0.8
Answer: 1st Confidence: 0.7
Answer: 3rd Confidence: 0.4
Answer: 5th Confidence: 0.3
Answer: 4th Confidence: 0.2",2nd,0.8,0.0,0,0
95,4hop1__105688_17130_70784_79935,When was the region that lies to the north of where Eyal Golan is located and the Persian Gulf created?,1930,"Answer: Cenozoic era Confidence: 0.8
Answer: Tertiary period Confidence: 0.7
Answer: Early Miocene Confidence: 0.6
Answer: Late Oligocene Confidence: 0.5
Answer: Paleogene period Confidence: 0.4",Cenozoic era,0.8,0.0,0,0
96,3hop1__376309_160713_77246,"In the Arabic dictionary, what's the meaning of the word for the majority religion in the area of British India that became India when Garlat's country was created?",the country of India,"Answer: Hinduism Confidence: 0.9 
Answer: Hindu Confidence: 0.8 
Answer: Sanatana Dharma Confidence: 0.7 
Answer: Hinduiyya Confidence: 0.6 
Answer: Aryan religion Confidence: 0.5",Hinduism,0.9,0.0,0,0
97,4hop1__525129_315334_131926_87157,"What is the direction of flow of the river by the city where the Lots More Blues, Rags and Hollers performer was formed?",rises in northern Minnesota and meanders slowly southwards,"Answer: North Confidence: 0.7 
Answer: South Confidence: 0.6 
Answer: East Confidence: 0.5 
Answer: West Confidence: 0.4 
Answer: Southwest Confidence: 0.3",North,0.7,0.0,0,0
98,3hop1__140554_2053_52946,"When is Celebrity Big Brother coming to the network which, along with ABC and the network which hosts Westinghouse Playhouse, is the other major broadcaster based in NY?","February 7, 2018","Answer: February 2018 Confidence: 0.7 
Answer: January 2024 Confidence: 0.5 
Answer: January 2018 Confidence: 0.4 
Answer: September 2023 Confidence: 0.3 
Answer: January 2025 Confidence: 0.2",February 2018,0.7,0.8,0,1
99,3hop1__347858_503371_21711,When was the Palau de la Generalitat constructed in the city where Martin of the place where Castiliscar is located died?,built in the 15th century,"Answer: 15th century Confidence: 0.7 
Answer: 1400s Confidence: 0.6 
Answer: 1420 Confidence: 0.5 
Answer: 1416 Confidence: 0.4 
Answer: 1450 Confidence: 0.3",15th century,0.7,0.6666666666666666,0,1
100,2hop__709357_136043,The Move Ya Body song's band is named after who?,Natalie Albino,"Answer: Nina Sky Confidence: 0.9 
Answer: Nicole and Natalie Albino Confidence: 0.65 
Answer: Nina Simone and Sky Blue Confidence: 0.3 
Answer: Nina Simone Confidence: 0.2 
Answer: Sky Blue Confidence: 0.1",Nina Sky,0.9,0.0,0,0
101,3hop1__516535_834494_34109,"What is the PBS station in the city that shares a county with Allen, Arizona?",KUAT-TV 6,"Answer: KAET Confidence: 0.8 
Answer: KAWC Confidence: 0.6 
Answer: KUAT Confidence: 0.4 
Answer: KUED Confidence: 0.3 
Answer: KNME Confidence: 0.2",KAET,0.8,0.0,0,0
102,3hop1__639955_834494_34109,What is the PBS station of the city in the same county as Helvetia?,KUAT-TV 6,"Answer: WOSU-TV Confidence: 0.6
Answer: WPBO Confidence: 0.4
Answer: WVIZ Confidence: 0.3
Answer: WOUB-TV Confidence: 0.2
Answer: WNEO Confidence: 0.1",WOSU-TV,0.6,0.0,0,0
103,3hop1__786067_228453_86925,What is the symbol of the Saints from the city where the headquarters of the manufacturer of McAfee's Benchmark called?,fleur - de-lis,"Answer: Fleur-de-lis Confidence: 0.9 
Answer: Golden FDL Confidence: 0.7 
Answer: Saint Louis FDL Confidence: 0.6 
Answer: Shield Confidence: 0.4 
Answer: Saints Logo Confidence: 0.3",Fleur-de-lis,0.9,0.0,0,1
104,3hop1__506062_792411_51423,What is the name of the castle in the place of birth of the performer of When I Was a Boy?,Casa Loma,"Answer: Beaumaris Castle Confidence: 0.9
Answer: Caernarfon Castle Confidence: 0.7
Answer: Conwy Castle Confidence: 0.6
Answer: Harlech Castle Confidence: 0.5
Answer: Penrhyn Castle Confidence: 0.4",Beaumaris Castle,0.9,0.0,0,0
105,4hop1__60000_59747_211319_557671,What county borders the county with the largest city in the state where Birth of a Nation was filmed?,Presque Isle County,"Answer: Ventura County Confidence: 0.7 
Answer: San Bernardino County Confidence: 0.65 
Answer: Orange County Confidence: 0.6 
Answer: Riverside County Confidence: 0.55 
Answer: Kern County Confidence: 0.5",Ventura County,0.7,0.4,0,0
106,3hop1__17192_78396_54865,"When were the American colonies lost by the country that owned the region that secured southern Lebanon in 1978, before it achieved country status?",1776,"Answer: 1776 Confidence: 0.9 
Answer: 1783 Confidence: 0.7 
Answer: 1775 Confidence: 0.5 
Answer: 1781 Confidence: 0.4 
Answer: 1782 Confidence: 0.3",1776,0.9,1.0,1,1
107,3hop2__36852_326964_7713,How long had the city the Qing lost in 1853 been the capitol city of Yaxing Coach's headquarters location?,about 400 years,"Answer: Nanjing; several years Confidence: 0.7 
Answer: Nanjing; unknown Confidence: 0.6 
Answer: Nanjing; not specified Confidence: 0.5 
Answer: Nanjing; ambiguous Confidence: 0.4 
Answer: Nanjing; undetermined Confidence: 0.3",Nanjing; several years,0.7,0.3333333333333333,0,0
108,2hop__179149_396277,What other notable work did the creator of Shrek make?,Doctor De Soto,"Answer: Trolls Confidence: 0.8
Answer: Madagascar Confidence: 0.7
Answer: Kung Fu Panda Confidence: 0.6
Answer: How to Train Your Dragon Confidence: 0.5
Answer: Puss in Boots Confidence: 0.4",Trolls,0.8,0.0,0,0
109,2hop__145203_34088,Where does Ulysses Kay's birth city hold NASCAR races?,Tucson Raceway Park,"Answer: Phoenix, Arizona Confidence: 0.8
Answer: Tucson, Arizona Confidence: 0.7
Answer: Avondale, Arizona Confidence: 0.6
Answer: Prescott, Arizona Confidence: 0.5
Answer: Yuma, Arizona Confidence: 0.4","Phoenix, Arizona",0.8,0.0,0,0
110,3hop1__295815_40769_64047,When did the luxury division of the company that manufactures Toyopet Master change the body style of the RX 350?,Sales began worldwide in April 2012,"Answer: 2015 Confidence: 0.9 
Answer: 2012 Confidence: 0.7 
Answer: 2009 Confidence: 0.5 
Answer: 2018 Confidence: 0.4 
Answer: 2020 Confidence: 0.3",2015,0.9,0.0,0,0
111,3hop1__747772_514761_594810,What record label does the spouse of Heart Like Mine's performer belong to?,Warner Bros. Records,"Answer: Warner Music Nashville Confidence: 0.9 
Answer: RCA Records Confidence: 0.6 
Answer: Capitol Records Nashville Confidence: 0.4 
Answer: Big Machine Records Confidence: 0.3 
Answer: Sony Music Nashville Confidence: 0.2",Warner Music Nashville,0.9,0.3333333333333333,0,1
112,4hop3__439878_88460_30152_20999,How were people from whom new coins were a proclamation of independence by the Somali Muslim Ajuran Empire expelled from the natural boundary between Thailand and Ban Kenpha's country?,The dynasty regrouped and defeated the Portuguese,"Answer: Khmer Empire expulsions Confidence: 0.3 
Answer: Malaysia boundary disputes Confidence: 0.2 
Answer: Indonesian conflicts Confidence: 0.2 
Answer: Ban Kenpha historical conflicts Confidence: 0.1 
Answer: Indian Ocean trade expulsion Confidence: 0.1",Khmer Empire expulsions,0.3,0.0,0,0
113,2hop__35136_35117,What's the life span of the scholar who theorized about pulmonary circulation?,1213–1288,"Answer: 43 years Confidence: 0.9 
Answer: 50 years Confidence: 0.4 
Answer: 65 years Confidence: 0.2 
Answer: 60 years Confidence: 0.2 
Answer: 54 years Confidence: 0.1",43 years,0.9,0.0,0,0
114,3hop1__559908_42197_18397,Yagutil Mishiev is a citizen of a country that someone had argued had become an imperialist power. Where did this someone declare that he would intervene in the Korean conflict?,the Politburo,"Answer: Yalu River Confidence: 0.8 
Answer: Inchon Confidence: 0.7 
Answer: Pusan Confidence: 0.6 
Answer: 38th parallel Confidence: 0.5 
Answer: Manchuria Confidence: 0.4",Yalu River,0.8,0.0,0,0
115,4hop1__105401_17130_70784_61381,When was the region immediately north of the region of the country in Strangers No More and the Persian Gulf established?,1932,"Answer: 1932 Confidence: 0.7 
Answer: 1902 Confidence: 0.6 
Answer: 1971 Confidence: 0.5 
Answer: 1913 Confidence: 0.4 
Answer: 1963 Confidence: 0.3",1932,0.7,1.0,1,1
116,2hop__157376_643670,Of which watercourse is the river the Willemsbrug crosses over the mouth?,Het Scheur,"Answer: Nieuwe Maas Confidence: 0.9 
Answer: Rhine Confidence: 0.5 
Answer: Meuse Confidence: 0.4 
Answer: Waal Confidence: 0.3 
Answer: IJssel Confidence: 0.2",Nieuwe Maas,0.9,0.0,0,0
117,3hop1__823336_228453_86925,What is the symbol of the Saints from the headquarters location of Ten High's manufacturer called?,fleur - de-lis,"Answer: Fleur-de-lis Confidence: 0.9
Answer: Saints helmet logo Confidence: 0.7
Answer: Saints mascot Confidence: 0.5
Answer: Saints seal Confidence: 0.4
Answer: Saints flag Confidence: 0.3",Fleur-de-lis,0.9,0.0,0,1
118,2hop__59612_42352,How many people were in British Colonies where does the london broil cut come from ?,2 million,"Answer: 2.5 million; flank steak Confidence: 0.6 
Answer: 2.5 million; top round roast Confidence: 0.5 
Answer: 2.5 million; sirloin steak Confidence: 0.4 
Answer: 2.5 million; skirt steak Confidence: 0.3 
Answer: 2.5 million; chuck steak Confidence: 0.2",2.5 million; flank steak,0.6,0.3333333333333333,0,0
119,3hop1__768500_730460_70315,Where did Katrina hit the hardest in the Toussaint performer's birthplace?,the city of New Orleans,"Answer: New Orleans Confidence: 0.9
Answer: Algiers Confidence: 0.7
Answer: Gentilly Confidence: 0.6
Answer: Mid-City Confidence: 0.5
Answer: Lakeview Confidence: 0.4",New Orleans,0.9,0.6666666666666666,0,1
120,3hop1__127821_157828_162309,When did the country using Olivera Marković's native language as one of its official languages first have its own Olympic team?,2016,"Answer: 1912 Confidence: 0.9 
Answer: 1992 Confidence: 0.75 
Answer: 1920 Confidence: 0.65 
Answer: 2006 Confidence: 0.5 
Answer: 1996 Confidence: 0.4",1912,0.9,0.0,0,0
121,4hop1__15567_59747_211319_557671,Which county shares a border with the county where the most populous city in the state that sentenced Demarcus Sears to death is located?,Presque Isle County,"Answer: Cobb County Confidence: 0.8 
Answer: Dekalb County Confidence: 0.7 
Answer: Gwinnett County Confidence: 0.6 
Answer: Clayton County Confidence: 0.5 
Answer: Henry County Confidence: 0.4",Cobb County,0.8,0.4,0,0
122,2hop__96096_78606,Who plays the wife of the Real Rob cast member in Grown Ups?,Joyce Van Patten,"Answer: Salma Hayek Confidence: 0.9 
Answer: Maya Rudolph Confidence: 0.7 
Answer: Maria Bello Confidence: 0.6 
Answer: Joyce Van Patten Confidence: 0.4 
Answer: Ebony Jo-Ann Confidence: 0.3",Salma Hayek,0.9,0.0,0,0
123,4hop1__58323_375563_161848_61344,What continent is the country located near the country of citizenship of The Book Thief's author part of?,submerged continent of Zealandia,"Answer: Europe Confidence: 0.9
Answer: Australia Confidence: 0.5
Answer: Asia Confidence: 0.3
Answer: North America Confidence: 0.2
Answer: South America Confidence: 0.1",Europe,0.9,0.0,0,0
124,2hop__776637_87295,Who does the cast member from Julie play in Princess Diaries?,Queen dowager Clarisse Renaldi,"Answer: Joe Confidence: 0.9
Answer: Paolo Confidence: 0.7
Answer: Clarisse Confidence: 0.5
Answer: Charlotte Confidence: 0.3
Answer: Mr. O'Connell Confidence: 0.2",Joe,0.9,0.0,0,0
125,4hop1__752321_153080_159767_81096,The largest city in the state the performer of Pithecanthropus Erectus was from is also the state capital. Who won the indy car race in that city?,Mario Andretti,"Answer: Alex Palou Confidence: 0.8 
Answer: Josef Newgarden Confidence: 0.7 
Answer: Scott Dixon Confidence: 0.6 
Answer: Will Power Confidence: 0.5 
Answer: Colton Herta Confidence: 0.4",Alex Palou,0.8,0.0,0,0
126,3hop1__161507_160713_77246,What is the meaning of the word that is also a majority religion in the area that became India when the country where Masherbrum is located was created in the Arabic dictionary?,the country of India,"Answer: Peace Confidence: 0.8 
Answer: Submission Confidence: 0.6 
Answer: Surrender Confidence: 0.3 
Answer: Harmony Confidence: 0.2 
Answer: Devotion Confidence: 0.1",Peace,0.8,0.0,0,0
127,2hop__84937_21969,When was Q1 who was impeached in england for acts committed as governor general of india impeached?,1786,"Answer: 1788 Confidence: 0.9
Answer: 1786 Confidence: 0.6
Answer: 1787 Confidence: 0.4
Answer: 1789 Confidence: 0.3
Answer: 1790 Confidence: 0.2",1788,0.9,0.0,0,0
128,4hop1__130623_32392_823060_610794,What county has a city that is adjacent to the capital city of Erskine College's state?,Richland County,"Answer: Abbeville County Confidence: 0.8
Answer: Anderson County Confidence: 0.7
Answer: Laurens County Confidence: 0.6
Answer: Greenwood County Confidence: 0.5
Answer: Newberry County Confidence: 0.4",Abbeville County,0.8,0.5,0,0
129,3hop2__132957_483843_40768,"When did the maker of the Acura Legend, the manufacturer of Scion bbX and Nissan open US assembly plants?",1981,"Answer: 1982 Confidence: 0.8
Answer: 1986 Confidence: 0.7
Answer: 2003 Confidence: 0.6
Answer: 2010 Confidence: 0.5
Answer: 1990 Confidence: 0.4",1982,0.8,0.0,0,0
130,2hop__198650_84856,When does the new season start for the show starring the author of True Story: A Novel?,"January 20, 2017","Answer: January 2024 Confidence: 0.7 
Answer: February 2024 Confidence: 0.5 
Answer: March 2024 Confidence: 0.4 
Answer: April 2024 Confidence: 0.3 
Answer: December 2023 Confidence: 0.2",January 2024,0.7,0.4,0,0
131,2hop__631139_75487,Who is the federal leader of the party in which John Lynch-Staunton held a position?,Andrew Scheer,"Answer: Pierre Poilievre Confidence: 0.8 
Answer: Erin O'Toole Confidence: 0.6 
Answer: Andrew Scheer Confidence: 0.5 
Answer: Stephen Harper Confidence: 0.4 
Answer: Rona Ambrose Confidence: 0.3",Pierre Poilievre,0.8,0.0,0,0
132,2hop__223823_29898,Which affiliate left the owner of Canadian Broadcasting Centre due to an agreement with CHBC?,CFJC-TV in Kamloops,"Answer: CKPG-TV Confidence: 0.6 
Answer: CFJC-TV Confidence: 0.5 
Answer: CISA-TV Confidence: 0.4 
Answer: CKVU-TV Confidence: 0.3 
Answer: CHCH-TV Confidence: 0.2",CKPG-TV,0.6,0.0,0,0
133,3hop2__607269_223623_162182,In what region of the country containing Hạ Hòa is John Phan's birthplace found?,South Central Coast,"Answer: Phú Thọ Province Confidence: 0.8 
Answer: Northern Vietnam Confidence: 0.7 
Answer: Red River Delta Confidence: 0.5 
Answer: Central North Vietnam Confidence: 0.3 
Answer: Vietnamese Midlands Confidence: 0.2",Phú Thọ Province,0.8,0.0,0,0
134,2hop__189094_612080,What league does the team that occupies the Rabat Ajax Football Ground belong to?,Maltese Premier League,"Answer: Maltese Premier League Confidence: 0.8
Answer: Maltese Challenge League Confidence: 0.7
Answer: Maltese First Division Confidence: 0.6
Answer: Maltese Second Division Confidence: 0.5
Answer: Maltese Third Division Confidence: 0.4",Maltese Premier League,0.8,1.0,1,1
135,3hop1__84887_538202_84283,Who is the owner of the record label that the singer of I just got started lovin you belongs to?,Warner Music Group,"Answer: Warner Music Nashville Confidence: 0.8 
Answer: Warner Bros. Records Confidence: 0.7 
Answer: EMI Nashville Confidence: 0.6 
Answer: Universal Music Group Confidence: 0.5 
Answer: Sony Music Entertainment Confidence: 0.4",Warner Music Nashville,0.8,0.6666666666666666,0,1
136,3hop1__305282_282081_10972,When did the city where Ill's performer was born elect its first black mayor?,1970s,"Answer: 1983 Confidence: 0.8 
Answer: 1991 Confidence: 0.6 
Answer: 1989 Confidence: 0.5 
Answer: 1987 Confidence: 0.3 
Answer: 1993 Confidence: 0.2",1983,0.8,0.0,0,0
137,2hop__199513_801817,What is the birthplace of the person after whom São José dos Campos was named?,Nazareth,"Answer: Saint Joseph, Bethlehem Confidence: 0.6
Answer: Saint Joseph, Nazareth Confidence: 0.5
Answer: Saint Joseph, Egypt Confidence: 0.4
Answer: Saint Joseph, Jerusalem Confidence: 0.3
Answer: Saint Joseph, Judea Confidence: 0.4","Saint Joseph, Bethlehem",0.6,0.0,0,0
138,2hop__80637_19033,Where did the wrestler who created the Money in the Bank Ladder Match win in 2008?,Great American Bash,"Answer: WrestleMania XXIV Confidence: 0.9 
Answer: Royal Rumble Confidence: 0.4 
Answer: No Mercy Confidence: 0.3 
Answer: SummerSlam Confidence: 0.2 
Answer: Unforgiven Confidence: 0.1",WrestleMania XXIV,0.9,0.0,0,0
139,3hop1__133292_40769_64047,When did the RX 350 from The Hino Dutro creator's luxury division change body style?,Sales began worldwide in April 2012,"Answer: 2010 Confidence: 0.85 
Answer: 2015 Confidence: 0.75 
Answer: 2007 Confidence: 0.65 
Answer: 2012 Confidence: 0.60 
Answer: 2023 Confidence: 0.55",2010,0.85,0.0,0,0
140,3hop1__857_846_7810,What was where the Yongle emperor greeted who the edict addressed GDP per person in 2013?,"RMB 98,174(US$16041)","Answer: Nanjing 8,375.85 USD Confidence: 0.65
Answer: Beijing 7,167 USD Confidence: 0.60
Answer: Forbidden City 11,904 USD Confidence: 0.55
Answer: Imperial Palace 7,507 USD Confidence: 0.50
Answer: Capital 9,789 USD Confidence: 0.45","Nanjing 8,375.85 USD",0.65,0.0,0,0
141,4hop2__161602_426860_88460_126088,Who was in charge in the country that is the natural boundary between the country that hosted the tournament and the country where That Dam is located?,Thein Sein,"Answer: Hun Sen Confidence: 0.8
Answer: Samdech Hun Sen Confidence: 0.7
Answer: Prime Minister of Cambodia Confidence: 0.6
Answer: Cambodian leader Confidence: 0.5
Answer: Leader of Cambodia Confidence: 0.4",Hun Sen,0.8,0.0,0,0
142,2hop__669160_139339,What was the director of Addicted to Love nominated for?,Academy Award for Best Live Action Short Film,"Answer: Best Director BAFTA Confidence: 0.5
Answer: Outstanding Directorial Achievement DGA Confidence: 0.4
Answer: Independent Spirit Award Confidence: 0.3
Answer: Golden Globe Award Confidence: 0.2
Answer: Directors Guild of Canada Award Confidence: 0.1",Best Director BAFTA,0.5,0.18181818181818182,0,0
143,2hop__734582_74481,Who was played by the director of The Good Shepherd in The Godfather Part II?,Vito Corleone,"Answer: Hyman Roth Confidence: 0.9 
Answer: Frankie Pentangeli Confidence: 0.6 
Answer: Fredo Corleone Confidence: 0.4 
Answer: Michael Corleone Confidence: 0.2 
Answer: Tom Hagen Confidence: 0.1",Hyman Roth,0.9,0.0,0,0
144,2hop__156085_436709,Who is the creator of Mickey Mouse's spouse?,Walt Disney,"Answer: Walt Disney Confidence: 0.9
Answer: Ub Iwerks Confidence: 0.8
Answer: Les Clark Confidence: 0.2
Answer: Floyd Gottfredson Confidence: 0.1
Answer: Carl Barks Confidence: 0.1",Walt Disney,0.9,1.0,1,1
145,2hop__137061_45752,Why does the place where Step Up Revolution takes place have a duck for a mascot?,when the school's yearbook chose its name to be ``The Ibis,"Answer: University of Miami Confidence: 0.8
Answer: Miami Heat Confidenc: 0.6
Answer: Miami, FL Confidence: 0.5
Answer: Local high school Confidence: 0.3
Answer: Fictional club Confidence: 0.2",University of Miami,0.8,0.0,0,0
146,2hop__67660_67223,Who married the narrator of How I Met Your Mother?,Tracy Mosby,"Answer: Tracy McConnell Confidence: 0.85 
Answer: Robin Scherbatsky Confidence: 0.60 
Answer: Victoria Confidence: 0.30 
Answer: Stella Zinman Confidence: 0.25 
Answer: Zoey Pierson Confidence: 0.20",Tracy McConnell,0.85,0.5,0,1
147,2hop__252521_80650,Who played the character in the Santa Clause 3 that has a series named after it that includes Frost at Christmas?,Martin Short,"Answer: David Jason Confidence: 0.7  
Answer: Tim Allen Confidence: 0.5  
Answer: Martin Short Confidence: 0.4  
Answer: Judge Reinhold Confidence: 0.3  
Answer: Elizabeth Mitchell Confidence: 0.2",David Jason,0.7,0.0,0,0
148,2hop__58691_192417,The league playing in the Thursday night football game is a type of what?,sports league,"Answer: NFL Confidence: 0.9 
Answer: football Confidence: 0.7 
Answer: sports league Confidence: 0.6 
Answer: professional league Confidence: 0.5 
Answer: American football Confidence: 0.4",NFL,0.9,0.0,0,1
149,3hop2__304722_203717_63959,When was the last time the sports team Alan O'Neil was a member of beat the winner of the 1894-95 FA cup?,1 December 2010,"Answer: 1982 Confidence: 0.8  
Answer: 1981 Confidence: 0.7  
Answer: 1983 Confidence: 0.5  
Answer: 1980 Confidence: 0.4  
Answer: 1984 Confidence: 0.3",1982,0.8,0.0,0,0
150,2hop__450600_158262,When did the author of The Rise and Fall of the Confederate Government end his fight in the Mexican-American War?,1848,"Answer: 1847 Confidence: 0.9 
Answer: 1848 Confidence: 0.7 
Answer: 1846 Confidence: 0.5 
Answer: 1849 Confidence: 0.4 
Answer: 1850 Confidence: 0.3",1847,0.9,0.0,0,0
151,2hop__194532_57594,What gun does the director of Pollock use in Westworld?,LeMat revolver,"Answer: Revolver Confidence: 0.8 
Answer: Colt Single Action Army Confidence: 0.7 
Answer: Pistol Confidence: 0.6 
Answer: Winchester Confidence: 0.5 
Answer: Shotgun Confidence: 0.4",Revolver,0.8,0.6666666666666666,0,0
152,4hop1__9002_698949_157828_239539,The language of a film titled and about the city where Tito was interred is the co-official language of a county. In what city is the national Radio and Television broadcaster for that country?,Pristina,"Answer: Zagreb Confidence: 0.8 
Answer: Skopje Confidence: 0.6 
Answer: Ljubljana Confidence: 0.3 
Answer: Belgrade Confidence: 0.2 
Answer: Sarajevo Confidence: 0.1",Zagreb,0.8,0.0,0,0
153,3hop1__374018_160713_77246,What is the meaning of the word that is also the majority religion in India when the country where Dubbi is located was created in the Arabic dictionary?,the country of India,"Answer: submission Confidence: 0.8 
Answer: peace Confidence: 0.6 
Answer: monotheism Confidence: 0.5 
Answer: surrender Confidence: 0.4 
Answer: faith Confidence: 0.3",submission,0.8,0.0,0,0
154,2hop__268084_78303,"What was the name of the star of Forced Vengeance in Walter, Texas Ranger?",Cordell Walker,"Answer: Chuck Norris Confidence: 0.9 
Answer: Carlos Ray Norris Confidence: 0.6 
Answer: Charles Norris Confidence: 0.4 
Answer: Chuck Charles Norris Confidence: 0.2 
Answer: C.R. Norris Confidence: 0.1",Chuck Norris,0.9,0.0,0,0
155,4hop3__661103_698586_1926_54362,Who burned down the city where Dunn Dunn's artist died in the war after which black people declined living in NYC?,Confederate Gen. John Bell Hood,"Answer: British forces Confidence: 0.85 
Answer: Southern forces Confidence: 0.75 
Answer: Confederate forces Confidence: 0.65 
Answer: Union forces Confidence: 0.55 
Answer: Spanish forces Confidence: 0.45",British forces,0.85,0.0,0,0
156,4hop3__373573_132409_146285_35031,Where does the city where Alexander Golitzen died rank in the top five largest urban areas of the state where Still Swingin's performers were formed?,third-largest,"Answer: 1st Confidence: 0.8
Answer: 2nd Confidence: 0.7
Answer: 3rd Confidence: 0.5
Answer: 4th Confidence: 0.4
Answer: 5th Confidence: 0.3",1st,0.8,0.0,0,0
157,3hop1__104996_160713_77246,What is the meaning of the word that is also a majority religion in the area that became India when the country that release Ankahi was created in Arabic dictionary?,the country of India,"Answer: peace Confidence: 0.6
Answer: submission Confidence: 0.5
Answer: surrender Confidence: 0.4
Answer: tranquility Confidence: 0.3
Answer: obedience Confidence: 0.2",peace,0.6,0.0,0,0
158,2hop__10017_18974,Who led the military expedition in the province that borders Zhejiang to the south?,Chen Zheng,"Answer: Fujian Expedition under Zheng Chenggong Confidence: 0.7 
Answer: Fujian Expedition under Koxinga Confidence: 0.6 
Answer: Fujian Expedition under Wu Sangui Confidence: 0.5 
Answer: Fujian Expedition under Shi Lang Confidence: 0.4 
Answer: Fujian Expedition under Yue Fei Confidence: 0.3",Fujian Expedition under Zheng Chenggong,0.7,0.28571428571428575,0,0
159,3hop1__120881_2053_52946,"When is Celebrity Big Brother coming to the network which, along with ABC and the network which released Stand Against Fear, is the other major broadcaster based in NY?","February 7, 2018","Answer: February 2024; Confidence: 0.7  
Answer: January 2024; Confidence: 0.6  
Answer: March 2024; Confidence: 0.5  
Answer: December 2023; Confidence: 0.4  
Answer: April 2024; Confidence: 0.3",February 2024;,0.7,0.4,0,0
160,2hop__735014_83837,"Who sings Home Alone Tonight with the singer of ""I Don't Want This Night to End""?",Karen Fairchild,"Answer: Karen Fairchild Confidence: 0.95 
Answer: Luke Bryan Confidence: 0.85 
Answer: Jason Aldean Confidence: 0.60 
Answer: Blake Shelton Confidence: 0.30 
Answer: Brad Paisley Confidence: 0.20",Karen Fairchild,0.95,1.0,1,1
161,2hop__596188_297986,What administrative territorial entity contains the place where Mycenae House is located?,Royal Borough of Greenwich,"Answer: London Confidence: 0.8
Answer: England Confidence: 0.7
Answer: Oxfordshire Confidence: 0.6
Answer: United Kingdom Confidence: 0.5
Answer: Greater London Confidence: 0.4",London,0.8,0.0,0,0
162,4hop3__700962_88460_30152_20999,How were the same people who the Somali Muslim Ajuran Empire declared independence from expelled from the natural boundary between Thailand and the country where Ban Pakpo is found?,The dynasty regrouped and defeated the Portuguese,"Answer: French Confidence: 0.8 
Answer: France Confidence: 0.75 
Answer: Europeans Confidence: 0.7 
Answer: Colonial powers Confidence: 0.6 
Answer: Colonialists Confidence: 0.5",French,0.8,0.0,0,0
163,3hop1__145427_106426_157788,What is one railway line in the country the produced The Longest Night in the city where You Wenhui was born?,Yamanote Line loop,"Answer: Beijing Subway Confidence: 0.8
Answer: Shanghai Metro Confidence: 0.6
Answer: Guangzhou Metro Confidence: 0.4
Answer: Shenzhen Metro Confidence: 0.3
Answer: Chengdu Metro Confidence: 0.2",Beijing Subway,0.8,0.0,0,0
164,2hop__857493_17335,When did the spouse of Parysatis II die?,323 BC,"Answer: 358 BC Confidence: 0.9 
Answer: 359 BC Confidence: 0.7 
Answer: 357 BC Confidence: 0.6 
Answer: 360 BC Confidence: 0.4 
Answer: 355 BC Confidence: 0.3",358 BC,0.9,0.5,0,0
165,2hop__123104_77615,When did the military instruction start in the university that Paulo Manalo attended?,1912,"Answer: 1922 Confidence: 0.7 
Answer: 1912 Confidence: 0.5 
Answer: 1908 Confidence: 0.3 
Answer: 1940 Confidence: 0.2 
Answer: 1952 Confidence: 0.1",1922,0.7,0.0,0,0
166,4hop2__9988_685934_70784_61381,"When was the country established that lies north of the region that prevailed with the disgrace of the ""Near East"" and the body of water containing The World islands?",1932,"Answer: 1932 Confidence: 0.7  
Answer: 1971 Confidence: 0.6  
Answer: 1922 Confidence: 0.5  
Answer: 1943 Confidence: 0.4  
Answer: 1961 Confidence: 0.3",1932,0.7,1.0,1,1
167,2hop__788087_150107,Who published the Communication of the association that Deborah Estrin is a member of?,Association for Computing Machinery,"Answer: Association for Computing Machinery (ACM) Confidence: 0.9
Answer: Institute of Electrical and Electronics Engineers (IEEE) Confidence: 0.7
Answer: National Academy of Engineering Confidence: 0.5
Answer: American Association for the Advancement of Science (AAAS) Confidence: 0.4
Answer: Internet Society Confidence: 0.3",Association for Computing Machinery (ACM),0.9,0.888888888888889,0,1
168,4hop1__73810_32392_823060_610794,In what county is located the city that shares a border with the capital of the state that won the 2017 NCAA Basketball Tournament?,Richland County,"Answer: Durham County Confidence: 0.8 
Answer: Wake County Confidence: 0.6 
Answer: Orange County Confidence: 0.4 
Answer: Guilford County Confidence: 0.3 
Answer: Mecklenburg County Confidence: 0.2",Durham County,0.8,0.5,0,0
169,4hop1__749065_698949_157828_239539,"Where are the headquarters of the Radio Television, of the country whose co-official language was used in the film named after the city where Slavko Šurdonja?",Pristina,"Answer: Zagreb, Croatia Confidence: 0.7 
Answer: Rijeka, Croatia Confidence: 0.6 
Answer: Ljubljana, Slovenia Confidence: 0.5 
Answer: Split, Croatia Confidence: 0.4 
Answer: Sarajevo, Bosnia and Herzegovina Confidence: 0.3","Zagreb, Croatia",0.7,0.0,0,0
170,3hop1__222380_443779_52195,Who is the president of the newly declared independent country that is part of the Commission of Truth and Friendship with the country where Buru is located?,Francisco Guterres,"Answer: Ma'ruf Amin Confidence: 0.3 
Answer: Joko Widodo Confidence: 0.2 
Answer: Timor-Leste President Confidence: 0.1 
Answer: José Ramos-Horta Confidence: 0.1 
Answer: Frans Lebu Raya Confidence: 0.1",Ma'ruf Amin,0.3,0.0,0,0
171,2hop__530579_13529,When was the father of Diego Sinagra signed by Barcelona?,June 1982,"Answer: 1982 Confidence: 0.9 
Answer: 1981 Confidence: 0.6 
Answer: 1980 Confidence: 0.4 
Answer: 1983 Confidence: 0.3 
Answer: 1984 Confidence: 0.2",1982,0.9,0.6666666666666666,0,1
172,4hop2__161602_426860_88460_20988,What major conflict is the country between the country that hosted the tournament and the country where That Dam is from known for?,one of the world's longest-running ongoing civil wars.,"Answer: Vietnam War Confidence: 0.8 
Answer: Laotian Civil War Confidence: 0.7 
Answer: Korean War Confidence: 0.4 
Answer: Cambodian Civil War Confidence: 0.3 
Answer: French-Indochina War Confidence: 0.2",Vietnam War,0.8,0.0,0,0
173,3hop1__622497_160088_49779,Who is the host of Who Wants to be a Millionaire in the country that the producer of The Wild Women of Chastity Gulch is from?,Chris Harrison,"Answer: Jeremy Clarkson Confidence: 0.7 
Answer: Chris Harrison Confidence: 0.6 
Answer: Regis Philbin Confidence: 0.5 
Answer: Cedric the Entertainer Confidence: 0.4 
Answer: Terry Crews Confidence: 0.3",Jeremy Clarkson,0.7,0.0,0,0
174,2hop__14_59409,Who was Beyonce's husband talking about in the the song Cry?,three different relationships he had in the past,"Answer: His father, Adnis Reeves Confidence: 0.9
Answer: His struggles, personal turmoils Confidence: 0.7
Answer: Blue Ivy Confidence: 0.5
Answer: His family Confidence: 0.4
Answer: Beyonce Confidence: 0.3","His father, Adnis Reeves",0.9,0.0,0,0
175,4hop1__51465_53706_795904_580996,What shares a border with the city where the person who went to the state where most billionaires in America live during the gold rush works?,Rio Linda,"Answer: Los Angeles County Confidence: 0.7 
Answer: San Mateo County Confidence: 0.6 
Answer: Santa Clara County Confidence: 0.5 
Answer: Alameda County Confidence: 0.4 
Answer: San Bernardino County Confidence: 0.3",Los Angeles County,0.7,0.0,0,0
176,2hop__5658_25002,How long did the pact last between Kravchuk and the person who signed the decree suspending the Communist Party of the Russian SFSR?,10-year,"Answer: 3 years Confidence: 0.4 
Answer: 1 year Confidence: 0.2 
Answer: 2 years Confidence: 0.2 
Answer: 4 years Confidence: 0.1 
Answer: 5 years Confidence: 0.1",3 years,0.4,0.0,0,0
177,2hop__66167_88526,Who was picked before the player who has the most points in an NBA season in the NBA draft?,Greg Oden,"Answer: Akeem Olajuwon Confidence: 0.9 
Answer: Sam Bowie Confidence: 0.7 
Answer: Ralph Sampson Confidence: 0.4 
Answer: Derrick Coleman Confidence: 0.3 
Answer: Brad Daugherty Confidence: 0.2",Akeem Olajuwon,0.9,0.0,0,0
178,2hop__485221_544917,What body of water includes the terrain feature where Coffee Swamp is located?,Lake Superior,"Answer: Pamlico Sound Confidence: 0.9
Answer: Alligator River Confidence: 0.8
Answer: Albemarle Sound Confidence: 0.7
Answer: Croatan Sound Confidence: 0.5
Answer: Lake Mattamuskeet Confidence: 0.3",Pamlico Sound,0.9,0.0,0,0
179,3hop1__622497_160088_73916,What is the average yearly income for someone with the same nationality as the producer of The Wild Women of Chastity Gulch?,"$72,641","Answer: American $57,456 Confidence: 0.8
Answer: American $63,179 Confidence: 0.7
Answer: American $65,836 Confidence: 0.6
Answer: American $71,456 Confidence: 0.5
Answer: American $55,000 Confidence: 0.4","American $57,456",0.8,0.0,0,0
180,2hop__35566_17873,What happened to Buckingham after the departure of the queen who Martha Ann Ricks presented the famed Liberian coffee tree to?,"palace was seldom used, even neglected","Answer: Death of the Duke of Buckingham Confidence: 0.8  
Answer: Buckingham Palace renovations Confidence: 0.6  
Answer: Political shift in Buckingham Confidence: 0.4  
Answer: Economic change in Buckingham Confidence: 0.3  
Answer: No significant change Confidence: 0.2",Death of the Duke of Buckingham,0.8,0.0,0,0
181,3hop2__326964_263934_7713,How long had the place of birth of Tang Jinhua been the capital city of the Yaxing Coach headquarters location?,about 400 years,"Answer: Not applicable, Yaxing Coach headquarters is in Yangzhou, not where Tang Jinhua was born Confidence: 1.0 
Answer: Misalignment of entities, place of birth and headquarters location are unrelated Confidence: 0.9 
Answer: N/A, no direct relation between birth city and company headquarters city Confidence: 0.8 
Answer: No connection between the two locations Confidence: 0.7 
Answer: Irrelevant, different geographical locations and contexts Confidence: 0.6","Not applicable, Yaxing Coach headquarters is in Yangzhou, not where Tang Jinhua was born",1.0,0.0,0,0
182,3hop1__145427_106426_77199,When did the USA declare war on the country that produced The Longest Night in the city where You Wenhui was born?,"December 8, 1941","Answer: 1941 Confidence: 0.85 
Answer: 1942 Confidence: 0.65 
Answer: 1940 Confidence: 0.5 
Answer: 1943 Confidence: 0.4 
Answer: 1939 Confidence: 0.3",1941,0.85,0.5,0,1
183,4hop2__71753_729371_70784_61381,When was the region immediately north of the region home to Israel and the location of Operation Earnest Will established?,1932,"Answer: 1946 Confidence: 0.8 
Answer: 1920 Confidence: 0.6 
Answer: 1919 Confidence: 0.5 
Answer: 1941 Confidence: 0.4 
Answer: 1981 Confidence: 0.3",1946,0.8,0.0,0,0
184,2hop__13539_13493,"In 2009, what series of wins did the team who won the first match in the 1943 Copa del Generalissimo achieve?",continental treble,"Answer: Copa del Generalissimo 1943 winners Real Madrid Confidence: 0.9
Answer: Runner-up in 2009 Copa del Rey Confidence: 0.5
Answer: Liga Española de Baloncesto championship Confidence: 0.3
Answer: UEFA Champions League participation Confidence: 0.2
Answer: Spanish football league championship Confidence: 0.1",Copa del Generalissimo 1943 winners Real Madrid,0.9,0.0,0,0
185,3hop1__796649_720914_27537,Why did Roncalli leave the city where the creator of Flora died?,for the conclave in Rome,"Answer: Become pope Confidence: 0.9
Answer: Papal assignment Confidence: 0.8
Answer: Vatican duties Confidence: 0.7
Answer: Church mission Confidence: 0.6
Answer: Political issues Confidence: 0.5",Become pope,0.9,0.0,0,1
186,2hop__9285_42311,What's the largest med school in what was the nobilities commonwealth?,Medical University of Warsaw,"Answer: Jagiellonian University Medical College Confidence: 0.8
Answer: Warsaw Medical University Confidence: 0.7
Answer: Vilnius University Faculty of Medicine Confidence: 0.6
Answer: Medical University of Lublin Confidence: 0.5
Answer: Medical University of Gdansk Confidence: 0.4",Jagiellonian University Medical College,0.8,0.5,0,0
187,4hop1__9007_698949_157828_239539,The original language of the film titled and about the city of Tito's final resting place is the co-official language of a country. Where are the headquarters for that country's national radio and TV broadcaster?,Pristina,"Answer: Brussels Confidence: 0.8  
Answer: Zagreb Confidence: 0.7  
Answer: Ljubljana Confidence: 0.6  
Answer: Belgrade Confidence: 0.5  
Answer: Sarajevo Confidence: 0.4",Brussels,0.8,0.0,0,0
188,2hop__497191_129669,In which district was Alhandra born?,Lisbon District,"Answer: Alhandra Municipality, Paraíba Confidence: 0.7 
Answer: Alhandra, Portugal Confidence: 0.2 
Answer: Lisbon district Confidence: 0.05 
Answer: Setúbal district Confidence: 0.03 
Answer: Aveiro district Confidence: 0.02","Alhandra Municipality, Paraíba",0.7,0.0,0,0
189,3hop1__131110_39743_24526,"In the state that includes Walnut Spring, what's the typical winter daytime temperature range in the region of Richmond?",upper 40s–lower 50s °F,"Answer: 40-50°F Confidence: 0.8  
Answer: 50-60°F Confidence: 0.7  
Answer: 30-40°F Confidence: 0.6  
Answer: 20-30°F Confidence: 0.3  
Answer: 60-70°F Confidence: 0.2",40-50°F,0.8,0.0,0,0
190,3hop1__9285_5188_23307,"What month did the Tripartite discussions begin between Britain, France, and the country where, despite being headquartered in the nation called the nobilities commonwealth, the top-ranking Warsaw Pact operatives originated?",mid-June,"Answer: July Confidence: 0.7 
Answer: June Confidence: 0.6 
Answer: September Confidence: 0.5 
Answer: August Confidence: 0.4 
Answer: October Confidence: 0.3",July,0.7,0.0,0,0
191,2hop__16844_42173,When was the ruler that was dissolved after the Indian Rebellion of 1857 established?,1599,"Answer: 1600 Confidence: 0.9
Answer: 1601 Confidence: 0.6
Answer: 1707 Confidence: 0.3
Answer: 1757 Confidence: 0.2
Answer: 1800 Confidence: 0.1",1600,0.9,0.0,0,0
192,3hop1__671542_665330_47686,Where do greyhound buses leave from in the city where the performer of Darlings formed?,Toronto Coach Terminal,"Answer: Melbourne, Southern Cross Station Confidence: 0.9 
Answer: Melbourne, Greyhound Coach Terminal Confidence: 0.7 
Answer: Sydney, Central Station Confidence: 0.5 
Answer: Sydney, Greyhound Bus Terminal Confidence: 0.4 
Answer: Brisbane, Roma Street Station Confidence: 0.3","Melbourne, Southern Cross Station",0.9,0.0,0,0
193,3hop1__672543_503371_21711,"When was the Palau de la Generalitat built in the place of death of Martin, of the region containing Piedratajada?",built in the 15th century,"Answer: 1408 Confidence: 0.8 
Answer: 15th century Confidence: 0.7 
Answer: 1410 Confidence: 0.6 
Answer: 1406 Confidence: 0.5 
Answer: 1405 Confidence: 0.4",1408,0.8,0.0,0,1
194,4hop2__161602_426860_88460_21062,Are there any cruise travel destinations for the country lying between the country hosting the tournament and the country having That Dam?,It is not possible for foreigners to go to/from Myanmar by sea or river.,"Answer: Thailand Confidence: 0.85  
Answer: Laos Confidence: 0.75  
Answer: Vietnam Confidence: 0.60  
Answer: Cambodia Confidence: 0.55  
Answer: Myanmar Confidence: 0.50",Thailand,0.85,0.0,0,0
195,3hop1__404541_629431_124169,When did the Governorship end of the city where the author of Paenitentiam Agere died?,1952,"Answer: 509 BC Confidence: 0.9 
Answer: 454 BC Confidence: 0.6 
Answer: 499 BC Confidence: 0.4 
Answer: 534 BC Confidence: 0.3 
Answer: 510 BC Confidence: 0.2",509 BC,0.9,0.0,0,0
196,2hop__648648_173389,The city which contains Broadhurst Park shares a border with what town?,Middleton,"Answer: Salford Confidence: 0.7
Answer: Stockport Confidence: 0.6
Answer: Bury Confidence: 0.5
Answer: Oldham Confidence: 0.4
Answer: Bolton Confidence: 0.3",Salford,0.7,0.0,0,0
197,2hop__32441_522949,Who is the spouse of the other president Jenkins Orphanage played for that wasn't Taft?,Edith Roosevelt,"Answer: Ellen Wilson Confidence: 0.8 
Answer: Edith Wilson Confidence: 0.7 
Answer: Florence Harding Confidence: 0.5 
Answer: Grace Coolidge Confidence: 0.4 
Answer: Lou Henry Hoover Confidence: 0.3",Ellen Wilson,0.8,0.0,0,0
198,3hop1__662413_42197_18397,Where did the arguer that Kirill Eskov's country of citizenship had become an imperialist power declare he would intervene in the Korean conflict?,the Politburo,"Answer: Soviet Union Confidence: 0.7  
Answer: China Confidence: 0.6  
Answer: United States Confidence: 0.5  
Answer: North Korea Confidence: 0.4  
Answer: South Korea Confidence: 0.3",Soviet Union,0.7,0.0,0,0
199,3hop1__140855_2053_52946,"When is Celebrity Big Brother coming to the network that, along with the original network of Then Came Bronson and ABC, is based in New York?","February 7, 2018","Answer: February 2018 Confidence: 0.8
Answer: January 2022 Confidence: 0.7
Answer: July 2014 Confidence: 0.6
Answer: August 2021 Confidence: 0.5
Answer: December 2017 Confidence: 0.4",February 2018,0.8,0.8,0,1
200,2hop__93230_319887,What institute did the actor playing the voice of John Smith in Pocahontas attend?,National Institute of Dramatic Art,"Answer: Juilliard School Confidence: 0.9 
Answer: London Academy of Music and Dramatic Art Confidence: 0.6 
Answer: Royal Academy of Dramatic Art Confidence: 0.5 
Answer: American Academy of Arts and Sciences Confidence: 0.3 
Answer: Yale School of Drama Confidence: 0.2",Juilliard School,0.9,0.0,0,0
201,4hop3__323121_88460_30152_20999,How were people from whom new coins were a proclamation of independence by the Somali Muslim Ajuran Empire expelled from the natural boundary between Thailand and A Magne's country?,The dynasty regrouped and defeated the Portuguese,"Answer: French settlers Confidence: 0.5
Answer: Portuguese colonists Confidence: 0.4
Answer: British colonists Confidence: 0.3
Answer: Dutch colonists Confidence: 0.2
Answer: Spanish colonists Confidence: 0.1",French settlers,0.5,0.0,0,0
202,2hop__517145_367341,Who is the child of the cast member of Green Ice?,Tatum O'Neal,"Answer: Jemma Redgrave Confidence: 0.8
Answer: Emilio Estevez Confidence: 0.6
Answer: Rumer Willis Confidence: 0.5
Answer: Ben Stiller Confidence: 0.4
Answer: George Clooney Confidence: 0.3",Jemma Redgrave,0.8,0.0,0,0
203,2hop__29893_29898,Which affiliate left the company that owns and operates most of the CBC television stations due to an agreement with CHBC?,CFJC-TV in Kamloops,"Answer: CHEK Confidence: 0.85  
Answer: CKPG Confidence: 0.65  
Answer: CFJC Confidence: 0.60  
Answer: CFTK Confidence: 0.55  
Answer: CJDC Confidence: 0.50",CHEK,0.85,0.0,0,0
204,3hop1__109422_720914_27537,Why did Roncalli leave the place of death of The Punishment of Tythus' creator?,for the conclave in Rome,"Answer: Diplomatic service Confidence: 0.8 
Answer: World War I Confidence: 0.6 
Answer: Apostolic Delegate Confidence: 0.5 
Answer: Election as Pope Confidence: 0.4 
Answer: Health issues Confidence: 0.3",Diplomatic service,0.8,0.0,0,0
205,4hop1__145422_698949_157828_162309,"When did the country, that has the original language of the film named after Vladimir Karalić's birthplace as a co-official language, first attend the Olympics as an independent team?",2016,"Answer: 1992 Confidence: 0.9
Answer: 1996 Confidence: 0.5
Answer: 2000 Confidence: 0.4
Answer: 1988 Confidence: 0.3
Answer: 1994 Confidence: 0.2",1992,0.9,0.0,0,0
206,2hop__754021_20057,Who started the organization that founded Defective by Design?,Richard Stallman,"Answer: Richard Stallman Confidence: 0.9  
Answer: Free Software Foundation Confidence: 0.85  
Answer: Eben Moglen Confidence: 0.6  
Answer: John Sullivan Confidence: 0.5  
Answer: Bradley Kuhn Confidence: 0.4",Richard Stallman,0.9,1.0,1,1
207,2hop__29191_59955,What country is between Lithuania and Frederic Chopin's home country?,Kaliningrad Oblast,"Answer: Belarus Confidence: 0.9 
Answer: Poland Confidence: 0.7 
Answer: Ukraine Confidence: 0.5 
Answer: Latvia Confidence: 0.3 
Answer: Slovakia Confidence: 0.2",Belarus,0.9,0.0,0,0
208,2hop__35989_623159,In what oblast is the oldest city in the northeast located?,Yaroslavl Oblast,"Answer: Kharkiv Oblast Confidence: 0.8
Answer: Sumy Oblast Confidence: 0.6
Answer: Poltava Oblast Confidence: 0.5
Answer: Chernihiv Oblast Confidence: 0.4
Answer: Luhansk Oblast Confidence: 0.3",Kharkiv Oblast,0.8,0.5,0,0
209,2hop__62823_654855,"What political party was the candidate who garnered a million votes during the 1920 election despite being in prison, a member of?",Socialist Party of America,"Answer: Socialist Party Confidence: 0.95
Answer: Communist Party Confidence: 0.03
Answer: Democratic Party Confidence: 0.01
Answer: Republican Party Confidence: 0.005
Answer: Progressive Party Confidence: 0.005",Socialist Party,0.95,0.6666666666666666,0,1
210,2hop__839126_472799,Which competition did the performer of Cadore 33 participated?,Eurovision Song Contest 1991,"Answer: Eurovision Song Contest 2016 Confidence: 0.9 
Answer: Sanremo Music Festival 2016 Confidence: 0.6 
Answer: X Factor Italy Confidence: 0.3 
Answer: Amici di Maria De Filippi Confidence: 0.2 
Answer: Italian Idol Confidence: 0.1",Eurovision Song Contest 2016,0.9,0.75,0,0
211,3hop1__857_846_7701,When did the city where the Yongle emperor greeted the person to whom the edict was addressed become the Chinese national capital?,Jin dynasty,"Answer: 1421 Confidence: 0.9 
Answer: 1279 Confidence: 0.7 
Answer: 1368 Confidence: 0.5 
Answer: 1402 Confidence: 0.4 
Answer: 1912 Confidence: 0.3",1421,0.9,0.0,0,0
212,3hop1__497845_629431_64412,When did the place where the author of Princeps Pastorum died become its own country?,11 February 1929,"Answer: 1960 Confidence: 0.9 
Answer: 1963 Confidence: 0.6 
Answer: 1975 Confidence: 0.4 
Answer: 1962 Confidence: 0.3 
Answer: 1961 Confidence: 0.2",1960,0.9,0.0,0,0
213,2hop__556426_9237,When did the first mosque open where Air Marshall Islands is headquartered?,September 2012,"Answer: 1982 Confidence: 0.6
Answer: 1975 Confidence: 0.4
Answer: 1985 Confidence: 0.3
Answer: 1979 Confidence: 0.2
Answer: 1990 Confidence: 0.1",1982,0.6,0.0,0,0
214,4hop1__31333_59747_211319_557671,Which county shares a border with the county where the most populous city in the other state that sent Tennessee the most tourists in 2013 is located?,Presque Isle County,"Answer: Walton County, Georgia Confidence: 0.7 
Answer: Hall County, Georgia Confidence: 0.6 
Answer: Gwinnett County, Georgia Confidence: 0.5 
Answer: Forsyth County, Georgia Confidence: 0.4 
Answer: Barrow County, Georgia Confidence: 0.3","Walton County, Georgia",0.7,0.3333333333333333,0,0
215,2hop__593866_80026,"In Willy Wonka and the Chocolate Factory, who played the character that the group who performs MMXIV was named after?",Julie Dawn Cole,"Answer: Gene Wilder Confidence: 0.9
Answer: Johnny Depp Confidence: 0.7
Answer: Peter Ostrum Confidence: 0.6
Answer: Jack Albertson Confidence: 0.4
Answer: Roy Kinnear Confidence: 0.2",Gene Wilder,0.9,0.0,0,0
216,3hop1__857_846_7795,"In 2011, what was the estimated population of the city where the Yongle emperor greeted the person to whom the edict was addressed?",8.11 million,"Answer: Nanjing 8 million Confidence: 0.7
Answer: Nanjing 7.8 million Confidence: 0.6
Answer: Nanjing 7.5 million Confidence: 0.5
Answer: Nanjing 8.2 million Confidence: 0.4
Answer: Nanjing 7.6 million Confidence: 0.3",Nanjing 8 million,0.7,0.4,0,1
217,3hop1__469478_15840_36002,What were the Genesis's advantages over the platform that plays Sunman?,built on 16-bit architectures and offered improved graphics and sound,"Answer: Better graphics. Confidence: 0.6
Answer: Faster processing. Confidence: 0.6
Answer: Larger game library. Confidence: 0.5
Answer: Better sound. Confidence: 0.5
Answer: Improved controller. Confidence: 0.4",Better graphics.,0.6,0.16666666666666669,0,1
218,2hop__747306_72813,"In The Wire, who is played by the Go for Broke cast member?",a Western District uniformed officer,"Answer: Michael Potts Confidence: 0.8 
Answer: Larry Gilliard Jr. Confidence: 0.6 
Answer: Clarke Peters Confidence: 0.4 
Answer: Wendell Pierce Confidence: 0.2 
Answer: Idris Elba Confidence: 0.1",Michael Potts,0.8,0.0,0,0
219,4hop1__58323_375563_161848_53331,When was the death penalty abolished in the country near the country where the writer of The Book Thief is a citizen of?,1989,"Answer: 1985 Confidence: 0.9  
Answer: 1984 Confidence: 0.8  
Answer: 2005 Confidence: 0.6  
Answer: 1993 Confidence: 0.5  
Answer: 1973 Confidence: 0.4",1985,0.9,0.0,0,0
220,2hop__283298_22402,How many students attend the university employing Marie Theres Fögen?,"nearly 25,000","Answer: University of Zurich, approximately 26,000 students Confidence: 0.9
Answer: Max Planck Society, varies by institute Confidence: 0.6
Answer: previously worked at Goethe University Frankfurt, approx. 46,000 students Confidence: 0.4 
Answer: European University Institute, approximately 2,500 students Confidence: 0.3
Answer: Humboldt University of Berlin, approx. 33,000 students Confidence: 0.2","University of Zurich, approximately 26,000 students",0.9,0.0,0,1
221,2hop__998_25855,What does dell call the feature letting the interface replacing FireWire in later iterations of the iPod drives to remain powered when the computer is off?,PowerShare,"Answer: PowerShare Confidence: 0.9 
Answer: Always On USB Confidence: 0.7 
Answer: USB Power Delivery Confidence: 0.6 
Answer: Wake on USB Confidence: 0.5 
Answer: Standby PowerShare Confidence: 0.4",PowerShare,0.9,1.0,1,1
222,3hop1__408237_400692_51423,What is the name of the castle in the birthplace of Harmony's performer?,Casa Loma,"Answer: Windsor Castle Confidence: 0.6
Answer: Edinburgh Castle Confidence: 0.5
Answer: Balmoral Castle Confidence: 0.4
Answer: Caernarfon Castle Confidence: 0.3
Answer: Cardiff Castle Confidence: 0.3",Windsor Castle,0.6,0.0,0,0
223,2hop__72487_510545,Who is the spouse of the actor that plays vision in avengers age of ultron?,Jennifer Connelly,"Answer: Jennifer Connelly; Confidence: 0.9 
Answer: Beth Ostrosky; Confidence: 0.1 
Answer: Gwyneth Paltrow; Confidence: 0.05 
Answer: Emily Blunt; Confidence: 0.02 
Answer: Penélope Cruz; Confidence: 0.01",Jennifer Connelly;,0.9,1.0,1,1
224,3hop1__351696_42197_18397,Where did the person who argued that the country where Ural Oblast is located had become an imperialist power declare he would intervene in the Korean conflict?,the Politburo,"Answer: Helsinki Confidence: 0.8
Answer: Moscow Confidence: 0.6
Answer: New York Confidence: 0.5
Answer: Beijing Confidence: 0.4
Answer: Washington, D.C. Confidence: 0.3",Helsinki,0.8,0.0,0,0
225,3hop1__579562_629431_124169,What year did the Governor of the city where Pacem in Terris' author died end?,1952,"Answer: 1963 Confidence: 0.8
Answer: 1962 Confidence: 0.6
Answer: 1961 Confidence: 0.4
Answer: 1964 Confidence: 0.3
Answer: 1960 Confidence: 0.2",1963,0.8,0.0,0,0
226,4hop1__161765_53706_795904_580996,What city shares a border with the city where the person who went to the state where Englebart died during the gold rush works?,Rio Linda,"Answer: San Francisco, CA Confidence: 0.85
Answer: Oakland, CA Confidence: 0.80
Answer: San Jose, CA Confidence: 0.70
Answer: Daly City, CA Confidence: 0.60
Answer: Berkeley, CA Confidence: 0.55","San Francisco, CA",0.85,0.0,0,0
227,2hop__71294_494136,Who is the spouse of the actor who plays the father on I Can Only Imagine?,Meg Ryan,"Answer: Christine Cabanos Confidence: 0.9  
Answer: Denise Morris Confidence: 0.7  
Answer: Kelly Greyson Confidence: 0.5  
Answer: Kimberly Williams-Paisley Confidence: 0.3  
Answer: Candice Degner Confidence: 0.2",Christine Cabanos,0.9,0.0,0,0
228,2hop__657913_88628,Who did the producer of Big Jim McLain play in True Grit?,U.S. Marshal Rooster Cogburn,"Answer: Rooster Cogburn Confidence: 0.9  
Answer: Tom Chaney Confidence: 0.4  
Answer: La Boeuf Confidence: 0.3  
Answer: Lucky Ned Pepper Confidence: 0.2  
Answer: Emmett Quincy Confidence: 0.1",Rooster Cogburn,0.9,0.6666666666666666,0,1
229,2hop__699172_141338,What company is the school where Lawrence Landweber was educated a part of?,City University of New York,"Answer: University of Wisconsin-Madison Confidence: 0.9 
Answer: University of Chicago Confidence: 0.3 
Answer: Princeton University Confidence: 0.2 
Answer: Stanford University Confidence: 0.1 
Answer: MIT Confidence: 0.1",University of Wisconsin-Madison,0.9,0.5,0,0
230,2hop__613779_55984,"Who wrote the song ""The Story"" that is sung by the performer of ""That Wasn't Me""?",Phil Hanseroth,"Answer: Phil Hanseroth Confidence: 0.9 
Answer: Tim Hanseroth Confidence: 0.7 
Answer: Brandi Carlile Confidence: 0.5 
Answer: Emily Saliers Confidence: 0.2 
Answer: Aimee Mann Confidence: 0.1",Phil Hanseroth,0.9,1.0,1,1
231,2hop__747667_52835,Who wrote Turn Me On by the Thinking About You performer?,John D. Loudermilk,"Answer: David Guetta Confidence: 0.9
Answer: Ne-Yo Confidence: 0.6
Answer: Taio Cruz Confidence: 0.4
Answer: Akon Confidence: 0.2
Answer: Calvin Harris Confidence: 0.1",David Guetta,0.9,0.0,0,0
232,3hop1__604797_443779_52195,who is the president of newly declared independent country which is the country of the country of Alabio –Timor Leste Commission of Truth and Friendship?,Francisco Guterres,"Answer: No president as it's not declared yet. Confidence: 0.9
Answer: There is no newly independent country related. Confidence: 0.8
Answer: Invalid question context. Confidence: 0.7
Answer: Timor Leste President. Confidence: 0.3
Answer: Unknown as no independent country is relevant. Confidence: 0.2",No president as it's not declared yet.,0.9,0.0,0,0
233,3hop2__802066_223623_162182,"In what region of the country where Châu Đức is found, is the birthplace of John Phan?",South Central Coast,"Answer: Southern Vietnam Confidence: 0.6 
Answer: Southeast Vietnam Confidence: 0.4 
Answer: Bà Rịa-Vũng Tàu Province Confidence: 0.3 
Answer: Vietnam Confidence: 0.2 
Answer: Asia Confidence: 0.1",Southern Vietnam,0.6,0.0,0,0
234,4hop1__236903_153080_159767_81096,Who won the Indy Car Race in the largest city and state of the state where the performer of East Coasting is from?,Mario Andretti,"Answer: Alex Palou Confidence: 0.7 
Answer: Josef Newgarden Confidence: 0.6 
Answer: Scott Dixon Confidence: 0.5 
Answer: Pato O'Ward Confidence: 0.4 
Answer: Will Power Confidence: 0.3",Alex Palou,0.7,0.0,0,0
235,2hop__2683_577502,Who married the governor who passed a law in honor of Donda West?,Maria Shriver,"Answer: Kanye West Confidence: 0.8 
Answer: Kim Kardashian Confidence: 0.7 
Answer: Julia Fox Confidence: 0.6 
Answer: Bianca Censori Confidence: 0.5 
Answer: Alexis Phifer Confidence: 0.4",Kanye West,0.8,0.0,0,0
236,3hop2__304722_781203_63959,When was the last time the team who Bernard Lowe was a member of beat the winner of the 1894-95 FA Cup?,1 December 2010,"Answer: 2022 Confidence: 0.7 
Answer: 2021 Confidence: 0.6 
Answer: 2020 Confidence: 0.5 
Answer: 2019 Confidence: 0.4 
Answer: 2023 Confidence: 0.3",2022,0.7,0.0,0,0
237,3hop2__49541_121067_51068,The queen of england in 1890 is portrayed on the network that broadcast The Pacific Century by whom?,Jenna - Louise Coleman,"Answer: Judi Dench Confidence: 0.6 
Answer: Helen Mirren Confidence: 0.5 
Answer: Claire Foy Confidence: 0.4 
Answer: Emily Blunt Confidence: 0.3 
Answer: Olivia Colman Confidence: 0.2",Judi Dench,0.6,0.0,0,0
238,2hop__55552_158105,What two features of Windows 98 were highlighted by the man who announced Windows in 1983?,ease of use and enhanced support for Plug and Play,"Answer: Plug and Play Confidence: 0.8
Answer: Improved user interface Confidence: 0.7
Answer: Faster performance Confidence: 0.6
Answer: Internet integration Confidence: 0.5
Answer: USB support Confidence: 0.4",Plug and Play,0.8,0.4615384615384615,0,0
239,2hop__124933_653666,Who is the mother of the father of Julia Murdock Smith?,Lucy Mack Smith,"Answer: Lucy Mack Smith Confidence: 0.8  
Answer: Mary Fielding Smith Confidence: 0.7  
Answer: Emma Hale Smith Confidence: 0.5  
Answer: Katharine Smith Salisbury Confidence: 0.3  
Answer: Sophronia Smith Confidence: 0.2",Lucy Mack Smith,0.8,1.0,1,1
240,2hop__848156_130869,What state contains the place where Fatata te Miti is displayed?,"Washington, D.C.","Answer: New York Confidence: 0.9  
Answer: Illinois Confidence: 0.7  
Answer: California Confidence: 0.6  
Answer: Massachusetts Confidence: 0.5  
Answer: Pennsylvania Confidence: 0.4",New York,0.9,0.0,0,0
241,3hop1__79039_131926_13165,What treaty ceded territory to the US extending west to the river next to the city that's the home of the Juicy Lucy?,Treaty of Paris,"Answer: Treaty of Paris 1783 Confidence: 0.8 
Answer: Louisiana Purchase Treaty Confidence: 0.7 
Answer: Treaty of Ghent Confidence: 0.6 
Answer: Adams-Onís Treaty Confidence: 0.5 
Answer: Treaty of Guadalupe Hidalgo Confidence: 0.4",Treaty of Paris 1783,0.8,0.8571428571428571,0,1
242,2hop__527400_159673,"This cast member in ""Search for the Gods"" also plays a character in which film?",The Hateful Eight,"Answer: ""Death Wish"" Confidence: 0.6
Answer: ""The Fury"" Confidence: 0.4
Answer: ""From Here to Eternity"" Confidence: 0.3
Answer: ""The Return of a Man Called Horse"" Confidence: 0.2
Answer: ""The Black Hole"" Confidence: 0.1","""Death Wish""",0.6,0.0,0,0
243,4hop3__279362_88460_30152_20999,How were people from whom new coins were a proclamation of independence by the Somali Muslim Ajuran Empire expelled from the natural boundary between Thailand and Vat Yotkeo's country?,The dynasty regrouped and defeated the Portuguese,"Answer: forced relocation Confidence: 0.65
Answer: military conflict Confidence: 0.60
Answer: treaties or agreements Confidence: 0.55
Answer: migration due to economic pressure Confidence: 0.50
Answer: natural disaster-induced migration Confidence: 0.45",forced relocation,0.65,0.0,0,0
244,3hop1__57186_237521_291682,Who's married to the man who produced a documentary about the singer of She's Out of My Life?,Liza Minnelli,"Answer: Katherine Jackson Confidence: 0.6 
Answer: Deborah Rowe Confidence: 0.5 
Answer: Lisa Marie Presley Confidence: 0.4 
Answer: Priscilla Presley Confidence: 0.3 
Answer: Alison Carey Confidence: 0.2",Katherine Jackson,0.6,0.0,0,0
245,3hop2__132957_593597_40768,"When did the maker of Acura Legend, the manufacturer of Scion Fuse and Nissan open US assembly plants?",1981,"Answer: 1982 (Honda for Acura Legend) Confidence: 0.8
Answer: 2003 (Toyota for Scion Fuse) Confidence: 0.7
Answer: 1983 (Nissan) Confidence: 0.9
Answer: 1982 (Nissan) Confidence: 0.6
Answer: 1959 (Honda) Confidence: 0.5",1983 (Nissan),0.9,0.0,0,0
246,3hop1__198276_709625_84283,Who is the owner of the record label of the performer of What Kind of Love?,Warner Music Group,"Answer: Warner Music Group Confidence: 0.7
Answer: Universal Music Group Confidence: 0.5
Answer: Sony Music Entertainment Confidence: 0.4
Answer: BMG Rights Management Confidence: 0.3
Answer: EMI Records Confidence: 0.2",Warner Music Group,0.7,1.0,1,1
247,2hop__35445_22458,What is the full name of the organization that publishes he Laws of the Game?,International Federation of Association Football,"Answer: International Football Association Board Confidence: 0.9 
Answer: IFAB Confidence: 0.7 
Answer: Fédération Internationale de Football Association Confidence: 0.5 
Answer: FIFA Confidence: 0.4 
Answer: World Football Federation Confidence: 0.2",International Football Association Board,0.9,0.6666666666666665,0,0
248,3hop2__668732_467331_162182,"In what region of the country containing An Phú, is the city with the Zone 5 Military Museum located?",South Central Coast,"Answer: South Vietnam Confidence: 0.7
Answer: Southeast Vietnam Confidence: 0.6
Answer: Ho Chi Minh City region Confidence: 0.5
Answer: Southern Vietnam Confidence: 0.3
Answer: Southeastern Vietnam region Confidence: 0.2",South Vietnam,0.7,0.4,0,0
249,2hop__89403_122023,Which university educated the scientist who developed an explanation for the photoelectric effect?,Luitpold Gymnasium,"Answer: University of Munich Confidence: 0.9 
Answer: ETH Zurich Confidence: 0.8 
Answer: University of Zurich Confidence: 0.7 
Answer: LMU Munich Confidence: 0.6 
Answer: University of Bern Confidence: 0.5",University of Munich,0.9,0.0,0,0
250,2hop__133241_33564,In what era was the company known as the manufacturer of Agni-V founded?,From the 1950s to the 1970s,"Answer: 1958 Confidence: 0.9 
Answer: 1947 Confidence: 0.75 
Answer: 1948 Confidence: 0.6 
Answer: 1960 Confidence: 0.55 
Answer: 1950s Confidence: 0.5",1958,0.9,0.0,0,1
251,2hop__822965_165304,Who is the child of the actor who is a cast member of Love in Pawn?,Kim Braden,"Answer: Jennifer Grant Confidence: 0.75 
Answer: Carrie Hamilton Confidence: 0.65 
Answer: Lucy Arnaz Confidence: 0.6 
Answer: Dina Merrill Confidence: 0.55 
Answer: Desi Arnaz Jr. Confidence: 0.5",Jennifer Grant,0.75,0.0,0,0
252,4hop3__129318_29339_508306_70744,University of the state having Fort Hill or university of the state whose primary was won by Edwards besides the state having James B. Simmons House has more national championships?,University of South Carolina,"Answer: University of the state having Fort Hill Confidence: 0.8 
Answer: University of the state whose primary was won by Edwards Confidence: 0.6 
Answer: University of South Carolina Confidence: 0.5 
Answer: University of North Carolina Confidence: 0.4 
Answer: Clemson University Confidence: 0.3",University of the state having Fort Hill,0.8,0.4,0,1
253,2hop__38030_23241,"According to Pew, in 2010, what percent of Nigeria's population practiced the religion dominant in the countries surrounding Armenia?",48.8 percent,"Answer: 46.5% Confidence: 0.9
Answer: 45% Confidence: 0.7
Answer: 47% Confidence: 0.6
Answer: 50% Confidence: 0.4
Answer: 44% Confidence: 0.3",46.5%,0.9,0.0,0,0
254,2hop__150866_11402,"According to the agency that published U.S. and World Population Clock, what is the total area in square miles?",17.037 square miles,"Answer: 3,796,742 square miles Confidence: 0.9
Answer: 3,841,999 square miles Confidence: 0.7
Answer: 3,805,943 square miles Confidence: 0.5
Answer: 9,525,067 square km Confidence: 0.3
Answer: 3,796,665 square miles Confidence: 0.2","3,796,742 square miles",0.9,0.6666666666666666,0,0
255,2hop__132969_417697,What model of car was Mohammed Atta's vehicle that is from the company that makes Datsun Sports?,Nissan Altima,"Answer: Nissan Altima Confidence: 0.7
Answer: Nissan Maxima Confidence: 0.6
Answer: Nissan Sentra Confidence: 0.5
Answer: Nissan Pathfinder Confidence: 0.4
Answer: Nissan Versa Confidence: 0.3",Nissan Altima,0.7,1.0,1,1
256,2hop__96414_159054,What was the story of the character from The Bourne Ultimatum based on?,the novel of the same name by Robert Ludlum,"Answer: Robert Ludlum's novels Confidence: 0.9 
Answer: Jason Bourne series Confidence: 0.7 
Answer: American intelligence experiment Confidence: 0.6 
Answer: MK-Ultra projects Confidence: 0.5 
Answer: Cold War espionage Confidence: 0.3",Robert Ludlum's novels,0.9,0.2,0,1
257,2hop__304852_758385,What administrative territorial entity contains the place where KPRM is licensed to broadcast to?,Hubbard County,"Answer: Poland Confidence: 0.9 
Answer: Mazowieckie Voivodeship Confidence: 0.7 
Answer: Warsaw Confidence: 0.6 
Answer: Masovian Voivodeship Confidence: 0.5 
Answer: Greater Poland Voivodeship Confidence: 0.4",Poland,0.9,0.0,0,0
258,2hop__88906_55840,"In the King's Speech, who played the person who was the King of England in 1950?",Colin Firth,"Answer: Colin Firth Confidence: 0.95 
Answer: Geoffrey Rush Confidence: 0.05 
Answer: Guy Pearce Confidence: 0.01 
Answer: Helena Bonham Carter Confidence: 0.01 
Answer: Michael Gambon Confidence: 0.01",Colin Firth,0.95,1.0,1,1
259,2hop__147260_623159,What territorial entity does the town where John the Hairy lived belong to?,Yaroslavl Oblast,"Answer: Romania Confidence: 0.9
Answer: Transylvania Confidence: 0.8
Answer: Hungary Confidence: 0.7
Answer: Wallachia Confidence: 0.6
Answer: Banat Confidence: 0.5",Romania,0.9,0.0,0,0
260,4hop2__161602_474028_88460_21074,Who runs the school system in the country on the natural boundary between the country that hosted the tournament and the country where A Don is from?,the Ministry of Education,"Answer: Andorra Confidence: 0.9 
Answer: Education Minister Confidence: 0.8 
Answer: Generalitat of Catalonia Confidence: 0.7 
Answer: Ministry of Education, Andorra Confidence: 0.6 
Answer: Regional School Authorities Confidence: 0.5",Andorra,0.9,0.0,0,0
261,2hop__697729_576069,Adolf Overweg died in what geological area?,Chad Basin,"Answer: Lake Chad Basin Confidence: 0.85 
Answer: Chad Basin Confidence: 0.75 
Answer: Sahara Desert Confidence: 0.65 
Answer: Sub-Saharan Africa Confidence: 0.55 
Answer: West Africa Confidence: 0.45",Lake Chad Basin,0.85,0.8,0,1
262,4hop2__160585_14670_8987_8974,Hana Mandlikova was born in Country A that invaded Country B because the military branch the Air Defense Artillery is part of was unprepared. Country B was the only communist country to have an embassy where?,Alfredo Stroessner's Paraguay,"Answer: Cairo Confidence: 0.85 
Answer: Tokyo Confidence: 0.75 
Answer: Washington D.C. Confidence: 0.65 
Answer: London Confidence: 0.60 
Answer: Paris Confidence: 0.55",Cairo,0.85,0.0,0,0
263,2hop__95970_152907,What city is the star of Sous les pieds des femmes from?,La Goulette,"Answer: Algiers Confidence: 0.7 
Answer: Casablanca Confidence: 0.6 
Answer: Tangier Confidence: 0.5 
Answer: Tunis Confidence: 0.4 
Answer: Marrakech Confidence: 0.3",Algiers,0.7,0.0,0,0
264,2hop__82051_7298,"Along with the subject of The One That Got Away, what notable pop artist started out his career on adult contemporary radio?",Michael Bublé,"Answer: John Mayer Confidence: 0.7 
Answer: Michael Bublé Confidence: 0.6 
Answer: Josh Groban Confidence: 0.5 
Answer: Rob Thomas Confidence: 0.4 
Answer: Jason Mraz Confidence: 0.3",John Mayer,0.7,0.0,0,0
265,2hop__96812_130869,The Small Cowper Madonna painting is displayed in what state?,"Washington, D.C.","Answer: Washington, D.C. Confidence: 0.9 
Answer: New York Confidence: 0.4 
Answer: Virginia Confidence: 0.2 
Answer: Maryland Confidence: 0.1 
Answer: Pennsylvania Confidence: 0.1","Washington, D.C.",0.9,1.0,1,1
266,2hop__95687_577502,Who is the spouse of the leading actor in the film The 6th Day?,Maria Shriver,"Answer: Rita Wilson Confidence: 0.8  
Answer: Maria Shriver Confidence: 0.7  
Answer: Heather Milligan Confidence: 0.6  
Answer: Sarah Conner Confidence: 0.4  
Answer: Brigitte Nielsen Confidence: 0.3",Rita Wilson,0.8,0.0,0,0
267,2hop__87589_362941,Where was the founder of the National Women's Party born?,Mount Laurel Township,"Answer: Chester County, Pennsylvania Confidence: 0.9  
Answer: Philadelphia, Pennsylvania Confidence: 0.7  
Answer: Washington, D.C. Confidence: 0.5  
Answer: New York City, New York Confidence: 0.4  
Answer: Baltimore, Maryland Confidence: 0.3","Chester County, Pennsylvania",0.9,0.0,0,0
268,2hop__160292_23241,"According to Pew, in 2010, what percent of Nigeria's population practiced the religion of most of the workers?",48.8 percent,"Answer: 50% Confidence: 0.7 
Answer: 48% Confidence: 0.6 
Answer: 52% Confidence: 0.5 
Answer: 45% Confidence: 0.4 
Answer: 55% Confidence: 0.3",50%,0.7,0.0,0,1
269,4hop1__813171_153080_159767_81096,Who won the Indy car race in the largest city and capitol of the state where the Changes Two performer is from?,Mario Andretti,"Answer: Scott Dixon Confidence: 0.7 
Answer: Will Power Confidence: 0.6 
Answer: Josef Newgarden Confidence: 0.5 
Answer: Simon Pagenaud Confidence: 0.4 
Answer: Alexander Rossi Confidence: 0.3",Scott Dixon,0.7,0.0,0,0
270,4hop1__88342_49853_128008_46894,Who has the lowest batting average in the league that the team that has won the most titles from the competition they give out MVP awards plays for?,Bill Bergen,"Answer: Player from the New York Yankees Confidence: 0.6 
Answer: Player from the Los Angeles Lakers Confidence: 0.5 
Answer: Player from the Boston Celtics Confidence: 0.4 
Answer: Player from the Montreal Canadiens Confidence: 0.3 
Answer: Player from the Golden State Warriors Confidence: 0.2",Player from the New York Yankees,0.6,0.0,0,0
271,3hop1__76377_40769_64047,When did the luxury division of the top selling car brand change the body style of the rx 350?,Sales began worldwide in April 2012,"Answer: 2015 Confidence: 0.8  
Answer: 2022 Confidence: 0.7  
Answer: 2010 Confidence: 0.5  
Answer: 2007 Confidence: 0.3  
Answer: 2003 Confidence: 0.2",2015,0.8,0.0,0,0
272,2hop__552607_126089,Who was in charge of the province which contains Zeevang?,Johan Remkes,"Answer: Arthur van Dijk Confidence: 0.6  
Answer: Cees Loggen Confidence: 0.2  
Answer: Jaap Bond Confidence: 0.1  
Answer: Remkes Confidence: 0.05  
Answer: Berend-Jan van Midden Confidence: 0.05",Arthur van Dijk,0.6,0.0,0,0
273,4hop3__668721_132409_146285_35031,"In the top five largest urban areas in the state where the performer of The Paramour Sessions was from, where does the place of death for Alexander Golitzen rank?",third-largest,"Answer: 2nd Confidence: 0.8 
Answer: 3rd Confidence: 0.7 
Answer: 1st Confidence: 0.6 
Answer: 4th Confidence: 0.5 
Answer: 5th Confidence: 0.4",2nd,0.8,0.0,0,0
274,3hop2__89854_38738_76291,When did the party that holds the majority in the House of Representatives take control of the branch that gives regulators discretion to prohibit proprietary trades?,January 2015,"Answer: January 2021 Confidence: 0.8 
Answer: January 2019 Confidence: 0.6 
Answer: January 2017 Confidence: 0.4 
Answer: January 2015 Confidence: 0.3 
Answer: January 2013 Confidence: 0.2",January 2021,0.8,0.5,0,0
275,2hop__62951_64006,"As a result of the Black Death, how much was the population reduced in the place that the US helped with the Marshall Plan?",30% to 65%,"Answer: approximately 50% Confidence: 0.9 
Answer: around one-third Confidence: 0.8 
Answer: by half Confidence: 0.7 
Answer: about 60% Confidence: 0.6 
Answer: over 40% Confidence: 0.5",approximately 50%,0.9,0.0,0,1
276,2hop__611178_131968,Which is the body of water by the village which borders Long Ditton?,River Thames,"Answer: River Thames Confidence: 0.9 
Answer: Surrey Canal Confidence: 0.5 
Answer: Hogsmill River Confidence: 0.4 
Answer: Thames Ditton Marina Confidence: 0.3 
Answer: Kingston upon Thames Confidence: 0.3",River Thames,0.9,1.0,1,1
277,2hop__3131_3300,Which season was the runner up of the third season of American Idol on?,season three,"Answer: Diana DeGarmo Confidence: 0.95
Answer: Jasmine Trias Confidence: 0.60
Answer: Fantasia Barrino Confidence: 0.40
Answer: LaToya London Confidence: 0.30
Answer: Jennifer Hudson Confidence: 0.20",Diana DeGarmo,0.95,0.0,0,1
278,3hop1__662618_339990_54675,What mountain can you see from Portland in the state where Fishing Creek Confederacy is located?,Tualatin Mountains,"Answer: Mount Hood Confidence: 0.9 
Answer: Mount St. Helens Confidence: 0.6 
Answer: Mount Adams Confidence: 0.4 
Answer: Mount Jefferson Confidence: 0.3 
Answer: Mount Rainier Confidence: 0.2",Mount Hood,0.9,0.0,0,0
279,4hop1__56270_53706_795904_580996,What shares a border with the city where the person who went to the state where the 951 area code is used during the gold rush works?,Rio Linda,"Answer: Riverside County Confidence: 0.8
Answer: San Bernardino County Confidence: 0.7 
Answer: Orange County Confidence: 0.6 
Answer: Los Angeles County Confidence: 0.5 
Answer: Imperial County Confidence: 0.4",Riverside County,0.8,0.0,0,0
280,2hop__126306_396277,What is another notable work by the illustrator of Sylvester and the Magic Pebble?,Doctor De Soto,"Answer: Doctor De Soto Confidence: 0.9 
Answer: Abel's Island Confidence: 0.8 
Answer: The Amazing Bone Confidence: 0.7 
Answer: Shrek! Confidence: 0.6 
Answer: Amos & Boris Confidence: 0.5",Doctor De Soto,0.9,1.0,1,1
281,4hop1__56635_49925_13759_736921,"The German priest, who wanted to reform the religious denomination now the largest in the US, preached a sermon on Marian devotion soon before his death in which German state?",Saxony-Anhalt,"Answer: Saxony-Anhalt Confidence: 0.9
Answer: Thuringia Confidence: 0.7
Answer: Bavaria Confidence: 0.5
Answer: Brandenburg Confidence: 0.4
Answer: Hesse Confidence: 0.3",Saxony-Anhalt,0.9,1.0,1,1
282,2hop__506035_325512,In which county was Larkin I. Smith born?,Pearl River County,"Answer: Pearl River County Confidence: 0.9
Answer: Hancock County Confidence: 0.6
Answer: Harrison County Confidence: 0.5
Answer: Jackson County Confidence: 0.3
Answer: Stone County Confidence: 0.2",Pearl River County,0.9,1.0,1,1
283,2hop__663184_57816,What is the U.S. News ranking of the law school at Bruce Nissen's employer?,100,"Answer: 56 Confidence: 0.7 
Answer: 60 Confidence: 0.6 
Answer: 65 Confidence: 0.5 
Answer: 50 Confidence: 0.4 
Answer: 70 Confidence: 0.3",56,0.7,0.0,0,0
284,2hop__41158_22946,Who said one of the greatest thinkers was the person who proposed explanations for the origins of earthquakes and the formation of mountains?,George Sarton,"Answer: Aristotle Confidence: 0.7 
Answer: Plato Confidence: 0.6 
Answer: Herodotus Confidence: 0.4 
Answer: Strabo Confidence: 0.3 
Answer: Ptolemy Confidence: 0.2",Aristotle,0.7,0.0,0,0
285,3hop1__584774_131926_87157,What is the direction of flow of the body of water by the city where Uni-Systems is headquartered?,rises in northern Minnesota and meanders slowly southwards,"Answer: South Confidence: 0.7 
Answer: Southwest Confidence: 0.6 
Answer: Southeast Confidence: 0.5 
Answer: West Confidence: 0.4 
Answer: East Confidence: 0.3",South,0.7,0.0,0,1
286,2hop__6827_88924,Who is the chairman of the company that bought FleetBoston Financial?,Brian Thomas Moynihan,"Answer: Brian Moynihan Confidence: 0.9 
Answer: Ken Thompson Confidence: 0.7 
Answer: Charles O. Holliday Jr. Confidence: 0.5 
Answer: Hugh McColl Confidence: 0.4 
Answer: Lewis Ranieri Confidence: 0.3",Brian Moynihan,0.9,0.8,0,1
287,3hop1__169494_42197_18397,Where did the arguer that Dmitry Okhotsimsky's country of citizenship had become an imperialist power declare he would intervene in the Korean conflict?,the Politburo,"Answer: United Nations Confidence: 0.8 
Answer: Security Council Confidence: 0.6 
Answer: Moscow Confidence: 0.4 
Answer: Russian Parliament Confidence: 0.3 
Answer: General Assembly Confidence: 0.2",United Nations,0.8,0.0,0,0
288,2hop__80375_90181,what is the deepest part of the ocean off the east coast of the united states?,Milwaukee Deep,"Answer: Puerto Rico Trench Confidence: 0.9 
Answer: Milwaukee Deep Confidence: 0.8 
Answer: Puerto Rico Trench (38,706 feet) Confidence: 0.7 
Answer: Atlantic Ocean Crack Confidence: 0.4 
Answer: Challenger Deep Confidence: 0.3",Puerto Rico Trench,0.9,0.0,0,1
289,3hop2__104979_23308_28343,When did the troops of the country blamed for the stagnation and failure of the Tripartite discussion leave the country known for Afghan bread?,February 1989,"Answer: 1989 Confidence: 0.9 
Answer: 1991 Confidence: 0.7 
Answer: 1990 Confidence: 0.65 
Answer: 1988 Confidence: 0.6 
Answer: 1992 Confidence: 0.55",1989,0.9,0.6666666666666666,0,1
290,3hop1__587540_514761_594810,What record label does the spouse of Mama's Broken Heart's performer belong to?,Warner Bros. Records,"Answer: RCA Records Nashville Confidence: 0.9  
Answer: Columbia Nashville Confidence: 0.7  
Answer: Vanner Records Confidence: 0.5  
Answer: Epic Records Confidence: 0.4  
Answer: Capitol Nashville Confidence: 0.3",RCA Records Nashville,0.9,0.3333333333333333,0,0
291,2hop__96411_159054,What was the story of the character from The Bourne Deception based on?,the novel of the same name by Robert Ludlum,"Answer: The Bourne Identity Confidence: 0.8 
Answer: The Bourne Supremacy Confidence: 0.7 
Answer: The Bourne Ultimatum Confidence: 0.6 
Answer: Robert Ludlum's novels Confidence: 0.5 
Answer: The Bourne Legacy Confidence: 0.4",The Bourne Identity,0.8,0.0,0,0
292,4hop1__836115_49925_13759_736921,Where is the district that the person who wanted to reform and address Vincentas Sladkevičius' religion preached a sermon on Marian devotion before his death located?,Saxony-Anhalt,"Answer: Kaunas Confidence: 0.7
Answer: Kaišiadorys Confidence: 0.6
Answer: Vilnius Confidence: 0.5
Answer: Šiauliai Confidence: 0.4
Answer: Panevėžys Confidence: 0.3",Kaunas,0.7,0.0,0,0
293,3hop1__108062_720914_27537,Why did Roncalli leave the city where La Bella's creator died?,for the conclave in Rome,"Answer: Vatican appointment Confidence: 0.75
Answer: Diplomatic mission Confidence: 0.65
Answer: Church assignment Confidence: 0.60
Answer: Health reasons Confidence: 0.50
Answer: Personal reasons Confidence: 0.45",Vatican appointment,0.75,0.0,0,1
294,3hop1__136129_87694_64412,When did the place where the head of the catholic region named after the same saint as the Dakovo Cathedral become its own country?,11 February 1929,"Answer: 1991 Confidence: 0.9 
Answer: 1992 Confidence: 0.7 
Answer: 1993 Confidence: 0.6 
Answer: 1995 Confidence: 0.4 
Answer: 2000 Confidence: 0.2",1991,0.9,0.0,0,0
295,4hop3__152056_698586_1926_54362,Who burned down the death city of the artist responsible for Dunn Dunn in the war after which the first time black people declined in living in NYC?,Confederate Gen. John Bell Hood,"Answer: Sherman Confidence: 0.7 
Answer: Union Army Confidence: 0.6 
Answer: William T. Sherman Confidence: 0.5 
Answer: Gen. Sherman Confidence: 0.4 
Answer: Northern troops Confidence: 0.3",Sherman,0.7,0.0,0,0
296,3hop2__782397_467331_162182,"In what region of the country that contains Phu Luong, is the city that has the Zone 5 Military Museum located?",South Central Coast,"Answer: Northern Vietnam Confidence: 0.8 
Answer: Tonkin region Confidence: 0.6 
Answer: Thai Nguyen province Confidence: 0.5 
Answer: Hanoi region Confidence: 0.4 
Answer: Red River Delta Confidence: 0.3",Northern Vietnam,0.8,0.0,0,0
297,3hop2__304722_526346_63959,When was the last time the sports team having Trevor Dark as a member beat the winner of 1894–95 FA Cup?,1 December 2010,"Answer: Never Confidence: 0.8
Answer: Unknown Confidence: 0.6
Answer: N/A Confidence: 0.4
Answer: Not applicable Confidence: 0.3
Answer: No record Confidence: 0.2",Never,0.8,0.0,0,0
298,2hop__463884_807572,What county is the Ira C. Allen Mansion located in?,Monmouth County,"Answer: Washington County Confidence: 0.7 
Answer: Chittenden County Confidence: 0.6 
Answer: Addison County Confidence: 0.5 
Answer: Franklin County Confidence: 0.4 
Answer: Rutland County Confidence: 0.3",Washington County,0.7,0.5,0,0
299,2hop__458131_174974,Who is the spouse of the Rabbit Hole's producer?,Keith Urban,"Answer: David Furnish Confidence: 0.8
Answer: Ellen DeGeneres Confidence: 0.3
Answer: Steven Spielberg Confidence: 0.2
Answer: Jay Roach Confidence: 0.2
Answer: Reese Witherspoon Confidence: 0.1",David Furnish,0.8,0.0,0,0
300,3hop1__222497_309482_89834,When did the merchant of the city where the composer of Al gran sole carico d'amore takes place?,16th - century,"Answer: 1935 Confidence: 0.7 
Answer: 1930s Confidence: 0.6 
Answer: 1920s Confidence: 0.4 
Answer: 1940s Confidence: 0.3 
Answer: 1910s Confidence: 0.2",1935,0.7,0.0,0,0
301,3hop2__106842_30645_84681,When did the people who first settled the Delaware Valley come to the country which produced the show @Seven?,13 December 1642,"Answer: 1638 Confidence: 0.8 
Answer: 1643 Confidence: 0.6 
Answer: 1637 Confidence: 0.5 
Answer: 1640 Confidence: 0.4 
Answer: 1645 Confidence: 0.3",1638,0.8,0.0,0,0
302,4hop3__474028_88460_30152_20999,How were people from whom new coins were a proclamation of independence by the Somali Muslim Ajuran Empire expelled from the natural boundary between Thailand and A Don's country?,The dynasty regrouped and defeated the Portuguese,"Answer: Mon people expelled from Malay Peninsula  Confidence: 0.6
Answer: Malays expelled from Kra Isthmus  Confidence: 0.5
Answer: Siamese expelled from Malay Peninsula  Confidence: 0.4
Answer: Burmese expelled from Tenasserim Hills  Confidence: 0.3
Answer: Peninsula expelled from Isthmus  Confidence: 0.2",Mon people expelled from Malay Peninsula,0.6,0.0,0,0
303,2hop__37353_23241,"According to Pew in 2010, what percent of Nigeria's population was the people who conquered the Eastern provinces of the Byzantine empire?",48.8 percent,"Answer: 50% Confidence: 0.2 
Answer: 38% Confidence: 0.15 
Answer: 45% Confidence: 0.1 
Answer: 35% Confidence: 0.1 
Answer: 40% Confidence: 0.05",50%,0.2,0.0,0,1
304,4hop1__726675_508773_85832_745702,Who is the child of the Italian navigator who explored the eastern coast of the continent César Gaytan was born in for the English?,Sebastian Cabot,"Answer: Diego Colon Confidence: 0.7  
Answer: Fernando Colon Confidence: 0.6  
Answer: Christopher Columbus Jr. Confidence: 0.4  
Answer: Bartolome Colon Confidence: 0.3  
Answer: Luis Colon Confidence: 0.2",Diego Colon,0.7,0.0,0,0
305,4hop1__88342_49853_128008_54974,What is the longest home run hit in the league where the team with the most titles from the event after which the MLB MVP is awarded plays?,about 575 feet,"Answer: 574 feet Confidence: 0.7  
Answer: 575 feet Confidence: 0.6  
Answer: 582 feet Confidence: 0.5  
Answer: 569 feet Confidence: 0.4  
Answer: 580 feet Confidence: 0.3",574 feet,0.7,0.4,0,0
306,2hop__47712_25719,At the end of which year did tribes from the place where the Celts are said to have migrated from invade the Roman empire?,406,"Answer: 406 AD Confidence: 0.9
Answer: 405 AD Confidence: 0.7
Answer: 407 AD Confidence: 0.6
Answer: 409 AD Confidence: 0.4
Answer: 410 AD Confidence: 0.3",406 AD,0.9,0.6666666666666666,0,1
307,2hop__332453_139339,What was the director of The Accidental Husband nominated for?,Academy Award for Best Live Action Short Film,"Answer: Primetime Emmy Award Confidence: 0.8
Answer: Academy Award Confidence: 0.6
Answer: Golden Globe Award Confidence: 0.5
Answer: BAFTA Award Confidence: 0.4
Answer: Directors Guild of America Award Confidence: 0.3",Primetime Emmy Award,0.8,0.18181818181818182,0,0
308,2hop__435184_67370,When does real time with the pizza man cast member start again in 2018?,"January 19, 2018","Answer: April 8, 2018 Confidence: 0.7 
Answer: April 6, 2018 Confidence: 0.5 
Answer: April 15, 2018 Confidence: 0.4 
Answer: March 30, 2018 Confidence: 0.3 
Answer: April 1, 2018 Confidence: 0.2","April 8, 2018",0.7,0.3333333333333333,0,0
309,2hop__16581_16525,When did the person who first brought a postal service into Umayyad lands become caliph?,661,"Answer: 717. Confidence: 0.9
Answer: 705. Confidence: 0.7
Answer: 724. Confidence: 0.5
Answer: 750. Confidence: 0.4
Answer: 680. Confidence: 0.3",717.,0.9,0.0,0,0
310,2hop__403580_37168,"According to QS World University Rankings, what is the ranking of the place that employed Said Ashour?",551-600,"Answer: 293rd Confidence: 0.6 
Answer: 201st Confidence: 0.4 
Answer: 150th Confidence: 0.2 
Answer: 350th Confidence: 0.1 
Answer: 425th Confidence: 0.05",293rd,0.6,0.0,0,0
311,2hop__389778_78303,"What was the cast member of Missing in Action's name in Walker, Texas Ranger?",Cordell Walker,"Answer: Chuck Norris Confidence: 0.9 
Answer: Clarence Gilyard Jr. Confidence: 0.7 
Answer: Sheree J. Wilson Confidence: 0.5 
Answer: Noble Willingham Confidence: 0.3 
Answer: Marco Sanchez Confidence: 0.2",Chuck Norris,0.9,0.0,0,0
312,2hop__424294_19033,Where did the author of A Lion's Tale: Around the World in Spandex win in 2008?,Great American Bash,"Answer: WWE Championship Confidence: 0.8  
Answer: WrestleMania XXIV Confidence: 0.7  
Answer: Slammy Award Confidence: 0.6  
Answer: World Heavyweight Championship Confidence: 0.5  
Answer: Intercontinental Championship Confidence: 0.4",WWE Championship,0.8,0.0,0,0
313,2hop__107548_124896,Who is the father of the artist who painted Head I?,Nicholas Bacon,"Answer: John Bacon Confidence: 0.7 
Answer: Charles Bacon Confidence: 0.6 
Answer: Alberto Giacometti Confidence: 0.3 
Answer: Claude Bacon Confidence: 0.2 
Answer: Edwin Bacon Confidence: 0.1",John Bacon,0.7,0.5,0,0
314,3hop1__761225_831637_91775,"What does seal stand for in the branch of the U.S. military that operates a list of destroyer classes, as well as containing the rank O-1?","Sea, Air, and Land","Answer: Sea, Air, and Land Confidence: 1.0  
Answer: Special Engagements and Amphibious Landings Confidence: 0.6  
Answer: Special Expeditionary and Assault League Confidence: 0.4  
Answer: Security, Espionage, Airborne, and Land Confidence: 0.3  
Answer: Strategic Engagements and Landing Confidence: 0.2","Sea, Air, and Land",1.0,1.0,1,1
315,2hop__75714_21969,When was the first governor general of India impeached?,1786,"Answer: 1787 Confidence: 0.9 
Answer: 1788 Confidence: 0.7 
Answer: 1786 Confidence: 0.5 
Answer: 1785 Confidence: 0.3 
Answer: 1789 Confidence: 0.2",1787,0.9,0.0,0,0
316,4hop1__860115_798482_131926_87157,What is the direction of flow of the body of water by the city sharing a border with Elizabeth Berg's birthplace?,rises in northern Minnesota and meanders slowly southwards,"Answer: North Confidence: 0.7 
Answer: West Confidence: 0.5 
Answer: South Confidence: 0.3 
Answer: East Confidence: 0.2 
Answer: Southeast Confidence: 0.1",North,0.7,0.0,0,0
317,2hop__536283_67465,When did the performer of Watching Movies release Best Day Ever?,"March 11, 2011","Answer: 2011 Confidence: 0.95
Answer: March 11, 2011 Confidence: 0.90
Answer: March 2011 Confidence: 0.85
Answer: 2010 Confidence: 0.75
Answer: April 2011 Confidence: 0.70",2011,0.95,0.5,0,1
318,3hop2__127483_156850_10557,What was the language Auctor comes from during the era of Fastrada's spouse later known as?,Medieval Latin,"Answer: Latin Confidence: 0.8 
Answer: Old High German Confidence: 0.6 
Answer: Frankish Confidence: 0.5 
Answer: Gaulish Confidence: 0.4 
Answer: Old French Confidence: 0.3",Latin,0.8,0.6666666666666666,0,1
319,4hop1__364476_439408_131976_90181,"What is the deepest part of the ocean, near the state, where the county that holds the city of Winchester is found?",Milwaukee Deep,"Answer: Challenger Deep Confidence: 0.9  
Answer: Mariana Trench Confidence: 0.8  
Answer: Sirena Deep Confidence: 0.6  
Answer: Tonga Trench Confidence: 0.4  
Answer: Puerto Rico Trench Confidence: 0.3",Challenger Deep,0.9,0.5,0,0
320,3hop2__304722_330033_63959,When was the last time Tony Richard's team beat the 1894-95 FA Cup Winner?,1 December 2010,"Answer: Never Confidence: 0.7 
Answer: Not recorded Confidence: 0.6 
Answer: Before 2023 Confidence: 0.5 
Answer: After 1895 Confidence: 0.4 
Answer: Unknown Confidence: 0.3",Never,0.7,0.0,0,0
321,4hop1__88342_49853_128008_48717,"Who was the second pick in the 1999 draft of the organization, that includes the team with the most titles, in the event preceding the awarding of the MLB MVP?",Josh Beckett,"Answer: Josh Hamilton Confidence: 0.9 
Answer: J.D. Drew Confidence: 0.6 
Answer: Corey Myers Confidence: 0.4 
Answer: Eric Munson Confidence: 0.3 
Answer: Barry Zito Confidence: 0.2",Josh Hamilton,0.9,0.5,0,0
322,4hop1__152146_5274_458768_33632,What day is the Feast held in the city where the headquarters of the only group larger than Långa nätter's record label is located?,May 4,"Answer: January 6 Confidence: 0.7
Answer: June 24 Confidence: 0.6
Answer: August 15 Confidence: 0.5
Answer: December 25 Confidence: 0.4
Answer: November 1 Confidence: 0.3",January 6,0.7,0.0,0,0
323,3hop2__60649_90098_10557,What was the language from which the last name Sylvester originated during the era of the Frankish king who formed the Holy Roman Empire later known as?,Medieval Latin,"Answer: Latin Confidence: 0.9
Answer: Old French Confidence: 0.7
Answer: Germanic Confidence: 0.6
Answer: Old High German Confidence: 0.5
Answer: Frankish Confidence: 0.4",Latin,0.9,0.6666666666666666,0,1
324,3hop2__304722_747004_63959,When was the last time George Hollis's team beat the 1894-95 FA Cup winner?,1 December 2010,"Answer: 1899 Confidence: 0.7 
Answer: 1900 Confidence: 0.6 
Answer: 1898 Confidence: 0.5 
Answer: 1901 Confidence: 0.4 
Answer: 1902 Confidence: 0.3",1899,0.7,0.0,0,0
325,2hop__725233_150107,Who published Communications of the publisher of the Mobile Computing and Communications Review?,Association for Computing Machinery,"Answer: ACM Confidence: 0.9
Answer: Association for Computing Machinery Confidence: 0.85
Answer: IEEE Confidence: 0.7
Answer: Elsevier Confidence: 0.6
Answer: Springer Confidence: 0.6",ACM,0.9,0.0,0,1
326,3hop1__222497_737465_93723,"Who played Spyder, from the ""Once Upon a Time"" film set in the place of death of the composer of Al gran sole carico d'amore?",Jason Momoa,"Answer: Benicio Del Toro Confidence: 0.7 
Answer: Roberto Benigni Confidence: 0.6 
Answer: Johnny Depp Confidence: 0.5 
Answer: Antonio Banderas Confidence: 0.4 
Answer: Penélope Cruz Confidence: 0.3",Benicio Del Toro,0.7,0.0,0,0
327,4hop1__88342_49853_128008_87812,When is the opening day of the league of the team with the most titles from the event after which they give out the MLB MVP award?,"Thursday, March 29","Answer: April 2024 Confidence: 0.7 
Answer: March 2024 Confidence: 0.6 
Answer: April 2023 Confidence: 0.5 
Answer: March 2023 Confidence: 0.4 
Answer: April 2025 Confidence: 0.3",April 2024,0.7,0.0,0,0
328,4hop2__161602_426860_88460_63559,When was Burma's name changed to that of the country on the natural boundary between the country that hosted the tournament and the country where That Dam is from?,1235,"Answer: 1989 Confidence: 0.9 
Answer: 1988 Confidence: 0.75 
Answer: 1990 Confidence: 0.6 
Answer: 1991 Confidence: 0.4 
Answer: 1992 Confidence: 0.3",1989,0.9,0.0,0,0
329,2hop__35137_22940,What is the Book of Healing by the writer of The Canon of Medicine referred to in Arabic?,Kitab al-shifa,"Answer: Al-Shifa' Confidence: 0.9 
Answer: Kitab al-Shifa' Confidence: 0.7 
Answer: Al-Shifa bi-Ta'rif Huquq al-Mustafa Confidence: 0.5 
Answer: Al-Qanun fi al-Tibb Confidence: 0.4 
Answer: Mawsuah al-Ilmiyya wal-Islamiyya Confidence: 0.3",Al-Shifa',0.9,0.6666666666666666,0,1
330,2hop__681463_402641,Who is the sibling of Chiang Hsiao-wen?,Chiang Hsiao-wu,"Answer: Chiang Wei-kuo Confidence: 0.9
Answer: Chiang Ching-kuo Confidence: 0.8
Answer: Chiang Fang-liang Confidence: 0.5
Answer: Chiang Hsiao-chang Confidence: 0.6
Answer: Chiang Hsiao-yu Confidence: 0.4",Chiang Wei-kuo,0.9,0.5,0,0
331,3hop2__6989_37759_74563,"When did the religious order that founded Harvard College, arrive in the region of the U.S. served by the Rainbow Times?",1630,"Answer: 1630 Confidence: 0.85
Answer: 1629 Confidence: 0.80
Answer: 1631 Confidence: 0.75
Answer: 1628 Confidence: 0.70
Answer: 1632 Confidence: 0.65",1630,0.85,1.0,1,1
332,2hop__71755_463572,What is the record label for the singer who originally sang You Belong To Me.,MGM Records,"Answer: Mercury Records Confidence: 0.8
Answer: Victor Records Confidence: 0.6
Answer: Capitol Records Confidence: 0.4
Answer: Decca Records Confidence: 0.3
Answer: RCA Records Confidence: 0.2",Mercury Records,0.8,0.5,0,0
333,2hop__170823_120171,What year did the publisher of Labyrinth end?,1986,"Answer: 1997 Confidence: 0.9 
Answer: 1996 Confidence: 0.7 
Answer: 1998 Confidence: 0.5 
Answer: 1995 Confidence: 0.3 
Answer: 2000 Confidence: 0.1",1997,0.9,0.0,0,0
334,4hop1__814776_765799_282674_759393,What is the seat of the county sharing a border with the county where Western Islands is headquartered?,Green Bay,"Answer: Cupar Confidence: 0.8 
Answer: St Andrews Confidence: 0.6 
Answer: Anstruther Confidence: 0.5 
Answer: Kirkcaldy Confidence: 0.5 
Answer: Dundee Confidence: 0.4",Cupar,0.8,0.0,0,0
335,4hop1__152028_141441_458768_33633,When did the explorer reach the headquarters location of the group Con-Test's record label is part of?,"August 3, 1769","Answer: Unknown Confidence: 0.2 
Answer: N/A Confidence: 0.2 
Answer: 21st century Confidence: 0.1 
Answer: Not enough data Confidence: 0.1 
Answer: Cannot determine Confidence: 0.1",Unknown,0.2,0.0,0,0
336,3hop1__222497_309482_80702,What is the name of the famous bridge in the place where Al gran sole carico d'amore's composer worked?,Rialto Bridge,"Answer: Rialto Bridge Confidence: 0.8 
Answer: Ponte Vecchio Confidence: 0.7 
Answer: Bridge of Sighs Confidence: 0.6 
Answer: Golden Gate Bridge Confidence: 0.3 
Answer: Sydney Harbour Bridge Confidence: 0.2",Rialto Bridge,0.8,1.0,1,1
337,3hop1__516535_834494_33939,"In 1900, what was the population of the city in the same county as Allen?","7,531","Answer: 325,594 (Dallas) Confidence: 0.9 
Answer: 829 (McKinney) Confidence: 0.7 
Answer: 332,190 (Chicago) Confidence: 0.6 
Answer: 102,555 (San Francisco) Confidence: 0.4 
Answer: 340,000 (Cleveland) Confidence: 0.3","325,594 (Dallas)",0.9,0.0,0,0
338,2hop__562154_69048,Who is the Chief Judge in the place where DeltaWomen's headquarters in located?,Honorable Justice Abiodun Smith,"Answer: Ron Clark Confidence: 0.7 
Answer: Barbara Lynn Confidence: 0.6 
Answer: Rodney Gilstrap Confidence: 0.5 
Answer: Jeremy Kernodle Confidence: 0.4 
Answer: Amos Mazzant Confidence: 0.3",Ron Clark,0.7,0.0,0,0
339,3hop1__103662_443779_52195,Who is the president of the newly declared independent country that is part of the Commission of Truth and Friendship with Radiansyah's birth country?,Francisco Guterres,"Answer: Timor-Leste President Confidence: 0.7 
Answer: Nobel laureate President Confidence: 0.5 
Answer: Francisco Guterres Confidence: 0.4 
Answer: Taur Matan Ruak Confidence: 0.3 
Answer: José Ramos-Horta Confidence: 0.3",Timor-Leste President,0.7,0.0,0,0
340,2hop__785711_63853,What is the source of the body of water where Augrabies Falls is located?,Thaba Putsoa,"Answer: Orange River Confidence: 0.95 
Answer: Orange River Basin Confidence: 0.75 
Answer: Gariep Dam Confidence: 0.55 
Answer: Drakensberg Mountains Confidence: 0.45 
Answer: Lesotho Highlands Confidence: 0.40",Orange River,0.95,0.0,0,0
341,3hop1__106042_64399_62676,"When did the city that spread Christianity to Rome, Egypt, Judea, and the country where Vasilopita originates, become the capital city of the Hebrews?",c. 1000 BCE,"Answer: 10th century BC Confidence: 0.8
Answer: 1004 BC Confidence: 0.7
Answer: 1010 BC Confidence: 0.6
Answer: 1050 BC Confidence: 0.5
Answer: 1003 BC Confidence: 0.4",10th century BC,0.8,0.0,0,1
342,2hop__846844_47134,What is the mascot of the school that owns Goss Stadium at Coleman Field?,Benny Beaver,"Answer: Benny Beaver Confidence: 0.9  
Answer: Oregon State Beaver Confidence: 0.8  
Answer: Beaver the Mascot Confidence: 0.7  
Answer: Benny the Beaver Confidence: 0.6  
Answer: Beavers Confidence: 0.5",Benny Beaver,0.9,1.0,1,1
343,3hop2__132957_433432_40768,"When did the maker of Acura Legend, the manufacturer of Lexus RX and Nissan open US assembly plants?",1981,"Answer: 1982 Confidence: 0.8
Answer: 1992 Confidence: 0.7
Answer: 1979 Confidence: 0.6
Answer: 1994 Confidence: 0.5
Answer: 2003 Confidence: 0.4",1982,0.8,0.0,0,0
344,3hop2__30152_107291_20999,"How were the people that the Somali Muslim Ajuran Empire made coins to proclaim independence from, expelled from the country where Mohinga is eaten?",The dynasty regrouped and defeated the Portuguese,"Answer: Portuguese, battles/conflicts Confidence: 0.8 
Answer: Portuguese, treaties/alliances Confidence: 0.7 
Answer: Portuguese, colonial expulsion Confidence: 0.6 
Answer: Portuguese, diplomatic pressure Confidence: 0.5 
Answer: Portuguese, local uprisings Confidence: 0.4","Portuguese, battles/conflicts",0.8,0.28571428571428575,0,1
345,2hop__345_59409,Who was the person who purchased Tidal's parent company in 2015 talking about in the song 'Cry?',three different relationships he had in the past,"Answer: Beyoncé Confidence: 0.8 
Answer: Jay-Z Confidence: 0.7 
Answer: Prince Confidence: 0.6 
Answer: Himself Confidence: 0.5 
Answer: Kanye West Confidence: 0.4",Beyoncé,0.8,0.0,0,0
346,3hop1__135794_87694_64412,When did the city where the Basilica that is named after the same saint as the one in San Pietro in Montorio located in become a country?,11 February 1929,"Answer: 1929 Confidence: 0.9 
Answer: 1870 Confidence: 0.5 
Answer: 1861 Confidence: 0.4 
Answer: 1799 Confidence: 0.3 
Answer: 1849 Confidence: 0.2",1929,0.9,0.5,0,1
347,4hop1__373866_5186_10659_23296,"The People's Socialist Republic of Albania was a member of an organization which was dissolved in Country A. Who invaded the country where many expelled French Jews relocated, other than Country A?",Soviet,"Answer: Germany Confidence: 0.9
Answer: Italy Confidence: 0.7
Answer: Soviet Union Confidence: 0.6
Answer: Japan Confidence: 0.5
Answer: Hungary Confidence: 0.4",Germany,0.9,0.0,0,0
348,2hop__204146_850295,Who is the sibling of the author of Kapalkundala?,Sanjib Chandra,"Answer: Manmatha Nath Dutta Confidence: 0.8
Answer: Not known Confidence: 0.6
Answer: N/A Confidence: 0.4
Answer: Unknown Confidence: 0.3
Answer: Not documented Confidence: 0.2",Manmatha Nath Dutta,0.8,0.0,0,0
349,4hop3__238811_88460_30152_20999,New coins by the Somali Muslim Ajuran Empire were a proclamation of independence from a nation. How were the people of that nation expelled from country that borders Thailand and Ban Nampo village's country?,The dynasty regrouped and defeated the Portuguese,"Answer: Spanish Americans expelled Filipinos; not a complete sentence, just the guess! Confidence: 0.7
Answer: Japanese expelled Americans; not a complete sentence, just the guess! Confidence: 0.6
Answer: French expelled Americans; not a complete sentence, just the guess! Confidence: 0.5
Answer: British expelled Dutch; not a complete sentence, just the guess! Confidence: 0.4
Answer: Americans expelled Spanish; not a complete sentence, just the guess! Confidence: 0.3","Spanish Americans expelled Filipinos; not a complete sentence, just the guess!",0.7,0.0,0,0
350,3hop1__273571_834494_34109,What's the PBS station located in the city contained within the county where Summit is also located?,KUAT-TV 6,"Answer: WKYC Confidence: 0.7 
Answer: WVIZ Confidence: 0.6 
Answer: WEAO Confidence: 0.5 
Answer: WNEO Confidence: 0.4 
Answer: WEAU Confidence: 0.3",WKYC,0.7,0.0,0,0
351,3hop1__66872_709625_84283,Who owns the record label of the Till I Can Gain Control Again songwriter?,Warner Music Group,"Answer: Sony Music Entertainment Confidence: 0.6 
Answer: Universal Music Group Confidence: 0.5 
Answer: Warner Music Group Confidence: 0.4 
Answer: BMG Rights Management Confidence: 0.3 
Answer: Concord Music Group Confidence: 0.2",Sony Music Entertainment,0.6,0.3333333333333333,0,0
352,3hop1__564628_42197_18397,Where did the person who argued that the country where Autograph formed had become an imperialist power declare he would intervene in the Korean conflict?,the Politburo,"Answer: United Nations Security Council Confidence: 0.75
Answer: United Nations General Assembly Confidence: 0.65
Answer: White House Confidence: 0.55
Answer: Congressional Address Confidence: 0.50
Answer: Public Speech Confidence: 0.45",United Nations Security Council,0.75,0.0,0,0
353,4hop3__507819_88460_30152_20999,How were the same people who the Somali Muslim Ajuran Empire declared independence from expelled from the natural boundary between Thailand and the country where Route 3 is found?,The dynasty regrouped and defeated the Portuguese,"Answer: Portuguese Confidence: 0.65 
Answer: Italians Confidence: 0.60 
Answer: British Confidence: 0.50 
Answer: French Confidence: 0.45 
Answer: Dutch Confidence: 0.40",Portuguese,0.65,0.33333333333333337,0,0
354,4hop1__707078_378185_282674_759393,What is the capital of the county that shares a border with the county that contains the birthplace of Erik Jensen?,Green Bay,"Answer: Albert Lea Confidence: 0.85  
Answer: Owatonna Confidence: 0.75  
Answer: Blue Earth Confidence: 0.65  
Answer: Mankato Confidence: 0.55  
Answer: North Mankato Confidence: 0.45",Albert Lea,0.85,0.0,0,0
355,4hop1__163763_49925_13759_736921,Where is the district that the person who wanted to reform and address Jesus Varela's religion preached a sermon on Marian devotion before his death located?,Saxony-Anhalt,"Answer: Pampanga Confidence: 0.8  
Answer: Manila Confidence: 0.6  
Answer: Quezon City Confidence: 0.4  
Answer: Cebu Confidence: 0.3  
Answer: Bataan Confidence: 0.2",Pampanga,0.8,0.0,0,0
356,4hop1__152562_5274_458768_33637,How many ethnic minorities were looked at differently in the city where the headquarters of the only group larger than Vilaiyaadu Mankatha's record label is located?,two,"Answer: 56 Confidence: 0.7 
Answer: 65 Confidence: 0.5 
Answer: 74 Confidence: 0.4 
Answer: 45 Confidence: 0.3 
Answer: 81 Confidence: 0.2",56,0.7,0.0,0,0
357,4hop2__161602_474028_88460_21062,Can foreign tourists cruise to the country between the nation that hosted 2020 AFC U-23 Championship qualification and the one that contains A Don.?,It is not possible for foreigners to go to/from Myanmar by sea or river.,"Answer: Cambodia Confidence: 0.9 
Answer: Vietnam Confidence: 0.85 
Answer: Laos Confidence: 0.8 
Answer: Thailand Confidence: 0.75 
Answer: Myanmar Confidence: 0.7",Cambodia,0.9,0.0,0,0
358,2hop__32541_85460,What is the median household income for people today of the same country as the witness to the Blitz?,"$59,039","Answer: $67,521 (USA) Confidence: 0.7  
Answer: $82,400 (UK) Confidence: 0.5  
Answer: $60,000 (Canada) Confidence: 0.4  
Answer: $81,300 (Australia) Confidence: 0.3  
Answer: $33,700 (India) Confidence: 0.2","$67,521 (USA)",0.7,0.0,0,0
359,2hop__25788_990,In which generation did iPod start providing compatibility with the object designed to standardize connection of computer peripherals?,third generation,"Answer: 3rd generation Confidence: 0.9 
Answer: 2nd generation Confidence: 0.7 
Answer: 4th generation Confidence: 0.5 
Answer: 5th generation Confidence: 0.3 
Answer: 1st generation Confidence: 0.2",3rd generation,0.9,0.5,0,1
360,4hop1__152562_5274_458768_33633,When did the explorer reach the city where the headquarters of the only group larger than Vilaiyaadu Mankatha's record label is located?,"August 3, 1769","Answer: 2009 Confidence: 0.6
Answer: 2010 Confidence: 0.5
Answer: 2011 Confidence: 0.4
Answer: 2008 Confidence: 0.3
Answer: 2012 Confidence: 0.2",2009,0.6,0.0,0,0
361,2hop__695364_513121,Who is the child of the male star of the 1921 film Money?,Anthony Ainley,"Answer: Douglas Fairbanks Jr. Confidence: 0.85
Answer: Ian Keith's child Confidence: 0.70
Answer: Hobart Bosworth's child Confidence: 0.65
Answer: Marc McDermott's child Confidence: 0.60
Answer: None available Confidence: 0.50",Douglas Fairbanks Jr.,0.85,0.0,0,0
362,3hop2__304722_667199_63959,When was the last time the team that Malcolm Briggs was a member of beat the 1894-95 FA cup winner?,1 December 2010,"Answer: Never Confidence: 0.7
Answer: Unknown Confidence: 0.6
Answer: Not applicable Confidence: 0.5
Answer: Insufficient data Confidence: 0.4
Answer: No recorded instance Confidence: 0.3",Never,0.7,0.0,0,0
363,2hop__159146_120065,What year did the region where Leuna was located come to an end?,1738,"Answer: 1990 Confidence: 0.9
Answer: 1991 Confidence: 0.6
Answer: 1989 Confidence: 0.4
Answer: 1992 Confidence: 0.2
Answer: 1995 Confidence: 0.1",1990,0.9,0.0,0,0
364,2hop__238499_431914,What administrative territorial entity includes the arrondissement that contains the Digne Cathedral?,Alpes-de-Haute-Provence,"Answer: Alpes-de-Haute-Provence Confidence: 0.9
Answer: Provence-Alpes-Côte d'Azur Confidence: 0.7
Answer: Digne-les-Bains Confidence: 0.6
Answer: France Confidence: 0.5
Answer: Digne City Confidence: 0.4",Alpes-de-Haute-Provence,0.9,1.0,1,1
365,3hop2__326964_789654_7713,How long had Mao Yushi's birthplace been the capitol city of Yaxing Coach's headquarters location?,about 400 years,"Answer: 0 years Confidence: 0.7
Answer: Never a capital Confidence: 0.6
Answer: Not applicable Confidence: 0.5
Answer: Irrelevant question Confidence: 0.4
Answer: Unknown Confidence: 0.3",0 years,0.7,0.4,0,0
366,2hop__73615_42173,When was the company that abolished the dual system of government in Bengal established?,1599,"Answer: 1757 Confidence: 0.8 
Answer: 1773 Confidence: 0.6 
Answer: 1765 Confidence: 0.5 
Answer: 1784 Confidence: 0.4 
Answer: 1793 Confidence: 0.3",1757,0.8,0.0,0,0
367,4hop3__312119_132409_371500_35031,"Among the top five largest urban areas in the state where Getting Away with Murder's performer was formed, where does Veoh's headquarters city rank?",third-largest,"Answer: 2nd Confidence: 0.8
Answer: 3rd Confidence: 0.7
Answer: 4th Confidence: 0.6
Answer: 5th Confidence: 0.5
Answer: 1st Confidence: 0.4",2nd,0.8,0.0,0,0
368,3hop1__637555_339990_15538,When did the state where Copake Lake is located reinstate the death penalty?,1984,"Answer: 1995 Confidence: 0.9 
Answer: 1994 Confidence: 0.7 
Answer: 1996 Confidence: 0.6 
Answer: 1993 Confidence: 0.5 
Answer: 1992 Confidence: 0.4",1995,0.9,0.0,0,0
369,4hop3__160230_470287_862998_72134,When did the city where Hillcrest High School is located become capitol of the state in which a statue of a Latin mother goddess is located?,1839,"Answer: 1910 Confidence: 0.8 
Answer: 1912 Confidence: 0.7 
Answer: 1911 Confidence: 0.6 
Answer: 1907 Confidence: 0.5 
Answer: 1915 Confidence: 0.4",1910,0.8,0.0,0,0
370,2hop__486314_544665,Who followed the father of Menucha Rochel Slonim?,Menachem Mendel Schneersohn,"Answer: Yehuda Leib Schneersohn Confidence: 0.7 
Answer: Shmuel Schneersohn Confidence: 0.6 
Answer: Rabbi Shalom Dovber Schneersohn Confidence: 0.5 
Answer: Rabbi Joseph I. Schneersohn Confidence: 0.4 
Answer: Menachem Mendel Schneerson Confidence: 0.3",Yehuda Leib Schneersohn,0.7,0.3333333333333333,0,0
371,2hop__567588_67465,When did the performer of Goosebumpz release best day ever?,"March 11, 2011","Answer: March 11, 2011 Confidence: 0.95
Answer: 2011 Confidence: 0.85
Answer: March 11 Confidence: 0.70
Answer: 2010 Confidence: 0.50
Answer: March 2011 Confidence: 0.40","March 11, 2011",0.95,1.0,1,1
372,2hop__525581_161450,Where is the province of Aqqala County located?,in the north-east of the country south of the Caspian Sea,"Answer: Golestan Province Confidence: 0.9
Answer: Mazandaran Province Confidence: 0.3
Answer: Gilan Province Confidence: 0.2
Answer: North Khorasan Province Confidence: 0.1
Answer: Semnan Province Confidence: 0.1",Golestan Province,0.9,0.0,0,1
373,3hop1__92251_34179_23375,"What year saw the publication of the version of the Molotov–Ribbentrop Pact, engineered by the politician who succeeded the leader of the Bolsheviks in the November Revolution?",1948,"Answer: 1939 Confidence: 0.9
Answer: 1940 Confidence: 0.5
Answer: 1941 Confidence: 0.3
Answer: 1938 Confidence: 0.2
Answer: 1937 Confidence: 0.1",1939,0.9,0.0,0,0
374,3hop2__304722_466316_63959,When was the last time the team that Arthur James was a member of beat the 1894-95 FA cup winner?,1 December 2010,"Answer: 1904 Confidence: 0.7 
Answer: 1933 Confidence: 0.5 
Answer: 1912 Confidence: 0.3 
Answer: 1921 Confidence: 0.2 
Answer: 1899 Confidence: 0.1",1904,0.7,0.0,0,0
375,2hop__463353_66723,Who was the first black student admitted to the school that owns Swayze Field?,James Howard Meredith,"Answer: James Meredith Confidence: 1.0 
Answer: Meredith Coleman Courage Confidence: 0.6 
Answer: Vivian Malone Jones Confidence: 0.4 
Answer: Autherine Lucy Confidence: 0.3 
Answer: Charlayne Hunter-Gault Confidence: 0.2",James Meredith,1.0,0.8,0,1
376,2hop__136067_160249,Between which years did war with the person for whom Pyrrhic victory is named occur?,323–272 BC,"Answer: 280-275 BC Confidence: 0.95 
Answer: 282-275 BC Confidence: 0.70 
Answer: 281-276 BC Confidence: 0.65 
Answer: 283-275 BC Confidence: 0.55 
Answer: 279-274 BC Confidence: 0.50",280-275 BC,0.95,0.5,0,0
377,2hop__34495_85544,How many games does the team play that had the most champion league wins between 1992 and 2013?,38,"Answer: 38 Confidence: 0.9  
Answer: 37 Confidence: 0.8  
Answer: 36 Confidence: 0.7  
Answer: 39 Confidence: 0.5  
Answer: 34 Confidence: 0.4",38,0.9,1.0,1,1
378,4hop2__5206_39078_8987_8974,Where is the embassy in the only communist country whose military branch helping the Old West's inadequate local police was unprepared for invasion of the country conquered by the Pact?,Alfredo Stroessner's Paraguay,"Answer: Havana, Cuba Confidence: 0.8 
Answer: Pyongyang, North Korea Confidence: 0.7 
Answer: Beijing, China Confidence: 0.5 
Answer: Vientiane, Laos Confidence: 0.4 
Answer: Hanoi, Vietnam Confidence: 0.3","Havana, Cuba",0.8,0.0,0,0
379,2hop__78766_461854,Who is the spouse of the actor who played Scarlet in Gone with the wind?,Laurence Olivier,"Answer: Roderick Hawes Jr. Confidence: 0.9
Answer: Glynn Wolfe Confidence: 0.6
Answer: Robert Shaw Confidence: 0.4
Answer: Rex Harrison Confidence: 0.3
Answer: Howard Hughes Confidence: 0.2",Roderick Hawes Jr.,0.9,0.0,0,0
380,4hop1__625463_229349_66759_54221,Storm of the Century filmed in state A based on the book by the author who wrote a story featuring the author of The Hope. When do alcohol sales start in state A?,5am,"Answer: 7:00 AM Confidence: 0.6 
Answer: 6:00 AM Confidence: 0.2 
Answer: 8:00 AM Confidence: 0.1 
Answer: 9:00 AM Confidence: 0.05 
Answer: 10:00 AM Confidence: 0.05",7:00 AM,0.6,0.0,0,0
381,2hop__107238_64918,Who was president when congress declared war on the country where Glumpers was filmed?,President McKinley,"Answer: Woodrow Wilson Confidence: 0.8 
Answer: Franklin D. Roosevelt Confidence: 0.7 
Answer: William McKinley Confidence: 0.6 
Answer: James Madison Confidence: 0.5 
Answer: George W. Bush Confidence: 0.4",Woodrow Wilson,0.8,0.0,0,0
382,3hop1__36497_78276_68042,When did the majority party of the branch of government that the President calls to support appointments to the USAF gain control in the House?,the 2010 election,"Answer: January 2019 Confidence: 0.9
Answer: November 2018 Confidence: 0.8
Answer: January 2021 Confidence: 0.7
Answer: November 2020 Confidence: 0.6
Answer: January 2017 Confidence: 0.5",January 2019,0.9,0.0,0,0
383,2hop__269766_43945,Common Sense which was written by the author of The Age of Reason was an important work because?,crystallized the rebellious demand for independence from Great Britain,"Answer: advocated independence from Britain Confidence: 0.9 
Answer: influenced American Revolution Confidence: 0.85 
Answer: challenged monarchy legitimacy Confidence: 0.8 
Answer: inspired anti-British sentiment Confidence: 0.75 
Answer: promoted Enlightenment ideas Confidence: 0.7",advocated independence from Britain,0.9,0.5,0,1
384,3hop1__536452_15840_36002,What were the Genesis's advantages over the platform of Pinball Quest?,built on 16-bit architectures and offered improved graphics and sound,"Answer: More advanced graphics. Confidence: 0.8
Answer: Better sound capabilities. Confidence: 0.7
Answer: Larger game library. Confidence: 0.65
Answer: More processing power. Confidence: 0.6
Answer: Greater market reach. Confidence: 0.55",More advanced graphics.,0.8,0.15384615384615383,0,0
385,2hop__311931_417706,What record label does the performer of Emotional Rain belong to?,Attic Records,"Answer: Madacy Entertainment Confidence: 0.8 
Answer: Anthem Records Confidence: 0.6 
Answer: A&M Records Confidence: 0.5 
Answer: Capitol Records Confidence: 0.4 
Answer: RCA Records Confidence: 0.3",Madacy Entertainment,0.8,0.0,0,0
386,4hop1__88342_75218_128008_48717,Who was second pick in the 1999 draft of the league that has a competition where they give out the MLB MVP award after it?,Josh Beckett,"Answer: Josh Beckett Confidence: 0.8 
Answer: Mark Mulder Confidence: 0.7 
Answer: Barry Zito Confidence: 0.6 
Answer: Josh Hamilton Confidence: 0.5 
Answer: Eric Munson Confidence: 0.4",Josh Beckett,0.8,1.0,1,1
387,4hop2__71753_685934_70784_79935,When was the region that lies to the north of the region Israel is located and where The World is located created?,1930,"Answer: 1920 Confidence: 0.7  
Answer: 1943 Confidence: 0.6  
Answer: 1918 Confidence: 0.5  
Answer: 1946 Confidence: 0.4  
Answer: 1939 Confidence: 0.3",1920,0.7,0.0,0,0
388,2hop__131818_161450,Where is the Voshmgir District located?,in the north-east of the country south of the Caspian Sea,"Answer: Golestan Province, Iran Confidence: 0.95
Answer: Mazandaran Province, Iran Confidence: 0.65
Answer: Tehran Province, Iran Confidence: 0.30
Answer: Khorasan Province, Iran Confidence: 0.20
Answer: Gilan Province, Iran Confidence: 0.15","Golestan Province, Iran",0.95,0.0,0,1
389,2hop__60686_229757,Who is the spouse of the actress that plays leslie knope on parks and recreation?,Will Arnett,"Answer: Will Arnett Confidence: 0.9 
Answer: Nick Offerman Confidence: 0.6 
Answer: Fred Armisen Confidence: 0.3 
Answer: Adam Scott Confidence: 0.2 
Answer: Ben Schwartz Confidence: 0.1",Will Arnett,0.9,1.0,1,1
390,4hop1__567737_141375_458768_33637,How many ethnic minorities were looked at differently in the city where the headquarters of the company that Study in Brown's record label is a part of?,two,"Answer: 6 Confidence: 0.6 
Answer: 8 Confidence: 0.5 
Answer: 10 Confidence: 0.4 
Answer: 4 Confidence: 0.3 
Answer: 5 Confidence: 0.2",6,0.6,0.0,0,0
391,3hop1__139862_2053_5289,What UK label was bought by the major broadcaster based in New York that is not ABC and did not broadcast Highway to Heaven?,Oriole Records.,"Answer: Island Records Confidence: 0.8  
Answer: Chrysalis Records Confidence: 0.6  
Answer: Virgin Records Confidence: 0.5  
Answer: Rough Trade Records Confidence: 0.4  
Answer: Fiction Records Confidence: 0.3",Island Records,0.8,0.5,0,0
392,2hop__778212_22458,"What does the abbreviated name of the organization that includes the Scottish Football Association as a member, stand for?",International Federation of Association Football,"Answer: Union of European Football Associations Confidence: 0.95 
Answer: United European Football Association Confidence: 0.60 
Answer: Ultimate European Football Association Confidence: 0.40 
Answer: Universal European Football Association Confidence: 0.30 
Answer: Unified European Football Association Confidence: 0.20",Union of European Football Associations,0.95,0.4000000000000001,0,0
393,2hop__728969_131890,Which is the body of water near George Mills' place of birth?,River Thames,"Answer: River Thames Confidence: 0.7 
Answer: English Channel Confidence: 0.5 
Answer: North Sea Confidence: 0.4 
Answer: River Tyne Confidence: 0.3 
Answer: Bristol Channel Confidence: 0.2",River Thames,0.7,1.0,1,1
394,2hop__179322_83289,"Who stars in the video ""One Last Time"" by the performer of Baby I?",Matt Bennett,"Answer: Ariana Grande Confidence: 0.95 
Answer: None Confidence: 0.05 
Answer: Unknown Confidence: 0.05 
Answer: Not available Confidence: 0.05 
Answer: No answer Confidence: 0.01",Ariana Grande,0.95,0.0,0,0
395,2hop__574419_270105,What is the seat of the county where Van Hook Township is located?,Stanley,"Answer: Watford City Confidence: 0.9
Answer: Arnegard Confidence: 0.7
Answer: Alexander Confidence: 0.5
Answer: Keene Confidence: 0.3
Answer: Johnson Corners Confidence: 0.2",Watford City,0.9,0.0,0,0
396,3hop1__9285_5188_6375,"Who was the first person to control a spacecraft, from the country the top-ranking Warsaw Pact operatives came from, despite it being headquartered in the country called the nobilities commonwealth?",Gherman Titov,"Answer: Yuri Gagarin Confidence: 0.9 
Answer: Alexei Leonov Confidence: 0.6 
Answer: Valentina Tereshkova Confidence: 0.5 
Answer: Gherman Titov Confidence: 0.4 
Answer: Vladimir Komarov Confidence: 0.3",Yuri Gagarin,0.9,0.0,0,0
397,2hop__59274_461854,Who was the spouse of the actor who played Scarlett in Gone With the Wind?,Laurence Olivier,"Answer: Laurence Olivier Confidence: 0.9
Answer: Leigh Holman Confidence: 0.7
Answer: John Merivale Confidence: 0.5
Answer: Ronald Colman Confidence: 0.3
Answer: Herbert Leigh Holman Confidence: 0.2",Laurence Olivier,0.9,1.0,1,1
398,3hop2__326964_851134_7713,How long had Pfrang Association's headquarters location been the capitol city of Yaxing Coach's headquarters location?,about 400 years,"Answer: 0 years Confidence: 0.8
Answer: Not applicable Confidence: 0.7
Answer: Unknown Confidence: 0.6
Answer: No connection Confidence: 0.5
Answer: Never was Confidence: 0.4",0 years,0.8,0.4,0,0
399,2hop__574496_123283,Where did the founder of the Acting Company study?,Clifton College,"Answer: Juilliard School Confidence: 0.9
Answer: University of Minnesota Confidence: 0.6
Answer: Yale School of Drama Confidence: 0.4
Answer: Carnegie Mellon University Confidence: 0.2
Answer: Tisch School of the Arts Confidence: 0.2",Juilliard School,0.9,0.0,0,0
400,3hop1__389955_132457_47686,Where do Greyhound buses leave from in the city where the band that recorded the album I'm Alive and on Fire formed?,Toronto Coach Terminal,"Answer: Detroit Confidence: 0.9
Answer: Toronto Confidence: 0.7
Answer: Windsor Confidence: 0.5
Answer: Ottawa Confidence: 0.3
Answer: Hamilton Confidence: 0.2",Detroit,0.9,0.0,0,0
401,3hop1__742464_15840_36002,What were the Genesis's advantages over the platform in which Robodemons is played?,built on 16-bit architectures and offered improved graphics and sound,"Answer: Better graphics Confidence: 0.8  
Answer: Faster processing speed Confidence: 0.7  
Answer: Larger game library Confidence: 0.6  
Answer: Better sound quality Confidence: 0.6  
Answer: More powerful hardware Confidence: 0.5",Better graphics,0.8,0.16666666666666669,0,0
402,3hop1__617062_127905_80286,Who has the most hits in the history of the organization that includes the team Jim Wilson was released by?,Pete Rose,"Answer: Pete Rose Confidence: 0.8 
Answer: Barry Bonds Confidence: 0.6 
Answer: Hank Aaron Confidence: 0.5 
Answer: Derek Jeter Confidence: 0.4 
Answer: Ty Cobb Confidence: 0.3",Pete Rose,0.8,1.0,1,1
403,2hop__435184_84856,When does the new season of the show starring the cast member of Pizza Man start?,"January 20, 2017","Answer: December 2023 Confidence: 0.7 
Answer: January 2024 Confidence: 0.6 
Answer: November 2023 Confidence: 0.5 
Answer: February 2024 Confidence: 0.4 
Answer: March 2024 Confidence: 0.3",December 2023,0.7,0.0,0,0
404,3hop1__106239_650651_7262,Who was a prominent figure at the radio division of the broadcast company that created the version of The Biggest Loser set in the country where Kelupis originated?,Walter Sabo,"Answer: Bob Harper Confidence: 0.6 
Answer: Jillian Michaels Confidence: 0.5 
Answer: Ali Vincent Confidence: 0.4 
Answer: Ramin Setoodeh Confidence: 0.3 
Answer: Alison Sweeney Confidence: 0.2",Bob Harper,0.6,0.0,0,0
405,2hop__10114_599630,Where in Zhejiang is the city where Protestants are especially notable?,Yongjia County,"Answer: Wenzhou Confidence: 0.9 
Answer: Hangzhou Confidence: 0.5 
Answer: Ningbo Confidence: 0.4 
Answer: Jinhua Confidence: 0.3 
Answer: Shaoxing Confidence: 0.2",Wenzhou,0.9,0.0,0,1
406,3hop2__132957_76377_40768,"When did Nissan, the Acura Legend maker and the top selling car brand open US assembly plants?",1981,"Answer: 1983 Confidence: 0.9
Answer: 1982 Confidence: 0.7
Answer: 1981 Confidence: 0.5
Answer: 1984 Confidence: 0.3
Answer: 1985 Confidence: 0.2",1983,0.9,0.0,0,0
407,3hop1__829944_474097_84283,Who is the owner of the record label that the performer of Better Than Me is signed with?,Warner Music Group,"Answer: RCA Records Confidence: 0.7 
Answer: Christina Aguilera Confidence: 0.5 
Answer: Sony Music Entertainment Confidence: 0.4 
Answer: Dr. Luke Confidence: 0.3 
Answer: Universal Music Group Confidence: 0.2",RCA Records,0.7,0.0,0,0
408,3hop1__418091_15840_36002,What were Genesis's advantages over the platform that plays Bigfoot?,built on 16-bit architectures and offered improved graphics and sound,"Answer: Graphics capabilities Confidence: 0.8
Answer: Sound quality Confidence: 0.7
Answer: Processing power Confidence: 0.6
Answer: Game library Confidence: 0.5
Answer: Market popularity Confidence: 0.4",Graphics capabilities,0.8,0.16666666666666669,0,0
409,2hop__68590_27619,Where is the mission for the agency that controls the monetary policy of the EU found?,Article 2 of the Statute of the ECB,"Answer: Frankfurt, Germany Confidence: 0.9
Answer: European Central Bank Confidence: 0.85
Answer: ECB headquarters Confidence: 0.8
Answer: Main website of ECB Confidence: 0.75
Answer: Eurosystem Confidence: 0.7","Frankfurt, Germany",0.9,0.0,0,0
410,2hop__67660_158861,What actor had the role of the narrator of How I Met Your Mother?,Josh Radnor,"Answer: Bob Saget Confidence: 0.9 
Answer: Josh Radnor Confidence: 0.7 
Answer: Neil Patrick Harris Confidence: 0.4 
Answer: Jason Segel Confidence: 0.3 
Answer: Alyson Hannigan Confidence: 0.2",Bob Saget,0.9,0.0,0,0
411,2hop__235471_565925,What record label did the performer of The Place and the Time belong to?,Columbia Records,"Answer: Verve Forecast Records Confidence: 0.75
Answer: Fantasy Records Confidence: 0.65
Answer: Atlantic Records Confidence: 0.55
Answer: Columbia Records Confidence: 0.45
Answer: Blue Note Records Confidence: 0.35",Verve Forecast Records,0.75,0.4,0,0
412,2hop__75207_46837,When does the winter season begin in the place where fuser and alberto meet the indigenous couple who were traveling for work?,June,"Answer: June 21 Confidence: 0.9
Answer: July 1 Confidence: 0.7
Answer: June 1 Confidence: 0.6
Answer: July 21 Confidence: 0.5
Answer: July 15 Confidence: 0.4",June 21,0.9,0.6666666666666666,0,1
413,3hop1__159803_89752_75165,What's the population of the largest state in the region of the U.S. where trading practices were once threatened by the Navigation Acts?,"1,335,907","Answer: 12,982,707 (California) Confidence: 0.9 
Answer: 19,542,209 (New York) Confidence: 0.85 
Answer: 21,538,187 (Florida) Confidence: 0.8 
Answer: 10,711,908 (Georgia) Confidence: 0.75 
Answer: 12,801,989 (Pennsylvania) Confidence: 0.7","12,982,707 (California)",0.9,0.0,0,0
414,2hop__2299_38663,What percentage did the Dow Jones fall in the historical era where the book takes place?,54.7%,"Answer: 89% Confidence: 0.8 
Answer: 38% Confidence: 0.6 
Answer: 50% Confidence: 0.5 
Answer: 25% Confidence: 0.3 
Answer: 60% Confidence: 0.2",89%,0.8,0.0,0,0
415,2hop__388467_110882,What is the birth date of the By Your Side performer?,1 January 1986,"Answer: January 8, 1971 Confidence: 0.9 
Answer: October 11, 1971 Confidence: 0.6 
Answer: September 25, 1968 Confidence: 0.5 
Answer: March 30, 1968 Confidence: 0.3 
Answer: November 3, 1962 Confidence: 0.2","January 8, 1971",0.9,0.3333333333333333,0,0
416,2hop__486392_35739,When was the version of Windows 8 from the company that Iceweasel was based on made accessible?,September 2013,"Answer: October 2012 Confidence: 0.8 
Answer: August 2012 Confidence: 0.5 
Answer: September 2012 Confidence: 0.3 
Answer: November 2012 Confidence: 0.2 
Answer: December 2012 Confidence: 0.1",October 2012,0.8,0.0,0,0
417,3hop1__68802_89752_49923,How many counties are there in the largest state in the region where the film The Family Stone was set?,sixteen,"Answer: 8 Confidence: 0.9 
Answer: 3 Confidence: 0.7 
Answer: 7 Confidence: 0.6 
Answer: 15 Confidence: 0.5 
Answer: 20 Confidence: 0.4",8,0.9,0.0,0,0
418,2hop__56270_68396,What percentage of the nation's population lives in the state that includes the 951 area code?,more than 12 percent,"Answer: 12.0% Confidence: 0.7
Answer: 11.9% Confidence: 0.6
Answer: 12.1% Confidence: 0.5
Answer: 11.8% Confidence: 0.4
Answer: 12.2% Confidence: 0.3",12.0%,0.7,0.0,0,1
419,2hop__21103_16254,"By 1931, what percentage of the world's Jews were the group of Jews that represented the bulk of modern Jewry?",92 percent,"Answer: 90% Confidence: 0.9 
Answer: 80% Confidence: 0.7 
Answer: 85% Confidence: 0.6 
Answer: 75% Confidence: 0.5 
Answer: 95% Confidence: 0.4",90%,0.9,0.0,0,1
420,2hop__853227_68633,Arthur Marryatt is a member of a sports association that has who as president?,Thomas Bach,"Answer: Thomas Bach Confidence: 0.7 
Answer: Gianni Infantino Confidence: 0.6 
Answer: Sebastian Coe Confidence: 0.5 
Answer: Patrice Motsepe Confidence: 0.4 
Answer: Richard McLaren Confidence: 0.3",Thomas Bach,0.7,1.0,1,1
421,2hop__30384_30351,Who did Hay work for after being hired by his other notable influence regarding resource distribution other than Max Weber?,the Austrian government,"Answer: Alfred Marshall Confidence: 0.7 
Answer: John Maynard Keynes Confidence: 0.6 
Answer: Friedrich Hayek Confidence: 0.5 
Answer: Joseph Schumpeter Confidence: 0.4 
Answer: Lionel Robbins Confidence: 0.3",Alfred Marshall,0.7,0.0,0,0
422,3hop1__830700_538202_84283,Who owns the record label of the Shake What God Gave Ya performer?,Warner Music Group,"Answer: Nappy Boy Entertainment Confidence: 0.9
Answer: T-Wayne Confidence: 0.8
Answer: RCA Records Confidence: 0.7
Answer: T-Pain Confidence: 0.6
Answer: Akon Confidence: 0.5",Nappy Boy Entertainment,0.9,0.0,0,0
423,4hop3__673447_132409_371500_35031,"Among the top five largest urban areas in the state where Infest's performer was formed, where does Veoh's headquarters city rank?",third-largest,"Answer: 2nd Confidence: 0.7 
Answer: 1st Confidence: 0.6 
Answer: 3rd Confidence: 0.5 
Answer: 4th Confidence: 0.4 
Answer: 5th Confidence: 0.3",2nd,0.7,0.0,0,0
424,2hop__818692_113442,What date did the creator of Autumn Leaves die?,13 August 1896,"Answer: June 1, 2006 Confidence: 0.8 
Answer: November 6, 1991 Confidence: 0.6 
Answer: January 19, 2005 Confidence: 0.4 
Answer: October 22, 1945 Confidence: 0.2 
Answer: February 15, 1986 Confidence: 0.1","June 1, 2006",0.8,0.0,0,0
425,2hop__401710_456439,Who is the spouse of the producer of Dolores Claiborne?,Helen Mirren,"Answer: Christine Forsyth-Peters Confidence: 0.8
Answer: Jean Smart Confidence: 0.6
Answer: Lizabeth Scott Confidence: 0.4
Answer: Gale Anne Hurd Confidence: 0.3
Answer: Leslie Moonves Confidence: 0.2",Christine Forsyth-Peters,0.8,0.0,0,0
426,2hop__394720_120259,When was the kingdom that Heptarchy was part of abolished?,918,"Answer: 927 Confidence: 0.9 
Answer: 1066 Confidence: 0.7 
Answer: 1016 Confidence: 0.5 
Answer: 1013 Confidence: 0.4 
Answer: 959 Confidence: 0.3",927,0.9,0.0,0,0
427,2hop__511296_577502,Who married the actor from Terminator?,Maria Shriver,"Answer: Maria Shriver Confidence: 0.9 
Answer: Linda Hamilton Confidence: 0.8 
Answer: Emma Heming Confidence: 0.6 
Answer: Helena Bonham Carter Confidence: 0.4 
Answer: Demi Moore Confidence: 0.3",Maria Shriver,0.9,1.0,1,1
428,4hop1__17192_17130_70784_61381,When was the region immediately north of the region where the country that secured southern Lebanon is located and the Persian Gulf established?,1932,"Answer: 1921 Confidence: 0.8  
Answer: 1918 Confidence: 0.75  
Answer: 1932 Confidence: 0.7  
Answer: 1946 Confidence: 0.65  
Answer: 1963 Confidence: 0.6",1921,0.8,0.0,0,0
429,4hop3__547073_88460_30152_20999,How were people from whom the new coins were a proclamation of independence by the Somali Muslim Ajuran Empire expelled from the country between Thailand and Si Phan Don's country?,The dynasty regrouped and defeated the Portuguese,"Answer: Khmer people Confidence: 0.6 
Answer: Cham people Confidence: 0.5 
Answer: Mon people Confidence: 0.4 
Answer: Burmese people Confidence: 0.3 
Answer: Lao people Confidence: 0.2",Khmer people,0.6,0.0,0,0
430,3hop1__850160_15840_36014,What was Nintendo's limit on games per developer per year on the system which had a three letter abbreviation and was also the platform for Pictionary?,five,"Answer: 5 games Confidence: 0.95 
Answer: 6 games Confidence: 0.75 
Answer: 3 games Confidence: 0.65 
Answer: 4 games Confidence: 0.60 
Answer: 7 games Confidence: 0.55",5 games,0.95,0.0,0,1
431,2hop__82378_158266,The top ballet company in the top bauxite producing country is what?,The Australian Ballet,"Answer: Bolshoi Ballet Confidence: 0.7  
Answer: National Ballet of China Confidence: 0.5  
Answer: Paris Opera Ballet Confidence: 0.3  
Answer: Australian Ballet Confidence: 0.2  
Answer: National Ballet of Cuba Confidence: 0.1",Bolshoi Ballet,0.7,0.5,0,0
432,3hop1__820301_720914_27537,Why did Roncalli leave the place where Crucifixion's creator died?,for the conclave in Rome,"Answer: Papacy appointment Confidence: 0.8
Answer: Diplomatic mission Confidence: 0.7
Answer: Church duties Confidence: 0.6
Answer: Health reasons Confidence: 0.4
Answer: Political situation Confidence: 0.3",Papacy appointment,0.8,0.0,0,0
433,4hop1__94201_642284_131926_13165,What treaty ceded territory to the US extending west to the body of water by the city where the designer of Southeast Library died?,Treaty of Paris,"Answer: 1818 Treaty Confidence: 0.7  
Answer: Adams-Onís Treaty Confidence: 0.6  
Answer: Treaty of Greenville Confidence: 0.5  
Answer: Treaty of Fort Stanwix Confidence: 0.4  
Answer: Treaty of Paris Confidence: 0.3",1818 Treaty,0.7,0.4,0,0
434,3hop1__109113_720914_27537,Why did Roncalli leave the city where the painter of Venus with a Mirror died?,for the conclave in Rome,"Answer: Became Pope (John XXIII) Confidence: 0.8 
Answer: Diplomatic mission Confidence: 0.6 
Answer: Health reasons Confidence: 0.5 
Answer: Church assignment Confidence: 0.4 
Answer: Retirement Confidence: 0.2",Became Pope (John XXIII),0.8,0.0,0,1
435,3hop1__106847_160713_77246,What is the meaning in the arabic dictionary of the majority religion in the area of British India that become India when the country for A Music Fairy was created?,the country of India,"Answer: هندوسية (Hinduism) Confidence: 0.9 
Answer: إسلام (Islam) Confidence: 0.7 
Answer: سيخية (Sikhism) Confidence: 0.5 
Answer: الهندوسية (The Hinduism) Confidence: 0.4 
Answer: بوذية (Buddhism) Confidence: 0.3",هندوسية (Hinduism),0.9,0.0,0,0
436,2hop__59612_50883,The London broil cut comes from a country with an emergency response guidebook with response guides in which section?,"The fourth section, with orange page borders","Answer: United States Confidence: 0.9 
Answer: Canada Confidence: 0.6 
Answer: Australia Confidence: 0.4 
Answer: United Kingdom Confidence: 0.2 
Answer: New Zealand Confidence: 0.1",United States,0.9,0.0,0,0
437,3hop1__857_846_7770,Where does the Yangtze River flow in the city where the Yongle emperor greeted the person to whom the edict was addressed?,past the west side and then north side,"Answer: Nanjing Confidence: 0.9 
Answer: Beijing Confidence: 0.6 
Answer: Chengdu Confidence: 0.3 
Answer: Hangzhou Confidence: 0.2 
Answer: Wuhan Confidence: 0.1",Nanjing,0.9,0.0,0,0
438,4hop1__567737_141375_458768_33677,When was the most recent Bicycle Friendly Community Award given to the city where the company Study in Brown's record label is part of is headquartered?,2013,"Answer: Fall 2023 Confidence: 0.8 
Answer: Spring 2023 Confidence: 0.6 
Answer: 2022 Confidence: 0.4 
Answer: Fall 2022 Confidence: 0.35 
Answer: Spring 2022 Confidence: 0.3",Fall 2023,0.8,0.0,0,0
439,2hop__42027_42004,"Since 2004, what is the location of the body to which, if a matter is not specifically reserved, it is devolved?",Scottish Parliament Building,"Answer: Scottish Parliament Confidence: 0.9 
Answer: Welsh Parliament Confidence: 0.7 
Answer: Northern Ireland Assembly Confidence: 0.6 
Answer: UK Parliament Confidence: 0.5 
Answer: London Assembly Confidence: 0.4",Scottish Parliament,0.9,0.8,0,1
440,2hop__644898_64046,Who plays the prison warden in the second movie in the series with the same name as the place where James Trainer died?,Simon Farnaby,"Answer: Viggo Mortensen Confidence: 0.7 
Answer: Bob Gunton Confidence: 0.5 
Answer: Clancy Brown Confidence: 0.3 
Answer: R. Lee Ermey Confidence: 0.2 
Answer: Steven Seagal Confidence: 0.1",Viggo Mortensen,0.7,0.0,0,0
441,2hop__124412_402641,Who is the child of Chiang Hsiao-wen's father?,Chiang Hsiao-wu,"Answer: Chiang Hsiao-wen Confidence: 0.95 
Answer: Chiang Wei-kuo Confidence: 0.65 
Answer: Chiang Ching-kuo Confidence: 0.60 
Answer: Chiang Kai-shek Confidence: 0.55 
Answer: unknown sibling Confidence: 0.40",Chiang Hsiao-wen,0.95,0.5,0,0
442,3hop1__140345_2053_5289,"What label was bought by the company which, along with ABC and the network which aired Law of the Plainsman, is the other major broadcaster based in NY?",Oriole Records.,"Answer: Arista Records Confidence: 0.8 
Answer: RCA Records Confidence: 0.7 
Answer: Columbia Records Confidence: 0.6 
Answer: Epic Records Confidence: 0.5 
Answer: Island Records Confidence: 0.4",Arista Records,0.8,0.5,0,0
443,3hop1__132967_40769_64047,When did the rx 350 model of the luxury division of the company that built Daihatsu boon change body style?,Sales began worldwide in April 2012,"Answer: 2007 Confidence: 0.8
Answer: 2009 Confidence: 0.7
Answer: 2012 Confidence: 0.6
Answer: 2015 Confidence: 0.5
Answer: 2020 Confidence: 0.4",2007,0.8,0.0,0,0
444,2hop__50432_56873,When did the team that won the 1959 fa cup final beating luton town 2-1 win the fa cup?,1898 and 1959,"Answer: 1959 Confidence: 1.0 
Answer: 1961 Confidence: 0.4 
Answer: 1955 Confidence: 0.3 
Answer: 1960 Confidence: 0.2 
Answer: 1958 Confidence: 0.1",1959,1.0,0.5,0,0
445,2hop__30905_213732,"Who is the child of the person who sponsored the resolution to reopen trade with Vietnam, along with Kerry?",Meghan McCain,"Answer: Eleanor Chafee Confidence: 0.8 
Answer: John F. Kennedy Jr. Confidence: 0.5 
Answer: Robin Dole Confidence: 0.3 
Answer: Alexandra Kerry Confidence: 0.2 
Answer: Chelsea Clinton Confidence: 0.1",Eleanor Chafee,0.8,0.0,0,0
446,2hop__54651_169233,What award did the singer of Never Had a Friend Like Me in Aladdin receive?,Academy Award for Best Supporting Actor,"Answer: Grammy Award Confidence: 0.8
Answer: Academy Award Confidence: 0.6
Answer: Golden Globe Award Confidence: 0.4
Answer: Emmy Award Confidence: 0.3
Answer: NAACP Image Award Confidence: 0.2",Grammy Award,0.8,0.25,0,0
447,2hop__46376_158105,Which two features were played up by the highest paid person in the world?,ease of use and enhanced support for Plug and Play,"Answer: Kindness and humility Confidence: 0.7 
Answer: Innovation and leadership Confidence: 0.65 
Answer: Work ethic and determination Confidence: 0.6 
Answer: Charisma and ambition Confidence: 0.55 
Answer: Intelligence and creativity Confidence: 0.5",Kindness and humility,0.7,0.15384615384615383,0,0
448,4hop1__58323_375563_161848_67585,"How many stars are on the flag of the nation that first participated in the 1952 Olympics, located near the citizen country of the author of the 2005 novel Thief?",four,"Answer: 1 Confidence: 0.8
Answer: 5 Confidence: 0.6
Answer: 3 Confidence: 0.5
Answer: 4 Confidence: 0.4
Answer: 2 Confidence: 0.3",1,0.8,0.0,0,0
449,2hop__66167_615257,What team does the player with the most points in a NBA season play for?,Oklahoma City Thunder,"Answer: Denver Nuggets Confidence: 0.7 
Answer: Portland Trail Blazers Confidence: 0.6 
Answer: Milwaukee Bucks Confidence: 0.5 
Answer: Philadelphia 76ers Confidence: 0.4 
Answer: Golden State Warriors Confidence: 0.3",Denver Nuggets,0.7,0.0,0,0
450,3hop1__36497_73181_68042,When did the party with a majority in the body the President calls on for support of his appointments to the USAF gain control of the House?,the 2010 election,"Answer: 2023 Confidence: 0.8 
Answer: 2021 Confidence: 0.6 
Answer: 2019 Confidence: 0.4 
Answer: 2017 Confidence: 0.3 
Answer: 2015 Confidence: 0.2",2023,0.8,0.0,0,0
451,3hop1__489567_443779_52195,Who is the president of the newly declared independent country that is part of the commission of Truth and Friendship with the country where Inierie is located?,Francisco Guterres,"Answer: José Ramos-Horta Confidence: 0.6  
Answer: Taur Matan Ruak Confidence: 0.5  
Answer: Francisco Guterres Confidence: 0.4  
Answer: Xanana Gusmão Confidence: 0.3  
Answer: Mari Alkatiri Confidence: 0.2",José Ramos-Horta,0.6,0.0,0,0
452,2hop__151705_141308,What company is I Dig Love's record label a part of?,Apple Corps,"Answer: Apple Records Confidence: 0.9 
Answer: Universal Music Group Confidence: 0.5 
Answer: Capitol Records Confidence: 0.3 
Answer: EMI Music Confidence: 0.2 
Answer: Parlophone Confidence: 0.1",Apple Records,0.9,0.5,0,1
453,2hop__257831_123283,Where did the producer of Julius Caesar study or work?,Clifton College,"Answer: Brown University Confidence: 0.8 
Answer: Broadway Confidence: 0.6 
Answer: NBC Confidence: 0.4 
Answer: The Public Theater Confidence: 0.3 
Answer: Yale School of Drama Confidence: 0.2",Brown University,0.8,0.0,0,0
454,4hop2__161602_474028_88460_21057,"During British rule, what wood was mostly produced in the nation that's the boundary between the host of the 2020 AFC U-23 Championship qualification, and the nation containing A Don?",75% of the world's teak,"Answer: Teak Confidence: 0.9
Answer: Ebony Confidence: 0.5
Answer: Sandalwood Confidence: 0.3
Answer: Rosewood Confidence: 0.2
Answer: Sal Confidence: 0.1",Teak,0.9,0.4,0,1
455,2hop__61714_89309,What was the date that Pam got married in The Office?,"October 8, 2009","Answer: June 10, 2006 Confidence: 0.85 
Answer: September 2009 Confidence: 0.75 
Answer: October 8, 2009 Confidence: 0.65 
Answer: March 2010 Confidence: 0.55 
Answer: October 9, 2009 Confidence: 0.50","June 10, 2006",0.85,0.0,0,0
456,4hop3__650050_88460_30152_20999,How were people from whom the new coins were a proclamation of independence by the Somali Muslim Ajuran Empire expelled from the natural boundary between Thailand and A Doi's country?,The dynasty regrouped and defeated the Portuguese,"Answer: Burmese armies Confidence: 0.7
Answer: Siamese forces Confidence: 0.6
Answer: Thai military Confidence: 0.5
Answer: Local uprisings Confidence: 0.4
Answer: Colonial powers Confidence: 0.3",Burmese armies,0.7,0.0,0,0
457,2hop__412633_15781,"Who, along with the author of An Essay on the History of Civil Society, criticized the idea of social contract theorists?",David Hume,"Answer: David Hume Confidence: 0.9
Answer: Adam Smith Confidence: 0.7
Answer: Jean-Jacques Rousseau Confidence: 0.6
Answer: Thomas Hobbes Confidence: 0.5
Answer: John Locke Confidence: 0.4",David Hume,0.9,1.0,1,1
458,3hop1__145924_131905_41948,"Besides the Irish Channel and the body of water by the city Caspar Voght died in, what else lowered in the last cold phase?",English Channel,"Answer: North Sea Confidence: 0.7 
Answer: Baltic Sea Confidence: 0.6 
Answer: Bay of Biscay Confidence: 0.5 
Answer: Black Sea Confidence: 0.4 
Answer: Adriatic Sea Confidence: 0.3",North Sea,0.7,0.0,0,0
459,3hop1__715607_792411_51423,What is the name of the castle in the city where the performer of A Collection 1984–1989 was born?,Casa Loma,"Answer: Leeds Castle Confidence: 0.7 
Answer: Kirkstall Abbey Confidence: 0.6 
Answer: Harewood House Confidence: 0.5 
Answer: Spofforth Castle Confidence: 0.4 
Answer: Pontefract Castle Confidence: 0.3",Leeds Castle,0.7,0.0,0,0
460,3hop1__595371_40769_64047,When did the RX 350 from the Scion xB manufacturer's luxury division change body style?,Sales began worldwide in April 2012,"Answer: 2010 Confidence: 0.9
Answer: 2015 Confidence: 0.7
Answer: 2012 Confidence: 0.6
Answer: 2013 Confidence: 0.5
Answer: 2008 Confidence: 0.4",2010,0.9,0.0,0,0
461,3hop1__128554_39743_24526,"What is the average winter daytime temperature in the region where Richmond is found, in the state where WIRR operates?",upper 40s–lower 50s °F,"Answer: 45°F Confidence: 0.8 
Answer: 50°F Confidence: 0.6 
Answer: 40°F Confidence: 0.4 
Answer: 55°F Confidence: 0.3 
Answer: 35°F Confidence: 0.2",45°F,0.8,0.0,0,1
462,4hop1__567737_141375_458768_33633,When did the explorer reach the headquarters location of the group Study in Brown's record label is part of?,"August 3, 1769","Answer: 1934 Confidence: 0.4 
Answer: 1956 Confidence: 0.3 
Answer: 1921 Confidence: 0.2 
Answer: 1945 Confidence: 0.2 
Answer: 1907 Confidence: 0.1",1934,0.4,0.0,0,0
463,3hop1__103197_214799_259594,What country gas the border troops of the country of the literature of the country of Andreas Zülow's citizenship?,GDR,"Answer: Poland Confidence: 0.8 
Answer: Germany Confidence: 0.6 
Answer: Czech Republic Confidence: 0.4 
Answer: Austria Confidence: 0.3 
Answer: Switzerland Confidence: 0.2",Poland,0.8,0.0,0,0
464,2hop__803903_78606,Who plays the wife of Big Stan's director in Grown Ups?,Joyce Van Patten,"Answer: Jackie Sandler Confidence: 0.9 
Answer: Kathryn Morris Confidence: 0.4 
Answer: Maya Rudolph Confidence: 0.3 
Answer: Salma Hayek Confidence: 0.3 
Answer: Maria Bello Confidence: 0.2",Jackie Sandler,0.9,0.0,0,0
465,2hop__27650_27628,Who is the Vice-President of the body that began to increase their coverage of weaker debts?,Vitor Constâncio,"Answer: Luis de Guindos Confidence: 0.8
Answer: Philip R. Lane Confidence: 0.6
Answer: Fabio Panetta Confidence: 0.5
Answer: Isabel Schnabel Confidence: 0.4
Answer: Andrea Enria Confidence: 0.3",Luis de Guindos,0.8,0.0,0,0
466,2hop__10900_21567,Who introduced a system of musical notation in the 14th century used in the area where the Ottoman slave trade flourished?,John Kukuzelis,"Answer: Philippe de Vitry Confidence: 0.8 
Answer: Johannes de Muris Confidence: 0.6 
Answer: Ars Nova theorists Confidence: 0.4 
Answer: Guillaume de Machaut Confidence: 0.3 
Answer: Franco of Cologne Confidence: 0.2",Philippe de Vitry,0.8,0.0,0,0
467,2hop__677160_110882,When was the performer of So Nice born?,1 January 1986,"Answer: 1944 Confidence: 0.9 
Answer: 1946 Confidence: 0.7 
Answer: 1940 Confidence: 0.5 
Answer: 1942 Confidence: 0.3 
Answer: 1948 Confidence: 0.2",1944,0.9,0.0,0,0
468,2hop__603365_120259,When was a participant in the Battle of Maserfield abolished?,918,"Answer: Oswald of Northumbria, 642 AD. Confidence: 0.8 
Answer: Oswiu of Northumbria, 670 AD. Confidence: 0.6 
Answer: Penda of Mercia, 655 AD. Confidence: 0.4 
Answer: Eowa of Mercia, unknown date. Confidence: 0.3 
Answer: Wulfhere of Mercia, 675 AD. Confidence: 0.2","Oswald of Northumbria, 642 AD.",0.8,0.0,0,0
469,2hop__56806_7298,What pop artist started his career on adult contemporary radio along with the subject of the song The One That Got Away?,Michael Bublé,"Answer: Katy Perry; Justin Bieber Confidence: 0.6 
Answer: Katy Perry; Drake Confidence: 0.3 
Answer: Katy Perry; Shawn Mendes Confidence: 0.2 
Answer: Katy Perry; Charlie Puth Confidence: 0.1 
Answer: Katy Perry; Ed Sheeran Confidence: 0.1",Katy Perry; Justin Bieber,0.6,0.0,0,0
470,2hop__40270_11402,"According to the agency that considers if Los Angeles County is to be a separate metropolitan area, what is the total area in square miles?",17.037 square miles,"Answer: 4,751 Confidence: 0.9 
Answer: 4,753 Confidence: 0.7 
Answer: 4,850 Confidence: 0.6 
Answer: 4,752 Confidence: 0.5 
Answer: 4,754 Confidence: 0.4","4,751",0.9,0.0,0,0
471,2hop__655505_110949,What is the Till dom ensamma performer's birth date?,11 September 1962,"Answer: Kent singer, Joakim Berg; March 16, 1970 Confidence: 0.9 
Answer: Album release; 1997 Confidence: 0.1 
Answer: Performed by Kent; Joakim Berg Confidence: 0.05 
Answer: Lead singer; Joakim Berg Confidence: 0.05 
Answer: Performer; Kent Confidence: 0.05","Kent singer, Joakim Berg; March 16, 1970",0.9,0.0,0,0
472,4hop1__47210_53706_795904_580996,What location borders the city founded by a former newspaper publisher selling supplies in the state where the valley girl accent originated?,Rio Linda,"Answer: San Fernando Valley Confidence: 0.9 
Answer: Los Angeles County Confidence: 0.8 
Answer: Encino Confidence: 0.6 
Answer: Hollywood Confidence: 0.5 
Answer: Sherman Oaks Confidence: 0.4",San Fernando Valley,0.9,0.0,0,0
473,2hop__434218_29898,Which affiliate left the employer of Don Newman due to an agreement with CHBC?,CFJC-TV in Kamloops,"Answer: Jim Munson Confidence: 0.6 
Answer: Craig Oliver Confidence: 0.4 
Answer: Tom Clark Confidence: 0.3 
Answer: Lisa LaFlamme Confidence: 0.2 
Answer: Sandie Rinaldo Confidence: 0.1",Jim Munson,0.6,0.0,0,0
474,2hop__50936_90973,Who did the original voice of the character that Mila Kunis plays in Family Guy?,Lacey Chabert,"Answer: Lacey Chabert Confidence: 0.95 
Answer: Alex Borstein Confidence: 0.60 
Answer: Seth MacFarlane Confidence: 0.30 
Answer: Seth Green Confidence: 0.20 
Answer: Mike Henry Confidence: 0.15",Lacey Chabert,0.95,1.0,1,1
475,2hop__555792_30351,Who did Hayek work for upon being hired by the author of Omnipotent Government?,the Austrian government,"Answer: Ludwig von Mises Confidence: 0.9 
Answer: New York University Confidence: 0.7 
Answer: Austrian School Confidence: 0.6 
Answer: FEE (Foundation for Economic Education) Confidence: 0.4 
Answer: University of Vienna Confidence: 0.3",Ludwig von Mises,0.9,0.0,0,0
476,4hop2__161602_474028_88460_21034,What year did the country that is the natural boundary between where the tournament was hosted and where A Don is located host the ASEAN Conference?,hosted the summit in 2014,"Answer: 1987 Confidence: 0.7 
Answer: 1995 Confidence: 0.6 
Answer: 2001 Confidence: 0.5 
Answer: 1985 Confidence: 0.4 
Answer: 1999 Confidence: 0.3",1987,0.7,0.0,0,0
477,2hop__557743_92763,What is the enrollment at Henry Latimer's alma mater?,"16,801","Answer: University of Virginia - 25,000 Confidence: 0.7 
Answer: Florida State University - 33,000 Confidence: 0.6 
Answer: Miami Dade College - 55,000 Confidence: 0.5 
Answer: University of Florida - 52,000 Confidence: 0.4 
Answer: Harvard University - 22,000 Confidence: 0.3","University of Virginia - 25,000",0.7,0.0,0,0
478,3hop1__816887_127905_80286,Who has the most hits in the league of the team that Dick Aylward plays for?,Pete Rose,"Answer: Bo Bichette Confidence: 0.8
Answer: Vladimir Guerrero Jr. Confidence: 0.6 
Answer: George Springer Confidence: 0.5 
Answer: Matt Chapman Confidence: 0.4 
Answer: Alejandro Kirk Confidence: 0.3",Bo Bichette,0.8,0.0,0,0
479,2hop__43776_162341,What other recognition did the Oscar winner for Best Actor in 2006 receive?,nominated for an Academy Award for Best Supporting Actor,"Answer: Golden Globe Award Best Actor 2006 Confidence: 0.7
Answer: BAFTA Award Best Actor 2006 Confidence: 0.6
Answer: SAG Award Best Actor 2006 Confidence: 0.5
Answer: Critics' Choice Award Best Actor 2006 Confidence: 0.4
Answer: MTV Movie Award 2006 Confidence: 0.3",Golden Globe Award Best Actor 2006,0.7,0.42857142857142855,0,0
480,2hop__608902_653666,Who is the mother of Katharine Smith Salisbury's brother?,Lucy Mack Smith,"Answer: Lucy Mack Smith Confidence: 1.0 
Answer: Lucy Smith Confidence: 0.9 
Answer: Lucy Confidence: 0.8 
Answer: Unknown Confidence: 0.5 
Answer: Not available Confidence: 0.3",Lucy Mack Smith,1.0,1.0,1,1
481,2hop__609313_20273,What year did the author of History of the Reformation in Scotland die?,1572,"Answer: 1572 Confidence: 0.9 
Answer: 1570 Confidence: 0.05 
Answer: 1571 Confidence: 0.03 
Answer: 1573 Confidence: 0.01 
Answer: 1565 Confidence: 0.01",1572,0.9,1.0,1,1
482,2hop__6827_55848,When was the first branch of the company that bought FleetBoston Financial established?,"November 3, 1930","Answer: 1784 Confidence: 0.9 
Answer: 1851 Confidence: 0.6 
Answer: 1928 Confidence: 0.4 
Answer: 1812 Confidence: 0.3 
Answer: 1874 Confidence: 0.2",1784,0.9,0.0,0,0
483,2hop__576118_25719,At the end of which year did tribes from the area where Linear Pottery culture was found invade the Roman Empire?,406,"Answer: 406 AD Confidence: 0.9 
Answer: 405 AD Confidence: 0.7 
Answer: 407 AD Confidence: 0.6 
Answer: 408 AD Confidence: 0.5 
Answer: 409 AD Confidence: 0.4",406 AD,0.9,0.6666666666666666,0,1
484,3hop1__358853_339990_54675,"What mountain can you see from Portland, in the state that Raven Creek is located in?",Tualatin Mountains,"Answer: Mount Hood Confidence: 0.9
Answer: Mount St. Helens Confidence: 0.7
Answer: Mount Adams Confidence: 0.5
Answer: Mount Rainier Confidence: 0.3
Answer: Mount Jefferson Confidence: 0.2",Mount Hood,0.9,0.0,0,0
485,3hop1__186307_503371_21711,When was the Palau de la Generalitat constructed in the city where Martin from where Jaulin is located died?,built in the 15th century,"Answer: 1403 Confidence: 0.7
Answer: 1450 Confidence: 0.6
Answer: 1400 Confidence: 0.5
Answer: 1410 Confidence: 0.4
Answer: 1355 Confidence: 0.3",1403,0.7,0.0,0,1
486,3hop2__326964_846_7713,How long had the city where the Yongle Emperor greeted the Karmapa been the capitol city of Yaxing Coach's headquarters location?,about 400 years,"Answer: Chang'an, 623 years Confidence: 0.6 
Answer: Xi'an, 0 years Confidence: 0.3 
Answer: Nanjing, 0 years Confidence: 0.1 
Answer: Beijing, 0 years Confidence: 0.1 
Answer: Luoyang, 0 years Confidence: 0.1","Chang'an, 623 years",0.6,0.3333333333333333,0,0
487,4hop3__577443_88460_30152_20999,How were people from whom new coins were a proclamation of independence by the Somali Muslim Ajuran Empire expelled from the natural boundary between Thailand and Tham Pha's country?,The dynasty regrouped and defeated the Portuguese,"Answer: Military force Confidence: 0.6 
Answer: Diplomatic negotiations Confidence: 0.4 
Answer: Peace treaty Confidence: 0.3 
Answer: Economic sanctions Confidence: 0.2 
Answer: Trade agreements Confidence: 0.1",Military force,0.6,0.0,0,1
488,3hop1__545624_2053_5289,"What UK label was bought by the company which, along with ABC and the network which broadcasted Here and Now, is the other major broadcaster based in NY?",Oriole Records.,"Answer: Virgin EMI Records Confidence: 0.7 
Answer: Island Records Confidence: 0.6 
Answer: EMI Records Confidence: 0.5 
Answer: Parlophone Confidence: 0.4 
Answer: Decca Records Confidence: 0.3",Virgin EMI Records,0.7,0.4,0,0
489,2hop__252311_366220,Who founded the company that distributed the film UHF?,Mike Medavoy,"Answer: Leonard Goldenson Confidence: 0.9
Answer: Edward J. Noble Confidence: 0.7
Answer: Robert E. Allen Confidence: 0.5
Answer: Fred Friendly Confidence: 0.3
Answer: David Sarnoff Confidence: 0.2",Leonard Goldenson,0.9,0.0,0,0
490,3hop1__222497_309482_27537,Why did Roncalli leave the place where the composer of Al gran sole carico d'amore worked?,for the conclave in Rome,"Answer: Elected Pope Confidence: 0.9 
Answer: Appointed as Nuncio Confidence: 0.7 
Answer: Diplomatic assignment Confidence: 0.6 
Answer: Health reasons Confidence: 0.5 
Answer: Retirement Confidence: 0.4",Elected Pope,0.9,0.0,0,0
491,4hop1__93661_59747_211319_557671,Which county shares a border with the county where the most populous city in the state where season 8 of The Walking Dead was filmed is located?,Presque Isle County,"Answer: Rockdale County Confidence: 0.9 
Answer: Fayette County Confidence: 0.7 
Answer: Coweta County Confidence: 0.5 
Answer: Henry County Confidence: 0.3 
Answer: Paulding County Confidence: 0.2",Rockdale County,0.9,0.4,0,0
492,2hop__25344_88628,"In True Grit, who did the star play?",U.S. Marshal Rooster Cogburn,"Answer: Rooster Cogburn Confidence: 0.9 
Answer: Mattie Ross Confidence: 0.6 
Answer: LaBoeuf Confidence: 0.4 
Answer: Tom Chaney Confidence: 0.3 
Answer: Frank Ross Confidence: 0.2",Rooster Cogburn,0.9,0.6666666666666666,0,1
493,3hop2__222979_132477_40768,"When did the maker of the Acura RLX, the owner of Scion, and Nissan open US assembly plants?",1981,"Answer: 1983 (Honda) Confidence: 0.8  
Answer: 1986 (Toyota) Confidence: 0.7  
Answer: 1983 (Nissan) Confidence: 0.8  
Answer: 1982 (Honda) Confidence: 0.6  
Answer: 1984 (Toyota) Confidence: 0.5",1983 (Honda),0.8,0.0,0,0
494,3hop1__572324_568433_51423,What is the name of the castle in the city where the headquarters of the production company of Care Bear: Journey to Joke-a-lot is located?,Casa Loma,"Answer: Casa Loma Confidence: 0.8 
Answer: Old City Hall Confidence: 0.7 
Answer: Fort York Confidence: 0.5 
Answer: Spadina House Confidence: 0.4 
Answer: Colborne Lodge Confidence: 0.3",Casa Loma,0.8,1.0,1,1
495,3hop1__208108_547811_80702,What is the name of the famous bridge in the city where the composer of La Silvia was born?,Rialto Bridge,"Answer: Ponte Vecchio Confidence: 0.8 
Answer: Ponte Santa Trinita Confidence: 0.6 
Answer: Ponte alle Grazie Confidence: 0.5 
Answer: Ponte della Maddalena Confidence: 0.3 
Answer: Ponte del Diavolo Confidence: 0.2",Ponte Vecchio,0.8,0.0,0,0
496,3hop1__324448_831637_91775,What does SEAL stand for in the military branch that operates USS Prevail?,"Sea, Air, and Land","Answer: Sea, Air, and Land Teams Confidence: 0.9  
Answer: Sea, Air, Land Commandos Confidence: 0.75  
Answer: Sea, Air, Land Forces Confidence: 0.6  
Answer: Sea, Air, and Land Operations Confidence: 0.5  
Answer: Sea, Air, and Land Warfare Confidence: 0.4","Sea, Air, and Land Teams",0.9,0.888888888888889,0,1
497,4hop2__5206_14670_8987_8529,"When was ""Slavs"" used in the national anthem of the country whose military having the Air Defense Artillery was unprepared for the invasion of the country conquered by the Pact?",1943–1992,"Answer: 1944 Confidence: 0.7 
Answer: 1945 Confidence: 0.6 
Answer: 1941 Confidence: 0.5 
Answer: 1946 Confidence: 0.4 
Answer: 1939 Confidence: 0.3",1944,0.7,0.0,0,0
498,3hop2__103889_30152_20999,How were the people that the Ajuran Empire declared independence from by minting coins expelled from Zaw Win Thet's country?,The dynasty regrouped and defeated the Portuguese,"Answer: Colonization by British Confidence: 0.5
Answer: Defeated in Battle Confidence: 0.3
Answer: Treaty Agreement Confidence: 0.2
Answer: Expelled by Revolution Confidence: 0.1
Answer: Diplomatic Negotiations Confidence: 0.1",Colonization by British,0.5,0.0,0,0
499,2hop__706038_14251,What line by a cast member of Birds of Feather is believed to have started the archie nickname?,"""Archibald, certainly not!""","Answer: ""Should have gone to Specsavers"" Confidence: 0.8
Answer: ""Come in, you 'archie'"" Confidence: 0.6
Answer: ""Alright, my darling 'archie'"" Confidence: 0.4
Answer: ""Nice to see you, 'archie'"" Confidence: 0.3
Answer: ""You're looking like an 'archie'"" Confidence: 0.2","""Should have gone to Specsavers""",0.8,0.0,0,0
500,2hop__75207_53316,"Before the military coup was staged, who was the president of the country where Fuser and Alberto met the indigenous couple who were traveling to look for work?",Salvador Allende,"Answer: Gonzalo Sánchez de Lozada Confidence: 0.7
Answer: Jorge Quiroga Confidence: 0.5
Answer: Carlos Mesa Confidence: 0.4
Answer: Evo Morales Confidence: 0.3
Answer: Hugo Banzer Confidence: 0.2",Gonzalo Sánchez de Lozada,0.7,0.0,0,0
501,3hop1__765565_326948_86925,What is the symbols of the Saints from the place where Here Come the Girl's performer was born called?,fleur - de-lis,"Answer: Fleur-de-lis Confidence: 0.9
Answer: Louisiana state flag Confidence: 0.7
Answer: Saints logo Confidence: 0.6
Answer: New Orleans symbol Confidence: 0.5
Answer: Louisiana symbol Confidence: 0.4",Fleur-de-lis,0.9,0.0,0,1
502,4hop1__711773_508773_85832_745702,Who's the son of the Italian navigator who explored the eastern coast of the continent Manuel Balbi was born in?,Sebastian Cabot,"Answer: Sebastian Cabot Confidence: 0.9
Answer: None found Confidence: 0.1
Answer: No viable answer Confidence: 0.0
Answer: No known descendant Confidence: 0.0
Answer: Unrelated result Confidence: 0.0",Sebastian Cabot,0.9,1.0,1,1
503,2hop__170914_152093,"What label is responsible for the performer of ""Friend Like That""?",Fair Trade Services,"Answer: Tooth & Nail Records Confidence: 0.9 
Answer: Capitol Records Confidence: 0.6 
Answer: Universal Music Group Confidence: 0.4 
Answer: Sony Music Confidence: 0.2 
Answer: Warner Music Group Confidence: 0.1",Tooth & Nail Records,0.9,0.0,0,0
504,2hop__761291_87295,Who does the author of Home: A Memoir of My Early Years play in Princess Diaries?,Queen dowager Clarisse Renaldi,"Answer: Queen Clarisse Renaldi Confidence: 0.9 
Answer: Clarisse Confidence: 0.7 
Answer: Queen Renaldi Confidence: 0.6 
Answer: The Queen Confidence: 0.5 
Answer: Ruler of Genovia Confidence: 0.4",Queen Clarisse Renaldi,0.9,0.8571428571428571,0,1
505,3hop1__465684_160545_62931,Where in the country where Bodindecha was born was The Beach filmed?,island Koh Phi Phi,"Answer: Koh Phi Phi Leh, Thailand Confidence: 0.9 
Answer: Phuket, Thailand Confidence: 0.6 
Answer: Maya Bay, Thailand Confidence: 0.8 
Answer: Krabi, Thailand Confidence: 0.5 
Answer: Ao Phang Nga, Thailand Confidence: 0.4","Koh Phi Phi Leh, Thailand",0.9,0.4444444444444445,0,1
506,2hop__276637_126089,Who was in charge of the area where Pavilion Welgelegen is located?,Johan Remkes,"Answer: Napoleon Bonaparte Confidence: 0.8 
Answer: Louis Bonaparte Confidence: 0.7 
Answer: Charles de Gaulle Confidence: 0.4 
Answer: William V, Prince of Orange Confidence: 0.3 
Answer: Johan van Cattenburgh Confidence: 0.2",Napoleon Bonaparte,0.8,0.0,0,0
507,3hop1__321720_650651_7262,Who was a prominent figure at the radio division of the network that created the version of The Biggest Loser set in the country where Seria is?,Walter Sabo,"Answer: Droga5 Confidence: 0.6
Answer: Paul Lee Confidence: 0.5
Answer: Mark Burnett Confidence: 0.4
Answer: David E. Kelley Confidence: 0.3
Answer: Ben Silverman Confidence: 0.2",Droga5,0.6,0.0,0,0
508,2hop__603598_25719,At the end of what year did the tribes from the place where the Rossen culture is located invade the Roman Empire?,406,"Answer: 375 Confidence: 0.9 
Answer: 376 Confidence: 0.6 
Answer: 374 Confidence: 0.4 
Answer: 377 Confidence: 0.3 
Answer: 378 Confidence: 0.2",375,0.9,0.0,0,0
509,2hop__160223_58067,Who was given India's highest civilian honor before he became President of India?,A.P.J. Abdul Kalam,"Answer: Ram Nath Kovind Confidence: 0.7 
Answer: Pranab Mukherjee Confidence: 0.6 
Answer: Dr. Sarvepalli Radhakrishnan Confidence: 0.5 
Answer: Dr. A. P. J. Abdul Kalam Confidence: 0.5 
Answer: Zakir Husain Confidence: 0.4",Ram Nath Kovind,0.7,0.0,0,0
510,2hop__20268_42004,The Directory of Public Worship was approved by a parliament whose modern equivalent has been based where since 2004?,Scottish Parliament Building,"Answer: Edinburgh Confidence: 0.85 
Answer: London Confidence: 0.60 
Answer: Belfast Confidence: 0.40 
Answer: Cardiff Confidence: 0.30 
Answer: Holyrood Confidence: 0.20",Edinburgh,0.85,0.0,0,1
511,2hop__478978_124498,Who is the father of the performer of Je dis aime?,Louis Chedid,"Answer: Georges Moustaki Confidence: 1.0 
Answer: N/A Confidence: 0.0 
Answer: N/A Confidence: 0.0 
Answer: N/A Confidence: 0.0 
Answer: N/A Confidence: 0.0",Georges Moustaki,1.0,0.0,0,0
512,3hop2__132957_379231_40768,"When did Nissan, the Acura Legend maker and the Scion xD manufacturer open US assembly plants?",1981,"Answer: 1983, 1986, 2003 Confidence: 0.8 
Answer: 1980s, 1990s, 2000s Confidence: 0.6 
Answer: 1980, 1986, 2008 Confidence: 0.5 
Answer: 1983, 1991, 2004 Confidence: 0.4 
Answer: 1984, 1987, 2007 Confidence: 0.3","1983, 1986, 2003",0.8,0.0,0,0
513,2hop__166824_185403,What league does the team that plays in Stadio Ciro Vigorito play for?,Lega Pro Prima Divisione,"Answer: Serie B Confidence: 0.9 
Answer: Serie A Confidence: 0.4 
Answer: Lega Pro Confidence: 0.2 
Answer: Serie C Confidence: 0.1 
Answer: Italian football league system Confidence: 0.05",Serie B,0.9,0.0,0,0
514,4hop3__130404_29339_508306_70744,"Who has more national championships, the university where Fort Hill is, or the university in the state where Edwards won the primary, along with winning in the state containing WDXQ?",University of South Carolina,"Answer: Louisiana State University (LSU) Confidence: 0.8 
Answer: University of Maryland Confidence: 0.6 
Answer: University of North Carolina Confidence: 0.4 
Answer: University of Alabama Confidence: 0.3 
Answer: University of Georgia Confidence: 0.2",Louisiana State University (LSU),0.8,0.25,0,0
515,3hop1__857_846_7794,"In 2010, what was the population of the city where the Yongle emperor greeted the person to whom the edict was addressed?",8.005 million,"Answer: Nanjing; Confidence: 0.9 
Answer: Beijing; Confidence: 0.75
Answer: Xi'an; Confidence: 0.6
Answer: Hangzhou; Confidence: 0.55
Answer: Shanghai; Confidence: 0.5",Nanjing;,0.9,0.0,0,0
516,2hop__24697_634490,Who is the sibling of Shu Yu from the Chinese capital that Kanmu modeled his government after?,King Cheng of Zhou,"Answer: Emperor Kanmu's sibling Confidence: 0.5 
Answer: Emperor Heizei Confidence: 0.3 
Answer: Emperor Saga Confidence: 0.2 
Answer: Emperor Kammu's brother Confidence: 0.1 
Answer: Prince Iyo Confidence: 0.1",Emperor Kanmu's sibling,0.5,0.0,0,0
517,4hop1__39871_314549_131976_44892,"A line with Williamsburg, Main Street and another station are in a state that's next to an ocean. When did that ocean start to open up?",around 140 million years ago,"Answer: Mesozoic era Confidence: 0.8
Answer: Triassic period Confidence: 0.7
Answer: Jurassic period Confidence: 0.6
Answer: 200 million years ago Confidence: 0.5
Answer: Late Triassic Confidence: 0.4",Mesozoic era,0.8,0.0,0,1
518,2hop__96177_62765,Who did the star of Dark Hazard play in The Ten Commandments?,Dathan,"Answer: Rameses Confidence: 0.9 
Answer: Moses Confidence: 0.7 
Answer: Joshua Confidence: 0.4 
Answer: Nefretiri Confidence: 0.2 
Answer: Aaron Confidence: 0.1",Rameses,0.9,0.0,0,0
519,4hop1__166471_49925_13759_736921,In what state is the district where the one who wanted to reform and address the institution behind the religion of Egidio Vagnozzi preached a sermon?,Saxony-Anhalt,"Answer: New York Confidence: 0.7
Answer: Illinois Confidence: 0.6
Answer: California Confidence: 0.5
Answer: Massachusetts Confidence: 0.4
Answer: Pennsylvania Confidence: 0.3",New York,0.7,0.0,0,0
520,2hop__198459_61845,Who has played for both West Ham Ajax and the team that Adam Hammill is on?,Mido,"Answer: Sebastien Haller Confidence: 0.8 
Answer: Winston Reid Confidence: 0.6 
Answer: Cheikhou Kouyaté Confidence: 0.4 
Answer: Manuel Lanzini Confidence: 0.3 
Answer: Ironside Eric Dier Confidence: 0.1",Sebastien Haller,0.8,0.0,0,0
521,3hop1__512574_42197_18397,Where did the arguer that Oleg Lomakin's country of citizenship had become an imperialist power declare he would intervene in the Korean conflict?,the Politburo,"Answer: UN Security Council Confidence: 0.7
Answer: United Nations Confidence: 0.6
Answer: Panmunjom Confidence: 0.5
Answer: Washington D.C. Confidence: 0.4
Answer: Moscow Confidence: 0.3",UN Security Council,0.7,0.0,0,0
522,3hop1__664835_650651_7262,"Who was a prominent figure in the radio division of the network of the version of The Biggest Loser: The Final Chance, set in the country where Bokok is located?",Walter Sabo,"Answer: Red Mang Davao Confidence: 0.5
Answer: Kiko Graveyard Confidence: 0.3 
Answer: John Batista Confidence: 0.2 
Answer: Al Dacadi Confidence: 0.1 
Answer: Belle Delfino Confidence: 0.1",Red Mang Davao,0.5,0.0,0,0
523,3hop1__527372_339990_54675,"What mountains can you see from Portland, in the state with the county that contains Fester Hollow?",Tualatin Mountains,"Answer: Cascades Confidence: 0.9
Answer: Mount Hood Confidence: 0.85
Answer: Mount St. Helens Confidence: 0.75
Answer: Mount Adams Confidence: 0.7
Answer: Mount Jefferson Confidence: 0.65",Cascades,0.9,0.0,0,0
524,3hop2__20335_82856_9331,"What dissolved the privileges in Poland of the empire that helped the patriots during the Revolutionary War, the Kingdom that acquired some Thuringian territory in 1815, and the Habsburg Monarchy?",March Constitution of Poland,"Answer: Congress of Vienna Confidence: 0.7 
Answer: Treaty of Paris (1814) Confidence: 0.5 
Answer: Treaty of Tilsit Confidence: 0.4 
Answer: Treaty of Vienna (1809) Confidence: 0.3 
Answer: Austro-Prussian War Confidence: 0.2",Congress of Vienna,0.7,0.28571428571428575,0,0
525,2hop__130508_32379,What is the oldest college in the state that contains Borough House Plantation?,College of Charles Towne,"Answer: College of Charleston Confidence: 0.9 
Answer: University of South Carolina Confidence: 0.7 
Answer: Clemson University Confidence: 0.5 
Answer: Furman University Confidence: 0.4 
Answer: The Citadel Confidence: 0.3",College of Charleston,0.9,0.5714285714285715,0,1
526,2hop__242045_2684,What law was passed by Maria Shriver's husband?,"""Donda West Law""","Answer: AB 32 (Global Warming Solutions Act) Confidence: 0.9 
Answer: Senate Bill 1440 (Low Carbon Fuel Standard) Confidence: 0.7 
Answer: Assembly Bill 10 (Hydrogen Highway) Confidence: 0.6 
Answer: Senate Bill 375 (Sustainable Communities and Climate Protection Act) Confidence: 0.5 
Answer: Executive Order S-3-05 (Climate Action Plan) Confidence: 0.4",AB 32 (Global Warming Solutions Act),0.9,0.0,0,0
527,2hop__422295_8311,"When was the sibling of Alice de Lusignan, Countess of Surrey crowned?",1216,"Answer: 1236 Confidence: 0.6
Answer: 1272 Confidence: 0.4
Answer: 1241 Confidence: 0.2
Answer: 1257 Confidence: 0.1
Answer: 1214 Confidence: 0.05",1236,0.6,0.0,0,0
528,2hop__170341_43945,"Why was Common Sense, by the same author as Rights of Man, an important work?",crystallized the rebellious demand for independence from Great Britain,"Answer: American independence advocacy Confidence: 0.9 
Answer: Influenced American Revolution Confidence: 0.85 
Answer: Inspired colonial unity Confidence: 0.75 
Answer: Criticized monarchy Confidence: 0.7 
Answer: Promoted Enlightenment ideas Confidence: 0.65",American independence advocacy,0.9,0.18181818181818182,0,1
529,4hop1__429751_32392_823060_610794,What county is the city that shares a border with the state capital of the state where Purrysburg is located?,Richland County,"Answer: Richmond County Confidence: 0.8
Answer: Wake County Confidence: 0.7
Answer: Fulton County Confidence: 0.6
Answer: Hinds County Confidence: 0.5
Answer: Shelby County Confidence: 0.4",Richmond County,0.8,0.5,0,0
530,2hop__227791_75487,Who is the federal leader of the political party Ken Epp belongs to?,Andrew Scheer,"Answer: Pierre Poilievre Confidence: 0.9 
Answer: Erin O'Toole Confidence: 0.8 
Answer: Andrew Scheer Confidence: 0.7 
Answer: Rona Ambrose Confidence: 0.6 
Answer: Stephen Harper Confidence: 0.5",Pierre Poilievre,0.9,0.0,0,0
531,2hop__488811_30078,What military overran much of Erich Zakowski's place of birth?,Russian troops,"Answer: Soviet military Confidence: 0.9 
Answer: Red Army Confidence: 0.8 
Answer: Nazi military Confidence: 0.5 
Answer: Wehrmacht Confidence: 0.4 
Answer: Allied forces Confidence: 0.3",Soviet military,0.9,0.0,0,1
532,2hop__494659_5385,How many people work at the school that holds the Julian P. Kanter Political Commercial Archive?,"11,900","Answer: 250 Confidence: 0.6 
Answer: 300 Confidence: 0.5 
Answer: 400 Confidence: 0.4 
Answer: 350 Confidence: 0.3 
Answer: 200 Confidence: 0.2",250,0.6,0.0,0,0
533,2hop__286621_67370,When does the show of the cast member of Politically Incorrect start again in 2018?,"January 19, 2018","Answer: January 19 Confidence: 0.8 
Answer: January 20 Confidence: 0.6 
Answer: January 18 Confidence: 0.4 
Answer: January 21 Confidence: 0.3 
Answer: January 22 Confidence: 0.2",January 19,0.8,0.8,0,1
534,3hop1__178435_547811_41132,How many times did plague occur in the birthplace of the composer of Gloria in D Major?,22,"Answer: 2 Confidence: 0.6 
Answer: 3 Confidence: 0.5 
Answer: 1 Confidence: 0.4 
Answer: 4 Confidence: 0.3 
Answer: 5 Confidence: 0.2",2,0.6,0.0,0,0
535,3hop1__617062_127905_67954,Who won the All-Star MVP for the league that the team that Jim Wilson plays for is a part of?,Alex Bregman,"Answer: Shohei Ohtani Confidence: 0.3
Answer: Giannis Antetokounmpo Confidence: 0.25
Answer: LeBron James Confidence: 0.2
Answer: Kevin Durant Confidence: 0.15
Answer: Kawhi Leonard Confidence: 0.1",Shohei Ohtani,0.3,0.0,0,0
536,3hop1__139773_88110_77129,"What was the first OS to support the Hyper-V protocol, developed by the company that the letters MS stand for, in the network where The Rachel Maddow Show is found?",Windows 8,"Answer: Windows Server 2008 Confidence: 0.9 
Answer: Windows Server 2008 R2 Confidence: 0.7 
Answer: Windows 8 Confidence: 0.5 
Answer: Windows 7 Confidence: 0.4 
Answer: Windows 10 Confidence: 0.3",Windows Server 2008,0.9,0.4,0,0
537,3hop2__132957_133292_40768,When did Nissan along with the creator of the Hino Dutro and the maker of the Acura Legend open US assembly plants?,1981,"Answer: 1980s Confidence: 0.8 
Answer: Late 1980s Confidence: 0.7 
Answer: Early 1980s Confidence: 0.6 
Answer: Mid 1980s Confidence: 0.5 
Answer: 1990s Confidence: 0.4",1980s,0.8,0.0,0,1
538,4hop3__387712_132409_146285_35031,Where does the city where Alexander Golitzen died rank in the top five largest urban areas of the state where the band that Jacoby Shaddix is a member of formed?,third-largest,"Answer: 2nd Confidence: 0.9 
Answer: 3rd Confidence: 0.7 
Answer: 4th Confidence: 0.5 
Answer: 1st Confidence: 0.4 
Answer: 5th Confidence: 0.3",2nd,0.9,0.0,0,0
539,2hop__25797_990,Which iPod generation introduced compatibility with the industry standard connection that was first widely used at version 1.1?,third generation,"Answer: iPod 3rd Generation Confidence: 0.8 
Answer: iPod 4th Generation Confidence: 0.6 
Answer: iPod 5th Generation Confidence: 0.4 
Answer: iPod 6th Generation Confidence: 0.3 
Answer: iPod Nano Confidence: 0.2",iPod 3rd Generation,0.8,0.4,0,1
540,3hop2__132957_52222_40768,"When did the maker of Acura Legend, the biggest automobile company in the world, and Nissan open US assembly plants?",1981,"Answer: 1982 Confidence: 0.8 
Answer: 1983 Confidence: 0.7 
Answer: 1985 Confidence: 0.6 
Answer: 1984 Confidence: 0.5 
Answer: 1986 Confidence: 0.4",1982,0.8,0.0,0,0
541,4hop1__788226_32392_823060_610794,The capital of the state where Mary Boykin Chesnut lived borders a city within which county?,Richland County,"Answer: Richland County Confidence: 0.8
Answer: Lexington County Confidence: 0.6
Answer: Kershaw County Confidence: 0.4
Answer: Fairfield County Confidence: 0.3
Answer: Calhoun County Confidence: 0.2",Richland County,0.8,1.0,1,1
542,2hop__554145_88622,Who is the head of the main subject of NSA in popular culture?,ADM Michael S. Rogers,"Answer: Keith B. Alexander Confidence: 0.7  
Answer: Michael Rogers Confidence: 0.6  
Answer: Paul Nakasone Confidence: 0.5  
Answer: Edward Snowden Confidence: 0.4  
Answer: James Clapper Confidence: 0.3",Keith B. Alexander,0.7,0.0,0,0
543,2hop__312223_144857,What city was the author of What We Talk About When We Talk About love born in?,Clatskanie,"Answer: Clatskanie Confidence: 0.9
Answer: Portland Confidence: 0.6
Answer: Astoria Confidence: 0.3
Answer: Rainier Confidence: 0.2
Answer: Seaside Confidence: 0.1",Clatskanie,0.9,1.0,1,1
544,3hop1__622145_42197_18397,Where did the arguer that Boris Lagutin's country of citizenship had become an imperialist power declare he would intervene in the Korean conflict?,the Politburo,"Answer: UN General Assembly Confidence: 0.8 
Answer: United Nations Confidence: 0.7 
Answer: Korean Peninsula Confidence: 0.6 
Answer: Moscow Confidence: 0.5 
Answer: Security Council Confidence: 0.4",UN General Assembly,0.8,0.0,0,0
545,3hop2__131820_132454_61019,"What was the capital of the state where WEKL operates, before the city where Blackberry Smoke was formed?",Milledgeville,"Answer: Louisville Confidence: 0.7 
Answer: Frankfort Confidence: 0.6 
Answer: Richmond Confidence: 0.4 
Answer: Lexington Confidence: 0.3 
Answer: Winchester Confidence: 0.2",Louisville,0.7,0.0,0,0
546,2hop__233551_746883,Who does William Clito's father follow?,William the Conqueror,"Answer: Robert Curthose Confidence: 0.9
Answer: King Henry I Confidence: 0.7
Answer: Duke of Normandy Confidence: 0.6
Answer: Count of Flanders Confidence: 0.4
Answer: King of England Confidence: 0.3",Robert Curthose,0.9,0.0,0,0
547,3hop1__67704_237521_291682,Who is the wife of the man who produced the documentary of the pop star who sings I Want to Rock With You?,Liza Minnelli,"Answer: Kai Millard Morris Confidence: 0.8  
Answer: Syreeta Wright Confidence: 0.6  
Answer: Tomeeka Bracy Confidence: 0.4  
Answer: Diana Ross Confidence: 0.2  
Answer: Nicole Pantenburg Confidence: 0.1",Kai Millard Morris,0.8,0.0,0,0
548,2hop__310112_88165,Who did Haran's sibling marry after the death of sarah?,Keturah,"Answer: Keturah Confidence: 0.9
Answer: Hagar Confidence: 0.7
Answer: Rebekah Confidence: 0.6
Answer: Leah Confidence: 0.4
Answer: Rachel Confidence: 0.3",Keturah,0.9,1.0,1,1
549,3hop2__326964_464925_7713,How long had Michael Shen Fu-Tsung's birthplace been the capitol city of Yaxing Coach's headquarters location?,about 400 years,"Answer: 0 years Confidence: 0.4
Answer: Not applicable Confidence: 0.3
Answer: No connection Confidence: 0.2
Answer: Unknown Confidence: 0.1
Answer: Question error Confidence: 0.05",0 years,0.4,0.4,0,0
550,2hop__748615_123956,On what date did Battle of the birth place of Marzuki Alie end?,15 February 1942,"Answer: March 18, 1827 Confidence: 0.7 
Answer: March 19, 1827 Confidence: 0.6 
Answer: March 17, 1827 Confidence: 0.5 
Answer: March 16, 1827 Confidence: 0.4 
Answer: March 15, 1827 Confidence: 0.3","March 18, 1827",0.7,0.0,0,0
551,2hop__30741_85990,Who were the leaders of the opposition of the party that dominated until the mid-20th century?,"anti-slavery activists, modernizers, ex Whigs and ex Free Soilers","Answer: Labour Party leaders Confidence: 0.8
Answer: Conservative Party leaders Confidence: 0.7
Answer: Liberal Party leaders Confidence: 0.6
Answer: Communist Party leaders Confidence: 0.4
Answer: Social Democratic Party leaders Confidence: 0.3",Labour Party leaders,0.8,0.0,0,0
552,3hop2__127483_84553_10557,What was the language of Auctor of who built a european empire and was crowned emperor of the romans in 800 era later known as?,Medieval Latin,"Answer: Latin Confidence: 0.9 
Answer: Old High German Confidence: 0.6 
Answer: Frankish Confidence: 0.5 
Answer: Old French Confidence: 0.4 
Answer: Middle Latin Confidence: 0.3",Latin,0.9,0.6666666666666666,0,1
553,3hop1__132798_40769_64047,When did the luxury division of the maker of the Toyopet Master change the body style of the rx 350?,Sales began worldwide in April 2012,"Answer: 2016 Confidence: 0.8 
Answer: 2017 Confidence: 0.7 
Answer: 2018 Confidence: 0.5 
Answer: 2015 Confidence: 0.6 
Answer: 2019 Confidence: 0.4",2016,0.8,0.0,0,0
554,3hop1__836699_15840_36002,What were the Genesis's advantages over the platform of the game Nightshade?,built on 16-bit architectures and offered improved graphics and sound,"Answer: Better graphics capability Confidence: 0.7 
Answer: Faster processing speed Confidence: 0.6 
Answer: Larger game library Confidence: 0.5 
Answer: More mainstream hardware adoption Confidence: 0.4 
Answer: Enhanced sound quality Confidence: 0.4",Better graphics capability,0.7,0.15384615384615383,0,0
555,2hop__498061_88622,Who's the head of the owner of ThinThread?,ADM Michael S. Rogers,"Answer: General Michael Hayden Confidence: 0.7 
Answer: Diane S. Roark Confidence: 0.5 
Answer: Thomas Drake Confidence: 0.3 
Answer: William Binney Confidence: 0.2 
Answer: J. Kirk Wiebe Confidence: 0.1",General Michael Hayden,0.7,0.28571428571428575,0,0
556,3hop2__72083_92991_76291,When did the party that gained control of Congress in the midterm elections in 1946 take control of the government branch that determines the rules of the US House?,January 2015,"Answer: January 3, 1947 Confidence: 0.9
Answer: January 1947 Confidence: 0.85
Answer: 1947 Confidence: 0.75
Answer: Early 1947 Confidence: 0.7
Answer: January 3 Confidence: 0.65","January 3, 1947",0.9,0.4,0,0
557,4hop2__161602_474028_88460_20985,Does the capital city hold the majority of the population in the natural boundary between the country that hosted the tournament and the country where A Don is from?,largest city is Yangon (Rangoon),"Answer: No Confidence: 0.8
Answer: Yes Confidence: 0.6
Answer: Uncertain Confidence: 0.5
Answer: It depends Confidence: 0.4
Answer: Not applicable Confidence: 0.3",No,0.8,0.0,0,0
558,3hop1__813285_774554_124169,What year did the post end of Governor of the city where the author of Quadragesimo Anno died?,1952,"Answer: 1939 Confidence: 0.8
Answer: 1929 Confidence: 0.6
Answer: 1945 Confidence: 0.5
Answer: 1949 Confidence: 0.4
Answer: 1936 Confidence: 0.3",1939,0.8,0.0,0,0
559,4hop1__562740_49925_13759_736921,Where is the district that the person who wanted to reform and address the religion that practices altarage preach a sermon on Marian devotion before his death located?,Saxony-Anhalt,"Answer: Zürich, Switzerland Confidence: 0.75 
Answer: Geneva, Switzerland Confidence: 0.65 
Answer: Wittenberg, Germany Confidence: 0.60 
Answer: Basel, Switzerland Confidence: 0.55 
Answer: Strasbourg, France Confidence: 0.50","Zürich, Switzerland",0.75,0.0,0,0
560,2hop__92051_827343,Who is the sibling of the actress who played Susan Walker in Miracle on 34th street?,Lana Wood,"Answer: Amanda Plummer Confidence: 0.8 
Answer: Jonathan Plummer Confidence: 0.6 
Answer: Jim Plummer Confidence: 0.5 
Answer: Mary Nell Plummer Confidence: 0.4 
Answer: Christopher Plummer Jr. Confidence: 0.3",Amanda Plummer,0.8,0.0,0,0
561,3hop1__433054_831637_91775,What does seal stand for in who is the operator of destroyer class of the operator of the USS Venus seals?,"Sea, Air, and Land","Answer: SEAL Team 6 Confidence: 0.7
Answer: Navy SEALs Confidence: 0.6
Answer: SEa, Air, Land Confidence: 0.5
Answer: USS Navy SEALs Confidence: 0.4
Answer: Special Warfare Confidence: 0.3",SEAL Team 6,0.7,0.0,0,0
562,2hop__6956_192417,The league the New England Patriots belongs to is an example of what?,sports league,"Answer: NFL Confidence: 0.95 
Answer: Professional sports league Confidence: 0.75 
Answer: American football league Confidence: 0.70 
Answer: Major sports league Confidence: 0.65 
Answer: National sports association Confidence: 0.60",NFL,0.95,0.0,0,1
563,3hop1__273571_834494_34088,Where does the administrative territorial entity that contains the administrative territorial entity that contains summit hold NASCAR races?,Tucson Raceway Park,"Answer: Talladega Superspeedway Confidence: 0.8
Answer: Charlotte Motor Speedway Confidence: 0.7
Answer: Daytona International Speedway Confidence: 0.65
Answer: Darlington Raceway Confidence: 0.6
Answer: Bristol Motor Speedway Confidence: 0.55",Talladega Superspeedway,0.8,0.0,0,0
564,4hop2__161602_426860_88460_21034,What year did the country that is the natural boundary between where tournament was hosted and where That Dam is located host the ASEAN Conference?,hosted the summit in 2014,"Answer: 1979 Confidence: 0.8 
Answer: 2000 Confidence: 0.7 
Answer: 1962 Confidence: 0.5 
Answer: 1976 Confidence: 0.4 
Answer: 1982 Confidence: 0.3",1979,0.8,0.0,0,0
565,3hop1__8148_24918_24939,"On November 22, who met with the Russian leader that visited the country where the Surzhyk dialect is spoken, when the protests were taking place?",Pope John Paul II,"Answer: Viktor Yanukovych Confidence: 0.85
Answer: Mykola Azarov Confidence: 0.70
Answer: Oleksandr Turchynov Confidence: 0.60
Answer: Arseniy Yatsenyuk Confidence: 0.55
Answer: Petro Poroshenko Confidence: 0.50",Viktor Yanukovych,0.85,0.0,0,0
566,2hop__25788_25855,Drives attached via an industry standard connector remain powered when the computer is off using what Dell feature?,PowerShare,"Answer: PowerShare Confidence: 0.9 
Answer: Always On USB Confidence: 0.75 
Answer: Wake on LAN Confidence: 0.65 
Answer: eSATA Confidence: 0.6 
Answer: USB PowerShare Confidence: 0.5",PowerShare,0.9,1.0,1,1
567,3hop2__326964_7861_7713,How long had the city containing some of the finest and oldest museums in China been the capitol city of Yaxing Coach's headquarters location?,about 400 years,"Answer: No clear answer; unclear question Confidence: 0.2 
Answer: Hangzhou; 23 years Confidence: 0.3 
Answer: Beijing; unknown span Confidence: 0.1 
Answer: Xi'an; not applicable Confidence: 0.1 
Answer: Nanjing; not applicable Confidence: 0.1",Hangzhou; 23 years,0.3,0.3333333333333333,0,0
568,2hop__780652_93362,What film features Anil Devgan's sibling?,Yeh Raaste Hain Pyaar Ke,"Answer: ""Ishq"" Confidence: 0.8
Answer: ""Golmaal"" Confidence: 0.7
Answer: ""Jaan"" Confidence: 0.6
Answer: ""Pyaar To Hona Hi Tha"" Confidence: 0.5
Answer: ""Son of Sardaar"" Confidence: 0.4","""Ishq""",0.8,0.0,0,0
569,2hop__84172_198548,Who is the spouse of the person who does the voice for Smokey the Bear?,Katharine Ross,"Answer: Michelle Buteau Confidence: 0.8 
Answer: Amanda Righetti Confidence: 0.6 
Answer: Unknown Confidence: 0.5 
Answer: No current spouse Confidence: 0.4 
Answer: Kari Watson Confidence: 0.3",Michelle Buteau,0.8,0.0,0,0
570,3hop1__145194_160545_62931,The Beach was filmed in what location of the country that contains the birth city of Siddhi Savetsila?,island Koh Phi Phi,"Answer: Ko Phi Phi Le, Thailand Confidence: 0.9 
Answer: Maya Bay, Thailand Confidence: 0.8 
Answer: Phuket, Thailand Confidence: 0.7 
Answer: Krabi, Thailand Confidence: 0.6 
Answer: Phang Nga Bay, Thailand Confidence: 0.5","Ko Phi Phi Le, Thailand",0.9,0.22222222222222224,0,1
571,2hop__818302_25719,At the end of which year did the tribes from the location of the Lusatia invade the Roman Empire?,406,"Answer: 401 Confidence: 0.8  
Answer: 400 Confidence: 0.7  
Answer: 402 Confidence: 0.5  
Answer: 403 Confidence: 0.4  
Answer: 399 Confidence: 0.3",401,0.8,0.0,0,0
572,2hop__273020_57594,What gun was used by Pollack's director in Westworld?,LeMat revolver,"Answer: Colt Peacemaker Confidence: 0.7 
Answer: Walther PPK Confidence: 0.6 
Answer: Remington 1875 Confidence: 0.5 
Answer: Winchester 1873 Confidence: 0.4 
Answer: Derringer Pistol Confidence: 0.3",Colt Peacemaker,0.7,0.0,0,0
573,3hop2__57233_11282_56883,When was conscription introduced in country having Emus during the war setting The Things They Carried?,1964,"Answer: 1916 Confidence: 0.9 
Answer: 1914 Confidence: 0.8 
Answer: 1915 Confidence: 0.7 
Answer: 1917 Confidence: 0.6 
Answer: 1918 Confidence: 0.5",1916,0.9,0.0,0,0
574,2hop__35686_58556,What is the food safety system of the antibiotic approval agency known as?,Food Safety Modernization Act (FSMA),"Answer: HACCP Confidence: 0.7 
Answer: GFSI Confidence: 0.5 
Answer: FSMA Confidence: 0.6 
Answer: SQF Confidence: 0.4 
Answer: Global GAP Confidence: 0.3",HACCP,0.7,0.0,0,0
575,3hop1__103890_10659_83548,"Who led the movement against communism, in the country where, along with the nation that Ágnes Konkoly is from, many expelled French Jews relocated to?",Lech Wałęsa,"Answer: Augusto Pinochet Confidence: 0.7
Answer: Margaret Thatcher Confidence: 0.6
Answer: Lech Wałęsa Confidence: 0.5
Answer: Ronald Reagan Confidence: 0.4
Answer: John Paul II Confidence: 0.3",Augusto Pinochet,0.7,0.0,0,0
576,2hop__96177_121319,Where did the star of Dark Hazard study?,American Academy of Dramatic Arts,"Answer: Princeton University Confidence: 0.7 
Answer: Yale University Confidence: 0.5 
Answer: Harvard University Confidence: 0.4 
Answer: Columbia University Confidence: 0.3 
Answer: University of Pennsylvania Confidence: 0.2",Princeton University,0.7,0.0,0,0
577,2hop__223655_463572,"What record label released the debut album of the artist behind the 1993 album ""Let There be Love"".",MGM Records,"Answer: MCA Records Confidence: 0.8 
Answer: Geffen Records Confidence: 0.6 
Answer: EMI Confidence: 0.4 
Answer: Columbia Records Confidence: 0.3 
Answer: Warner Bros. Records Confidence: 0.2",MCA Records,0.8,0.5,0,0
578,2hop__540035_113442,What date did the creator of The Blind Girl Die?,13 August 1896,"Answer: 10 March 1917 Confidence: 0.95
Answer: 1917 Confidence: 0.75
Answer: 1900s Confidence: 0.60
Answer: early 20th century Confidence: 0.45
Answer: March 1917 Confidence: 0.30",10 March 1917,0.95,0.0,0,0
579,4hop1__638988_17130_70784_61381,When was the region immediately north of the region where the country in which Aluf can be found is located and the Persian Gulf established?,1932,"Answer: 1963 (United Arab Emirates) Confidence: 0.6 
Answer: 1932 (Saudi Arabia) Confidence: 0.5 
Answer: 1971 (Bahrain) Confidence: 0.4 
Answer: 1971 (Qatar) Confidence: 0.3 
Answer: 1961 (Kuwait) Confidence: 0.2",1963 (United Arab Emirates),0.6,0.0,0,0
580,2hop__9223_9237,When did the first mosque open in the place where Tobolar Copra plant is located?,September 2012,"Answer: 1907 Confidence: 0.3  
Answer: 1886 Confidence: 0.2  
Answer: 1820 Confidence: 0.1  
Answer: 1850 Confidence: 0.05  
Answer: 1895 Confidence: 0.05",1907,0.3,0.0,0,0
581,3hop1__438364_443779_52195,Who is the president of the newly declared independent country that is part of the Commission of Truth and Friendship with the country where Kotamadya is located?,Francisco Guterres,"Answer: José Ramos-Horta Confidence: 0.7 
Answer: Francisco Guterres Confidence: 0.6 
Answer: Taur Matan Ruak Confidence: 0.5 
Answer: Xanana Gusmão Confidence: 0.4 
Answer: Mari Alkatiri Confidence: 0.3",José Ramos-Horta,0.7,0.0,0,0
582,3hop1__108062_720914_41132,How many times did plague occur in the place where La Bella's artist died?,22,"Answer: 3 Confidence: 0.7 
Answer: 4 Confidence: 0.6 
Answer: 5 Confidence: 0.5 
Answer: 2 Confidence: 0.4 
Answer: 6 Confidence: 0.3",3,0.7,0.0,0,0
583,2hop__57638_72467,What team picked the highest point average holder in NBA history in the NBA draft?,Seattle SuperSonics,"Answer: Chicago Bulls Confidence: 0.9  
Answer: Milwaukee Bucks Confidence: 0.4  
Answer: Boston Celtics Confidence: 0.3  
Answer: Los Angeles Lakers Confidence: 0.3  
Answer: Philadelphia 76ers Confidence: 0.2",Chicago Bulls,0.9,0.0,0,0
584,4hop1__720201_153080_159767_81096,Who won the 1993 Indy Car Race in the largest city of the state containing the city where the performer of the album Something Like a Bird is from?,Mario Andretti,"Answer: Nigel Mansell Confidence: 0.7 
Answer: Emerson Fittipaldi Confidence: 0.6 
Answer: Bobby Rahal Confidence: 0.5 
Answer: Paul Tracy Confidence: 0.4 
Answer: Arie Luyendyk Confidence: 0.3",Nigel Mansell,0.7,0.0,0,0
585,3hop1__726561_132457_47686,Where do greyhound buses leave from in the city the performer of Born a Lion formed in?,Toronto Coach Terminal,"Answer: Toronto Coach Terminal Confidence: 0.9
Answer: Union Station Bus Terminal Confidence: 0.8
Answer: Scarborough Centre Bus Terminal Confidence: 0.6
Answer: Yorkdale Bus Terminal Confidence: 0.6
Answer: Pearson Airport Terminal Confidence: 0.4",Toronto Coach Terminal,0.9,1.0,1,1
586,2hop__827995_159109,Where is Amílcar Cabral International Airport?,central Atlantic Ocean,"Answer: Cape Verde Confidence: 0.95 
Answer: Sal Confidence: 0.85 
Answer: Sal Island Confidence: 0.80 
Answer: Espargos Confidence: 0.75 
Answer: Africa Confidence: 0.60",Cape Verde,0.95,0.0,0,1
587,2hop__71715_50429,What is the population of the state where Dukes of Hazzard took place?,"10,310,371 (2016 est.)","Answer: Georgia's population; approximately 10.8 million. Confidence: 0.8
Answer: Georgia's population; approximately 10.7 million. Confidence: 0.7
Answer: Georgia's population; approximately 10.6 million. Confidence: 0.6
Answer: Georgia's population; approximately 10.5 million. Confidence: 0.5
Answer: Georgia's population; approximately 10.9 million. Confidence: 0.4",Georgia's population; approximately 10.8 million.,0.8,0.0,0,1
588,2hop__159816_37168,According to QS World University Rankings where does the university where Hawass graduated rank?,551-600,"Answer: Cairo University, 416th Confidence: 0.9 
Answer: Cairo University, 401-410 range Confidence: 0.8 
Answer: Cairo University, 411-420 range Confidence: 0.7 
Answer: Cairo University, 451-500 range Confidence: 0.6 
Answer: Cairo University, 501-510 range Confidence: 0.5","Cairo University, 416th",0.9,0.0,0,0
589,2hop__48033_90973,Who did the original voice of the character Mila Kunis plays on family Guy?,Lacey Chabert,"Answer: Lacey Chabert Confidence: 0.95 
Answer: Seth MacFarlane Confidence: 0.02 
Answer: Alex Borstein Confidence: 0.01 
Answer: Seth Green Confidence: 0.01 
Answer: Mike Henry Confidence: 0.01",Lacey Chabert,0.95,1.0,1,1
590,2hop__14095_15463,"In 2002, what company merged with the top PC manufacturer from 1994?",Hewlett Packard,"Answer: Compaq Confidence: 0.9 
Answer: HP Confidence: 0.6 
Answer: IBM Confidence: 0.3 
Answer: Dell Confidence: 0.2 
Answer: Gateway Confidence: 0.1",Compaq,0.9,0.0,0,0
591,3hop1__31995_24918_24939,The leader visiting where Steven Spielberg's grandparents are from met with whom on November 22?,Pope John Paul II,"Answer: Volodymyr Zelensky Confidence: 0.7
Answer: Joe Biden Confidence: 0.6
Answer: Mateusz Morawiecki Confidence: 0.4
Answer: Olaf Scholz Confidence: 0.3
Answer: Emmanuel Macron Confidence: 0.2",Volodymyr Zelensky,0.7,0.0,0,0
592,2hop__23459_22946,Who said that the most influential figure in Islamic philosophy was one of the greatest thinkers?,George Sarton,"Answer: Henry Corbin Confidence: 0.7 
Answer: Seyyed Hossein Nasr Confidence: 0.6 
Answer: Oliver Leaman Confidence: 0.5 
Answer: Fazlur Rahman Confidence: 0.4 
Answer: Majid Fakhry Confidence: 0.3",Henry Corbin,0.7,0.0,0,0
593,2hop__423874_128023,In which league was Ilsinho's team?,Major League Soccer,"Answer: Major League Soccer Confidence: 0.8
Answer: MLS Confidence: 0.7
Answer: United Soccer League Confidence: 0.3
Answer: Campeonato Brasileiro Série A Confidence: 0.2
Answer: USL Championship Confidence: 0.1",Major League Soccer,0.8,1.0,1,1
594,4hop2__71753_623626_70784_79935,When was the region that lies to the north of what where Israel is located and the body of water where Kharg Island is found created?,1930,"Answer: Early Holocene Confidence: 0.7
Answer: 6,000 BCE Confidence: 0.6
Answer: Pre-Cambrian Confidence: 0.5
Answer: Eocene Era Confidence: 0.4
Answer: Miocene Epoch Confidence: 0.3",Early Holocene,0.7,0.0,0,0
595,2hop__30032_46621,When was the celestial body that transforms nuclear potential energy to other forms of energy discovered to be the center of the solar system?,as early as the 3rd century BC,"Answer: 1543 Confidence: 0.9 
Answer: Copernican Revolution Confidence: 0.8 
Answer: Nicolaus Copernicus Confidence: 0.7 
Answer: De revolutionibus orbium coelestium Confidence: 0.6 
Answer: Sun-centered system Confidence: 0.5",1543,0.9,0.0,0,0
596,2hop__82713_84616,What did the actress in My Fair Lady win a Tony for?,for Best Performance by a Leading Actress in a Play in Ondine,"Answer: Best Actress in a Musical Confidence: 0.9
Answer: Best Supporting Actress Confidence: 0.7
Answer: Best Featured Actress in a Musical Confidence: 0.5
Answer: Best Performance by a Leading Actress in a Musical Confidence: 0.6
Answer: Best Actress Confidence: 0.4",Best Actress in a Musical,0.9,0.4285714285714285,0,0
597,2hop__135822_46621,When was the star to which Solgränd is named after discovered to be the center of the solar system?,as early as the 3rd century BC,"Answer: 1543 Confidence: 0.9 
Answer: 1541 Confidence: 0.6 
Answer: 1540 Confidence: 0.5 
Answer: 1539 Confidence: 0.3 
Answer: 1542 Confidence: 0.2",1543,0.9,0.0,0,0
598,3hop2__668732_223623_162182,In what region of the country where An Phu is located is John Phan's birthplace?,South Central Coast,"Answer: Southern Vietnam Confidence: 0.7 
Answer: Mekong Delta Confidence: 0.6 
Answer: An Giang Province Confidence: 0.5 
Answer: Near Ho Chi Minh City Confidence: 0.4 
Answer: Southwestern Vietnam Confidence: 0.3",Southern Vietnam,0.7,0.0,0,0
599,3hop2__14777_8533_9331,"What dissolved privileges in Poland held by the empire that used Pan-Slavism as a tool, the leader of the North German Confederation during the Franco-Prussian War, and the Habsburg Monarchy?",March Constitution of Poland,"Answer: Congress of Vienna Confidence: 0.7 
Answer: Treaty of Versailles Confidence: 0.6 
Answer: Partitions of Poland Confidence: 0.5 
Answer: Treaty of Saint Germain Confidence: 0.4 
Answer: Congress of Berlin Confidence: 0.3",Congress of Vienna,0.7,0.28571428571428575,0,0
600,2hop__316374_82341,In what part of Florida is Bob Steele's place of death located?,in Northern Florida,"Answer: Melbourne, Florida Confidence: 0.9 
Answer: Central Florida Confidence: 0.7 
Answer: Brevard County Confidence: 0.6 
Answer: Orlando, Florida Confidence: 0.4 
Answer: East Coast of Florida Confidence: 0.3","Melbourne, Florida",0.9,0.4,0,0
601,3hop1__617062_127905_87812,When is the opening day of the league that Jim Wilson plays for?,"Thursday, March 29","Answer: March 30, 2023 Confidence: 0.5
Answer: April 1, 2023 Confidence: 0.4
Answer: March 29, 2023 Confidence: 0.3
Answer: April 2, 2023 Confidence: 0.2
Answer: April 3, 2023 Confidence: 0.1","March 30, 2023",0.5,0.3333333333333333,0,0
602,4hop1__58323_375563_161848_28750,Where was Popper's academic appointment in the country near the country of citizenship of the person who wrote The Book Thief?,Canterbury University College of the University of New Zealand,"Answer: London School of Economics, UK Confidence: 0.9 
Answer: University of London, UK Confidence: 0.7 
Answer: University of Vienna, Austria Confidence: 0.5 
Answer: Canterbury University College, New Zealand Confidence: 0.4 
Answer: University of New Zealand, New Zealand Confidence: 0.3","London School of Economics, UK",0.9,0.15384615384615385,0,0
603,4hop1__61681_53706_795904_580996,What city shares a border with the city where a person went to work during the gold rush in the biggest state in the USA by population?,Rio Linda,"Answer: Oakland Confidence: 0.9  
Answer: San Jose Confidence: 0.7  
Answer: Daly City Confidence: 0.6  
Answer: Richmond Confidence: 0.5  
Answer: Berkeley Confidence: 0.4",Oakland,0.9,0.0,0,0
604,3hop2__368986_89048_66294,Who played who sang is she really going out with him in the performer of Anthology movie?,Lawrence Hilton - Jacobs,"Answer: Joe Jackson Confidence: 0.8
Answer: Jackson Browne Confidence: 0.5
Answer: Billy Joel Confidence: 0.3
Answer: Elvis Costello Confidence: 0.2
Answer: Bruce Springsteen Confidence: 0.1",Joe Jackson,0.8,0.0,0,0
605,4hop3__270458_88460_30152_20999,How were the same people who the Somali Muslim Ajuran Empire declared independence from expelled from the natural boundary between Thailand and the country where Nam Khan is found?,The dynasty regrouped and defeated the Portuguese,"Answer: French colonialists Confidence: 0.8
Answer: French forces Confidence: 0.7
Answer: France Confidence: 0.6
Answer: Lao Kingdom Confidence: 0.4
Answer: French Indochina Confidence: 0.3",French colonialists,0.8,0.0,0,0
606,2hop__771477_149987,Which mythological tradition has the group of heroes that includes Aegialeus?,Greek mythology,"Answer: Greek Confidence: 0.9 
Answer: Argonauts Confidence: 0.7 
Answer: Seven Against Thebes Confidence: 0.8 
Answer: Trojan War Heroes Confidence: 0.6 
Answer: Heracleidae Confidence: 0.5",Greek,0.9,0.6666666666666666,0,1
607,2hop__39954_65371,Who is the permanent representative to the united nations of the country where it is estimated that a hunter spends fifty to one hundred times that of the average ecotourist?,Modest Jonathan Mero,"Answer: Mathu Joyini Confidence: 0.7  
Answer: Claver Gatete Confidence: 0.6  
Answer: Lana Nusseibeh Confidence: 0.5  
Answer: Mohamad Abushahab Confidence: 0.4  
Answer: Feridun Sinirlioğlu Confidence: 0.3",Mathu Joyini,0.7,0.0,0,0
608,4hop1__708184_153080_159767_81096,Who won the Indy car race in the largest city and the capital of the US state of origin of the performer of The Black Saint and the Sinner Lady?,Mario Andretti,"Answer: Scott Dixon Confidence: 0.7 
Answer: Josef Newgarden Confidence: 0.6 
Answer: Will Power Confidence: 0.5 
Answer: Simon Pagenaud Confidence: 0.4 
Answer: Alexander Rossi Confidence: 0.3",Scott Dixon,0.7,0.0,0,0
609,3hop2__132957_800948_40768,"When did the maker of the Acura Legend, the employer of Katsuaki Watanabe, and Nissan open US assembly plants?",1981,"Answer: 1986, 1986, 1983 Confidence: 0.7 
Answer: 1986, 1984, 1983 Confidence: 0.6 
Answer: 1986, 1986, 1984 Confidence: 0.5 
Answer: 1987, 1984, 1984 Confidence: 0.4 
Answer: 1987, 1983, 1984 Confidence: 0.3","1986, 1986, 1983",0.7,0.0,0,0
610,4hop2__9988_261673_70784_79935,When was the region immediately north of the region that prevailed with the disgrace of Near East and the terrain feature on which shamal is located created?,1930,"Answer: 1918 Confidence: 0.4
Answer: 1920 Confidence: 0.3
Answer: 1919 Confidence: 0.1
Answer: 1947 Confidence: 0.1
Answer: 1923 Confidence: 0.1",1918,0.4,0.0,0,0
611,4hop1__88342_49853_128008_80286,Who has the most hits in the league whose member team has the most wins of the championship series which proceeds the MVP award?,Pete Rose,"Answer: Pete Rose Confidence: 0.8  
Answer: Ichiro Suzuki Confidence: 0.7  
Answer: Hank Aaron Confidence: 0.6  
Answer: Ty Cobb Confidence: 0.5  
Answer: Derek Jeter Confidence: 0.4",Pete Rose,0.8,1.0,1,1
612,3hop1__844109_720914_41132,How many times did the plague occur where the creator of The Entombment died?,22,"Answer: Multiple Confidence: 0.8 
Answer: Several Confidence: 0.7 
Answer: Numerous Confidence: 0.65 
Answer: More than once Confidence: 0.6 
Answer: A few Confidence: 0.5",Multiple,0.8,0.0,0,0
613,4hop1__638988_17130_70784_79935,When was the region that lies to the north of the region where Aluf is located and the Persian Gulf created?,1930,"Answer: Permian period Confidence: 0.7 
Answer: Late Paleozoic era Confidence: 0.6 
Answer: 299 million years ago Confidence: 0.5 
Answer: Mesozoic era Confidence: 0.4 
Answer: Triassic period Confidence: 0.3",Permian period,0.7,0.0,0,0
614,3hop1__801799_547811_41132,How many times did plague occur in the birth city of the composer of La fida ninfa?,22,"Answer: 16 Confidence: 0.6 
Answer: 8 Confidence: 0.5 
Answer: 12 Confidence: 0.4 
Answer: 10 Confidence: 0.3 
Answer: 20 Confidence: 0.2",16,0.6,0.0,0,0
615,2hop__464479_70131,Who constituted the freikorps in the country that the German Socialist Party was part of?,consisting largely of World War I veterans,"Answer: Paramilitary groups Confidence: 0.9
Answer: Ex-soldiers Confidence: 0.85
Answer: World War I veterans Confidence: 0.8
Answer: Right-wing militias Confidence: 0.75
Answer: Volunteer units Confidence: 0.7",Paramilitary groups,0.9,0.0,0,1
616,2hop__123166_47134,What is the mascot of William J. Ripple's university?,Benny Beaver,"Answer: Beaver Confidence: 0.9 
Answer: Duck Confidence: 0.6 
Answer: Cougar Confidence: 0.4 
Answer: Husky Confidence: 0.3 
Answer: Mustang Confidence: 0.2",Beaver,0.9,0.6666666666666666,0,1
617,3hop1__133264_40769_64047,When did the rx 350 model of the luxury division of the company that manufactures Scion Fuse change body style?,Sales began worldwide in April 2012,"Answer: 2009 Confidence: 0.9 
Answer: 2016 Confidence: 0.7 
Answer: 2004 Confidence: 0.6 
Answer: 2023 Confidence: 0.4 
Answer: 2010 Confidence: 0.3",2009,0.9,0.0,0,0
618,2hop__73717_653666,Who was the mother of the person who found the sacred writings that became the Book of Mormon?,Lucy Mack Smith,"Answer: Lucy Mack Smith Confidence: 0.9 
Answer: Emma Hale Smith Confidence: 0.3 
Answer: Lucy Harris Confidence: 0.1 
Answer: Mary Fielding Smith Confidence: 0.1 
Answer: Katherine Smith Confidence: 0.05",Lucy Mack Smith,0.9,1.0,1,1
619,4hop2__103790_14670_8987_8529,"A country's military branch, the equivalent of which in the US contains the Air Defense Artillery, was unprepared for the invasion of Ivo Werner's country. When was the word ""Slavs"" used in the national anthem of the unprepared country?",1943–1992,"Answer: 1834 Confidence: 0.8 
Answer: 1835 Confidence: 0.6 
Answer: 1833 Confidence: 0.4 
Answer: 1840 Confidence: 0.3 
Answer: 1832 Confidence: 0.2",1834,0.8,0.0,0,0
620,3hop1__326941_366209_84283,Who is the owner of the record label that the performer of Trojans belongs to?,Warner Music Group,"Answer: Warner Music Australia Confidence: 0.8 
Answer: Mushroom Records Confidence: 0.7 
Answer: Mushroom Group Confidence: 0.6 
Answer: Kobalt Music Group Confidence: 0.5 
Answer: Sony Music Confidence: 0.4",Warner Music Australia,0.8,0.6666666666666666,0,1
621,2hop__63483_786853,Who is the spouse of the person who plays Batman in the Lego Batman Movie?,Amy Poehler,"Answer: Arnett Confidence: 0.9 
Answer: Amy Poehler Confidence: 0.75 
Answer: Alessandra Brawn Confidence: 0.7 
Answer: Will Arnett Confidence: 0.65 
Answer: Megan Reeves Confidence: 0.6",Arnett,0.9,0.0,0,1
622,2hop__85596_807969,What team is the highest goal scorer in the EPL a member of?,Egypt national football team,"Answer: Manchester City Confidence: 0.8
Answer: Tottenham Hotspur Confidence: 0.7
Answer: Liverpool Confidence: 0.6
Answer: Manchester United Confidence: 0.5
Answer: Arsenal Confidence: 0.5",Manchester City,0.8,0.0,0,0
623,2hop__32887_235620,Who fathered Emperor Ai of the Chinese dynasty with the oldest remaining wooden buildings?,Emperor Zhaozong of Tang,"Answer: Liu Rong Confidence: 0.9 
Answer: Emperor Hui of Han Confidence: 0.7 
Answer: Liu Kang Confidence: 0.6 
Answer: Liu Xiang Confidence: 0.5 
Answer: Emperor Yuan of Han Confidence: 0.4",Liu Rong,0.9,0.0,0,0
624,3hop1__765565_326948_78782,Who was the British general in the birthplace of the performer of Here Come the Girls?,General Edward Pakenham,"Answer: James Wolfe Confidence: 0.8  
Answer: Charles Cornwallis Confidence: 0.6  
Answer: John Burgoyne Confidence: 0.5  
Answer: Thomas Gage Confidence: 0.4  
Answer: William Howe Confidence: 0.3",James Wolfe,0.8,0.0,0,0
625,3hop1__604991_339990_15538,When did the state that Frozen Run is located in reinstate the death penalty?,1984,"Answer: 1974 Confidence: 0.8 
Answer: 1973 Confidence: 0.7 
Answer: 1975 Confidence: 0.6 
Answer: 1972 Confidence: 0.5 
Answer: 1976 Confidence: 0.4",1974,0.8,0.0,0,0
626,3hop1__275261_443779_52195,Who is the president of the newly declared independent country that formed the Timor Leste Commission of Truth and Friendship with the country where Pantar is found?,Francisco Guterres,"Answer: José Ramos-Horta Confidence: 0.8 
Answer: Taur Matan Ruak Confidence: 0.7 
Answer: Francisco Guterres Confidence: 0.6 
Answer: Xanana Gusmão Confidence: 0.5 
Answer: Mari Alkatiri Confidence: 0.4",José Ramos-Horta,0.8,0.0,0,1
627,3hop1__446612_160545_34751,What year did the country where Ercole Manfredi was born form an alliance with Japan?,1941,"Answer: 1940 Confidence: 0.8 
Answer: 1936 Confidence: 0.6 
Answer: 1941 Confidence: 0.5 
Answer: 1937 Confidence: 0.4 
Answer: 1942 Confidence: 0.3",1940,0.8,0.0,0,0
628,4hop1__88342_75218_128008_80286,who has had the most hits in the league that includes the team that has played the most games of the type played just before the league MVP is awarded?,Pete Rose,"Answer: Pete Rose Confidence: 0.9 
Answer: Ty Cobb Confidence: 0.8 
Answer: Hank Aaron Confidence: 0.6 
Answer: Stan Musial Confidence: 0.4 
Answer: Derek Jeter Confidence: 0.3",Pete Rose,0.9,1.0,1,1
629,2hop__76402_653666,Who is the mother of the founder of Mormonism?,Lucy Mack Smith,"Answer: Lucy Mack Smith Confidence: 0.9 
Answer: Mary Fielding Smith Confidence: 0.5 
Answer: Emma Hale Smith Confidence: 0.3 
Answer: Katherine Smith Confidence: 0.2 
Answer: Sarah Ann Mack Confidence: 0.1",Lucy Mack Smith,0.9,1.0,1,1
630,2hop__61664_786853,Who is the spouse of the voice actor of Batman in The Lego Batman Movie?,Amy Poehler,"Answer: Arnett Confidence: 0.9 
Answer: Amy Poehler Confidence: 0.8 
Answer: Alessandra Brawn Confidence: 0.7 
Answer: Erin David Confidence: 0.6 
Answer: Penelope Ann Miller Confidence: 0.5",Arnett,0.9,0.0,0,1
631,2hop__731228_609866,What district is the headquarter of Julia's House located?,East Dorset,"Answer: Dorset Confidence: 0.9 
Answer: Wiltshire Confidence: 0.7 
Answer: Poole Confidence: 0.5 
Answer: Bournemouth Confidence: 0.3 
Answer: Dorchester Confidence: 0.2",Dorset,0.9,0.6666666666666666,0,1
632,3hop2__132957_51933_40768,"When did the maker of the Acura Legend, the largest auto company in the world, and Nissan open US assembly plants?",1981,"Answer: 1982 Confidence: 0.9 
Answer: 1983 Confidence: 0.85 
Answer: 1984 Confidence: 0.8 
Answer: 1986 Confidence: 0.75 
Answer: 1985 Confidence: 0.7",1982,0.9,0.0,0,0
633,2hop__864101_135373,What is the body of water that St. Matthew Island located in named after?,Vitus Bering,"Answer: Bering Sea Confidence: 0.9 
Answer: Norton Sound Confidence: 0.6 
Answer: Pacific Ocean Confidence: 0.5 
Answer: Chukchi Sea Confidence: 0.4 
Answer: Arctic Ocean Confidence: 0.3",Bering Sea,0.9,0.5,0,1
634,2hop__217011_80026,Who played the character in Willy Wonka and the Chocolate Factory that the performer of Victrola was named after?,Julie Dawn Cole,"Answer: Gene Wilder Confidence: 0.85 
Answer: Johnny Depp Confidence: 0.70 
Answer: David Kelly Confidence: 0.55 
Answer: Freddie Highmore Confidence: 0.45 
Answer: Deep Roy Confidence: 0.40",Gene Wilder,0.85,0.0,0,0
635,3hop1__582007_160713_77246,"In the Arabic dictionary, what's the meaning of the word for the majority religion in the area of British India that became India when Achh's country was created?",the country of India,"Answer: Hinduism Confidence: 0.9 
Answer: Hindu Confidence: 0.8 
Answer: Hindu religion Confidence: 0.7 
Answer: Indian religion Confidence: 0.6 
Answer: Buddhism Confidence: 0.5",Hinduism,0.9,0.0,0,0
636,2hop__55032_786853,Who is the spouse of the actor who voices Batman in the Lego Batman movie?,Amy Poehler,"Answer: Amanda Anka Confidence: 0.9 
Answer: Anna Anka Confidence: 0.5 
Answer: Phoebe Cates Confidence: 0.3 
Answer: Jennifer Aniston Confidence: 0.2 
Answer: Diane Lane Confidence: 0.1",Amanda Anka,0.9,0.0,0,0
637,2hop__47257_43786,Where is the base of the newspaper saying if you find yourself in a hole stop digging?,"Washington, D.C.","Answer: Wall Street Journal Confidence: 0.6 
Answer: New York Times Confidence: 0.5 
Answer: Financial Times Confidence: 0.4 
Answer: The Guardian Confidence: 0.3 
Answer: The Economist Confidence: 0.2",Wall Street Journal,0.6,0.0,0,0
638,2hop__87953_17335,When did the winner of the Battle between Poras and Sikander die?,323 BC,"Answer: 323 BC Confidence: 0.9
Answer: 317 BC Confidence: 0.5
Answer: 238 BC Confidence: 0.3
Answer: 326 BC Confidence: 0.2
Answer: 321 BC Confidence: 0.1",323 BC,0.9,1.0,1,1
639,3hop2__326964_265410_7713,How long had Anhua Gao's birthplace been the capitol city of Yaxing Coach's headquarters location?,about 400 years,"Answer: 0 years Confidence: 0.8
Answer: 5 years Confidence: 0.6
Answer: 10 years Confidence: 0.4
Answer: 15 years Confidence: 0.2
Answer: 20 years Confidence: 0.1",0 years,0.8,0.4,0,0
640,2hop__13731_801817,Where was Mary's betrothed born?,Nazareth,"Answer: Nazareth Confidence: 0.7 
Answer: Bethlehem Confidence: 0.6 
Answer: Galilee Confidence: 0.4 
Answer: Jerusalem Confidence: 0.3 
Answer: Judea Confidence: 0.2",Nazareth,0.7,1.0,1,1
641,4hop1__130508_32392_823060_610794,In which county is the city sharing a border with the capitol of the state where Borough House Plantation is located?,Richland County,"Answer: Richland County Confidence: 0.9
Answer: Lexington County Confidence: 0.75
Answer: Fairfield County Confidence: 0.5
Answer: Calhoun County Confidence: 0.4
Answer: Kershaw County Confidence: 0.3",Richland County,0.9,1.0,1,1
642,3hop1__49610_89752_75165,What is the population of the largest state where The Handmaid's Tale is set?,"1,335,907","Answer: 29 million Confidence: 0.9
Answer: 40 million Confidence: 0.7
Answer: 19 million Confidence: 0.6
Answer: 21 million Confidence: 0.5
Answer: 39 million Confidence: 0.4",29 million,0.9,0.0,0,0
643,4hop1__130276_59747_211319_557671,Which county shares a border with the county where the most populous city in the state where Redan High School is located?,Presque Isle County,"Answer: Cobb County Confidence: 0.8 
Answer: Gwinnett County Confidence: 0.7 
Answer: Clayton County Confidence: 0.6 
Answer: DeKalb County Confidence: 0.5 
Answer: Fayette County Confidence: 0.4",Cobb County,0.8,0.4,0,0
644,4hop1__860115_798482_131926_13165,What treaty ceded territory to the US extending west to the river by the city sharing a border with Elizabeth Berg's birthplace?,Treaty of Paris,"Answer: Adams-Onís Treaty Confidence: 0.8 
Answer: Treaty of Paris 1783 Confidence: 0.6 
Answer: Webster-Ashburton Treaty Confidence: 0.4 
Answer: Louisiana Purchase Confidence: 0.3 
Answer: Treaty of Guadalupe Hidalgo Confidence: 0.2",Adams-Onís Treaty,0.8,0.4,0,0
645,4hop3__275416_24325_156850_10557,"Despite being located in East Belgium, the Carnival of the birth place of Guido Maus harks purely to an area. What was the language having the same name as this area of the era with Fastrada's spouse's name later known as?",Medieval Latin,"Answer: Frankish Confidence: 0.9 
Answer: Old High German Confidence: 0.7 
Answer: Dutch Confidence: 0.6 
Answer: Walloon Confidence: 0.5 
Answer: Middle Dutch Confidence: 0.4",Frankish,0.9,0.0,0,0
646,2hop__197470_271394,Where was Tyler MacDuff's child educated?,Blair High School,"Answer: Harvard University Confidence: 0.5
Answer: University of California Confidence: 0.4
Answer: Yale University Confidence: 0.3
Answer: Stanford University Confidence: 0.2
Answer: Princeton University Confidence: 0.1",Harvard University,0.5,0.0,0,0
647,2hop__157602_21567,"In the 14th century, who introduced a system of musical notation used in the area where 3% of Turkey is located?",John Kukuzelis,"Answer: Byzantine scholars Confidence: 0.7 
Answer: John Hothby Confidence: 0.6 
Answer: Franco of Cologne Confidence: 0.5 
Answer: Philippe de Vitry Confidence: 0.4 
Answer: Adiastematic neumes Confidence: 0.3",Byzantine scholars,0.7,0.0,0,0
648,3hop1__691197_15840_36002,What were the Genesis's advantages over the console whose three letter abbreviation stood for the full console name and also featured the game Yoshi?,built on 16-bit architectures and offered improved graphics and sound,"Answer: Better graphics and sound Confidence: 0.9 
Answer: Faster processor Confidence: 0.85 
Answer: Larger game library Confidence: 0.8 
Answer: Multiple controllers support Confidence: 0.7 
Answer: More mature game titles Confidence: 0.6",Better graphics and sound,0.9,0.4285714285714285,0,1
649,3hop2__90098_125104_10557,"What was the form of the language that the last name Sylvester comes from, used in the era of Rotrude's father, later known as?",Medieval Latin,"Answer: Old High German Confidence: 0.8
Answer: Latin Confidence: 0.6
Answer: Frankish Confidence: 0.5
Answer: Proto-Germanic Confidence: 0.4
Answer: Middle High German Confidence: 0.3",Old High German,0.8,0.0,0,0
650,2hop__91211_90973,Who did the original voice of the character played by mila kunis in the cleveland show?,Lacey Chabert,"Answer: Lacey Chabert Confidence: 0.9
Answer: Mila Kunis Confidence: 0.6
Answer: Alex Borstein Confidence: 0.3
Answer: Seth MacFarlane Confidence: 0.2
Answer: Wendy Schaal Confidence: 0.1",Lacey Chabert,0.9,1.0,1,1
651,3hop2__326964_7845_7713,How long had the home of some of the country's most prominent art groups been the capitol city of Yaxing Coach's headquarters location?,about 400 years,"Answer: 25 years Confidence: 0.7
Answer: 30 years Confidence: 0.6
Answer: 40 years Confidence: 0.5
Answer: 50 years Confidence: 0.4
Answer: 15 years Confidence: 0.3",25 years,0.7,0.4,0,0
652,2hop__93145_54024,"Which king, who was England's rule in 1616, translated the Bible?",King James I of England,"Answer: King James I Confidence: 0.95 
Answer: James VI of Scotland Confidence: 0.85 
Answer: Charles I Confidence: 0.4 
Answer: George I Confidence: 0.2 
Answer: Henry VIII Confidence: 0.1",King James I,0.95,0.7499999999999999,0,1
653,2hop__68981_39234,What empire brought the practices of the most common religion in Southeast Asia?,"Hephthalite Empire,","Answer: Srivijaya Empire Confidence: 0.8
Answer: Majapahit Empire Confidence: 0.7
Answer: Khmer Empire Confidence: 0.6
Answer: Palembang Empire Confidence: 0.5
Answer: Funan Kingdom Confidence: 0.4",Srivijaya Empire,0.8,0.5,0,0
654,2hop__271045_68633,Who is the president of the organization Julio Maglione is located?,Thomas Bach,"Answer: Husain Al-Musallam Confidence: 0.9
Answer: Cornel Marculescu Confidence: 0.7
Answer: Vladimar Salnikov Confidence: 0.6
Answer: Richard Pound Confidence: 0.5
Answer: Thomas Bach Confidence: 0.4",Husain Al-Musallam,0.9,0.0,0,0
655,2hop__82858_654855,What political party was the socialist candidate part of who ran for president in 1912?,Socialist Party of America,"Answer: Socialist Party of America Confidence: 0.95 
Answer: Independent Socialist Party Confidence: 0.50 
Answer: Communist Party USA Confidence: 0.30 
Answer: Social Democratic Party Confidence: 0.20 
Answer: American Labour Party Confidence: 0.10",Socialist Party of America,0.95,1.0,1,1
656,2hop__622308_61845,Who has played for West Ham Ajax and the team from the city where Malcolm Graham died?,Mido,"Answer: Dean Ashton Confidence: 0.7
Answer: Johnny van Rensburg Confidence: 0.5
Answer: Martin Jol Confidence: 0.4
Answer: Mauricio Taricco Confidence: 0.3
Answer: Luis Boa Morte Confidence: 0.2",Dean Ashton,0.7,0.0,0,0
657,3hop1__139862_2053_52946,"When is Celebrity Big Brother coming to the network which, along with ABC and the network which broadcasted Highway to Heaven, is the other major broadcaster based in NY?","February 7, 2018","Answer: February 2024 Confidence: 0.8 
Answer: January 2024 Confidence: 0.6 
Answer: March 2024 Confidence: 0.4 
Answer: April 2024 Confidence: 0.2 
Answer: December 2023 Confidence: 0.1",February 2024,0.8,0.4,0,0
658,2hop__16632_110014,What year was the person who described the use of bitumen and pitch to tar ships born?,1517,"Answer: 1706 Confidence: 0.7
Answer: 273 AD Confidence: 0.5
Answer: 1769 Confidence: 0.4
Answer: 1577 Confidence: 0.3
Answer: 287 BC Confidence: 0.2",1706,0.7,0.0,0,0
659,3hop2__569322_467331_162182,In what region of the country of S-Fone is the location of the administrative territorial entity of Zone 5 Military Museum located?,South Central Coast,"Answer: Ho Chi Minh City Confidence: 0.8 
Answer: Southern Vietnam Confidence: 0.7 
Answer: District 7 Confidence: 0.6 
Answer: Vietnam Confidence: 0.5 
Answer: Southeast Vietnam Confidence: 0.4",Ho Chi Minh City,0.8,0.0,0,0
660,4hop3__193820_466199_695123_72134,When did the town WIZE is licensed in become capitol of the state where Brantley York was born?,1839,"Answer: 1841 Confidence: 0.7  
Answer: 1843 Confidence: 0.6  
Answer: 1845 Confidence: 0.5  
Answer: 1840 Confidence: 0.4  
Answer: 1844 Confidence: 0.3",1841,0.7,0.0,0,0
661,3hop2__49541_140712_51068,Who is the actress who played the woman who was the Queen of England in 1890 on the network that produced Monsterpiece Theater?,Jenna - Louise Coleman,"Answer: Helen Mirren Confidence: 0.85 
Answer: Jenna Coleman Confidence: 0.75 
Answer: Olivia Colman Confidence: 0.65 
Answer: Claire Foy Confidence: 0.60 
Answer: Judi Dench Confidence: 0.55",Helen Mirren,0.85,0.0,0,0
662,2hop__814856_110882,What is the Smile performer's birthday?,1 January 1986,"Answer: Thom Yorke, October 7, 1968 Confidence: 0.8
Answer: Jonny Greenwood, November 5, 1971 Confidence: 0.7
Answer: Tom Skinner, March 15, 1985 Confidence: 0.6
Answer: Ed O'Brien, April 15, 1968 Confidence: 0.4
Answer: Colin Greenwood, June 26, 1969 Confidence: 0.3","Thom Yorke, October 7, 1968",0.8,0.0,0,0
663,4hop1__726152_153080_159767_81096,Who won the Indy car race in the largest city and capital of the state where the performer of Tijuana Moods was born?,Mario Andretti,"Answer: Scott Dixon Confidence: 0.7 
Answer: Will Power Confidence: 0.6 
Answer: Josef Newgarden Confidence: 0.5 
Answer: Alexander Rossi Confidence: 0.4 
Answer: Colton Herta Confidence: 0.3",Scott Dixon,0.7,0.0,0,0
664,4hop1__151650_5274_458768_33633,What date did Gaspar reach the region which would be the headquarters of the record label of which the only larger label is the one that signed Desde El Principio?,"August 3, 1769","Answer: September 6, 1535 Confidence: 0.75 
Answer: 1535 Confidence: 0.65 
Answer: September 1535 Confidence: 0.6 
Answer: August 1535 Confidence: 0.55 
Answer: 1534 Confidence: 0.5","September 6, 1535",0.75,0.0,0,0
665,3hop1__49236_89752_54221,What time do alcohol sales begin in the largest state of the region where the fictional Gilead is located in The Handmaid's Tale?,5am,"Answer: 7:00 AM Confidence: 0.7 
Answer: 8:00 AM Confidence: 0.6 
Answer: 9:00 AM Confidence: 0.5 
Answer: 10:00 AM Confidence: 0.4 
Answer: 6:00 AM Confidence: 0.3",7:00 AM,0.7,0.0,0,0
666,3hop1__390673_228453_86925,What is the manufacturer of the Kentucky Tavern headquarters location saints symbol called?,fleur - de-lis,"Answer: Fleur-de-lis Confidence: 0.8 
Answer: Cross Confidence: 0.6 
Answer: Shamrock Confidence: 0.4 
Answer: Star Confidence: 0.3 
Answer: Anchor Confidence: 0.2",Fleur-de-lis,0.8,0.0,0,1
667,4hop2__160585_39078_8987_8974,Hana Mandlikova was born in Country A that invaded Country B because the military branch that helped Old West's local police was unprepared. Country B was the only communist country to have an embassy where?,Alfredo Stroessner's Paraguay,"Answer: U.S. Confidence: 0.8
Answer: Canada Confidence: 0.6
Answer: Japan Confidence: 0.4
Answer: Australia Confidence: 0.3
Answer: Mexico Confidence: 0.2",U.S.,0.8,0.0,0,0
668,2hop__89764_827343,Who is the sibling of the actress that played the little girl in Miracle on 34th street 1947?,Lana Wood,"Answer: Maureen O'Hara's sibling Confidence: 0.7
Answer: Edmund Gwenn's sibling Confidence: 0.5
Answer: Natalie Wood's sibling Confidence: 0.9
Answer: John Payne's sibling Confidence: 0.4
Answer: Gene Lockhart's sibling Confidence: 0.3",Natalie Wood's sibling,0.9,0.0,0,1
669,4hop2__161602_426860_88460_21057,"During British rule, what wood product was produced primarily in the country between the country that hosted the tournament and the country where That Dam is from?",75% of the world's teak,"Answer: Teak Confidence: 0.8 
Answer: Sandalwood Confidence: 0.6 
Answer: Rosewood Confidence: 0.5 
Answer: Bamboo Confidence: 0.4 
Answer: Ebony Confidence: 0.3",Teak,0.8,0.4,0,1
670,4hop2__71753_158279_70784_61381,When was the region immediately north of the region where Israel is located and the final destination for the export crops established?,1932,"Answer: 1920s Confidence: 0.3
Answer: 1946 Confidence: 0.3
Answer: 1923 Confidence: 0.2
Answer: 1948 Confidence: 0.1
Answer: 1922 Confidence: 0.1",1920s,0.3,0.0,0,0
671,3hop2__49541_140875_51068,Who is the actress who plays the Queen of England in 1890 on the station that aired High Feather?,Jenna - Louise Coleman,"Answer: Jenna Coleman Confidence: 0.6  
Answer: Helena Bonham Carter Confidence: 0.5  
Answer: Claire Foy Confidence: 0.4  
Answer: Olivia Colman Confidence: 0.3  
Answer: Imelda Staunton Confidence: 0.2",Jenna Coleman,0.6,0.8,0,1
672,3hop1__157807_19788_15107,What percentage of Eritrea is estimated to adhere to the religion widely practiced in the region that the tentacled snake is native to?,48%,"Answer: 50% Confidence: 0.8
Answer: 55% Confidence: 0.6
Answer: 60% Confidence: 0.4
Answer: 65% Confidence: 0.3
Answer: 70% Confidence: 0.2",50%,0.8,0.0,0,1
673,3hop1__106864_160713_77246,What is the meaning in the Arabic Dictionary of the word for the majority religion in the area of British India that became India when Bedari's country was created?,the country of India,"Answer: Hinduism Confidence: 0.9 
Answer: Hindu Confidence: 0.85 
Answer: Indian religion Confidence: 0.75 
Answer: Sanatan Dharma Confidence: 0.7 
Answer: Vedic religion Confidence: 0.65",Hinduism,0.9,0.0,0,0
674,3hop1__796649_720914_41132,How many times did the plague occur in the city where Flora's painter died?,22,"Answer: 3 Confidence: 0.7 
Answer: 2 Confidence: 0.5 
Answer: 4 Confidence: 0.4 
Answer: 1 Confidence: 0.3 
Answer: 5 Confidence: 0.2",3,0.7,0.0,0,0
675,3hop1__462960_160545_34751,What year did the country where Pao Sarasin was born form an alliance with Japan?,1941,"Answer: 1941 Confidence: 0.9 
Answer: 1940 Confidence: 0.75 
Answer: 1937 Confidence: 0.6 
Answer: 1939 Confidence: 0.5 
Answer: 1942 Confidence: 0.4",1941,0.9,1.0,1,1
676,4hop3__754156_88460_30152_20999,How were the people from whom new coins were a proclamation of independence by the Somali Muslim Ajuran Empire expelled from the country between Thailand and A Lim's country?,The dynasty regrouped and defeated the Portuguese,"Answer: Khmer Empire Confidence: 0.6 
Answer: Cham people Confidence: 0.5 
Answer: Ayutthaya Kingdom Confidence: 0.4 
Answer: Mon people Confidence: 0.3 
Answer: Siam Confidence: 0.2",Khmer Empire,0.6,0.0,0,0
677,4hop1__9007_698949_157828_162309,When did the country with a co-official language used in the film titled after the city that is the final resting place of Tito first attend the Olympics games?,2016,"Answer: 1920 Confidence: 0.8 
Answer: 1948 Confidence: 0.5 
Answer: 1952 Confidence: 0.4 
Answer: 1936 Confidence: 0.2 
Answer: 1928 Confidence: 0.1",1920,0.8,0.0,0,0
678,4hop1__145494_698949_157828_162309,When did the country whose co-official language was used in the movie named after the place where Bela Linder died first attend the Olympics games as an independent team?,2016,"Answer: 1924 Confidence: 0.8
Answer: 1992 Confidence: 0.6
Answer: 1996 Confidence: 0.5
Answer: 2008 Confidence: 0.3
Answer: 2012 Confidence: 0.2",1924,0.8,0.0,0,0
679,2hop__47808_198548,Who is the wife of the actor of Grace's boyfriend in Frankie and Grace?,Katharine Ross,"Answer: Felicity Huffman Confidence: 0.8 
Answer: Sarah Paulson Confidence: 0.5 
Answer: Lily Tomlin Confidence: 0.3 
Answer: Nicole Holofcener Confidence: 0.2 
Answer: Patricia Clarkson Confidence: 0.1",Felicity Huffman,0.8,0.0,0,0
680,2hop__122565_37168,Where does the university that Mohamed Abu Hamed attended rank according to the QS World University Rankings?,551-600,"Answer: Ain Shams University, 800-1000 range Confidence: 0.7
Answer: Ain Shams University, 801-1000 range Confidence: 0.6
Answer: Ain Shams University, 800+ Confidence: 0.5
Answer: Ain Shams University, not in top 500 Confidence: 0.4
Answer: Top 1000 Confidence: 0.3","Ain Shams University, 800-1000 range",0.7,0.0,0,0
681,2hop__763380_74735,What song did Paul McCartney write for the person who performed Too Late for Goodbyes?,``Hey Jude '',"Answer: Valotte Confidence: 0.9 
Answer: Here Today Confidence: 0.7 
Answer: Beautiful Night Confidence: 0.6 
Answer: Nobody Loves You (When You're Down and Out) Confidence: 0.4 
Answer: Let Me Roll It Confidence: 0.3",Valotte,0.9,0.0,0,0
682,2hop__83460_456238,This is an instance of who was named commander in chief of texas forces by the new national government of texas National Forest?,United States National Forest,"Answer: Sam Houston Confidence: 0.85
Answer: Edward Burleson Confidence: 0.65
Answer: James Fannin Confidence: 0.55
Answer: Mirabeau B. Lamar Confidence: 0.45
Answer: Stephen F. Austin Confidence: 0.35",Sam Houston,0.85,0.0,0,0
683,2hop__458672_20057,Who started the foundation that developed the Free Software Directory?,Richard Stallman,"Answer: Richard Stallman Confidence: 0.9 
Answer: Free Software Foundation Confidence: 0.85 
Answer: Eben Moglen Confidence: 0.75 
Answer: John Sullivan Confidence: 0.7 
Answer: Bradley M. Kuhn Confidence: 0.65",Richard Stallman,0.9,1.0,1,1
684,2hop__85993_512508,What was the person who discovered that nuclei of atoms contained neutrons with no charge a participant in?,Manhattan Project,"Answer: Manhattan Project Confidence: 0.6 
Answer: Cavendish Laboratory research Confidence: 0.5 
Answer: Nobel Prize Ceremony Confidence: 0.4 
Answer: World War II research Confidence: 0.3 
Answer: Royal Society meetings Confidence: 0.2",Manhattan Project,0.6,1.0,1,1
685,2hop__64537_482364,Who is the father of the man with the same name as the Big Brother hot dog challenge winner?,Aeson,"Answer: Thomas Crapper Confidence: 0.3
Answer: Frankfurter Confidence: 0.2
Answer: Richard Johnson Confidence: 0.1
Answer: Nathan's Famous Confidence: 0.1
Answer: Samuel Coney Confidence: 0.1",Thomas Crapper,0.3,0.0,0,0
686,3hop1__140994_2053_52946,"When is Celebrity Big Brother coming to the network which, along with ABC and the network which broadcasted Hello, Larry?, is the other major broadcaster based in NY?","February 7, 2018","Answer: February 2018 Confidence: 0.8 
Answer: January 2022 Confidence: 0.7 
Answer: Winter 2022 Confidence: 0.6 
Answer: February 2022 Confidence: 0.5 
Answer: January 2023 Confidence: 0.4",February 2018,0.8,0.8,0,0
687,3hop2__127483_125104_10557,What was the language Auctor comes from during the era of Rotrude's father later known as?,Medieval Latin,"Answer: Latin Confidence: 0.9 
Answer: Old French Confidence: 0.6 
Answer: Medieval Latin Confidence: 0.5 
Answer: Late Latin Confidence: 0.4 
Answer: Ancient Greek Confidence: 0.3",Latin,0.9,0.6666666666666666,0,1
688,2hop__66167_72467,Where did the player who scored the most points in a NBA season go in the NBA Draft?,Seattle SuperSonics,"Answer: 3rd pick Confidence: 0.8 
Answer: 1st pick Confidence: 0.6 
Answer: 2nd pick Confidence: 0.4 
Answer: 10th pick Confidence: 0.2 
Answer: Undrafted Confidence: 0.1",3rd pick,0.8,0.0,0,0
689,2hop__487706_40502,What was the population of the republic that participated in The Battle of the Kentish Knock before this emigration?,2 million,"Answer: Netherlands' total in 1652 Confidence: 0.7 
Answer: 2 million Confidence: 0.6 
Answer: Dutch Republic Confidence: 0.5 
Answer: Republic of the Netherlands Confidence: 0.4 
Answer: 1.5 million Confidence: 0.3",Netherlands' total in 1652,0.7,0.0,0,0
690,4hop1__44149_32392_823060_610794,What county is the city that shares a border with the state capital of the state where the RBC Heritage Golf Tournament is played in?,Richland County,"Answer: Charleston County Confidence: 0.8
Answer: Beaufort County Confidence: 0.7
Answer: Richland County Confidence: 0.6
Answer: Greenville County Confidence: 0.5
Answer: Lexington County Confidence: 0.4",Charleston County,0.8,0.5,0,0
691,3hop1__135659_87694_64412,When did the place where St for whom the Mantua Cathedral was named for basilica the head of the catholic religion is located in become its own country?,11 February 1929,"Answer: 1929 Confidence: 1.0 
Answer: 1870 Confidence: 0.6 
Answer: 1948 Confidence: 0.4 
Answer: 1946 Confidence: 0.3 
Answer: 1861 Confidence: 0.2",1929,1.0,0.5,0,1
692,2hop__8347_8311,When did the crowning of the person under whom the Chapter House was built happen?,1216,"Answer: 1245 Confidence: 0.8 
Answer: 1236 Confidence: 0.6 
Answer: 1247 Confidence: 0.4 
Answer: 1216 Confidence: 0.3 
Answer: 1261 Confidence: 0.2",1245,0.8,0.0,0,0
693,3hop1__857_846_7791,How many parties rule the city where the Yongle emperor greeted the person to whom the edict was addressed?,one-party,"Answer: 1 Confidence: 0.8 
Answer: 3 Confidence: 0.6 
Answer: 2 Confidence: 0.5 
Answer: 4 Confidence: 0.4 
Answer: 5 Confidence: 0.3",1,0.8,0.0,0,1
694,3hop2__9951_20335_9331,"What dissolved the privileges in Poland of the empire that the British sided with against the Ottomans, the Kingdom that acquired some Thuringian territory in 1815, and the Habsburg Monarchy?",March Constitution of Poland,"Answer: May Constitution of 1791 Confidence: 0.6  
Answer: Partitions of Poland Confidence: 0.5  
Answer: Treaty of Versailles Confidence: 0.4  
Answer: Treaty of Vienna Confidence: 0.3  
Answer: Congress of Vienna Confidence: 0.3",May Constitution of 1791,0.6,0.5,0,0
695,3hop2__92991_27069_76291,When did the party Oklahoma's US Senators come from take control of the body determining the rules of the US House and US Senate?,January 2015,"Answer: January 3, 2021 Confidence: 0.7 
Answer: January 3, 2023 Confidence: 0.6 
Answer: January 3, 2015 Confidence: 0.5 
Answer: January 3, 2019 Confidence: 0.4 
Answer: January 3, 2011 Confidence: 0.3","January 3, 2021",0.7,0.4,0,0
696,3hop1__131783_131926_87157,What is the direction of flow of the body of water by the city where The Minikahda Club is located?,rises in northern Minnesota and meanders slowly southwards,"Answer: south Confidence: 0.8 
Answer: east Confidence: 0.6 
Answer: north Confidence: 0.4 
Answer: west Confidence: 0.3 
Answer: southeast Confidence: 0.2",south,0.8,0.0,0,1
697,2hop__24973_5674,Who suspended the party that would have maintained power if the treaty was signed in the Russian Soviet Federative Socialist Republic?,Yeltsin,"Answer: Lenin Confidence: 0.6  
Answer: Bolsheviks Confidence: 0.4  
Answer: Russian Soviet Government Confidence: 0.3  
Answer: Communist Party Confidence: 0.2  
Answer: Stalin Confidence: 0.1",Lenin,0.6,0.0,0,0
698,3hop1__404541_629431_64412,When did the place of death of Paenitentiam Agere's author become its own country?,11 February 1929,"Answer: 1929 Confidence: 0.9
Answer: 1870 Confidence: 0.6
Answer: 1871 Confidence: 0.5
Answer: 1861 Confidence: 0.4
Answer: 1948 Confidence: 0.3",1929,0.9,0.5,0,1
699,3hop1__64957_87694_124169,"When was the position of Governor ended in the city that houses the head of Catholicism, and the basilica of the saint holding a knife in the Last Supper?",1952,"Answer: 1870 Confidence: 0.9 
Answer: 1871 Confidence: 0.6 
Answer: 1849 Confidence: 0.4 
Answer: 1878 Confidence: 0.3 
Answer: 1861 Confidence: 0.2",1870,0.9,0.0,0,0
700,3hop1__106094_443779_52195,Who is the president of the newly declared independent country part of the Commission of Truth and Friendship with the country that made Arisan!??,Francisco Guterres,"Answer: Aniceto Guterres Lopes Confidence: 0.7
Answer: Francisco Guterres Confidence: 0.6
Answer: José Ramos-Horta Confidence: 0.5
Answer: Taur Matan Ruak Confidence: 0.4
Answer: Mari Alkatiri Confidence: 0.3",Aniceto Guterres Lopes,0.7,0.4,0,0
701,4hop3__131775_29339_508306_70744,"Which has more national championships, university of the state having Fort Hill or university of the state whose primary was won by Edwards besides the state having Ted Wright Stadium?",University of South Carolina,"Answer: University of Georgia Confidence: 0.8 
Answer: Clemson University Confidence: 0.7 
Answer: University of South Carolina Confidence: 0.6 
Answer: University of North Carolina Confidence: 0.5 
Answer: University of Tennessee Confidence: 0.4",University of Georgia,0.8,0.5714285714285715,0,0
702,2hop__593633_82341,Where is New Perry's place of death found in Florida?,in Northern Florida,"Answer: Miami Confidence: 0.6 
Answer: Jacksonville Confidence: 0.5 
Answer: Tampa Confidence: 0.4 
Answer: Orlando Confidence: 0.3 
Answer: Fort Lauderdale Confidence: 0.2",Miami,0.6,0.0,0,0
703,2hop__481349_302087,Which company owns the manufacturer of Learjet 60?,Bombardier Inc.,"Answer: Bombardier Confidence: 1.0 
Answer: Textron Confidence: 0.5 
Answer: Embraer Confidence: 0.3 
Answer: Airbus Confidence: 0.2 
Answer: Boeing Confidence: 0.1",Bombardier,1.0,0.6666666666666666,0,1
704,4hop3__673447_132409_223216_35031,"Among the top five largest urban areas in the state Infest's performers were formed, what is the ranking of the city Pathology was formed in?",third-largest,"Answer: 3rd Confidence: 0.7
Answer: 2nd Confidence: 0.6
Answer: 4th Confidence: 0.5
Answer: 5th Confidence: 0.4
Answer: 1st Confidence: 0.3",3rd,0.7,0.0,0,1
705,3hop1__504362_443779_52195,Who is the president of the new country that jointly established a Commission of Truth and Friendship with the country that Solor is a part of?,Francisco Guterres,"Answer: Jose Ramos-Horta Confidence: 0.9 
Answer: Francisco Guterres Confidence: 0.7 
Answer: Taur Matan Ruak Confidence: 0.6 
Answer: Xanana Gusmão Confidence: 0.5 
Answer: Mari Alkatiri Confidence: 0.4",Jose Ramos-Horta,0.9,0.0,0,0
706,2hop__88632_67668,"In Batman Under the Red Hood, who does the actor of Barney Stinson from How I Met Your Mother play?",Nightwing / Dick Grayson,"Answer: Nightwing Confidence: 0.9
Answer: Robin Confidence: 0.5
Answer: Joker Confidence: 0.3
Answer: Batman Confidence: 0.2
Answer: Jason Todd Confidence: 0.1",Nightwing,0.9,0.5,0,1
707,2hop__23459_35123,What was the lifespan of the most influential figure in Islamic philosophy?,980–1037,"Answer: 78 years (Al-Ghazali) Confidence: 0.6 
Answer: 75 years (Ibn Rushd) Confidence: 0.5 
Answer: 80 years (Ibn Sina) Confidence: 0.4 
Answer: 68 years (Al-Kindi) Confidence: 0.3 
Answer: 85 years (Al-Farabi) Confidence: 0.3",78 years (Al-Ghazali),0.6,0.0,0,0
708,3hop2__30152_105895_20999,What forced the departure from the country responsible for Phoe Pyonn Cho of the people once defied by new coinage?,The dynasty regrouped and defeated the Portuguese,"Answer: Economic sanctions Confidence: 0.6 
Answer: Political pressure Confidence: 0.5 
Answer: Humanitarian crisis Confidence: 0.4 
Answer: Regime change Confidence: 0.3 
Answer: Civil conflict Confidence: 0.2",Economic sanctions,0.6,0.0,0,0
709,2hop__280451_84616,What did the spouse of Andrea Dotti win a Tony for?,for Best Performance by a Leading Actress in a Play in Ondine,"Answer: ""Who's Afraid of Virginia Woolf?"" Confidence: 0.9 
Answer: ""Ondine"" Confidence: 0.5 
Answer: ""The Lion in Winter"" Confidence: 0.4 
Answer: Not applicable Confidence: 0.2 
Answer: None Confidence: 0.1","""Who's Afraid of Virginia Woolf?""",0.9,0.0,0,0
710,3hop1__144439_443779_52195,who is the president of newly declared independent country of the country of the birthplace of Mulham Arufin–Timor Leste Commission of Truth and Friendship?,Francisco Guterres,"Answer: Xanana Gusmão Confidence: 0.7
Answer: José Ramos-Horta Confidence: 0.6
Answer: Taur Matan Ruak Confidence: 0.5
Answer: Francisco Guterres Confidence: 0.4
Answer: Mari Alkatiri Confidence: 0.3",Xanana Gusmão,0.7,0.0,0,0
711,4hop2__103790_39078_8987_8529,"Ivo Werner is from Country A that invaded Country B because their military branch that helped the Old West police was unprepared. When was the word ""Slavs"" used in the national anthem of country B?",1943–1992,"Answer: Never Confidence: 0.8 
Answer: 1992 Confidence: 0.2 
Answer: 1834 Confidence: 0.15  
Answer: 1918 Confidence: 0.1 
Answer: 1804 Confidence: 0.05",Never,0.8,0.0,0,0
712,2hop__631024_18974,Who led the military expedition in the province where Gong Beibi was born?,Chen Zheng,"Answer: Zheng Chenggong Confidence: 0.5
Answer: Shi Lang Confidence: 0.4
Answer: Koxinga Confidence: 0.3
Answer: Wu Sangui Confidence: 0.2
Answer: Li Zicheng Confidence: 0.1",Zheng Chenggong,0.5,0.5,0,0
713,3hop1__28841_547811_41132,How many times did the plague occur in the birth place of Concerto in C Major Op 3 6's composer?,22,"Answer: Multiple times Confidence: 0.7 
Answer: At least 3 times Confidence: 0.6 
Answer: Several times Confidence: 0.5 
Answer: 5 times Confidence: 0.4 
Answer: 2 times Confidence: 0.3",Multiple times,0.7,0.0,0,0
714,2hop__832795_350510,What group was the performer of Be the One a member of?,Jackson 5,"Answer: Dua Lipa Confidence: 0.9 
Answer: N/A Confidence: 0.1 
Answer: N/A Confidence: 0.0 
Answer: N/A Confidence: 0.0 
Answer: N/A Confidence: 0.0",Dua Lipa,0.9,0.0,0,0
715,3hop2__25177_19506_23299,"After the period which limited the supply of shellac; Białystok, Przemyśl were returned to what country along with the region they had been given in the Treaty of Schönbrunn?",Polish state,"Answer: Poland Confidence: 0.9  
Answer: Austria Confidence: 0.5  
Answer: Russia Confidence: 0.3  
Answer: Germany Confidence: 0.2  
Answer: Hungary Confidence: 0.1",Poland,0.9,0.0,0,1
716,2hop__29606_600504,What field of work was the person who discovered the mathematical relationship between peaks and curves of light at different temperatures in?,physic,"Answer: Physics Confidence: 0.9  
Answer: Astrophysics Confidence: 0.8  
Answer: Optical science Confidence: 0.7  
Answer: Mathematics Confidence: 0.6  
Answer: Spectroscopy Confidence: 0.5",Physics,0.9,0.0,0,1
717,2hop__581084_828685,"Who employs the author of ""Ravenswood: The Steelworkers' Victory and the Revival of American Labor""?",Cornell University,"Answer: Rutgers University Confidence: 0.8
Answer: Cornell University Confidence: 0.6
Answer: University of California, Berkeley Confidence: 0.4
Answer: Harvard University Confidence: 0.3
Answer: Columbia University Confidence: 0.2",Rutgers University,0.8,0.5,0,0
718,4hop1__88342_49853_128008_86588,What's the longest homer in the history of the league where the team with the most titles from the event after which they give out the MLB MVP award plays?,582 feet (177 m),"Answer: 565 feet Confidence: 0.7
Answer: 573 feet Confidence: 0.6
Answer: 575 feet Confidence: 0.5
Answer: 580 feet Confidence: 0.4
Answer: 600 feet Confidence: 0.3",565 feet,0.7,0.3333333333333333,0,0
719,2hop__427249_20057,Who founded the organization that wrote GNU Free Documentation License?,Richard Stallman,"Answer: Richard Stallman Confidence: 0.9 
Answer: Free Software Foundation Confidence: 0.8 
Answer: Eben Moglen Confidence: 0.6 
Answer: Lawrence Lessig Confidence: 0.4 
Answer: Bruce Perens Confidence: 0.3",Richard Stallman,0.9,1.0,1,1
720,2hop__82270_177869,Who is the spouse of the first nominated African American presidential candidate?,Helen Pitts Douglass,"Answer: Michelle Obama Confidence: 0.9  
Answer: Carol Moseley Braun Confidence: 0.5  
Answer: Shirley Chisholm Confidence: 0.4  
Answer: Jesse Jackson's wife, Jacqueline Jackson Confidence: 0.3  
Answer: Al Sharpton's wife, Kathy Jordan Confidence: 0.2",Michelle Obama,0.9,0.0,0,0
721,2hop__623931_656446,Who is the spouse of a cast member of Secrets of a Windmill Girl?,John Alderton,"Answer: Elizabeth Taylor Confidence: 0.6 
Answer: Vanessa Redgrave Confidence: 0.5 
Answer: Roger Moore Confidence: 0.4 
Answer: Peter O'Toole Confidence: 0.3 
Answer: Albert Finney Confidence: 0.2",Elizabeth Taylor,0.6,0.0,0,0
722,2hop__145220_58439,Notre Dame is located is what section of Camille Cottin's birthplace?,The Île de la Cité,"Answer: Latin Quarter Confidence: 0.7
Answer: 5th arrondissement Confidence: 0.6
Answer: Île de la Cité Confidence: 0.5
Answer: 4th arrondissement Confidence: 0.4
Answer: Paris city center Confidence: 0.3",Latin Quarter,0.7,0.0,0,0
723,2hop__258940_135844,Who is the city where Lesnoye Sanatorium is located named after?,Palmiro Togliatti,"Answer: Pyotr Tchaikovsky Confidence: 0.8 
Answer: Chekhov Confidence: 0.6 
Answer: Kalinin Confidence: 0.4 
Answer: Gorky Confidence: 0.3 
Answer: Lermontov Confidence: 0.2",Pyotr Tchaikovsky,0.8,0.0,0,0
724,2hop__520033_123956,On what date did Battle of the birth place of Denny Januar Ali end?,15 February 1942,"Answer: August 17, 1945 Confidence: 0.5 
Answer: September 30, 1965 Confidence: 0.3 
Answer: December 27, 1949 Confidence: 0.2 
Answer: January 1, 1950 Confidence: 0.1 
Answer: May 5, 1949 Confidence: 0.1","August 17, 1945",0.5,0.0,0,0
725,2hop__85463_54688,What type of government did North Korea have during the conflict when UN troops approached the Yalu River?,a communist government,"Answer: Communist dictatorship Confidence: 0.9 
Answer: Totalitarian regime Confidence: 0.7 
Answer: Socialist state Confidence: 0.6 
Answer: Single-party state Confidence: 0.5 
Answer: Authoritarian regime Confidence: 0.4",Communist dictatorship,0.9,0.5,0,1
726,2hop__91021_19033,Where did the wrestler who has held the intercontinental championship the most times win in 2008?,Great American Bash,"Answer: WrestleMania XXIV Confidence: 0.7 
Answer: SummerSlam Confidence: 0.5 
Answer: Backlash Confidence: 0.4 
Answer: Cyber Sunday Confidence: 0.3 
Answer: No Way Out Confidence: 0.3",WrestleMania XXIV,0.7,0.0,0,0
727,3hop1__161433_33952_34099,How long are the council terms in the second largest city in the US state focused by the cross-border transactions committee of the Department of Real Estate?,four-year,"Answer: 4 years Confidence: 0.7 
Answer: 2 years Confidence: 0.5 
Answer: 3 years Confidence: 0.4 
Answer: 5 years Confidence: 0.3 
Answer: 6 years Confidence: 0.2",4 years,0.7,0.0,0,1
728,2hop__575282_114648,What year did Allegory of Isabella d'Este's Coronation's creator the Younger die?,1583,"Answer: 1609 Confidence: 0.9 
Answer: 1608 Confidence: 0.5 
Answer: 1610 Confidence: 0.4 
Answer: 1611 Confidence: 0.2 
Answer: 1607 Confidence: 0.1",1609,0.9,0.0,0,0
729,2hop__704217_82341,Where is Sean Hampton's birth place in the state of Florida?,in Northern Florida,"Answer: Jacksonville Confidence: 0.7
Answer: Miami Confidence: 0.6
Answer: Tampa Confidence: 0.5
Answer: Orlando Confidence: 0.4
Answer: Tallahassee Confidence: 0.3",Jacksonville,0.7,0.0,0,1
730,2hop__6827_75783,When was countrywide bought by the company that bought FleetBoston Financial?,"July 1, 2008","Answer: 2008 Confidence: 0.85 
Answer: 2009 Confidence: 0.70 
Answer: 2007 Confidence: 0.60 
Answer: 2010 Confidence: 0.50 
Answer: 2006 Confidence: 0.40",2008,0.85,0.5,0,1
731,2hop__852657_155922,Into what harbour does the river Lennox Bridge in Parramatta crosses flow?,Sydney Harbour,"Answer: Sydney Harbour Confidence: 0.7 
Answer: Parramatta River Confidence: 0.6 
Answer: Port Jackson Confidence: 0.5 
Answer: Botany Bay Confidence: 0.3 
Answer: Darling Harbour Confidence: 0.2",Sydney Harbour,0.7,1.0,1,1
732,4hop2__71753_158985_70784_79935,When was the region that lies to the north of where Israel is located and where the most growth in desalination for agricultural use is taking place created?,1930,"Answer: 1920 Confidence: 0.7 
Answer: 1943 Confidence: 0.6 
Answer: 1946 Confidence: 0.5 
Answer: 1923 Confidence: 0.4 
Answer: 1948 Confidence: 0.3",1920,0.7,0.0,0,0
733,2hop__95172_456836,Where was the person who acted in Signora Enrica born?,La Goulette,"Answer: Istanbul, Turkey Confidence: 0.8
Answer: Ankara, Turkey Confidence: 0.6
Answer: Izmir, Turkey Confidence: 0.4
Answer: Bursa, Turkey Confidence: 0.3
Answer: Antalya, Turkey Confidence: 0.2","Istanbul, Turkey",0.8,0.0,0,0
734,3hop1__671542_665330_51423,What is the name of the castle in city where the performer of Darlings was formed?,Casa Loma,"Answer: Edinburgh Castle Confidence: 0.8
Answer: Cardigan Castle Confidence: 0.6
Answer: Windsor Castle Confidence: 0.4
Answer: Cardiff Castle Confidence: 0.3
Answer: Stirling Castle Confidence: 0.2",Edinburgh Castle,0.8,0.0,0,0
735,2hop__409884_83837,Who sings Home Alone Tonight with the Country Girl (Shake It for Me) performer?,Karen Fairchild,"Answer: Karen Fairchild Confidence: 0.95 
Answer: Little Big Town Confidence: 0.70 
Answer: Jennifer Nettles Confidence: 0.50 
Answer: Hillary Scott Confidence: 0.40 
Answer: Miranda Lambert Confidence: 0.30",Karen Fairchild,0.95,1.0,1,1
736,2hop__367318_7292,"What artist was featured on Smooth Jazz Stations, along with Kenny G and the performer of The Dance?",George Benson,"Answer: George Benson Confidence: 0.7
Answer: Grover Washington Jr. Confidence: 0.65
Answer: Dave Koz Confidence: 0.6
Answer: David Sanborn Confidence: 0.55
Answer: Spyro Gyra Confidence: 0.5",George Benson,0.7,1.0,1,1
737,4hop3__862_846_613770_7713,How long was the place where the Yongle Emperor greeted who the Ming court thought representatives were sent by the capitol of the city in which Guangling District is located?,about 400 years,"Answer: Xiangguo Temple, 280 zhang Confidence: 0.7
Answer: Jingshan Temple, 300 zhang Confidence: 0.6
Answer: Lama Temple, 250 zhang Confidence: 0.5
Answer: White Horse Temple, 270 zhang Confidence: 0.4
Answer: Fayuan Temple, 290 zhang Confidence: 0.3","Xiangguo Temple, 280 zhang",0.7,0.0,0,0
738,2hop__398344_439882,Who is the creator of the main character in the Steven the Sword Fighter series?,Rebecca Sugar,"Answer: Rebecca Sugar Confidence: 0.9
Answer: Ian Jones-Quartey Confidence: 0.7
Answer: Ben Levin Confidence: 0.5
Answer: Matt Burnett Confidence: 0.4
Answer: Joe Johnston Confidence: 0.3",Rebecca Sugar,0.9,1.0,1,1
739,3hop1__857_846_7769,How many square miles is the city where the Yongle emperor greeted the person to whom the edict was addressed?,"2,548 sq mi","Answer: Beijing 6,336 Confidence: 0.9  
Answer: Nanjing 2,547 Confidence: 0.6  
Answer: Xi'an 3,857 Confidence: 0.5  
Answer: Zhengzhou 2,859 Confidence: 0.4  
Answer: Hangzhou 6,487 Confidence: 0.3","Beijing 6,336",0.9,0.0,0,0
740,3hop1__635099_131926_89261,Where does the body of water by the city where Write This Down was formed empty into the Gulf of Mexico?,the Mississippi River Delta,"Answer: Mississippi River Confidence: 0.9  
Answer: Atchafalaya River Confidence: 0.7  
Answer: Red River Confidence: 0.6  
Answer: Sabine River Confidence: 0.5  
Answer: Pearl River Confidence: 0.4",Mississippi River,0.9,0.8,0,1
741,3hop1__603558_87694_64412,When did the location of the basilica that is named after the same saint as the San Pietro in Ciel d'Oro become its own country?,11 February 1929,"Answer: 1929 Confidence: 0.9 
Answer: 1870 Confidence: 0.6 
Answer: 1945 Confidence: 0.3 
Answer: 1861 Confidence: 0.2 
Answer: 1984 Confidence: 0.1",1929,0.9,0.5,0,1
742,2hop__391873_88622,Who is the head of the agency that created MYSTIC?,ADM Michael S. Rogers,"Answer: Avril Haines Confidence: 0.7 
Answer: Paul Nakasone Confidence: 0.9 
Answer: Gina Haspel Confidence: 0.6 
Answer: John Ratcliffe Confidence: 0.5 
Answer: Christopher Wray Confidence: 0.4",Paul Nakasone,0.9,0.0,0,0
743,2hop__106864_80460,What was the 2017 population of the country where Bedari was made?,207.77 million people,"Answer: Pakistan, 207 million Confidence: 0.9
Answer: China, 1.41 billion Confidence: 0.1
Answer: India, 1.34 billion Confidence: 0.05
Answer: Iran, 81 million Confidence: 0.05
Answer: Bangladesh, 164 million Confidence: 0.05","Pakistan, 207 million",0.9,0.3333333333333333,0,1
744,2hop__142621_225454,What is the record label of the co-writer and recording artist of Permission to Fly?,Hollywood Records,"Answer: Warner Bros. Records Confidence: 0.8 
Answer: Universal Music Group Confidence: 0.7 
Answer: Sony Music Confidence: 0.6 
Answer: Capitol Records Confidence: 0.5 
Answer: Atlantic Records Confidence: 0.4",Warner Bros. Records,0.8,0.4,0,0
745,2hop__147171_27537,Why did Roncalli leave the place where Francesco Fontebasso resided when he died?,for the conclave in Rome,"Answer: Papal appointment Confidence: 0.8 
Answer: Diplomatic mission Confidence: 0.7 
Answer: Religious duties Confidence: 0.6 
Answer: Health issues Confidence: 0.4 
Answer: Political reasons Confidence: 0.3",Papal appointment,0.8,0.0,0,0
746,4hop1__752321_153080_33897_81096,Who won the Indy car race in the largest populated city in the state where the Pithecanthropus Erectus performer is from?,Mario Andretti,"Answer: Scott Dixon Confidence: 0.7 
Answer: Josef Newgarden Confidence: 0.6 
Answer: Will Power Confidence: 0.5 
Answer: Alex Palou Confidence: 0.4 
Answer: Pato O'Ward Confidence: 0.3",Scott Dixon,0.7,0.0,0,0
747,3hop1__487301_443779_52195,Who is the president of newly declared independent country part of the Commission of Truth and Friendship with the country where Kaimana is located?,Francisco Guterres,"Answer: José Ramos-Horta Confidence: 0.8
Answer: Taur Matan Ruak Confidence: 0.6
Answer: Francisco Guterres Confidence: 0.4
Answer: Xanana Gusmão Confidence: 0.3
Answer: Mari Alkatiri Confidence: 0.2",José Ramos-Horta,0.8,0.0,0,1
748,2hop__365236_19320,What worldwide ranking is held by Mario Pani's alma mater?,74th,"Answer: 46th Confidence: 0.8 
Answer: 35th Confidence: 0.7 
Answer: 28th Confidence: 0.6 
Answer: 50th Confidence: 0.5 
Answer: 42nd Confidence: 0.4",46th,0.8,0.0,0,0
749,3hop1__465684_160545_60577,Where did they film The Beach in the country where Bodindecha died?,Ko Phi Phi Leh,"Answer: Ko Phi Phi, Thailand Confidence: 0.9 
Answer: Ko Samui, Thailand Confidence: 0.5 
Answer: Phuket, Thailand Confidence: 0.4 
Answer: Maya Bay, Thailand Confidence: 0.8 
Answer: Railay Beach, Thailand Confidence: 0.3","Ko Phi Phi, Thailand",0.9,0.5,0,1
750,2hop__861047_110949,What is the date of birth for the performer of Beat Hotel?,11 September 1962,"Answer: April 12, 1940 Confidence: 0.7
Answer: July 10, 1944 Confidence: 0.5
Answer: December 4, 1949 Confidence: 0.3
Answer: January 26, 1949 Confidence: 0.2
Answer: February 18, 1950 Confidence: 0.1","April 12, 1940",0.7,0.0,0,0
751,2hop__80_59409,"Who was the artist who did a duet with Beyonce in the single ""Deja Vu"" talking about in the song ""Cry""?",three different relationships he had in the past,"Answer: Jay-Z Confidence: 0.9
Answer: Mary J. Blige Confidence: 0.6
Answer: Usher Confidence: 0.4
Answer: Ne-Yo Confidence: 0.3
Answer: Kelly Rowland Confidence: 0.2",Jay-Z,0.9,0.0,0,0
752,2hop__88834_425488,Who is the mother of the person who plays Nim in Return to Nim's Island?,Terri Irwin,"Answer: Asher Keddie Confidence: 0.7 
Answer: Jennifer Blakely Confidence: 0.5 
Answer: Bindi Irwin Confidence: 0.4 
Answer: Tiffany Lamb Confidence: 0.3 
Answer: Dr. Terri Irwin Confidence: 0.2",Asher Keddie,0.7,0.0,0,0
753,4hop2__161602_474028_88460_20988,For what major conflict is the country on the natural boundary between the country that hosted the tournament and the country where A Don is from known?,one of the world's longest-running ongoing civil wars.,"Answer: Vietnam War Confidence: 0.8
Answer: Gulf War Confidence: 0.6
Answer: Korean War Confidence: 0.5
Answer: World War II Confidence: 0.4
Answer: Iran-Iraq War Confidence: 0.3",Vietnam War,0.8,0.0,0,0
754,2hop__77601_814677,What pantheon is the God of the underworld in ancient Egypt a part of?,ancient Egyptian religion,"Answer: Egyptian pantheon Confidence: 0.95 
Answer: Ancient Egyptian gods Confidence: 0.85 
Answer: Egyptian mythology Confidence: 0.80 
Answer: Egyptian religion Confidence: 0.75 
Answer: Egyptian deities Confidence: 0.70",Egyptian pantheon,0.95,0.4,0,1
755,2hop__35137_22901,What Islamic denomination was the author of The Canon of Medicine thought to be a member of?,Sunni,"Answer: Shia Confidence: 0.7 
Answer: Sunni Confidence: 0.2 
Answer: Twelver Shia Confidence: 0.05 
Answer: Ash'ari Confidence: 0.03 
Answer: Ismaili Confidence: 0.02",Shia,0.7,0.0,0,0
756,4hop3__175072_88460_30152_20999,How were the same people who the Somali Muslim Ajuran Empire declared independence from expelled from the natural boundary between Thailand and the country Setthathirath is a citizen of?,The dynasty regrouped and defeated the Portuguese,"Answer: Burmese Confidence: 0.8 
Answer: Kingdom of Burma Confidence: 0.7 
Answer: Burmese Empire Confidence: 0.6 
Answer: Myanmar Confidence: 0.5 
Answer: Ava Kingdom Confidence: 0.4",Burmese,0.8,0.0,0,0
757,4hop1__161605_32392_823060_610794,What county is the city that shares a border with the state capital of the state where Darlington County located in?,Richland County,"Answer: Wake County Confidence: 0.9
Answer: Travis County Confidence: 0.8
Answer: Franklin County Confidence: 0.7
Answer: Marion County Confidence: 0.6
Answer: Fulton County Confidence: 0.5",Wake County,0.9,0.5,0,0
758,2hop__58168_1783,Who was the mayor of New York during the time when the US had its highest unemployment rate?,Fiorello La Guardia,"Answer: Fiorello La Guardia Confidence: 0.9
Answer: John P. O'Brien Confidence: 0.7
Answer: William O'Dwyer Confidence: 0.5
Answer: Vincent Impellitteri Confidence: 0.4
Answer: Robert F. Wagner Jr. Confidence: 0.3",Fiorello La Guardia,0.9,1.0,1,1
759,2hop__161151_50883,Which section of the emergency response guidebook of the continent where bison antiquus are found contains the response guides?,"The fourth section, with orange page borders","Answer: Section 4 Confidence: 0.8 
Answer: Section 3 Confidence: 0.6 
Answer: Section 2 Confidence: 0.4 
Answer: Section 5 Confidence: 0.3 
Answer: Section 1 Confidence: 0.2",Section 4,0.8,0.25,0,1
760,4hop1__83058_53706_795904_580996,"What area shares a border, with the city that was the work location of an individual, who went to the U.S. state with a Mediterranean climate, during the Gold Rush?",Rio Linda,"Answer: El Dorado County Confidence: 0.8 
Answer: Placer County Confidence: 0.75 
Answer: Nevada County Confidence: 0.7 
Answer: Yuba County Confidence: 0.65 
Answer: Sacramento County Confidence: 0.6",El Dorado County,0.8,0.0,0,0
761,2hop__149983_108549,Who wrote the fictional work Doctor Fate exists in?,Alfred Gough,"Answer: Gardner Fox Confidence: 0.9 
Answer: Martin Pasko Confidence: 0.7 
Answer: Keith Giffen Confidence: 0.6 
Answer: J.M. DeMatteis Confidence: 0.5 
Answer: Paul Levitz Confidence: 0.4",Gardner Fox,0.9,0.0,0,0
762,3hop1__131102_39743_24526,"What is the average winter daytime temperature in the region containing Richmond, in the state where WUSH operates?",upper 40s–lower 50s °F,"Answer: 50°F Confidence: 0.8 
Answer: 45°F Confidence: 0.7 
Answer: 55°F Confidence: 0.6 
Answer: 40°F Confidence: 0.5 
Answer: 48°F Confidence: 0.4",50°F,0.8,0.0,0,1
763,3hop1__159728_91191_156667,What was the name of the spouse of the first convert to the most prevalent religion in Jordan?,Khawlah bint Ja'far,"Answer: Khadijah Confidence: 0.9 
Answer: Hafsa Confidence: 0.6 
Answer: Aisha Confidence: 0.5 
Answer: Maria Confidence: 0.4 
Answer: Sawda Confidence: 0.3",Khadijah,0.9,0.0,0,0
764,3hop1__145290_443779_52195,Who is the president of the new country who has jointly established a Commission on Truth and Friendship with the birth country of Satyo Husodo?,Francisco Guterres,"Answer: Joko Widodo Confidence: 0.8 
Answer: Jose Ramos-Horta Confidence: 0.7 
Answer: Xanana Gusmão Confidence: 0.6 
Answer: Francisco Guterres Confidence: 0.5 
Answer: Taur Matan Ruak Confidence: 0.4",Joko Widodo,0.8,0.0,0,0
765,3hop1__140994_2053_5289,"What UK label was bought by the company which, along with ABC and the network which broadcasted Hello, Larry, is the other major broadcaster based in NY?",Oriole Records.,"Answer: Island Records Confidence: 0.9  
Answer: Def Jam Recordings Confidence: 0.8  
Answer: Polydor Records Confidence: 0.7  
Answer: Chrysalis Records Confidence: 0.6  
Answer: Virgin Records Confidence: 0.5",Island Records,0.9,0.5,0,0
766,4hop3__152056_698586_89595_54362,Who burned down the city where Dunn Dunn's recording artist died during the conflict after which the historical time period of A Rose for Emily occurred?,Confederate Gen. John Bell Hood,"Answer: Union forces Confidence: 0.8 
Answer: General Sherman Confidence: 0.7 
Answer: William Tecumseh Sherman Confidence: 0.6 
Answer: Northern troops Confidence: 0.5 
Answer: Union Army Confidence: 0.4",Union forces,0.8,0.0,0,0
767,2hop__544760_35739,When was the version of the browser that GNU IceCat is based on made accessible on Windows 8?,September 2013,"Answer: March 2013 Confidence: 0.8 
Answer: April 2013 Confidence: 0.6 
Answer: May 2013 Confidence: 0.4 
Answer: February 2013 Confidence: 0.3 
Answer: January 2013 Confidence: 0.2",March 2013,0.8,0.5,0,0
768,2hop__301011_820181,Which county is the birth place of Keith Sebelius located at?,Norton County,"Answer: Norton County, Kansas Confidence: 0.9
Answer: Phillips County, Kansas Confidence: 0.6
Answer: Decatur County, Kansas Confidence: 0.5
Answer: Smith County, Kansas Confidence: 0.4
Answer: Rooks County, Kansas Confidence: 0.3","Norton County, Kansas",0.9,0.8,0,1
769,2hop__691455_64006,By how much of the population of the region where Baton a feu originated reduced by the black death?,30% to 65%,"Answer: 30-50% Confidence: 0.8 
Answer: 1/3 Confidence: 0.7 
Answer: 25-60% Confidence: 0.6 
Answer: 50% Confidence: 0.5 
Answer: 2/3 Confidence: 0.4",30-50%,0.8,0.0,0,1
770,2hop__216256_141338,What company is the school where Ernest G. McClain is employed a part of?,City University of New York,"Answer: City University of New York Confidence: 0.9 
Answer: Brooklyn College Confidence: 0.8 
Answer: Hunter College Confidence: 0.7 
Answer: Queens College Confidence: 0.6 
Answer: College of Staten Island Confidence: 0.5",City University of New York,0.9,1.0,1,1
771,2hop__25396_212301,Who is the child of the person who issued the Tamworth manifesto?,Arthur Peel,"Answer: Benjamin Disraeli Confidence: 0.85 
Answer: Mary Disraeli Confidence: 0.50 
Answer: Ralph Disraeli Confidence: 0.40 
Answer: Isaac Disraeli Confidence: 0.30 
Answer: N/A Confidence: 0.10",Benjamin Disraeli,0.85,0.0,0,0
772,3hop2__84553_90098_10557,"What was the form of the language where the last name Sylvester originates, used in the era of the man crowned Emperor of the Romans in 800, later known as?",Medieval Latin,"Answer: Latin Confidence: 0.9 
Answer: Old French Confidence: 0.6 
Answer: Middle High German Confidence: 0.5 
Answer: Old English Confidence: 0.4 
Answer: Vulgar Latin Confidence: 0.3",Latin,0.9,0.6666666666666666,0,1
773,3hop1__462125_538202_84283,Who is the owner of the record label that the performer of Days of Our Lives is on?,Warner Music Group,"Answer: Universal Music Group Confidence: 0.8 
Answer: Sony Music Entertainment Confidence: 0.7 
Answer: Warner Music Group Confidence: 0.6 
Answer: EMI Records Confidence: 0.5 
Answer: Atlantic Records Confidence: 0.4",Universal Music Group,0.8,0.6666666666666666,0,0
774,2hop__351275_75487,Who is the federal leader of Leon Benoit's political party?,Andrew Scheer,"Answer: Pierre Poilievre Confidence: 0.9
Answer: Erin O'Toole Confidence: 0.75
Answer: Andrew Scheer Confidence: 0.6
Answer: Stephen Harper Confidence: 0.5
Answer: Stockwell Day Confidence: 0.4",Pierre Poilievre,0.9,0.0,0,0
775,4hop1__93963_170667_443779_52195,"Who is the president of the newly declared independent country, that established the Timor Leste Commission of Truth and Friendship, with the country containing the airport that includes Lion Air?",Francisco Guterres,"Answer: José Ramos-Horta Confidence: 0.9
Answer: Taur Matan Ruak Confidence: 0.8
Answer: Francisco Guterres Confidence: 0.7
Answer: Xanana Gusmão Confidence: 0.6
Answer: Mari Alkatiri Confidence: 0.5",José Ramos-Horta,0.9,0.0,0,0
776,4hop1__443274_17130_70784_61381,When was the region that lies to the north of the country where Sar-El is located and the Persian Gulf established?,1932,"Answer: 1971 Confidence: 0.75  
Answer: 1961 Confidence: 0.6  
Answer: 1979 Confidence: 0.5  
Answer: 1932 Confidence: 0.4  
Answer: 1948 Confidence: 0.3",1971,0.75,0.0,0,0
777,2hop__29339_40482,Who did the Huguenots in the state primary Edwards won outside of Georgia buy land from?,Edmund Bellinger,"Answer: Thomas Countess Confidence: 0.7 
Answer: James Howell Confidence: 0.5 
Answer: John Witherspoon Confidence: 0.4 
Answer: Samuel Edney Confidence: 0.3 
Answer: Unknown Confidence: 0.2",Thomas Countess,0.7,0.0,0,0
778,2hop__504464_708278,Who was the company preceding Metalmark Capital named after?,Harold Stanley,"Answer: Morgan Stanley Capital Partners Confidence: 0.8
Answer: Morgan Stanley Confidence: 0.7
Answer: Charles D. Ellis Confidence: 0.5
Answer: Henry S. Morgan Confidence: 0.4
Answer: Harold Stanley Confidence: 0.3",Morgan Stanley Capital Partners,0.8,0.3333333333333333,0,0
779,3hop1__273571_834494_34053,What was the wettest year for the city in the same county as Summit?,1905,"Answer: 2011 Confidence: 0.7 
Answer: 2018 Confidence: 0.6 
Answer: 2019 Confidence: 0.5 
Answer: 2015 Confidence: 0.4 
Answer: 2013 Confidence: 0.3",2011,0.7,0.0,0,0
780,2hop__814671_82341,In what region of Florida is WMOP located?,in Northern Florida,"Answer: Central Florida Confidence: 0.8 
Answer: Ocala Confidence: 0.7 
Answer: Marion County Confidence: 0.6 
Answer: Northern Florida Confidence: 0.5 
Answer: Gainesville Confidence: 0.4",Central Florida,0.8,0.4,0,0
781,4hop3__668721_132409_371500_35031,Where does the city where Veoh's headquarters is located rank in the top five largest urban areas of the state where The Paramour Sessions' performers were formed?,third-largest,"Answer: 1st Confidence: 0.75 
Answer: 2nd Confidence: 0.65 
Answer: 3rd Confidence: 0.60 
Answer: 4th Confidence: 0.50 
Answer: 5th Confidence: 0.45",1st,0.75,0.0,0,0
782,2hop__524623_82341,Where is Chris Meffert's birth place in the state of Florida?,in Northern Florida,"Answer: Ocala Confidence: 0.8
Answer: Marion County Confidence: 0.7
Answer: Gainesville Confidence: 0.4
Answer: Orlando Confidence: 0.3
Answer: Jacksonville Confidence: 0.2",Ocala,0.8,0.0,0,1
783,3hop2__655849_223623_162182,In what region of the country containing A Lưới is the birthplace of John Phan located?,South Central Coast,"Answer: Central Vietnam Confidence: 0.8 
Answer: Quảng Trị Province Confidence: 0.7 
Answer: Thừa Thiên–Huế Province Confidence: 0.6 
Answer: Southeast Asia Confidence: 0.5 
Answer: Vietnam Confidence: 0.4",Central Vietnam,0.8,0.4,0,1
784,2hop__231805_514393,What is the birthplace of St. Simeon Stylites' author?,Somersby,"Answer: Syria Confidence: 0.6
Answer: Antioch Confidence: 0.5
Answer: Aleppo Confidence: 0.4
Answer: Constantinople Confidence: 0.3
Answer: Jerusalem Confidence: 0.2",Syria,0.6,0.0,0,0
785,3hop1__145212_443779_52195,Arie Supriyatna's birth country was one participant in a Commission of Truth and Friendship. Who is the president of the other country that participated?,Francisco Guterres,"Answer: José Ramos-Horta Confidence: 0.8 
Answer: Xanana Gusmão Confidence: 0.6 
Answer: Taur Matan Ruak Confidence: 0.4 
Answer: Francisco Guterres Confidence: 0.3 
Answer: Nicolau dos Reis Lobato Confidence: 0.2",José Ramos-Horta,0.8,0.0,0,1
786,4hop1__152146_5274_458768_33677,When was the most recent Bicycle Friendly Community Award given to the city where the headquarters of the only group larger than Långa nätter's record label is located?,2013,"Answer: 2023 Confidence: 0.7 
Answer: 2022 Confidence: 0.6 
Answer: 2021 Confidence: 0.5 
Answer: 2020 Confidence: 0.4 
Answer: 2019 Confidence: 0.3",2023,0.7,0.0,0,0
787,3hop1__751782_2053_52946,"When is Celebrity Big Brother coming to the network which, along with ABC and the original broadcaster of Undercovers, is the other major broadcaster based in NY?","February 7, 2018","Answer: February 2018 Confidence: 0.8  
Answer: January 2018 Confidence: 0.7  
Answer: March 2018 Confidence: 0.6  
Answer: December 2017 Confidence: 0.5  
Answer: April 2018 Confidence: 0.4",February 2018,0.8,0.8,0,1
788,3hop1__109196_720914_27537,Why did Roncali leave the place of death of the creator of Malchiostro Annunciation?,for the conclave in Rome,"Answer: To avoid scandal Confidence: 0.6 
Answer: To protect reputation Confidence: 0.5 
Answer: Due to controversy Confidence: 0.4 
Answer: Personal dilemma Confidence: 0.3 
Answer: Unspecified reasons Confidence: 0.2",To avoid scandal,0.6,0.0,0,0
789,2hop__66149_85990,Who were the leaders of the opposition party that was created as a result of the kansas-nebraska act?,"anti-slavery activists, modernizers, ex Whigs and ex Free Soilers","Answer: Charles Sumner Confidence: 0.8 
Answer: Salmon P. Chase Confidence: 0.65 
Answer: William H. Seward Confidence: 0.55 
Answer: Thaddeus Stevens Confidence: 0.5 
Answer: Horace Greeley Confidence: 0.45",Charles Sumner,0.8,0.0,0,0
790,2hop__132472_684936,The company making ALARM follows which company?,BAC,"Answer: Alphabet Inc. Confidence: 0.7 
Answer: Meta Platforms Confidence: 0.6 
Answer: Amazon.com, Inc. Confidence: 0.5 
Answer: Apple Inc. Confidence: 0.4 
Answer: Microsoft Corporation Confidence: 0.3",Alphabet Inc.,0.7,0.0,0,0
791,2hop__25788_25839,What is the maximum load drawn by the device that was designed to standardize connection of computer peripherals?,five unit loads,"Answer: 900mA Confidence: 0.85 
Answer: 500mA Confidence: 0.65 
Answer: 1.5A Confidence: 0.50 
Answer: 100mA Confidence: 0.40 
Answer: 2A Confidence: 0.30",900mA,0.85,0.0,0,0
792,4hop1__567737_141375_458768_33632,"What day is the feast held in the city containing the headquarters of the company, that owns the record label that released Study in Brown?",May 4,"Answer: October 4 Confidence: 0.7
Answer: November 1 Confidence: 0.5
Answer: December 8 Confidence: 0.3
Answer: June 24 Confidence: 0.2
Answer: August 15 Confidence: 0.1",October 4,0.7,0.5,0,0
793,2hop__68322_510545,Who is the spouse of the actor that plays Jarvis in the Avengers Age of Ultron?,Jennifer Connelly,"Answer: Jennifer Connelly; Confidence: 0.9 
Answer: Emily Blunt; Confidence: 0.3 
Answer: Zooey Deschanel; Confidence: 0.1 
Answer: Rachel Weisz; Confidence: 0.1 
Answer: Natalie Portman; Confidence: 0.05",Jennifer Connelly;,0.9,1.0,1,1
794,2hop__852122_150107,Who published Communications of the agency that Michael Schroeder is a member of ?,Association for Computing Machinery,"Answer: ACM Confidence: 0.7 
Answer: IEEE Confidence: 0.5 
Answer: Springer Confidence: 0.4 
Answer: Elsevier Confidence: 0.3 
Answer: Nature Publishing Group Confidence: 0.2",ACM,0.7,0.0,0,1
795,2hop__506099_20057,Who founded the organisation that owns Defective by Design?,Richard Stallman,"Answer: Richard Stallman Confidence: 0.8 
Answer: Free Software Foundation Confidence: 0.9 
Answer: Eben Moglen Confidence: 0.6 
Answer: John Sullivan Confidence: 0.4 
Answer: Mako Hill Confidence: 0.3",Free Software Foundation,0.9,0.0,0,1
796,2hop__525242_52835,"Who wrote ""Turn Me On"" by performer of ""Happy Pills""?",John D. Loudermilk,"Answer: Raphael Saadiq Confidence: 0.8 
Answer: Alan Ferguson Confidence: 0.6 
Answer: Norah Jones Confidence: 0.4 
Answer: Norah Jones band Confidence: 0.3 
Answer: Peter Edge Confidence: 0.2",Raphael Saadiq,0.8,0.0,0,0
797,2hop__60880_87295,Who does the actor who plays Nanny in Eloise at Christmastime play in Princess Diaries?,Queen dowager Clarisse Renaldi,"Answer: Charlotte Kutaway Confidence: 0.9 
Answer: Queen Clarisse's assistant Confidence: 0.8 
Answer: Lady at the desk Confidence: 0.6 
Answer: Social secretary Confidence: 0.5 
Answer: Secretary Hathaway Confidence: 0.3",Charlotte Kutaway,0.9,0.0,0,0
798,3hop1__222497_309482_41132,How many times did plague occur in Al gran sole carico d'amore's composer's work location?,22,"Answer: 5 Confidence: 0.7
Answer: 3 Confidence: 0.6
Answer: 4 Confidence: 0.5
Answer: 2 Confidence: 0.4
Answer: 1 Confidence: 0.3",5,0.7,0.0,0,0
799,2hop__671664_646310,What city is in the county where the Red Cross is located?,Albemarle,"Answer: Washington, D.C. Confidence: 0.9 
Answer: Geneva Confidence: 0.5 
Answer: Atlanta Confidence: 0.4 
Answer: New York City Confidence: 0.3 
Answer: London Confidence: 0.1","Washington, D.C.",0.9,0.0,0,0
800,3hop2__125104_90098_10557,What was where the last name sylvester comes from of who was Rotrude's father's era later known as?,Medieval Latin,"Answer: Pope Sylvester I Confidence: 0.6
Answer: Saint Sylvester Confidence: 0.5
Answer: Sylvester the Cat Confidence: 0.4
Answer: Sylvester, Bishop Confidence: 0.3
Answer: Sylvester, Derived Name Confidence: 0.2",Pope Sylvester I,0.6,0.0,0,0
801,4hop1__88342_49853_128008_89859,When does the regular season of the league where the team with the most titles from the series after which the MLB MVP award is given out plays?,"March 29, 2018","Answer: April to October Confidence: 0.85 
Answer: March to September Confidence: 0.75 
Answer: April to September Confidence: 0.70 
Answer: March to October Confidence: 0.65 
Answer: May to October Confidence: 0.60",April to October,0.85,0.0,0,0
802,2hop__859431_18803,"In April 2010, what did the company owned by MV Macoma announce it was in the process of doing?",trying to find a potential buyer for all of its operations in Finland,"Answer: donating coral reef units Confidence: 0.9 
Answer: environmental initiative Confidence: 0.7 
Answer: reef restoration Confidence: 0.6 
Answer: coral gardening Confidence: 0.5 
Answer: eco project Confidence: 0.4",donating coral reef units,0.9,0.0,0,0
803,4hop1__3496_5274_458768_33677,When was the most recent Bicycle Friendly Community Award given to the city where the headquarters of the only group larger than the company BMG partnered with in 2005-07?,2013,"Answer: 2023 Confidence: 0.8 
Answer: 2022 Confidence: 0.6 
Answer: 2021 Confidence: 0.4 
Answer: 2020 Confidence: 0.3 
Answer: 2019 Confidence: 0.2",2023,0.8,0.0,0,0
804,2hop__24648_192417,What is the league of the Carolina Panthers an example of?,sports league,"Answer: NFL Confidence: 0.95 
Answer: National Football League Confidence: 0.90 
Answer: American Football Conference Confidence: 0.70 
Answer: NFC South Division Confidence: 0.65 
Answer: Professional sports league Confidence: 0.60",NFL,0.95,0.0,0,1
805,2hop__575797_91104,What is the experimental satellite that was the forerunner to communication satellite of the operator of INSAT-4CR called?,ATS - 6 (Applications Technology Satellite - 6),"Answer: APPLE Confidence: 0.9 
Answer: Aryabhata Confidence: 0.7 
Answer: Rohini Confidence: 0.6 
Answer: Bhaskara Confidence: 0.5 
Answer: SLV-3 Confidence: 0.4",APPLE,0.9,0.0,0,0
806,3hop1__305282_282081_73772,When was the start of the battle of the birthplace of the performer of III?,"December 14, 1814","Answer: June 17, 1775 Confidence: 0.6 
Answer: April 19, 1775 Confidence: 0.4 
Answer: April 18, 1775 Confidence: 0.2 
Answer: June 16, 1775 Confidence: 0.1 
Answer: September 1, 1774 Confidence: 0.05","June 17, 1775",0.6,0.0,0,0
807,3hop2__159979_30587_44003,Where does the ocean adjacent to Miami meet the ocean basin at where the tropical Storm Allison ended up?,through the Florida Straits,"Answer: Atlantic Ocean Confidence: 0.9 
Answer: Gulf of Mexico Confidence: 0.7 
Answer: Caribbean Sea Confidence: 0.5 
Answer: Florida Straits Confidence: 0.4 
Answer: Biscayne Bay Confidence: 0.3",Atlantic Ocean,0.9,0.0,0,0
808,2hop__131455_11960,What is the tallest building in the state where KZAR is located?,JPMorgan Chase Tower,"Answer: Salesforce Tower Confidence: 0.9  
Answer: Transamerica Pyramid Confidence: 0.8  
Answer: Bank of America Center Confidence: 0.7  
Answer: 555 California Street Confidence: 0.6  
Answer: Millennium Tower Confidence: 0.5",Salesforce Tower,0.9,0.4,0,0
809,4hop3__312119_132409_146285_35031,"Among the top five largest urban areas in the state where Getting Away with Murder's performer was formed, where does city in which Alexander Golitzen died rank?",third-largest,"Answer: 4th Confidence: 0.85
Answer: 5th Confidence: 0.75
Answer: 3rd Confidence: 0.65
Answer: 2nd Confidence: 0.55
Answer: 1st Confidence: 0.45",4th,0.85,0.0,0,0
810,2hop__153009_44880,Who is the mayor presiding now where Merrill Elam was born?,Lance Bottoms,"Answer: Andre Dickens Confidence: 0.8
Answer: Keisha Lance Bottoms Confidence: 0.6
Answer: Kasim Reed Confidence: 0.4
Answer: Shirley Franklin Confidence: 0.3
Answer: Bill Campbell Confidence: 0.2",Andre Dickens,0.8,0.0,0,0
811,3hop1__389069_132457_51423,What is the name of the castle in the city where the performer of Sleep is the Enemy was formed?,Casa Loma,"Answer: Slamannan Castle Confidence: 0.6  
Answer: Falkirk Castle Confidence: 0.5  
Answer: Castle Campbell Confidence: 0.4  
Answer: Stirling Castle Confidence: 0.3  
Answer: Callendar House Confidence: 0.2",Slamannan Castle,0.6,0.0,0,0
812,3hop1__617062_127905_46894,Who has the lowest batting average in the league that Jim Wilson's team plays for?,Bill Bergen,"Answer: Player X (placeholder for lowest average in Jim Wilson's league) Confidence: 0.5
Answer: Player Y (based on recent season stats within Jim Wilson's league) Confidence: 0.4
Answer: Player Z (if further season data indicates) Confidence: 0.3
Answer: Player A (historical lowest if data suggests) Confidence: 0.2
Answer: Player B (another possibility if team or league changes) Confidence: 0.1",Player X (placeholder for lowest average in Jim Wilson's league),0.5,0.0,0,0
813,3hop1__850160_15840_36002,What were the Genesis's advantage over the platform of Pictionary?,built on 16-bit architectures and offered improved graphics and sound,"Answer: Graphics capabilities Confidence: 0.7
Answer: Sound quality Confidence: 0.6
Answer: Processing power Confidence: 0.5
Answer: Game library range Confidence: 0.4
Answer: Multiplayer options Confidence: 0.3",Graphics capabilities,0.7,0.16666666666666669,0,0
814,2hop__656411_345851,"The singer, who starred in Shake It Up, signed to which record label?",Hollywood Records,"Answer: Hollywood Records Confidence: 0.9  
Answer: Republic Records Confidence: 0.6  
Answer: Island Records Confidence: 0.4  
Answer: Columbia Records Confidence: 0.3  
Answer: RCA Records Confidence: 0.2",Hollywood Records,0.9,1.0,1,1
815,3hop1__88707_91850_685675,On what team was the player who hit the first home run at the new location of NY Yankees home games?,New York Yankees,"Answer: Cleveland Indians Confidence: 0.9 
Answer: New York Yankees Confidence: 0.8 
Answer: Chicago Cubs Confidence: 0.5 
Answer: Boston Red Sox Confidence: 0.4 
Answer: Philadelphia Phillies Confidence: 0.3",Cleveland Indians,0.9,0.0,0,0
816,4hop3__31333_29339_508306_70744,Edwards won the primary in a state excluding the state that sent the most tourists in to Tennessee in 2013. Who has the most national championships between that state's university and Fort Hill's city's university?,University of South Carolina,"Answer: University of Alabama Confidence: 0.9 
Answer: Louisiana State University Confidence: 0.8 
Answer: University of Georgia Confidence: 0.7 
Answer: University of Florida Confidence: 0.5 
Answer: Clemson University Confidence: 0.4",University of Alabama,0.9,0.5714285714285715,0,0
817,2hop__373544_80420,Who was the first African American student at the university Robert Khayat was educated at?,James Howard Meredith,"Answer: James Meredith Confidence: 0.9 
Answer: Clyde Kennard Confidence: 0.6 
Answer: Autherine Lucy Confidence: 0.4 
Answer: Charlayne Hunter-Gault Confidence: 0.3 
Answer: Hamilton Holmes Confidence: 0.2",James Meredith,0.9,0.8,0,1
818,4hop1__88342_75218_128008_86588,What is the longest home run in the history of the league of the team that has played the most games in the competition they give out MVP awards after?,582 feet (177 m),"Answer: 575 feet Confidence: 0.7 
Answer: 582 feet Confidence: 0.6 
Answer: 467 feet Confidence: 0.5 
Answer: 500 feet Confidence: 0.4 
Answer: 565 feet Confidence: 0.3",575 feet,0.7,0.3333333333333333,0,0
819,3hop1__131783_131926_90707,Where does the body of water by the city where The Minikahda Club is located and the Ohio River meet?,"at the city of Cairo, Illinois","Answer: Cairo, Illinois Confidence: 0.85 
Answer: Metropolis, Illinois Confidence: 0.60 
Answer: Paducah, Kentucky Confidence: 0.50 
Answer: Wickliffe, Kentucky Confidence: 0.40 
Answer: Mound City, Illinois Confidence: 0.35","Cairo, Illinois",0.85,0.5714285714285715,0,1
820,2hop__216535_370666,In what city is Alain Lascoux's employer located?,Tianjin,"Answer: Paris Confidence: 0.9  
Answer: Lyon Confidence: 0.6  
Answer: Toulouse Confidence: 0.4  
Answer: Marseille Confidence: 0.3  
Answer: Strasbourg Confidence: 0.2",Paris,0.9,0.0,0,0
821,2hop__215124_83837,Who sings Home Alone Tonight with the Rain is a Good Thing singer?,Karen Fairchild,"Answer: Karen Fairchild Confidence: 1.0
Answer: Hillary Scott Confidence: 0.7
Answer: Miranda Lambert Confidence: 0.6
Answer: Kelsea Ballerini Confidence: 0.5
Answer: Carrie Underwood Confidence: 0.4",Karen Fairchild,1.0,1.0,1,1
822,2hop__48481_319887,Where was the actor who plays Kurt in Daddy's Home 2 educated?,National Institute of Dramatic Art,"Answer: Boston University Confidence: 0.8
Answer: Tufts University Confidence: 0.7
Answer: New York University Confidence: 0.5
Answer: Harvard University Confidence: 0.4
Answer: University of Southern California Confidence: 0.3",Boston University,0.8,0.0,0,0
823,2hop__391857_162018,What year did the author of Prince Prigio die?,1912,"Answer: 1904 Confidence: 0.9
Answer: 1903 Confidence: 0.7
Answer: 1902 Confidence: 0.5
Answer: 1910 Confidence: 0.4
Answer: 1895 Confidence: 0.3",1904,0.9,0.0,0,0
824,2hop__569582_304416,What record label is the performer of Almost Made Ya signed to?,Derrty Entertainment,"Answer: RCA Records Confidence: 0.7 
Answer: Columbia Records Confidence: 0.6 
Answer: Republic Records Confidence: 0.5 
Answer: Atlantic Records Confidence: 0.4 
Answer: Interscope Records Confidence: 0.3",RCA Records,0.7,0.0,0,0
825,3hop2__222979_132628_40768,"When did the company that built VTEC, the owner of Scion, and Nissan open US Assembly plants?",1981,"Answer: 1982 Confidence: 0.7
Answer: 2003 Confidence: 0.6
Answer: 1983 Confidence: 0.5
Answer: 2001 Confidence: 0.5
Answer: 1985 Confidence: 0.4",1982,0.7,0.0,0,0
826,2hop__132954_533882,What company was formed after a merger of the company that built ASM-N-5 Gorgon V?,Martin Marietta,"Answer: Hughes Aircraft Company Confidence: 0.7 
Answer: Raytheon Confidence: 0.5 
Answer: General Dynamics Confidence: 0.4 
Answer: Northrop Grumman Confidence: 0.3 
Answer: Lockheed Martin Confidence: 0.2",Hughes Aircraft Company,0.7,0.0,0,0
827,2hop__713299_55227,Who plays the wife of a Here Comes the Boom cast member in the movie Grown Ups?,Maria Bello,"Answer: Salma Hayek Confidence: 0.9  
Answer: Maria Bello Confidence: 0.7  
Answer: Maya Rudolph Confidence: 0.6  
Answer: Joyce Van Patten Confidence: 0.4  
Answer: Madison Riley Confidence: 0.3",Salma Hayek,0.9,0.0,0,0
828,2hop__58939_213732,Who is the child of Obama's opponent in his first election?,Meghan McCain,"Answer: Meghan McCain Confidence: 0.8 
Answer: Bridget McCain Confidence: 0.6 
Answer: John McCain Jr. Confidence: 0.4 
Answer: Andrew McCain Confidence: 0.3 
Answer: Sidney McCain Confidence: 0.3",Meghan McCain,0.8,1.0,1,1
829,2hop__68162_482364,Who was the father of the leader of the Argonauts in the search for the golden fleece?,Aeson,"Answer: Aeson Confidence: 0.9 
Answer: Cretheus Confidence: 0.6 
Answer: Athamas Confidence: 0.4 
Answer: Pelias Confidence: 0.3 
Answer: Tyro Confidence: 0.2",Aeson,0.9,1.0,1,1
830,2hop__726892_131968,Which is the body of water by Leo Bennett's place of death?,River Thames,"Answer: Hudson River Confidence: 0.8
Answer: Atlantic Ocean Confidence: 0.6
Answer: Long Island Sound Confidence: 0.5
Answer: East River Confidence: 0.4
Answer: Jamaica Bay Confidence: 0.3",Hudson River,0.8,0.5,0,0
831,3hop1__77966_91191_156667,Who was the spouse of the first convert to the faith that is the most common religion in Lebanon?,Khawlah bint Ja'far,"Answer: Khadijah bint Khuwaylid Confidence: 0.9 
Answer: Aisha bint Abi Bakr Confidence: 0.5 
Answer: Fatimah bint Muhammad Confidence: 0.3 
Answer: Sawda bint Zamʿa Confidence: 0.2 
Answer: Hafsa bint Umar Confidence: 0.1",Khadijah bint Khuwaylid,0.9,0.3333333333333333,0,0
832,3hop2__87184_92991_76291,When did the party that controls the House of Representatives take control of the branch who determines the rules of the US house and Senate?,January 2015,"Answer: 1931 Confidence: 0.7  
Answer: 1955 Confidence: 0.6  
Answer: 1995 Confidence: 0.5  
Answer: 2007 Confidence: 0.4  
Answer: 2019 Confidence: 0.3",1931,0.7,0.0,0,0
833,2hop__135993_160249,In which years did the war with the person who the Ioannina National Airport is name after occur?,323–272 BC,"Answer: 1821-1832 Confidence: 0.8
Answer: 1822-1822 Confidence: 0.7
Answer: 1715-1718 Confidence: 0.5
Answer: 1804-1813 Confidence: 0.4
Answer: 1912-1913 Confidence: 0.3",1821-1832,0.8,0.0,0,0
834,3hop1__140786_2053_5289,"What UK label was bought by the major broadcaster that, along with ABC and the network of the show Just Men!?, is based in New York?",Oriole Records.,"Answer: RSO Records Confidence: 0.7 
Answer: Island Records Confidence: 0.6 
Answer: Chrysalis Records Confidence: 0.5 
Answer: Virgin Records Confidence: 0.4 
Answer: EMI Records Confidence: 0.3",RSO Records,0.7,0.5,0,0
835,3hop2__57233_105140_56883,"During the war in which The Things They Carried is set, when was conscription introduced by the country where the film Grievous Bodily Harm was later released?",1964,"Answer: 1964 Confidence: 0.9 
Answer: 1965 Confidence: 0.8 
Answer: 1966 Confidence: 0.7 
Answer: 1962 Confidence: 0.6 
Answer: 1970 Confidence: 0.5",1964,0.9,1.0,1,1
836,3hop2__89048_860687_66294,Who played who sang is she really going out with him in the performer of The One movie?,Lawrence Hilton - Jacobs,"Answer: Joe Jackson Confidence: 0.8 
Answer: Jet Li Confidence: 0.5 
Answer: Jason Statham Confidence: 0.4 
Answer: Carla Gugino Confidence: 0.2 
Answer: Delroy Lindo Confidence: 0.1",Joe Jackson,0.8,0.0,0,0
837,4hop3__129754_29339_508306_70744,"Who has more national championships than the school with Fort Hill or the facility in the location Edwards won the primary, but not the state with the 404 area code?",University of South Carolina,"Answer: Alabama Confidence: 0.7
Answer: UCLA Confidence: 0.6
Answer: Notre Dame Confidence: 0.5
Answer: University of Southern California Confidence: 0.4
Answer: Oklahoma Confidence: 0.3",Alabama,0.7,0.0,0,0
838,3hop1__139773_88110_21193,What compression method is part of the CAB format used by one of the original partners in the TV channel that hosts Rachel Maddow's show?,LZX,"Answer: MSZIP Confidence: 0.9 
Answer: LZX Confidence: 0.8 
Answer: Quantum Confidence: 0.7 
Answer: LZ77 Confidence: 0.6 
Answer: DEFLATE Confidence: 0.5",MSZIP,0.9,0.0,0,0
839,2hop__28203_55840,Who played king whose regal Name did Albert Adopt in the king's speech?,Colin Firth,"Answer: Colin Firth Confidence: 0.9 
Answer: Geoffrey Rush Confidence: 0.7 
Answer: Derek Jacobi Confidence: 0.6 
Answer: Helena Bonham Carter Confidence: 0.3 
Answer: Michael Gambon Confidence: 0.2",Colin Firth,0.9,1.0,1,1
840,3hop2__304722_740784_63959,When was the last time Krystian Pearce's sports team beat the winner of the 1894-95 FA Cup?,1 December 2010,"Answer: January 2020 Confidence: 0.7 
Answer: January 2019 Confidence: 0.6 
Answer: December 2018 Confidence: 0.5 
Answer: February 2020 Confidence: 0.4 
Answer: February 2019 Confidence: 0.3",January 2020,0.7,0.0,0,0
841,3hop1__756602_831637_91775,What does seal stand for in the U.S. military branch that operates a list of destroyer classes as well as the USS Jason?,"Sea, Air, and Land","Answer: Sea, Air, and Land Confidence: 0.9 
Answer: Special Operations Confidence: 0.7 
Answer: Special Warfare Confidence: 0.6 
Answer: Sea Air Land Teams Confidence: 0.5 
Answer: SEa Air Land Forces Confidence: 0.4","Sea, Air, and Land",0.9,1.0,1,1
842,3hop2__304722_230978_63959,When was the last time the team Matthew Webb was a member of beat the winner of the 1894-95 FA Cup?,1 December 2010,"Answer: Not applicable Confidence: 0.8 
Answer: Never Confidence: 0.7 
Answer: No recorded match Confidence: 0.6 
Answer: Unknown Confidence: 0.5 
Answer: Insufficient data Confidence: 0.4",Not applicable,0.8,0.0,0,0
843,2hop__564984_139312,"The author of the novel ""2030"" was nominated for what award for his role in ""Broadcast News""?",Academy Award for Best Supporting Actor,"Answer: Academy Award Confidence: 0.9 
Answer: Golden Globe Award Confidence: 0.8 
Answer: BAFTA Award Confidence: 0.6 
Answer: Emmy Award Confidence: 0.5 
Answer: SAG Award Confidence: 0.4",Academy Award,0.9,0.5,0,1
844,2hop__123545_47134,Who is the mascot of the university related to Randy Conrads?,Benny Beaver,"Answer: Husky Confidence: 0.8
Answer: Hawk Confidence: 0.5
Answer: Eagle Confidence: 0.4
Answer: Cougar Confidence: 0.3
Answer: Bronco Confidence: 0.2",Husky,0.8,0.0,0,0
845,4hop3__813358_24325_125104_10557,"The carnival in the town where Jean Mathonet died is rooted in a European culture. In Rotrude's father's era, the language of that culture was later known by what name?",Medieval Latin,"Answer: Walloon Confidence: 0.8 
Answer: Old French Confidence: 0.6 
Answer: Picard Confidence: 0.4 
Answer: Latin Confidence: 0.3 
Answer: Flemish Confidence: 0.2",Walloon,0.8,0.0,0,0
846,3hop1__140786_2053_52946,"When is Celebrity Big Brother coming to the broadcast company that, along with the network of Just Men!?, and ABC, is one of the major broadcasters based in New York?","February 7, 2018","Answer: February 2024 Confidence: 0.8  
Answer: January 2024 Confidence: 0.75  
Answer: March 2024 Confidence: 0.65  
Answer: December 2023 Confidence: 0.5  
Answer: November 2023 Confidence: 0.45",February 2024,0.8,0.4,0,0
847,2hop__161507_77849,Who is the newly elected Chief Justice of the country where Masherbrum is located?,Mian Saqib Nisar,"Answer: Qazi Faez Isa Confidence: 0.8 
Answer: Asif Saeed Khosa Confidence: 0.6 
Answer: Gulzar Ahmed Confidence: 0.4 
Answer: Mian Saqib Nisar Confidence: 0.3 
Answer: Tassaduq Hussain Jillani Confidence: 0.2",Qazi Faez Isa,0.8,0.0,0,0
848,2hop__705035_152093,What label is responsible for the performer of Crazy Love?,Fair Trade Services,"Answer: 143 Records Confidence: 0.8
Answer: Capitol Records Confidence: 0.6
Answer: Mercury Nashville Confidence: 0.4
Answer: Warner Bros. Records Confidence: 0.3
Answer: Columbia Records Confidence: 0.2",143 Records,0.8,0.0,0,0
849,2hop__807257_590611,Who is a cast member of the show that contains the character Michael Knight?,Deanna Russo,"Answer: David Hasselhoff Confidence: 0.9
Answer: Patricia McPherson Confidence: 0.6
Answer: Edward Mulhare Confidence: 0.5
Answer: Rebecca Holden Confidence: 0.4
Answer: Peter Parros Confidence: 0.3",David Hasselhoff,0.9,0.0,0,0
850,3hop2__69814_76873_64554,"After the war that provides the setting for Memoirs of a Geisha, a conflict in which Germany was divided into two countries, developed between the U.S. and what nation?",Union of Soviet Socialist Republics,"Answer: Soviet Union Confidence: 0.95  
Answer: Russia Confidence: 0.75  
Answer: USSR Confidence: 0.70  
Answer: China Confidence: 0.60  
Answer: North Korea Confidence: 0.40",Soviet Union,0.95,0.5714285714285715,0,1
851,2hop__283_574195,Where was the person who said she is the reigning national voice educated?,National Institute of Dramatic Art,"Answer: University of Houston Confidence: 0.7
Answer: Juilliard School Confidence: 0.6
Answer: Berklee College of Music Confidence: 0.5
Answer: New York University Confidence: 0.4
Answer: Yale School of Drama Confidence: 0.3",University of Houston,0.7,0.25,0,0
852,3hop1__426806_42197_18397,Where did who argued that the country of citizenship of Victor Denisov had itself beome an imperialist power declare that he would intervene in the Korean conflict?,the Politburo,"Answer: Stockholm, Georgy Malenkov Confidence: 0.7 
Answer: Moscow, Georgy Malenkov Confidence: 0.65 
Answer: New York, Georgy Malenkov Confidence: 0.6 
Answer: London, Georgy Malenkov Confidence: 0.55 
Answer: Beijing, Georgy Malenkov Confidence: 0.5","Stockholm, Georgy Malenkov",0.7,0.0,0,0
853,2hop__144150_82341,In what part of Florida is Tom Denney's birthplace located?,in Northern Florida,"Answer: Gainesville Confidence: 0.7
Answer: Alachua County Confidence: 0.5
Answer: Northern Florida Confidence: 0.4
Answer: Central Florida Confidence: 0.3
Answer: Panhandle Confidence: 0.2",Gainesville,0.7,0.0,0,1
854,3hop1__579562_629431_64412,When did the city where the author of Pacem in Terris died become its own country?,11 February 1929,"Answer: 1929 Confidence: 0.95
Answer: 1870 Confidence: 0.70
Answer: 1946 Confidence: 0.50
Answer: 1799 Confidence: 0.30
Answer: 1815 Confidence: 0.20",1929,0.95,0.5,0,1
855,3hop2__132957_132968_40768,"When did the maker of Acura Legend, the company that makes Daihatsu Charmant, and Nissan open US assembly plants?",1981,"Answer: 1982 Confidence: 0.9 
Answer: 1983 Confidence: 0.85 
Answer: 1984 Confidence: 0.75 
Answer: 1985 Confidence: 0.65 
Answer: 1986 Confidence: 0.6",1982,0.9,0.0,0,0
856,2hop__20433_157939,What year was the waterfowl character with his own series of satirical comic books created?,1986,"Answer: 1973 Confidence: 0.9 
Answer: 1974 Confidence: 0.7 
Answer: 1975 Confidence: 0.6 
Answer: 1976 Confidence: 0.5 
Answer: 1972 Confidence: 0.4",1973,0.9,0.0,0,0
857,2hop__753260_71701,When did the Japanese get to Liang Jiahong's birthplace and the rest of Guangdong?,November 5,"Answer: 1938 Confidence: 0.9
Answer: 1939 Confidence: 0.7
Answer: 1940 Confidence: 0.6
Answer: 1941 Confidence: 0.5
Answer: 1942 Confidence: 0.4",1938,0.9,0.0,0,0
858,3hop2__565959_223623_162182,In what region of the country containing Mount Can is the birthplace of John Phan located?,South Central Coast,"Answer: Poway, California Confidence: 0.85 
Answer: San Diego County Confidence: 0.75 
Answer: Southern California Confidence: 0.70 
Answer: Western USA Confidence: 0.60 
Answer: USA Confidence: 0.50","Poway, California",0.85,0.0,0,0
859,2hop__61143_165532,Who is the spouse of the actor who played hannibal smith in the a team?,Sherry Boucher,"Answer: Sheila Rogers Confidence: 0.9
Answer: Elizabeth Rogers Confidence: 0.8
Answer: None (divorced or not married) Confidence: 0.6
Answer: Nancy Omahle Confidence: 0.5
Answer: Catherine Bach Confidence: 0.4",Sheila Rogers,0.9,0.0,0,0
860,2hop__269659_722575,What company owns the owner of National Observer?,News Corp,"Answer: Postmedia Network Canada Corp. Confidence: 0.9
Answer: Torstar Corporation Confidence: 0.3
Answer: Bell Canada Enterprises (BCE) Confidence: 0.2
Answer: Rogers Communications Confidence: 0.1
Answer: Black Press Group Ltd. Confidence: 0.05",Postmedia Network Canada Corp.,0.9,0.3333333333333333,0,0
861,3hop1__573244_339990_15538,When did the state where Kashinka Hollow is located in reinstate the death penalty?,1984,"Answer: 1976 Confidence: 0.8
Answer: 1977 Confidence: 0.6
Answer: 1978 Confidence: 0.4
Answer: 1980 Confidence: 0.3
Answer: 1985 Confidence: 0.2",1976,0.8,0.0,0,0
862,2hop__512773_346751,Bancroft's county borders what county?,Haliburton County,"Answer: Yolo County Confidence: 0.7 
Answer: Sacramento County Confidence: 0.6 
Answer: Solano County Confidence: 0.5 
Answer: El Dorado County Confidence: 0.4 
Answer: Placer County Confidence: 0.3",Yolo County,0.7,0.5,0,0
863,2hop__267938_92763,What is the enrollment at Jack Clay's employer?,"16,801","Answer: 3,000 students Confidence: 0.7 
Answer: 5,000 students Confidence: 0.6 
Answer: 2,500 students Confidence: 0.5 
Answer: 10,000 students Confidence: 0.4 
Answer: 7,000 students Confidence: 0.3","3,000 students",0.7,0.0,0,0
864,2hop__511296_2684,What was the name of the law passed by the actor from Terminator?,"""Donda West Law""","Answer: Governator's law Confidence: 0.8
Answer: California Global Warming Solutions Act Confidence: 0.7
Answer: AB 32 Confidence: 0.6
Answer: California Clean Air Act Confidence: 0.5
Answer: Global Warming Solutions Act of 2006 Confidence: 0.4",Governator's law,0.8,0.4,0,0
865,2hop__580231_162399,When did the father of Dahyabhai Patel die?,15 December 1950,"Answer: 1933 Confidence: 0.9
Answer: 1934 Confidence: 0.7
Answer: 1932 Confidence: 0.5
Answer: 1935 Confidence: 0.4
Answer: 1936 Confidence: 0.3",1933,0.9,0.0,0,0
866,4hop1__88342_75218_128008_80487,When is the all-star game of the league whose member played in the most championship series which proceed the MVP award?,"July 11, 2017","Answer: July 2023 Confidence: 0.6 
Answer: February 2024 Confidence: 0.5 
Answer: July 2022 Confidence: 0.4 
Answer: February 2023 Confidence: 0.3 
Answer: July 2024 Confidence: 0.2",July 2023,0.6,0.4,0,0
867,2hop__549146_223121,What record label did the person who is part of The Bruce Lee Band start?,Asian Man Records,"Answer: Asian Man Records Confidence: 0.9 
Answer: 924 Records Confidence: 0.7 
Answer: Pure Noise Records Confidence: 0.5 
Answer: Kung Fu Records Confidence: 0.4 
Answer: Fueled By Ramen Confidence: 0.3",Asian Man Records,0.9,1.0,1,1
868,4hop3__839787_88460_30152_20999,How were the same people who the Somali Muslim Ajuran Empire declared independence from expelled from the natural boundary between Thailand and the country where Sepon mine is found?,The dynasty regrouped and defeated the Portuguese,"Answer: French colonialists Confidence: 0.8 
Answer: French Confidence: 0.7 
Answer: France Confidence: 0.6 
Answer: Colonial France Confidence: 0.5 
Answer: European colonizers Confidence: 0.4",French colonialists,0.8,0.0,0,0
869,2hop__29368_29376,What event caused the founder of Australia's liberal party to become Prime Minister?,Lyons' death in 1939,"Answer: 1949 election win Confidence: 0.9 
Answer: Liberal-Country coalition victory Confidence: 0.8 
Answer: End of Chifley government Confidence: 0.7 
Answer: Menzies' leadership campaign Confidence: 0.6 
Answer: Policy reform wins Confidence: 0.5",1949 election win,0.9,0.0,0,0
870,4hop1__767417_624859_355213_203322,What county shares a border with the county where the performer of Change of Heart was born?,Cabarrus County,"Answer: Onondaga County Confidence: 0.8
Answer: Madison County Confidence: 0.6
Answer: Oswego County Confidence: 0.5
Answer: Cayuga County Confidence: 0.4
Answer: Cortland County Confidence: 0.3",Onondaga County,0.8,0.5,0,0
871,2hop__503085_110222,When was the painter of Femme nue couchée born?,10 June 1819,"Answer: 1904 Confidence: 0.9 
Answer: 1903 Confidence: 0.6 
Answer: 1905 Confidence: 0.5 
Answer: 1906 Confidence: 0.4 
Answer: 1902 Confidence: 0.3",1904,0.9,0.0,0,0
872,3hop1__320697_547811_41132,How many times did plague occur in the birth city of the composer of Nulla in mundo pax sincera?,22,"Answer: 2 Confidence: 0.7 
Answer: 3 Confidence: 0.6 
Answer: 1 Confidence: 0.5 
Answer: 4 Confidence: 0.4 
Answer: 5 Confidence: 0.3",2,0.7,0.0,0,0
873,4hop1__151650_5274_458768_33632,What day is the Feast in the city where the headquarters of the only group larger than Desde El Principio's record label held on?,May 4,"Answer: September 7th Confidence: 0.8 
Answer: September 15th Confidence: 0.6 
Answer: August 25th Confidence: 0.5 
Answer: December 12th Confidence: 0.4 
Answer: November 20th Confidence: 0.3",September 7th,0.8,0.0,0,0
874,2hop__41158_35124,How many books were said to have been written by the person who proposed explanations for the origins of earthquakes and the formation of mountains?,450,"Answer: 200 Confidence: 0.8 
Answer: 83 Confidence: 0.6 
Answer: 50 Confidence: 0.4 
Answer: 52 Confidence: 0.3 
Answer: 90 Confidence: 0.2",200,0.8,0.0,0,0
875,3hop1__354480_834494_34099,How long are the city council terms in the city that is in the same county as Eric Marcus Municipal Airport?,four-year,"Answer: 4 years Confidence: 0.7 
Answer: 2 years Confidence: 0.5 
Answer: 3 years Confidence: 0.4 
Answer: 5 years Confidence: 0.3 
Answer: 6 years Confidence: 0.2",4 years,0.7,0.0,0,1
876,4hop2__71753_729371_70784_79935,When was the region that lies to the north of where Israel is located and the location of Operation Earnest Will established?,1930,"Answer: 1991 Confidence: 0.75 
Answer: 1946 Confidence: 0.65 
Answer: 1971 Confidence: 0.55 
Answer: 1961 Confidence: 0.45 
Answer: 1945 Confidence: 0.35",1991,0.75,0.0,0,0
877,2hop__7906_78851,Which professional sports team would you not see play a home game where Jim Foster came up with the idea for arena football?,Brooklyn Nets NBA,"Answer: Chicago Bears Confidence: 0.8 
Answer: Chicago Bulls Confidence: 0.7 
Answer: Chicago Blackhawks Confidence: 0.6 
Answer: Chicago White Sox Confidence: 0.5 
Answer: Chicago Cubs Confidence: 0.4",Chicago Bears,0.8,0.0,0,0
878,2hop__249867_557232,Which country is the Desert Forest Golf Club located in?,Maricopa County,"Answer: USA Confidence: 0.9 
Answer: United Arab Emirates Confidence: 0.3 
Answer: Australia Confidence: 0.2 
Answer: Mexico Confidence: 0.1 
Answer: Canada Confidence: 0.1",USA,0.9,0.0,0,0
879,2hop__204493_69048,Who is the chief judge of Fred Aghogho Brume's birthplace?,Honorable Justice Abiodun Smith,"Answer: John Tosho Confidence: 0.7
Answer: Ayo Salami Confidence: 0.6
Answer: Monica Dongban-Mensem Confidence: 0.5
Answer: Danladi Umar Confidence: 0.4
Answer: Ibrahim Saulawa Confidence: 0.3",John Tosho,0.7,0.0,0,0
880,3hop1__90327_83076_319330,Who is the child of the president who suffered a major defeat when the body which approves members of the American cabinet refused to ratify the Versailles treaty?,Jessie Woodrow Wilson,"Answer: Woodrow Wilson's child Confidence: 0.9
Answer: Jessie Woodrow Wilson Sayre Confidence: 0.7
Answer: Margaret Woodrow Wilson Confidence: 0.6
Answer: Eleanor Wilson McAdoo Confidence: 0.5
Answer: Francis Sayre Confidence: 0.4",Woodrow Wilson's child,0.9,0.3333333333333333,0,1
881,3hop1__285585_538202_84283,Who is the owner of the record label of the performer of Groovy Little Summer Song?,Warner Music Group,"Answer: Universal Music Group Confidence: 0.8 
Answer: Sony Music Entertainment Confidence: 0.6 
Answer: Warner Music Group Confidence: 0.5 
Answer: BMG Rights Management Confidence: 0.4 
Answer: Capitol Records Confidence: 0.3",Universal Music Group,0.8,0.6666666666666666,0,0
882,2hop__243084_523417,What is the anime that has Seta Sōjirō an instance of?,OVA,"Answer: Rurouni Kenshin Confidence: 0.95 
Answer: Samurai X Confidence: 0.60 
Answer: Kenshin the Wanderer Confidence: 0.50 
Answer: Meiji Swordsman Romantic Story Confidence: 0.40 
Answer: Swordsman in the Meiji Restoration Confidence: 0.30",Rurouni Kenshin,0.95,0.0,0,0
883,3hop1__390673_228453_10972,When did the headquarters city of Kentucky Tavern's manufacturer elect its first black mayor?,1970s,"Answer: 1977 Confidence: 0.9 
Answer: 1993 Confidence: 0.7 
Answer: 1985 Confidence: 0.5 
Answer: 2000 Confidence: 0.3 
Answer: 1979 Confidence: 0.2",1977,0.9,0.0,0,1
884,2hop__669837_31270,How far from Nashville in miles is the place of death of Felix Ives Batson?,45,"Answer: Memphis, TN; 230 miles Confidence: 0.9 
Answer: Nashville, TN; 0 miles Confidence: 0.4 
Answer: Chattanooga, TN; 130 miles Confidence: 0.3 
Answer: Knoxville, TN; 180 miles Confidence: 0.2 
Answer: Jackson, TN; 120 miles Confidence: 0.1","Memphis, TN; 230 miles",0.9,0.0,0,0
885,2hop__203437_152093,What label was responsible for the performer of Live Life Loud?,Fair Trade Services,"Answer: Tooth & Nail Records Confidence: 0.9
Answer: BEC Recordings Confidence: 0.7
Answer: Capitol Christian Music Group Confidence: 0.5
Answer: Solid State Records Confidence: 0.3
Answer: EMI CMG Label Group Confidence: 0.2",Tooth & Nail Records,0.9,0.0,0,0
886,2hop__519160_78303,"What was the name of Forced Vengeance's producer in Walker, Texas Ranger?",Cordell Walker,"Answer: Chuck Norris Confidence: 0.8 
Answer: Norris Brothers Entertainment Confidence: 0.6 
Answer: Aaron Norris Confidence: 0.4 
Answer: Leslie Greif Confidence: 0.3 
Answer: Ben Halperin Confidence: 0.2",Chuck Norris,0.8,0.0,0,0
887,2hop__124592_402641,Who is the other child of Chian Hsiao-chang's father?,Chiang Hsiao-wu,"Answer: Chian Hsiao-chang's sibling Confidence: 0.4
Answer: Chian Hsiao-chang's brother Confidence: 0.3
Answer: Chian Hsiao-chang's sister Confidence: 0.2
Answer: Unknown sibling Confidence: 0.1
Answer: Another child Confidence: 0.05",Chian Hsiao-chang's sibling,0.4,0.0,0,0
888,3hop1__103890_10659_23296,"After the Nazis, who invaded the country where, along with the nation that Ágnes Konkoly is from, many expelled French Jews relocated to?",Soviet,"Answer: Soviet Union Confidence: 0.8 
Answer: United States Confidence: 0.6 
Answer: United Kingdom Confidence: 0.5 
Answer: Israel Confidence: 0.4 
Answer: Canada Confidence: 0.3",Soviet Union,0.8,0.6666666666666666,0,1
889,2hop__45126_807969,Which team is the highest goal scorer in EPL this season a member of?,Egypt national football team,"Answer: Manchester City Confidence: 0.9
Answer: Liverpool Confidence: 0.7
Answer: Arsenal Confidence: 0.6
Answer: Tottenham Hotspur Confidence: 0.5
Answer: Chelsea Confidence: 0.4",Manchester City,0.9,0.0,0,0
890,2hop__73760_712629,Who is the spouse of the individual who lives in the houses in Windsor Castle?,Philip Mountbatten,"Answer: Prince Philip Confidence: 0.8 
Answer: Prince Albert Confidence: 0.6 
Answer: Queen Elizabeth II Confidence: 0.4 
Answer: Meghan Markle Confidence: 0.3 
Answer: Prince Harry Confidence: 0.2",Prince Philip,0.8,0.5,0,1
891,3hop1__639955_834494_33939,What was the 1900 population of the city located within the county that also contains Helvetia?,"7,531","Answer: 90,426 Confidence: 0.8  
Answer: 50,838 Confidence: 0.6  
Answer: 55,542 Confidence: 0.4  
Answer: 41,340 Confidence: 0.2  
Answer: 40,940 Confidence: 0.1","90,426",0.8,0.0,0,0
892,3hop1__30240_740597_41132,How many times did plague occur in the birthplace of the person who used the spice route that the Ottoman Empire controlled?,22,"Answer: 3 Confidence: 0.7 
Answer: 2 Confidence: 0.6 
Answer: 4 Confidence: 0.5 
Answer: 5 Confidence: 0.4 
Answer: 1 Confidence: 0.3",3,0.7,0.0,0,0
893,3hop1__106042_64399_59680,"How many Stations of the Cross happened in the city originating Christianity in Rome, Egypt, Judea and the country for Vasilopita?",fourteen,"Answer: 14 Confidence: 0.8 
Answer: 0 Confidence: 0.3 
Answer: 15 Confidence: 0.2 
Answer: 13 Confidence: 0.1 
Answer: 12 Confidence: 0.1",14,0.8,0.0,0,1
894,3hop1__243276_42197_18397,Where did the arguer that Norair Sisakian's country of citizenship had itself become an imperialist power declare he would intervene in the Korean conflict?,the Politburo,"Answer: India Confidence: 0.7 
Answer: United Nations Confidence: 0.6 
Answer: Soviet Union Confidence: 0.5 
Answer: China Confidence: 0.4 
Answer: North Korea Confidence: 0.3",India,0.7,0.0,0,0
895,2hop__157737_46621,When was the celestial body that all objects focus on according to Kepler's laws discovered to be the center of the solar system?,as early as the 3rd century BC,"Answer: 1543 Confidence: 0.9  
Answer: 1610 Confidence: 0.6  
Answer: 1540s Confidence: 0.3  
Answer: 17th century Confidence: 0.2  
Answer: 1500s Confidence: 0.1",1543,0.9,0.0,0,0
896,3hop1__818422_160545_62931,What part of the country that includes the birth city of Beatrice Heuser was the film The Beach filmed?,island Koh Phi Phi,"Answer: Southern Thailand Confidence: 0.7 
Answer: Phi Phi Islands Confidence: 0.6 
Answer: Krabi Confidence: 0.5 
Answer: Phuket Confidence: 0.4 
Answer: Bangkok area Confidence: 0.3",Southern Thailand,0.7,0.0,0,1
897,4hop3__827497_354093_254885_76356,The Pee Dee River leads to a bay which leads to an ocean. Who led an attempt to link that ocean with the Pacific via a canal through the continental region containing the El Valle volcano?,Ferdinand de Lesseps,"Answer: Ferdinand de Lesseps Confidence: 0.9  
Answer: Theodore Roosevelt Confidence: 0.7  
Answer: Philippe Bunau-Varilla Confidence: 0.5  
Answer: William Howard Taft Confidence: 0.3  
Answer: George Washington Goethals Confidence: 0.2",Ferdinand de Lesseps,0.9,1.0,1,1
898,3hop1__354480_834494_34088,Where do they hold NASCAR races in the city that is in the same county as the Eric Marcus Municipal Airport?,Tucson Raceway Park,"Answer: Rockingham Speedway Confidence: 0.8
Answer: Martinsville Speedway Confidence: 0.6
Answer: Charlotte Motor Speedway Confidence: 0.4
Answer: Darlington Raceway Confidence: 0.3
Answer: Bristol Motor Speedway Confidence: 0.2",Rockingham Speedway,0.8,0.0,0,0
899,2hop__87053_319330,Who was the child of the 28th U.S. president?,Jessie Woodrow Wilson,"Answer: Margaret Woodrow Wilson Confidence: 0.9
Answer: Jessie Woodrow Wilson Sayre Confidence: 0.85
Answer: Eleanor Wilson McAdoo Confidence: 0.85
Answer: Francis Woodrow Wilson Confidence: 0.4
Answer: William Gibbs McAdoo Jr. Confidence: 0.3",Margaret Woodrow Wilson,0.9,0.6666666666666666,0,0
900,2hop__133102_417697,What is the model of the vehicle of Mohammed Atta from the company that makes Datsun DC-3?,Nissan Altima,"Answer: Nissan Altima Confidence: 0.8
Answer: Nissan Sentra Confidence: 0.6
Answer: Nissan Maxima Confidence: 0.4
Answer: Nissan Pathfinder Confidence: 0.3
Answer: Nissan Frontier Confidence: 0.2",Nissan Altima,0.8,1.0,1,1
901,2hop__244193_461106,What movement does the creator of the Washington Monument belong to?,Greek Revival,"Answer: Neoclassicism Confidence: 0.7 
Answer: American Renaissance Confidence: 0.65 
Answer: Classical Revival Confidence: 0.6 
Answer: Federal Style Confidence: 0.55 
Answer: Romanticism Confidence: 0.5",Neoclassicism,0.7,0.0,0,0
902,3hop1__742780_567566_84283,Who owns the record label where the singer of All Right records?,Warner Music Group,"Answer: Sony Music Entertainment Confidence: 0.6
Answer: Universal Music Group Confidence: 0.4
Answer: Warner Music Group Confidence: 0.3
Answer: Interscope Records Confidence: 0.3
Answer: Columbia Records Confidence: 0.3",Sony Music Entertainment,0.6,0.3333333333333333,0,0
903,3hop1__119402_102039_158266,What is the leading ballet company in the country where the discoverer of C/2014 Q2 (Lovejoy) is a citizen?,The Australian Ballet,"Answer: The Australian Ballet Confidence: 0.9
Answer: Queensland Ballet Confidence: 0.6
Answer: West Australian Ballet Confidence: 0.5
Answer: Sydney Dance Company Confidence: 0.4
Answer: Bangarra Dance Theatre Confidence: 0.3",The Australian Ballet,0.9,1.0,1,1
904,3hop1__222979_40769_64047,When did the RX 350 from the Scion owner's luxury division change body style?,Sales began worldwide in April 2012,"Answer: 2016 Confidence: 0.8 
Answer: 2015 Confidence: 0.7 
Answer: 2019 Confidence: 0.6 
Answer: 2018 Confidence: 0.5 
Answer: 2017 Confidence: 0.4",2016,0.8,0.0,0,0
905,2hop__613959_135844,Who is the city that AvtoVAZ's headquarters is located in named after?,Palmiro Togliatti,"Answer: Peter the Great Confidence: 0.9 
Answer: Togliatti Confidence: 0.8 
Answer: Lenin Confidence: 0.6 
Answer: Stalin Confidence: 0.4 
Answer: Brezhnev Confidence: 0.3",Peter the Great,0.9,0.0,0,0
906,2hop__158275_35739,When was one internet browser's version of Windows 8 made accessible?,September 2013,"Answer: October 17, 2013 Confidence: 0.8 
Answer: October 2012 Confidence: 0.6 
Answer: November 2012 Confidence: 0.5 
Answer: January 2013 Confidence: 0.4 
Answer: August 2013 Confidence: 0.3","October 17, 2013",0.8,0.4,0,0
907,2hop__121386_37168,"According to QS World University Rankings, where does the college that Ibrahim Shihata attended rank?",551-600,"Answer: Cairo University; rank varies each year but typically around 400-600 range Confidence: 0.7
Answer: Not ranked in top 500 Confidence: 0.6
Answer: Not in top 1000 Confidence: 0.5
Answer: 500-800 range Confidence: 0.4
Answer: 600-800 range Confidence: 0.3",Cairo University; rank varies each year but typically around 400-600 range,0.7,0.0,0,1
908,2hop__628752_538661,Where are the headquarters for the publisher of In the Shadow of Greatness?,Annapolis,"Answer: Annapolis, Maryland Confidence: 0.9 
Answer: Washington, D.C. Confidence: 0.7 
Answer: New York City Confidence: 0.5 
Answer: Baltimore, Maryland Confidence: 0.4 
Answer: Arlington, Virginia Confidence: 0.3","Annapolis, Maryland",0.9,0.6666666666666666,0,1
909,2hop__57638_88526,Who was picked in the NBA draft before the player with the highest point average in NBA history?,Greg Oden,"Answer: Hakeem Olajuwon Confidence: 0.9 
Answer: N/A Confidence: 0.0 
Answer: N/A Confidence: 0.0 
Answer: N/A Confidence: 0.0 
Answer: N/A Confidence: 0.0",Hakeem Olajuwon,0.9,0.0,0,0
910,3hop2__92991_87184_76291,When did the majority party in the House of Representatives take control of the determiner of rules of the US House and US Senate?,January 2015,"Answer: 1911 Confidence: 0.7 
Answer: 1910 Confidence: 0.6 
Answer: 1947 Confidence: 0.5 
Answer: 1975 Confidence: 0.4 
Answer: 1995 Confidence: 0.3",1911,0.7,0.0,0,0
911,2hop__481809_184805,Who is the child of the horse who also fathered Tompion?,Buckpasser,"Answer: Merlin Confidence: 0.8
Answer: Herod Confidence: 0.6
Answer: Highflyer Confidence: 0.5
Answer: Partner Confidence: 0.4
Answer: Regulus Confidence: 0.3",Merlin,0.8,0.0,0,0
912,2hop__51760_122023,What is the name of the university that educated the character that Mel Brooks plays in Mr. Peabody and Sherman?,Luitpold Gymnasium,"Answer: University of Southern California Confidence: 0.7 
Answer: Yale University Confidence: 0.6 
Answer: University of Texas Confidence: 0.4 
Answer: Harvard University Confidence: 0.3 
Answer: University of Chicago Confidence: 0.2",University of Southern California,0.7,0.0,0,0
913,3hop1__106313_443779_52195,Who is president of the newly declared independent country that is part of the Commission of Truth and Friendship with the country where Opor originated?,Francisco Guterres,"Answer: José Ramos-Horta Confidence: 0.7
Answer: Taur Matan Ruak Confidence: 0.6
Answer: Xanana Gusmão Confidence: 0.5
Answer: Francisco Guterres Confidence: 0.4
Answer: Mari Alkatiri Confidence: 0.3",José Ramos-Horta,0.7,0.0,0,0
914,4hop1__638706_378185_282674_759393,What is the capital of the county that shares a border with the county where the band Tenement was formed?,Green Bay,"Answer: Green Bay Confidence: 0.8
Answer: Manitowoc Confidence: 0.7
Answer: Appleton Confidence: 0.6
Answer: Sheboygan Confidence: 0.5
Answer: Oshkosh Confidence: 0.4",Green Bay,0.8,1.0,1,1
915,2hop__591435_51329,What movie won the Knock on Any Door cast member his only Oscar?,The African Queen,"Answer: To Kill a Mockingbird Confidence: 0.9
Answer: Inherit the Wind Confidence: 0.6
Answer: Academy Award for Best Actor Confidence: 0.3
Answer: Gregory Peck Performance Confidence: 0.2
Answer: 1962 film Confidence: 0.1",To Kill a Mockingbird,0.9,0.0,0,0
916,2hop__57209_67668,"The actor who plays Barney in ""How I Met Your Mother"" plays what character in Batman Under the Red Hood?",Nightwing / Dick Grayson,"Answer: Nightwing Confidence: 0.9
Answer: Dick Grayson Confidence: 0.85
Answer: Robin Confidence: 0.7
Answer: Batman Confidence: 0.5
Answer: Jason Todd Confidence: 0.3",Nightwing,0.9,0.5,0,1
917,2hop__77134_88165,Who did the person Sarah married to in the bible marry after the death of Sarah?,Keturah,"Answer: Keturah Confidence: 0.9 
Answer: Hagar Confidence: 0.6 
Answer: Rebekah Confidence: 0.3 
Answer: Rachel Confidence: 0.2 
Answer: Leah Confidence: 0.1",Keturah,0.9,1.0,1,1
918,4hop1__726391_153080_159767_81096,Who won the Indy car race in the largest city and capitol of the state where the Oh Yeah performer is from?,Mario Andretti,"Answer: Will Power Confidence: 0.8 
Answer: Josef Newgarden Confidence: 0.6 
Answer: Scott Dixon Confidence: 0.5 
Answer: Simon Pagenaud Confidence: 0.4 
Answer: Pato O'Ward Confidence: 0.3",Will Power,0.8,0.0,0,0
919,2hop__49409_67668,What character does the actor who played Barney on How I Met Your Mother play in Batman Under the Red Hood?,Nightwing / Dick Grayson,"Answer: Nightwing Confidence: 0.9 
Answer: Dick Grayson Confidence: 0.8 
Answer: Robin Confidence: 0.7 
Answer: Jason Todd Confidence: 0.6 
Answer: Red Hood Confidence: 0.5",Nightwing,0.9,0.5,0,1
920,3hop1__835193_160713_77246,In the Arabic dictionary what is the meaning of the word that also refers to the majority religion in India when the country containing Attabad was created?,the country of India,"Answer: Islam Confidence: 0.9 
Answer: Hinduism Confidence: 0.8 
Answer: Buddhism Confidence: 0.4 
Answer: Sikhism Confidence: 0.3 
Answer: Jainism Confidence: 0.2",Islam,0.9,0.0,0,0
921,2hop__124932_278133,Who was the father of Jujhar Singh's father?,Guru Tegh Bahadur,"Answer: Bhagwan Das Confidence: 0.9 
Answer: Vir Singh Deo Confidence: 0.7 
Answer: Prithvi Singh Confidence: 0.5 
Answer: Amar Singh Confidence: 0.3 
Answer: Bhim Singh Confidence: 0.1",Bhagwan Das,0.9,0.0,0,0
922,2hop__76314_177869,Who was the spouse of a leading speaker against slavery and publisher of an antislavery newspaper?,Helen Pitts Douglass,"Answer: Helen Eliza Benson Confidence: 0.9
Answer: Lucy Stone Confidence: 0.7
Answer: Frances Seward Confidence: 0.6
Answer: Hannah Garrison Confidence: 0.5
Answer: Amelia Bloomer Confidence: 0.4",Helen Eliza Benson,0.9,0.3333333333333333,0,0
923,2hop__108158_83769,"Who was played by the creator of Push, Nevada in Dazed and Confused?",Fred O'Bannion,"Answer: Mike Newhouse Confidence: 0.8 
Answer: Ron Slater Confidence: 0.6 
Answer: Wooderson Confidence: 0.4 
Answer: Tony Olson Confidence: 0.3 
Answer: Jodi Kramer Confidence: 0.2",Mike Newhouse,0.8,0.0,0,0
924,2hop__817096_15463,What company merged in 2002 with the CEMM developer?,Hewlett Packard,"Answer: Accenture Confidence: 0.6
Answer: Arthur Andersen Business Consulting Confidence: 0.5
Answer: ABC Systems, Inc. Confidence: 0.4
Answer: EDS Confidence: 0.3
Answer: Capgemini Confidence: 0.2",Accenture,0.6,0.0,0,0
925,2hop__152700_141308,"What company is the record label for Oh Woman, Oh Why a part of?",Apple Corps,"Answer: Capitol Records Confidence: 0.9
Answer: MPL Communications Confidence: 0.8
Answer: Apple Records Confidence: 0.6
Answer: Columbia Records Confidence: 0.4
Answer: Parlophone Confidence: 0.3",Capitol Records,0.9,0.0,0,0
926,4hop1__749065_698949_157828_162309,When did the country whose co-official language was used in the show named for the place Slavko Surdonja died first attend the Olympics games as an independent team?,2016,"Answer: 1992 Confidence: 0.9 
Answer: 1996 Confidence: 0.6 
Answer: 2000 Confidence: 0.4 
Answer: 2004 Confidence: 0.2 
Answer: 1988 Confidence: 0.1",1992,0.9,0.0,0,0
927,4hop1__37608_32392_823060_610794,Which county has the location that shares a border with the city that became the state capital of where Representative Thomas Tucker was from?,Richland County,"Answer: Lexington County Confidence: 0.8
Answer: Richland County Confidence: 0.7
Answer: Calhoun County Confidence: 0.5
Answer: Orangeburg County Confidence: 0.4
Answer: Fairfield County Confidence: 0.3",Lexington County,0.8,0.5,0,0
928,2hop__159903_419949,What is the capital of the country it is about?,Aden,"Answer: Ljubljana Confidence: 0.7
Answer: San Marino Confidence: 0.6
Answer: Monaco Confidence: 0.5
Answer: Vatican City Confidence: 0.4
Answer: Andorra la Vella Confidence: 0.3",Ljubljana,0.7,0.0,0,0
929,2hop__329676_119915,In which year did Taifa of Francisco Giner de los Rios' birthplace cease to exist?,1065,"Answer: 1085 Confidence: 0.75
Answer: 1086 Confidence: 0.70
Answer: 1090 Confidence: 0.65
Answer: 1091 Confidence: 0.60
Answer: 1088 Confidence: 0.55",1085,0.75,0.0,0,0
930,2hop__827755_156034,What is the river that the Kettle Generating Station is located on a tributary of?,Hudson's Bay,"Answer: Nelson River Confidence: 0.9
Answer: Churchill River Confidence: 0.7
Answer: Saskatchewan River Confidence: 0.6
Answer: Winnipeg River Confidence: 0.5
Answer: Red River Confidence: 0.4",Nelson River,0.9,0.0,0,0
931,2hop__72660_319330,Who is the child of the first person who gave in person state of the union?,Jessie Woodrow Wilson,"Answer: Franklin Delano Roosevelt Jr. Confidence: 0.9
Answer: Anna Roosevelt Halsted Confidence: 0.8
Answer: Sara Delano Roosevelt Confidence: 0.75
Answer: James Roosevelt Confidence: 0.7
Answer: Elliott Roosevelt Confidence: 0.65",Franklin Delano Roosevelt Jr.,0.9,0.0,0,0
932,2hop__424908_500483,"What shares a border with the administrative district where Bieliny, Świętokrzyskie Voivodeship is the capital?",Gmina Daleszyce,"Answer: Staszów County Confidence: 0.8
Answer: Końskie County Confidence: 0.7
Answer: Kielce County Confidence: 0.6
Answer: Opatów County Confidence: 0.5
Answer: Sandomierz County Confidence: 0.4",Staszów County,0.8,0.0,0,0
933,3hop1__626214_503371_21711,3 When was the Palau de la Generalitat in the place of death of martin of the administrative territorial entity Navardun is located constructed?,built in the 15th century,"Answer: 1420 Confidence: 0.7 
Answer: 1416 Confidence: 0.6 
Answer: 1409 Confidence: 0.5 
Answer: 1403 Confidence: 0.4 
Answer: 1434 Confidence: 0.3",1420,0.7,0.0,0,1
934,2hop__85931_108632,Who created the main character of The Godfather?,Mario Puzo,"Answer: Mario Puzo Confidence: 0.9 
Answer: Francis Ford Coppola Confidence: 0.4 
Answer: Albert S. Ruddy Confidence: 0.2 
Answer: Robert Evans Confidence: 0.1 
Answer: Peter Bart Confidence: 0.1",Mario Puzo,0.9,1.0,1,1
935,2hop__37656_160040,Who is the guy defending this stuff from the highest authority in Protestantism for morals?,Josh McDowell,"Answer: Dietrich Bonhoeffer Confidence: 0.7
Answer: Reinhold Niebuhr Confidence: 0.6
Answer: Karl Barth Confidence: 0.5
Answer: Martin Luther King Jr. Confidence: 0.4
Answer: Martin Luther Confidence: 0.3",Dietrich Bonhoeffer,0.7,0.0,0,0
936,3hop2__93066_88342_47738,When did the team that won the AL East in 2017 last play in the series of games that the MLB MVP award is given after?,the 2009 season,"Answer: 2017 Confidence: 0.85
Answer: 2018 Confidence: 0.75
Answer: 2019 Confidence: 0.65
Answer: 2020 Confidence: 0.55
Answer: 2021 Confidence: 0.45",2017,0.85,0.0,0,0
937,3hop1__157177_625046_613900,The city where the river that Merchants Bridge crosses over is the capital of which county?,Ottawa County,"Answer: St. Louis County Confidence: 0.9 
Answer: St. Charles County Confidence: 0.5 
Answer: Madison County Confidence: 0.3 
Answer: St. Clair County Confidence: 0.2 
Answer: Monroe County Confidence: 0.1",St. Louis County,0.9,0.4,0,0
938,2hop__518354_67465,When did the performer of Blue Slide Park release Best Day Ever?,"March 11, 2011","Answer: March 11, 2011 Confidence: 0.95
Answer: March 10, 2011 Confidence: 0.60
Answer: March 14, 2011 Confidence: 0.50
Answer: March 13, 2011 Confidence: 0.40
Answer: March 12, 2011 Confidence: 0.30","March 11, 2011",0.95,1.0,1,1
939,2hop__157285_556157,What river is the mouth of the watercourse that turns into the Mtetengwe?,Limpopo River,"Answer: Limpopo River Confidence: 0.8 
Answer: Zambezi River Confidence: 0.6 
Answer: Shashe River Confidence: 0.4 
Answer: Mzingwane River Confidence: 0.3 
Answer: Olifants River Confidence: 0.2",Limpopo River,0.8,1.0,1,1
940,3hop2__304722_591230_63959,When was the last time Ken Faulkner's team beat the 1894-95 FA Cup winner?,1 December 2010,"Answer: March 2019 Confidence: 0.6 
Answer: October 2008 Confidence: 0.5 
Answer: April 2003 Confidence: 0.4 
Answer: November 1998 Confidence: 0.3 
Answer: February 1985 Confidence: 0.2",March 2019,0.6,0.0,0,0
941,3hop2__809962_89048_66294,Who played the man named identically to the singer of Is She Really Going Out With Him in the movie about the composer of Speechless?,Lawrence Hilton - Jacobs,"Answer: Hugh Grant Confidence: 0.9 
Answer: John Cusack Confidence: 0.8 
Answer: Colin Firth Confidence: 0.7 
Answer: Richard Gere Confidence: 0.5 
Answer: Ewan McGregor Confidence: 0.4",Hugh Grant,0.9,0.0,0,0
942,2hop__794999_113442,When did the creator of Christ in the House of His Parents die?,13 August 1896,"Answer: 1860 Confidence: 0.9 
Answer: 1859 Confidence: 0.05 
Answer: 1861 Confidence: 0.03 
Answer: 1858 Confidence: 0.01 
Answer: 1862 Confidence: 0.01",1860,0.9,0.0,0,0
943,2hop__142881_127399,"When was the performer of the album From Them, Through Us, to You formed?",2005,"Answer: 2004 Confidence: 0.9
Answer: 2003 Confidence: 0.5
Answer: 2002 Confidence: 0.4
Answer: 2005 Confidence: 0.3
Answer: 2006 Confidence: 0.2",2004,0.9,0.0,0,0
944,2hop__460946_294723,Who is the spouse of the Green performer?,Miquette Giraudy,"Answer: Brian Austin Green Confidence: 0.8 
Answer: Megan Fox Confidence: 0.7 
Answer: Vanessa Marcil Confidence: 0.6 
Answer: Sharna Burgess Confidence: 0.5 
Answer: Courtney Stodden Confidence: 0.4",Brian Austin Green,0.8,0.0,0,0
945,3hop1__241001_568433_51423,What is the name of the castle in the headquarters of the company that employs Arna Selznick?,Casa Loma,"Answer: Casa Loma Confidence: 0.8
Answer: Disney Castle Confidence: 0.6
Answer: DreamWorks Castle Confidence: 0.4 
Answer: Warner Castle Confidence: 0.3
Answer: Pixar Castle Confidence: 0.2",Casa Loma,0.8,1.0,1,1
946,3hop2__92991_38326_76291,When did the party Harlan and Stewart were affiliated with gain control of the body which determines rules of the US House and US Senate?,January 2015,"Answer: 1995 Confidence: 0.8 
Answer: 2001 Confidence: 0.6 
Answer: 2011 Confidence: 0.4 
Answer: 2017 Confidence: 0.3 
Answer: 2021 Confidence: 0.2",1995,0.8,0.0,0,0
947,2hop__765180_123956,When did the Battle at Choo Hoey's birthplace end?,15 February 1942,"Answer: 1967 Confidence: 0.7
Answer: 1963 Confidence: 0.3
Answer: 1975 Confidence: 0.2
Answer: 1945 Confidence: 0.1
Answer: 1954 Confidence: 0.1",1967,0.7,0.0,0,0
948,4hop3__373573_132409_223216_35031,The band Pathology formed in a city whose urban area ranks where by size among the urban areas of the state where the Still Swingin' song's band formed?,third-largest,"Answer: 2nd Confidence: 0.9 
Answer: 3rd Confidence: 0.7 
Answer: 1st Confidence: 0.5 
Answer: 4th Confidence: 0.3 
Answer: 5th Confidence: 0.1",2nd,0.9,0.0,0,0
949,2hop__48784_70131,Who constituted the free crops in the location where the democratic government set up in Germany in 1919?,consisting largely of World War I veterans,"Answer: Peasant Liberators Confidence: 0.8 
Answer: Independent Farmers Confidence: 0.6 
Answer: Self-governing Farmers Confidence: 0.4 
Answer: Agricultural Cooperatives Confidence: 0.3 
Answer: Landed Gentry Confidence: 0.2",Peasant Liberators,0.8,0.0,0,0
950,2hop__176712_8311,What year was the father of Katherine of England crowned?,1216,"Answer: 1485 Confidence: 0.9 
Answer: 1483 Confidence: 0.6 
Answer: 1509 Confidence: 0.4 
Answer: 1422 Confidence: 0.3 
Answer: 1487 Confidence: 0.2",1485,0.9,0.0,0,0
951,2hop__315267_277284,What administrative territorial entity includes the place where Bill Cockcroft was educated?,"Tonbridge, Kent","Answer: West Yorkshire Confidence: 0.8
Answer: Yorkshire Confidence: 0.7
Answer: United Kingdom Confidence: 0.6
Answer: England Confidence: 0.5
Answer: Leeds Confidence: 0.4",West Yorkshire,0.8,0.0,0,0
952,2hop__499003_853511,What is the record label for the band which performed Pythons?,Kanine Records,"Answer: Atlantic Records Confidence: 0.9
Answer: Warner Bros. Records Confidence: 0.7
Answer: Elektra Records Confidence: 0.5
Answer: Columbia Records Confidence: 0.3
Answer: Universal Music Group Confidence: 0.2",Atlantic Records,0.9,0.5,0,0
953,2hop__96062_159673,What other movie did the cast member of Escape from L.A. play a character in?,The Hateful Eight,"Answer: The Thing Confidence: 0.8 
Answer: Big Trouble in Little China Confidence: 0.7 
Answer: Tombstone Confidence: 0.6 
Answer: The Hateful Eight Confidence: 0.5 
Answer: Backdraft Confidence: 0.4",The Thing,0.8,0.0,0,0
954,3hop2__89854_36497_76291,When did the majority party in the House of Representatives take control of the body which the President calls on for support in his USAF appointments?,January 2015,"Answer: January 2023 Confidence: 0.9 
Answer: January 2021 Confidence: 0.7 
Answer: January 2019 Confidence: 0.5 
Answer: January 2017 Confidence: 0.3 
Answer: January 2015 Confidence: 0.1",January 2023,0.9,0.5,0,0
955,3hop1__497845_629431_124169,On what date did the Governor of the place of death of Princeps Pastorum's author end?,1952,"Answer: October 24, 2014 Confidence: 0.8 
Answer: November 30, 2012 Confidence: 0.7 
Answer: December 31, 2022 Confidence: 0.5 
Answer: January 15, 2009 Confidence: 0.3 
Answer: August 12, 2016 Confidence: 0.2","October 24, 2014",0.8,0.0,0,0
956,2hop__448615_127908,What league was the team that Jose Cancela was a member of in?,Major League Soccer,"Answer: MLS Confidence: 0.9
Answer: USL Championship Confidence: 0.5
Answer: Costa Rican Primera División Confidence: 0.4
Answer: Argentine Primera División Confidence: 0.3
Answer: Uruguayan Primera División Confidence: 0.2",MLS,0.9,0.0,0,1
957,2hop__62020_158262,When did the president of the Confederacy end his fight in the Mexican-American war?,1848,"Answer: 1846 Confidence: 0.8 
Answer: August 1846 Confidence: 0.7 
Answer: September 1846 Confidence: 0.6 
Answer: October 1846 Confidence: 0.5 
Answer: 1847 Confidence: 0.4",1846,0.8,0.0,0,0
958,4hop1__726391_153080_33952_34109,What is the PBS station in the second largest city in the state where Oh Yeah's performer is from?,KUAT-TV 6,"Answer: WHYY (Philadelphia) Confidence: 0.8 
Answer: WQED (Pittsburgh) Confidence: 0.7 
Answer: WGBH (Boston) Confidence: 0.6 
Answer: WETA (Washington, D.C.) Confidence: 0.5 
Answer: KPBS (San Diego) Confidence: 0.4",WHYY (Philadelphia),0.8,0.0,0,0
959,3hop1__41865_55331_34700,Who sent naval ships to the body of water that joins the Atlantic and the sea where the Rhine ends?,Caesar,"Answer: United States Confidence: 0.8
Answer: United Kingdom Confidence: 0.7
Answer: France Confidence: 0.6
Answer: Germany Confidence: 0.5
Answer: Netherlands Confidence: 0.4",United States,0.8,0.0,0,0
960,2hop__311694_129669,In which state is Vera Barbosa's place of birth located?,Lisbon District,"Answer: Rio Grande do Sul Confidence: 0.8
Answer: São Paulo Confidence: 0.4
Answer: Minas Gerais Confidence: 0.3
Answer: Rio de Janeiro Confidence: 0.2
Answer: Paraná Confidence: 0.1",Rio Grande do Sul,0.8,0.0,0,0
961,2hop__500379_126537,When did Burroughs Corporation merge to form a new corporation?,1986,"Answer: 1986 Confidence: 0.9 
Answer: 1984 Confidence: 0.3 
Answer: 1985 Confidence: 0.2 
Answer: 1987 Confidence: 0.1 
Answer: 1983 Confidence: 0.1",1986,0.9,1.0,1,1
962,4hop1__726152_153080_33897_81096,Who won the Indy Car Race in the largest populated city of the state where the performer of Tijuana Moods is from?,Mario Andretti,"Answer: Scott Dixon Confidence: 0.7 
Answer: Josef Newgarden Confidence: 0.5 
Answer: Will Power Confidence: 0.3 
Answer: Colton Herta Confidence: 0.2 
Answer: Rinus VeeKay Confidence: 0.1",Scott Dixon,0.7,0.0,0,0
963,2hop__35137_22899,What age did the writer of The Canon of Medicine learn the entire quran?,ten,"Answer: 10 Confidence: 0.9  
Answer: 8 Confidence: 0.6  
Answer: 7 Confidence: 0.4  
Answer: 12 Confidence: 0.3  
Answer: 14 Confidence: 0.2",10,0.9,0.0,0,1
964,2hop__847433_11402,"According to the organization that creates census county division, what is the total area in square miles?",17.037 square miles,"Answer: 3,805,927 square miles Confidence: 0.7
Answer: 3,796,742 square miles Confidence: 0.6 
Answer: 3,805,595 square miles Confidence: 0.5 
Answer: 3,794,100 square miles Confidence: 0.4 
Answer: 3,806,000 square miles Confidence: 0.3","3,805,927 square miles",0.7,0.6666666666666666,0,0
965,2hop__52283_75184,Who play's Marty's girlfriend in back to the future?,Claudia Wells,"Answer: Claudia Wells Confidence: 0.9 
Answer: Elisabeth Shue Confidence: 0.8 
Answer: No third guess Confidence: 0.0 
Answer: No fourth guess Confidence: 0.0 
Answer: No fifth guess Confidence: 0.0",Claudia Wells,0.9,1.0,1,1
966,3hop2__92991_38242_76291,"When did the party that had majorities in Congress prior to the 1954 elections, take control of the organization that determines the rules of the US house and US senate?",January 2015,"Answer: 1947 Confidence: 0.9 
Answer: 1952 Confidence: 0.7 
Answer: 1953 Confidence: 0.6 
Answer: 1946 Confidence: 0.5 
Answer: 1950 Confidence: 0.4",1947,0.9,0.0,0,0
967,4hop1__152146_5274_458768_33633,When did the explorer reach the headquarters location of the only company larger than Langa natter's record label?,"August 3, 1769","Answer: 2022 Confidence: 0.4 
Answer: 2021 Confidence: 0.3 
Answer: 2020 Confidence: 0.2 
Answer: 2019 Confidence: 0.1 
Answer: 2018 Confidence: 0.05",2022,0.4,0.0,0,0
968,3hop1__132795_40769_64047,When did the luxury division of the company that produces TMG EV P001 change the body style of rx 350?,Sales began worldwide in April 2012,"Answer: 2013 Confidence: 0.8  
Answer: 2016 Confidence: 0.6  
Answer: 2020 Confidence: 0.4  
Answer: 2019 Confidence: 0.3  
Answer: 2021 Confidence: 0.2",2013,0.8,0.0,0,0
969,2hop__79875_84469,"In the movie A League of their Own, who played the husband of the person who also played Thelma in the movie Thelma and Louise?",Bill Pullman,"Answer: Bill Pullman Confidence: 0.9 
Answer: David Strathairn Confidence: 0.6 
Answer: Michael Madsen Confidence: 0.4 
Answer: Geena Davis Confidence: 0.2 
Answer: Tom Hanks Confidence: 0.1",Bill Pullman,0.9,1.0,1,1
970,2hop__31094_31122,The author of Alciphron lived in what century?,18th,"Answer: 18th century Confidence: 0.9 
Answer: 17th century Confidence: 0.6 
Answer: 19th century Confidence: 0.4 
Answer: 16th century Confidence: 0.3 
Answer: 15th century Confidence: 0.1",18th century,0.9,0.6666666666666666,0,1
971,4hop1__88342_75218_128008_46748,The MLB MVP award is given out after a competition where a team has played the most games. What is the longest win streak in the history of league that team plays for?,26,"Answer: 26 games Confidence: 0.8
Answer: 21 games Confidence: 0.75
Answer: 20 games Confidence: 0.7
Answer: 22 games Confidence: 0.65
Answer: 19 games Confidence: 0.6",26 games,0.8,0.6666666666666666,0,1
972,2hop__284613_87295,Who does the author of the The Last of the Really Great Whangdoodles play in Princess Diaries?,Queen dowager Clarisse Renaldi,"Answer: Clarisse Renaldi Confidence: 0.9 
Answer: Queen Clarisse Renaldi Confidence: 0.8 
Answer: Julie Andrews' role Confidence: 0.7 
Answer: Queen of Genovia Confidence: 0.6 
Answer: Main character's grandmother Confidence: 0.5",Clarisse Renaldi,0.9,0.6666666666666666,0,1
973,2hop__166820_52835,"Who wrote turn me on, which was performed by the person who also performed Chasing Pirates?",John D. Loudermilk,"Answer: John Hill Confidence: 0.8 
Answer: Norah Jones Confidence: 0.6 
Answer: Rick Knowles Confidence: 0.4 
Answer: Brendan O’Brien Confidence: 0.3 
Answer: Alex Angelo Confidence: 0.2",John Hill,0.8,0.4,0,0
974,3hop1__680374_503371_21711,"When was the construction of the Palau de la Generalitat in the place of death of Martin, of the region that contained Isuerre?",built in the 15th century,"Answer: 15th century Confidence: 0.6
Answer: 1410 Confidence: 0.5
Answer: 1400s Confidence: 0.4
Answer: Early 15th century Confidence: 0.4
Answer: Before 1410 Confidence: 0.3",15th century,0.6,0.6666666666666666,0,1
975,2hop__476927_31270,How far is Hod Lisenbee's place of death in TN from Nashville?,45,"Answer: ~50 miles (Clarksville) Confidence: 0.9 
Answer: ~60 miles (Springfield) Confidence: 0.6 
Answer: ~30 miles (Gallatin) Confidence: 0.4 
Answer: ~70 miles (Columbia) Confidence: 0.3 
Answer: ~10 miles (Franklin) Confidence: 0.2",~50 miles (Clarksville),0.9,0.0,0,1
976,2hop__757497_78606,"In Grown Ups, who plays the wife of the actor who produced The Chosen One?",Joyce Van Patten,"Answer: Salma Hayek Confidence: 0.9 
Answer: Maria Bello Confidence: 0.7 
Answer: Maya Rudolph Confidence: 0.5 
Answer: Ashley Loren Confidence: 0.3 
Answer: Joyce Van Patten Confidence: 0.2",Salma Hayek,0.9,0.0,0,0
977,4hop1__152562_5274_458768_33632,"What day is the feast held, in the city that holds the headquarters of the only music company that is larger than the record label of Vilaiyaadu Mankatha?",May 4,"Answer: Thursday after Trinity Sunday Confidence: 0.8 
Answer: Corpus Christi Confidence: 0.7 
Answer: June 11 Confidence: 0.6 
Answer: 60 days after Easter Confidence: 0.5 
Answer: June 3 Confidence: 0.4",Thursday after Trinity Sunday,0.8,0.0,0,0
978,4hop3__638064_88460_30152_20999,How were people from whom new coins were a proclamation of independence by the Somali Muslim Ajuran Empire expelled from the natural boundary between Thailand and Hiam district's country?,The dynasty regrouped and defeated the Portuguese,"Answer: Burmese invasion Confidence: 0.5 
Answer: Thai military campaign Confidence: 0.3 
Answer: Colonial conquest Confidence: 0.2 
Answer: Tribal conflicts Confidence: 0.1 
Answer: Diplomatic treaty Confidence: 0.1",Burmese invasion,0.5,0.0,0,0
979,2hop__301587_233146,Who is the grandfather of James Mayer de Rothschild?,Amschel Moses Rothschild,"Answer: Mayer Amschel Rothschild Confidence: 0.9  
Answer: Amschel Moses Rothschild Confidence: 0.3  
Answer: Moses Kalman Wahl Confidence: 0.1  
Answer: Mendel Rothschild Confidence: 0.05  
Answer: Nathan Mayer Rothschild Confidence: 0.05",Mayer Amschel Rothschild,0.9,0.6666666666666666,0,0
980,3hop1__635099_131926_87157,What is the direction of flow of the body of water by the city where Write This Down was formed?,rises in northern Minnesota and meanders slowly southwards,"Answer: Mississippi River north to south Confidence: 0.8 
Answer: St. Croix River north to south Confidence: 0.6 
Answer: Minnesota River southeast Confidence: 0.5 
Answer: Lake Minnetonka west to east (creek flow) Confidence: 0.4 
Answer: Rum River north to south Confidence: 0.3",Mississippi River north to south,0.8,0.0,0,1
981,2hop__133116_533882,What company resulted from a merger in 1961 involving the builder of the Martin BM?,Martin Marietta,"Answer: Lockheed Martin Confidence: 0.9 
Answer: Martin Marietta Confidence: 0.8 
Answer: Boeing Confidence: 0.5 
Answer: Northrop Grumman Confidence: 0.4 
Answer: General Dynamics Confidence: 0.3",Lockheed Martin,0.9,0.5,0,0
982,3hop1__458916_651917_47686,Where do greyhound buses leave from in the birthplace of Spirit If...'s performer?,Toronto Coach Terminal,"Answer: Campbellton bus terminal, New Brunswick Confidence: 0.8
Answer: Via Rail station, New Brunswick Confidence: 0.6
Answer: Bathurst bus terminal, New Brunswick Confidence: 0.5
Answer: Rivière-du-Loup bus station, Quebec Confidence: 0.4
Answer: Moncton bus depot, New Brunswick Confidence: 0.3","Campbellton bus terminal, New Brunswick",0.8,0.25,0,0
983,2hop__44590_510545,Who is the spouse of the person who voices Jarvis in Iron Man?,Jennifer Connelly,"Answer: Jennifer Connelly Confidence: 0.9  
Answer: Livia Giuggioli Confidence: 0.4  
Answer: Emily Mortimer Confidence: 0.2  
Answer: Mimi O'Donnell Confidence: 0.1  
Answer: Annabel Capper Confidence: 0.1",Jennifer Connelly,0.9,1.0,1,1
984,3hop1__141138_2053_52946,"When is Celebrity Big Brother coming to the network which, along with ABC and the network which broadcasted The Chisholms, is the other major broadcaster based in NY?","February 7, 2018","Answer: Celebrity Big Brother is airing on CBS in February 2024. Confidence: 0.8
Answer: Celebrity Big Brother is airing on CBS in January 2024. Confidence: 0.7
Answer: Celebrity Big Brother is airing on CBS in March 2024. Confidence: 0.6
Answer: Celebrity Big Brother is airing on CBS in late 2023. Confidence: 0.5
Answer: Celebrity Big Brother is airing on CBS in April 2024. Confidence: 0.4",Celebrity Big Brother is airing on CBS in February 2024.,0.8,0.15384615384615383,0,0
985,2hop__754682_730690,What movement was Vibullia Alcia Agrippina's child a proponent for?,Second Sophistic,"Answer: Christianity Confidence: 0.8 
Answer: Roman patriotic movement Confidence: 0.6 
Answer: Mystery cults Confidence: 0.5 
Answer: Philosophy of Stoicism Confidence: 0.3 
Answer: Mithraism Confidence: 0.2",Christianity,0.8,0.0,0,0
986,2hop__742831_156034,Of which river is the river Kichi Sipi Bridge crosses a tributary?,Hudson's Bay,"Answer: Nelson River Confidence: 0.8
Answer: Churchill River Confidence: 0.6
Answer: Saskatchewan River Confidence: 0.5
Answer: Red River Confidence: 0.3
Answer: Winnipeg River Confidence: 0.2",Nelson River,0.8,0.0,0,0
987,3hop1__671542_651917_47686,Where do greyhound buses leave from in the city where the performer of Darlings was born?,Toronto Coach Terminal,"Answer: Chicago Greyhound Station Confidence: 0.9 
Answer: Milwaukee Intermodal Station Confidence: 0.7 
Answer: Los Angeles Greyhound Terminal Confidence: 0.5 
Answer: New York Port Authority Bus Terminal Confidence: 0.4 
Answer: Seattle Greyhound Station Confidence: 0.3",Chicago Greyhound Station,0.9,0.0,0,0
988,2hop__6827_86319,Who is the CEO of FleetBoston Financial's purchaser?,Brian Thomas Moynihan,"Answer: Jane Fraser Confidence: 0.9
Answer: Michael Corbat Confidence: 0.7
Answer: James Dimon Confidence: 0.5
Answer: David M. Cote Confidence: 0.3
Answer: William C. Weldon Confidence: 0.2",Jane Fraser,0.9,0.0,0,0
989,3hop1__273571_834494_34099,How long are city council terms in the city in the same county as Summit?,four-year,"Answer: 4 years Confidence: 0.8 
Answer: 2 years Confidence: 0.6 
Answer: 3 years Confidence: 0.5 
Answer: 1 year Confidence: 0.3 
Answer: 5 years Confidence: 0.2",4 years,0.8,0.0,0,1
990,2hop__152229_604644,What was the record label of the record label of So Insane?,429 Records,"Answer: Warner Bros. Records Confidence: 0.7 
Answer: Reprise Records Confidence: 0.5 
Answer: Nonesuch Records Confidence: 0.3 
Answer: Atlantic Records Confidence: 0.2 
Answer: Rhino Entertainment Confidence: 0.1",Warner Bros. Records,0.7,0.4,0,0
991,2hop__809096_491515,Where did William Beckford's child die?,Bath,"Answer: Lausanne, Switzerland Confidence: 0.85
Answer: Bath, England Confidence: 0.70
Answer: Fonthill, England Confidence: 0.60
Answer: London, England Confidence: 0.55
Answer: Paris, France Confidence: 0.50","Lausanne, Switzerland",0.85,0.0,0,0
992,2hop__333020_69048,Who is the Chief Judge of the place where Orezi was born?,Honorable Justice Abiodun Smith,"Answer: Justice Mary Odili Confidence: 0.6 
Answer: Justice Monica Dongban-Mensem Confidence: 0.5 
Answer: Justice Kudirat Kekere-Ekun Confidence: 0.4 
Answer: Justice Inyang Okoro Confidence: 0.3 
Answer: Justice Ibrahim Tanko Muhammad Confidence: 0.2",Justice Mary Odili,0.6,0.28571428571428575,0,0
993,2hop__136179_13529,When was the player that Iglesia Maradoniana is named after signed by Barcelona?,June 1982,"Answer: 1982 Confidence: 0.9
Answer: 1981 Confidence: 0.7
Answer: 1980 Confidence: 0.5
Answer: 1983 Confidence: 0.3
Answer: 1979 Confidence: 0.2",1982,0.9,0.6666666666666666,0,1
994,2hop__744055_408817,Who is the lead singer of the band performing Bang Bang Rock & Roll?,Eddie Argos,"Answer: Eddie Argos Confidence: 0.9
Answer: N/A Confidence: 0.2
Answer: N/A Confidence: 0.1
Answer: N/A Confidence: 0.1
Answer: N/A Confidence: 0.1",Eddie Argos,0.9,1.0,1,1
995,2hop__144763_599630,In which county was Zhu Qinan born?,Yongjia County,"Answer: Zhenhai County Confidence: 0.9 
Answer: Ningbo County Confidence: 0.7 
Answer: Hangzhou County Confidence: 0.4 
Answer: Shaoxing County Confidence: 0.3 
Answer: Wenzhou County Confidence: 0.2",Zhenhai County,0.9,0.5,0,0
996,3hop2__222979_133154_40768,"When did the maker of the Acura EL, the company that owns Scion, and Nissan, open US assembly plants?",1981,"Answer: 1982 Confidence: 0.8  
Answer: 1989 Confidence: 0.7  
Answer: 1983 Confidence: 0.6  
Answer: 1984 Confidence: 0.5  
Answer: 2003 Confidence: 0.4",1982,0.8,0.0,0,0
997,3hop2__90327_87184_76291,When did the party that controls the House of Representatives take control of the branch that approves the appointees to the american cabinet?,January 2015,"Answer: January 2021 Confidence: 0.8 
Answer: January 2019 Confidence: 0.6 
Answer: January 2009 Confidence: 0.4 
Answer: January 2017 Confidence: 0.3 
Answer: January 2023 Confidence: 0.2",January 2021,0.8,0.5,0,0
998,3hop1__145194_160545_60577,Where did they film The Beach in the country where Siddhi Savetsila was born?,Ko Phi Phi Leh,"Answer: Maya Bay, Thailand Confidence: 0.9
Answer: Phuket, Thailand Confidence: 0.7
Answer: Krabi, Thailand Confidence: 0.6
Answer: Ko Phi Phi Leh, Thailand Confidence: 0.8
Answer: Khao Phing Kan, Thailand Confidence: 0.5","Maya Bay, Thailand",0.9,0.0,0,1
999,2hop__278022_71701,what year did the Japanese get to city where Wang Yue died and the rest of Guangdong province?,November 5,"Answer: 1938 Confidence: 0.8
Answer: 1941 Confidence: 0.6
Answer: 1937 Confidence: 0.5
Answer: 1939 Confidence: 0.4
Answer: 1940 Confidence: 0.3",1938,0.8,0.0,0,0
