,id,question,answer,response,prediction,confidence,f1,em,gpt_eval
0,2hop__44815_494136,Who is the spouse of the actor of Ethan in A Dog's Purpose?,Meg Ryan,Answer: Britt Robertson Confidence: 0.7,Britt Robertson,0.7,0.0,0,0
1,2hop__640262_122868,What university did the author of 1967: The Last Good Year attend?,University of British Columbia,Answer: Yale Confidence: 0.9,Yale,0.9,0.0,0,0
2,2hop__370564_71701,What year did the japanese get to the current administrative territorial entity of the Century Lotus Stadium and the rest of the guangdong province?,November 5,Answer: 1945 Confidence: 0.7,1945,0.7,0.0,0,0
3,2hop__6827_79845,How many atms does the bank that bought FleetBoston Financial has are there?,"15,900","Answer: 5,000 Confidence: 0.8","5,000",0.8,0.0,0,0
4,3hop2__90098_156850_10557,"What was the form of the language that the last name Sylvester comes from, used in the era of Fastrada's spouse, later known as?",Medieval Latin,Answer: Old High German Confidence: 0.8,Old High German,0.8,0.0,0,0
5,2hop__488811_30110,What happened to the Curonians who lived in the area where Erich Zakowski was born?,expelled by the Soviet Union,Answer: Assimilation and decline. Confidence: 0.8,Assimilation and decline.,0.8,0.0,0,0
6,2hop__17827_54024,Which king sold part of the Crown Freehold and commissioned a bible translation?,King James I of England,Answer: Henry VIII Confidence: 0.9,Henry VIII,0.9,0.0,0,0
7,2hop__752214_639679,Who is the spouse of the author of Queen of the Elephants?,Clio Goldsmith,Answer: Not publicly known. Confidence: 0.7,Not publicly known.,0.7,0.0,0,0
8,2hop__810884_22402,How many students attend the university that Edith Humphrey was educated?,"nearly 25,000",Answer: 5000 Confidence: 0.3,5000,0.3,0.0,0,0
9,4hop1__341777_508773_85832_745702,"Who was the child of the Italian navigator who sailed for England, and explored the eastern coast of the continent where the birthplace of Eduardo Cuervo is found?",Sebastian Cabot,Answer: John Cabot's son Confidence: 0.9,John Cabot's son,0.9,0.0,0,1
10,3hop2__132957_222979_40768,"When did Nissan, the Acura Legend maker and the Scion owner open US assembly plants?",1981,Answer: 1980s Confidence: 0.8,1980s,0.8,0.0,0,1
11,2hop__62311_62279,When did Germany launch an air attack on the country the U.S. fought during the American Revolution?,10 July -- 31 October 1940,Answer: 1940 Confidence: 0.9,1940,0.9,0.33333333333333337,0,1
12,3hop1__365934_87694_124169,What date did the Governor of the city where the basilica named after the same saint as the one that Mantua Cathedral is dedicated to end?,1952,Answer: 2022-11-20 Confidence: 0.7,2022-11-20,0.7,0.0,0,0
13,2hop__409166_152023,"What record label is responsible for the performer of ""Sanctuary""?",Kicking Mule Records,Answer: Reprise Records Confidence: 0.9,Reprise Records,0.9,0.4,0,0
14,3hop1__857_846_7821,How many miles of highways are in the city where the Yongle emperor greeted the person to whom the edict was addressed?,140 mi,Answer: 0. Confidence: 0.9,0.,0.9,0.0,0,0
15,3hop1__19768_19788_10117,"Widely practiced in the region having the second largest rain-forest in the world, how long ago did this religion arrive in Zhejiang?","1,400 years","Answer: 1,500 years ago Confidence: 0.7","1,500 years ago",0.7,0.4,0,0
16,2hop__703767_37168,Where does the employer of Hasan Hanafi rank according to QS World University Rankings?,551-600,Answer: 301-350 Confidence: 0.7,301-350,0.7,0.0,0,0
17,2hop__56851_343058,Who is the spouse of the actress who played the fairy god mother in Shrek 2?,Adrian Edmondson,Answer: Jim Piddock Confidence: 0.7,Jim Piddock,0.7,0.0,0,0
18,3hop2__30152_105395_20999,"How were the people that the Somali Muslim Ajuran Empire made coins to proclaim independence from, expelled from the country where Star Cola is produced?",The dynasty regrouped and defeated the Portuguese,Answer: Dutch colonizers. Confidence: 0.7,Dutch colonizers.,0.7,0.0,0,0
19,2hop__42747_83837,Who sings Home Alone Tonight with the singer of Light It Up?,Karen Fairchild,Answer: John Cena Confidence: 0.8,John Cena,0.8,0.0,0,0
20,2hop__511176_22458,What does the acronym of the organization Danish Football Union is part of stand for?,International Federation of Association Football,Answer: DBU Confidence: 0.9,DBU,0.9,0.0,0,0
21,2hop__83800_747874,Who's the sibling of the player who won the men's wimbledon championship 2016?,Jamie Murray,Answer: Novak Djokovic's brother. Confidence: 0.9,Novak Djokovic's brother.,0.9,0.0,0,0
22,2hop__83257_19033,Where did the inventor of the Money in the Bank ladder match win in 2008?,Great American Bash,Answer: WrestleMania 24 Confidence: 0.9,WrestleMania 24,0.9,0.0,0,0
23,2hop__55966_162341,What kind of recognition did the actor who played the game maker in hunger games receive?,nominated for an Academy Award for Best Supporting Actor,Answer: Awards and nominations Confidence: 0.8,Awards and nominations,0.8,0.0,0,0
24,2hop__754753_57816,What is the U.S. News ranking of the law school at Carlos Alvarez's employer?,100,Answer: 100 Confidence: 0.7,100,0.7,1.0,1,1
25,3hop1__127837_157828_239539,Where is the headquarters of the Radio Television of the country that has a co-official language in the language that Kuhinjica is in?,Pristina,Answer: Sarajevo Confidence: 0.9,Sarajevo,0.9,0.0,0,0
26,3hop1__102461_24918_24991,What went down after the Soviet President visiting the the birth country of Andrey Dashkov while the protests were taking place departed from the Kremlin?,Soviet flag,Answer: Protests intensified. Confidence: 0.7,Protests intensified.,0.7,0.0,0,0
27,2hop__612719_6455,What was the resulting browser of the group that owns Mozilla Messaging?,Firefox,Answer: Firefox Confidence: 0.9,Firefox,0.9,1.0,1,1
28,2hop__30905_189318,Where did the person who sponsored the resolution to reopen trade with Vietnam along with Kerry go to college?,National War College,Answer: Harvard Confidence: 0.9,Harvard,0.9,0.0,0,0
29,2hop__776377_857193,What is the mouth of watercourse for the body of water where Bartram's Covered Bridge is located?,Delaware River,Answer: Delaware River Confidence: 0.9,Delaware River,0.9,1.0,1,1
30,2hop__411091_625230,In which county is Mark Dismore's birthplace located?,Hancock County,Answer: Marion County Confidence: 0.8,Marion County,0.8,0.5,0,0
31,4hop2__160585_14670_8987_8529,"A country's military branch, which in the US contains the Air Defense Artillery, was unprepared for the invasion of Hana Mandlikova's birth country. When was the word ""Slavs"" used in the national anthem of the unprepared country?",1943–1992,Answer: 1945 Confidence: 0.7,1945,0.7,0.0,0,0
32,3hop1__28404_160713_77246,What is the meaning of the word that is also a majority religion in what became India when the country that disavowed the Taliban was created in the Arabic dictionary?,the country of India,Answer: Islam Confidence: 0.9,Islam,0.9,0.0,0,0
33,2hop__8496_21567,Who introduced a system of musical notation used during the 14th century in the place where there is no evidence of a Slavic settlement before c. 600 AD?,John Kukuzelis,Answer: Notker Balbulus Confidence: 0.8,Notker Balbulus,0.8,0.0,0,0
34,2hop__70338_36240,"What specific part of the book where the quote ""by the skin of your teeth"" comes from document reference for Mary?",Genesis 3:15,Answer: Job 19:20 Confidence: 0.9,Job 19:20,0.9,0.0,0,0
35,2hop__275891_55984,Who wrote the song The Story that is sung by the performer of Rhapsody Originals?,Phil Hanseroth,Answer: Brandi Carlile Confidence: 0.9,Brandi Carlile,0.9,0.0,0,0
36,3hop1__136129_87694_124169,What year did the Governor of the city where the basilica named after the same saint as the one that Mantua Cathedral is dedicated to die?,1952,Answer: 1559 Confidence: 0.8,1559,0.8,0.0,0,0
37,4hop3__373866_5189_38229_86687,A group of nations of which the People's Socialist Republic of Albania was a member was controlled by one country. When did that country agree to a unified Germany inside of the organization Eisenhower would not discuss during the campaign?,May 1990,Answer: 1955 Confidence: 0.9,1955,0.9,0.0,0,0
38,2hop__455158_247871,What county is the NRHEG High School located in?,Waseca County,Answer: Nicollet County Confidence: 0.9,Nicollet County,0.9,0.5,0,0
39,3hop1__131783_131926_13165,What treaty ceded territory to the US extending west to the body of water by the location of the Minikahda Club?,Treaty of Paris,Answer: Adams-Onís Treaty Confidence: 0.7,Adams-Onís Treaty,0.7,0.4,0,0
40,2hop__123214_22402,How many students attend Daniel Thürer's university?,"nearly 25,000",Answer: Unknown Confidence: 0.0,Unknown,0.0,0.0,0,0
41,3hop1__358853_339990_15538,"When did the state, that contains the county where Raven Creek is located, reinstate the death penalty?",1984,Answer: 1977 Confidence: 0.8,1977,0.8,0.0,0,0
42,2hop__552546_70131,Who constituted the free corps in the country that the Free State of Mecklenburg-Schwerin is located in?,consisting largely of World War I veterans,Answer: Germany Confidence: 0.9,Germany,0.9,0.0,0,0
43,2hop__67956_463572,What record label does the artist who sang you belong to me belong to?,MGM Records,Answer:  RCA Records Confidence: 0.9,RCA Records,0.9,0.5,0,0
44,2hop__418360_67370,When does real time with the author of The New New Rules start again in 2018,"January 19, 2018","Answer: March 19, 2018 Confidence: 0.9","March 19, 2018",0.9,0.6666666666666666,0,0
45,2hop__73921_807969,The BBC Footballer of the Year is a member of which team?,Egypt national football team,Answer: unknown team Confidence: 0.5,unknown team,0.5,0.3333333333333333,0,0
46,3hop1__139787_88110_77129,What was the first OS to support Hyper-V from the company the letters MS stands for in the network that broadcasts Buchanan & Press?,Windows 8,Answer: Windows Server 2008 Confidence: 0.9,Windows Server 2008,0.9,0.4,0,0
47,2hop__141456_6455,What was the resulting browser for the company Mozilla Messaging is a part of?,Firefox,Answer: Thunderbird Confidence: 0.9,Thunderbird,0.9,0.0,0,0
48,3hop2__326964_7855_7713,How long had the city considered to be a place that is popular with tourists been the capital city of the location of the Yaxing Coach headquarters?,about 400 years,Answer: 14 years Confidence: 0.6,14 years,0.6,0.4,0,0
49,4hop1__436202_765799_282674_759393,What is the seat of the county sharing a border with the county in which J. P. Hayes was born?,Green Bay,Answer: Orlando Confidence: 0.8,Orlando,0.8,0.0,0,0
50,3hop1__389069_132457_47686,"Where do greyhound buses depart from, in the city where the performer of Sleep Is the Enemy was formed?",Toronto Coach Terminal,Answer: Los Angeles Confidence: 0.8,Los Angeles,0.8,0.0,0,0
51,2hop__90773_715759,What was the inventor of the atomic bomb trigger a participant in?,Manhattan Project,Answer: Manhattan Project Confidence: 0.9,Manhattan Project,0.9,1.0,1,1
52,2hop__135652_669373,Who is the employer of the physicist who Mach number is named after?,Charles University,Answer: Hermann von Helmholtz Confidence: 0.8,Hermann von Helmholtz,0.8,0.0,0,0
53,2hop__6736_6733,To what division does the place where the most speakers are found belong?,Eastern block,Answer: Lingua franca Confidence: 0.7,Lingua franca,0.7,0.0,0,0
54,4hop1__58323_375563_161848_83118,When does daylight savings end in the country near the country where the author of The Book Thief is from?,the first Sunday in April,Answer: March Confidence: 0.7,March,0.7,0.0,0,0
55,4hop3__524186_219173_862998_72134,When did the city where Hillcrest High School is located become capitol of the state where the screenwriter of The Poor Boob was born?,1839,Answer: 1901 Confidence: 0.7,1901,0.7,0.0,0,0
56,3hop1__354480_834494_34109,What is the administrative territorial entity that contains the location of Eric Marcus Municipal Airport PBS station?,KUAT-TV 6,Answer: Erie County Confidence: 0.9,Erie County,0.9,0.0,0,0
57,2hop__354635_174222,What company succeeded the owner of Empire Sports Network?,Time Warner Cable,Answer: Yes Network Confidence: 0.8,Yes Network,0.8,0.0,0,0
58,4hop3__678814_466199_695123_72134,When did the town WIZE is licensed in become capitol of the state where Stoney Creek Township is located?,1839,Answer: 1901 Confidence: 0.7,1901,0.7,0.0,0,0
59,2hop__83405_158262,When did the president of the Confederate States of America end his fight in the Mexican-American war?,1848,Answer: 1848 Confidence: 0.9,1848,0.9,1.0,1,1
60,2hop__60001_512508,What did the person who discovered that all atoms of an element have the same number of protons participate in?,Manhattan Project,Answer: periodic table creation Confidence: 0.8,periodic table creation,0.8,0.0,0,0
61,2hop__403712_793210,"Who is the father of Edward Baring, 1st Baron Revelstoke's father?","Sir Francis Baring, 1st Baronet",Answer: Francis Baring Confidence: 0.9,Francis Baring,0.9,0.5714285714285715,0,1
62,3hop1__409517_547811_80702,What is the name of the famous bridge in the birth city of the composer of Scanderbeg?,Rialto Bridge,Answer: Kalivaç Bridge Confidence: 0.5,Kalivaç Bridge,0.5,0.5,0,0
63,4hop1__433767_32392_823060_610794,In what county is located the city that shares a border with the capital of the state where Mike Dow was born?,Richland County,Answer: Mobile County Confidence: 0.8,Mobile County,0.8,0.5,0,0
64,4hop2__567956_39078_8987_8974,Normalization occurred in Country A that invaded Country B because the military branch was unprepared. Country B was the only communist country to have an embassy where?,Alfredo Stroessner's Paraguay,"Answer: Washington, D.C. Confidence: 0.9","Washington, D.C.",0.9,0.0,0,0
65,2hop__689472_52835,Who wrote the song turn me on that is performed by performer of Feelin' the Same Way?,John D. Loudermilk,Answer: John Legend Confidence: 0.8,John Legend,0.8,0.4,0,0
66,2hop__820739_250752,Who is the sibling of the screenwriter of War of the Coprophages?,Glen Morgan,Answer: Jennifer Lee Confidence: 0.7,Jennifer Lee,0.7,0.0,0,0
67,2hop__21104_16254,"By 1931, what percentage of the world's Jews were the group that represents at least 70% of Jews worldwide?",92 percent,Answer: 90% Confidence: 0.7,90%,0.7,0.0,0,0
68,4hop1__726391_153080_33952_34053,What was the wettest year in the second largest city of the state where the Oh Yeah performer is from?,1905,Answer: 2021 Confidence: 0.7,2021,0.7,0.0,0,0
69,2hop__374767_152023,What label is responsible for the performer of One Night in America?,Kicking Mule Records,Answer: Big Machine Records Confidence: 0.8,Big Machine Records,0.8,0.3333333333333333,0,0
70,4hop3__426860_88460_30152_20999,How were the same people who the Somali Muslim Ajuran Empire declared independence from expelled from the natural boundary between Thailand and the country where That Dam is found?,The dynasty regrouped and defeated the Portuguese,Answer: Khmer Empire. Confidence: 0.6,Khmer Empire.,0.6,0.0,0,0
71,3hop1__79462_91850_685675,What team is the person who hit the first home run at the new stadium where the american league Wildcard game will be played a member of?,New York Yankees,Answer: Blue Jays Confidence: 0.7,Blue Jays,0.7,0.0,0,0
72,2hop__289517_139339,What was the cast member in After Hours nominated for?,Academy Award for Best Live Action Short Film,Answer: Golden Globe Confidence: 0.7,Golden Globe,0.7,0.0,0,0
73,4hop1__129721_32392_823060_610794,What county is the city that shares a border with the state capital of the state where Zubly Cemetery is located in?,Richland County,Answer: Glynn County Confidence: 0.9,Glynn County,0.9,0.5,0,0
74,2hop__142842_68489,Who did the performer of Night Rocker play on Young and Restless?,Snapper Foster,Answer: Danny Romalotti Confidence: 0.9,Danny Romalotti,0.9,0.0,0,0
75,2hop__80546_75184,Who played the girlfriend of the actor who played Marlene McFly in Back to the Future?,Claudia Wells,Answer: Elizabeth Shue Confidence: 0.9,Elizabeth Shue,0.9,0.0,0,0
76,2hop__323534_810083,Where was the author of Marcinkus born?,Scranton,Answer: Chicago Confidence: 0.9,Chicago,0.9,0.0,0,0
77,2hop__829474_123956,On what date was the battle where Muhammad Shobran was born?,15 February 1942,Answer: Not applicable Confidence: 0.9,Not applicable,0.9,0.0,0,0
78,4hop1__94201_642284_131926_90707,Where does the river by the city where the Southeast Library designer died and the Ohio River meet?,"at the city of Cairo, Illinois",Answer: Pittsburgh Confidence: 0.8,Pittsburgh,0.8,0.0,0,0
79,4hop1__629520_49925_13759_736921,In what region of Germany is the district where a sermon on Marian devotion was preached by the man who wanted to reform the religion of Victor Razafimahatratra?,Saxony-Anhalt,Answer: Baden-Württemberg Confidence: 0.7,Baden-Württemberg,0.7,0.0,0,0
80,3hop1__540585_568433_47686,Where do greyhound buses leave from in the location of the headquarters of the production company of Miss Spider's Sunny Patch Kids?,Toronto Coach Terminal,Answer: Toronto Confidence: 0.8,Toronto,0.8,0.5,0,1
81,2hop__56307_604644,"What is the record label of the Hey Now, You're A Rockstar singer?",429 Records,Answer: Atlantic Records Confidence: 0.8,Atlantic Records,0.8,0.5,0,0
82,2hop__507528_139339,What was the director of Lisa Picard is Famous nominated for?,Academy Award for Best Live Action Short Film,"Answer: Best Short Film, Live Action Confidence: 0.7","Best Short Film, Live Action",0.7,0.7692307692307693,0,1
83,2hop__44259_747874,Who is the sibling of the player who won the 2012 U.S. Open Men's Singles final?,Jamie Murray,Answer: Venus Williams Confidence: 0.9,Venus Williams,0.9,0.0,0,0
84,2hop__428940_135373,After what is the body of water Partridge Lake is part of named?,Vitus Bering,Answer: Partridge River Confidence: 0.8,Partridge River,0.8,0.0,0,0
85,3hop1__147225_30587_83479,What was Germany's goal in the Battle of the ocean adjacent to the city Herbert Saffir died in?,to stem the flow of merchant shipping that enabled Britain to keep fighting,Answer: Naval supremacy. Confidence: 0.8,Naval supremacy.,0.8,0.0,0,0
86,2hop__642686_7292,"Along with Kenny G and the performer of Hello Tomorrow, what artist was featured on Smooth Jazz Stations?",George Benson,Answer: Dave Koz Confidence: 0.8,Dave Koz,0.8,0.0,0,0
87,3hop1__107540_720914_27537,Why did Roncalli leave the place of death of the maker of The Gozzi Altarpiece?,for the conclave in Rome,Answer: Disagreement or controversy. Confidence: 0.7,Disagreement or controversy.,0.7,0.0,0,0
88,3hop1__161433_33952_33939,"In 1900, what was the population of the second largest city, in the state that the cross-border transactions committee focuses on?","7,531",Answer: Chicago  Confidence: 0.8,Chicago,0.8,0.0,0,0
89,2hop__71871_494136,Who is the spouse of the actor playing Bart's father in I can only imagine?,Meg Ryan,Answer:  Amanda Grace Jenkins Confidence: 0.8,Amanda Grace Jenkins,0.8,0.0,0,0
90,4hop1__310029_153080_33897_81096,Who won the Indy car race in the largest populated city in the state where the Jazz Portraits: Mingus in Wonderland performer is from?,Mario Andretti,Answer: New York City 2022 IndyCar winner. Confidence: 0.7,New York City 2022 IndyCar winner.,0.7,0.0,0,0
91,2hop__620853_22458,What does the name of the organization the Haiti national football team belongs to stand for?,International Federation of Association Football,Answer: FHF (Fédération Haïtienne de Football) Confidence: 0.9,FHF (Fédération Haïtienne de Football),0.9,0.20000000000000004,0,0
92,2hop__865828_377862,Which city is in the same county as Gmina Jordanow?,Sucha Beskidzka,Answer: Nowy Targ Confidence: 0.8,Nowy Targ,0.8,0.0,0,0
93,4hop3__630723_88460_30152_20999,How were people from whom new coins were a proclamation of independence by the Somali Muslim Ajuran Empire expelled from the natural boundary between Thailand and Phommathat's country of citizenship?,The dynasty regrouped and defeated the Portuguese,Answer: Not applicable Confidence: 0.1,Not applicable,0.1,0.0,0,0
94,4hop3__719125_132409_371500_35031,Where does the city where Veoh's headquarters is located rank in the top five largest urban areas of the state where Scars' performers were formed?,third-largest,Answer: 3rd Confidence: 0.6,3rd,0.6,0.0,0,1
95,4hop1__105688_17130_70784_79935,When was the region that lies to the north of where Eyal Golan is located and the Persian Gulf created?,1930,Answer: 1971 Confidence: 0.7,1971,0.7,0.0,0,0
96,3hop1__376309_160713_77246,"In the Arabic dictionary, what's the meaning of the word for the majority religion in the area of British India that became India when Garlat's country was created?",the country of India,Answer: Hinduism Confidence: 0.9,Hinduism,0.9,0.0,0,0
97,4hop1__525129_315334_131926_87157,"What is the direction of flow of the river by the city where the Lots More Blues, Rags and Hollers performer was formed?",rises in northern Minnesota and meanders slowly southwards,Answer: South Confidence: 0.7,South,0.7,0.0,0,1
98,3hop1__140554_2053_52946,"When is Celebrity Big Brother coming to the network which, along with ABC and the network which hosts Westinghouse Playhouse, is the other major broadcaster based in NY?","February 7, 2018",Answer: Fall 2024 Confidence: 0.7,Fall 2024,0.7,0.0,0,0
99,3hop1__347858_503371_21711,When was the Palau de la Generalitat constructed in the city where Martin of the place where Castiliscar is located died?,built in the 15th century,Answer: 1458 Confidence: 0.8,1458,0.8,0.0,0,1
100,2hop__709357_136043,The Move Ya Body song's band is named after who?,Natalie Albino,Answer: Reel 2 Real Confidence: 0.9,Reel 2 Real,0.9,0.0,0,0
101,3hop1__516535_834494_34109,"What is the PBS station in the city that shares a county with Allen, Arizona?",KUAT-TV 6,Answer: KAWC Confidence: 0.9,KAWC,0.9,0.0,0,0
102,3hop1__639955_834494_34109,What is the PBS station of the city in the same county as Helvetia?,KUAT-TV 6,Answer: WQED Confidence: 0.7,WQED,0.7,0.0,0,0
103,3hop1__786067_228453_86925,What is the symbol of the Saints from the city where the headquarters of the manufacturer of McAfee's Benchmark called?,fleur - de-lis,Answer: Fleur-de-lis Confidence: 0.8,Fleur-de-lis,0.8,0.0,0,1
104,3hop1__506062_792411_51423,What is the name of the castle in the place of birth of the performer of When I Was a Boy?,Casa Loma,Answer: Highclere Castle Confidence: 0.7,Highclere Castle,0.7,0.0,0,0
105,4hop1__60000_59747_211319_557671,What county borders the county with the largest city in the state where Birth of a Nation was filmed?,Presque Isle County,Answer: Edgefield County Confidence: 0.8,Edgefield County,0.8,0.4,0,0
106,3hop1__17192_78396_54865,"When were the American colonies lost by the country that owned the region that secured southern Lebanon in 1978, before it achieved country status?",1776,Answer: 1783 Confidence: 0.9,1783,0.9,0.0,0,1
107,3hop2__36852_326964_7713,How long had the city the Qing lost in 1853 been the capitol city of Yaxing Coach's headquarters location?,about 400 years,Answer: 168 years Confidence: 0.7,168 years,0.7,0.4,0,0
108,2hop__179149_396277,What other notable work did the creator of Shrek make?,Doctor De Soto,Answer: Antz Confidence: 0.9,Antz,0.9,0.0,0,0
109,2hop__145203_34088,Where does Ulysses Kay's birth city hold NASCAR races?,Tucson Raceway Park,Answer: Los Angeles Confidence: 0.8,Los Angeles,0.8,0.0,0,0
110,3hop1__295815_40769_64047,When did the luxury division of the company that manufactures Toyopet Master change the body style of the RX 350?,Sales began worldwide in April 2012,Answer: 2016 Confidence: 0.8,2016,0.8,0.0,0,0
111,3hop1__747772_514761_594810,What record label does the spouse of Heart Like Mine's performer belong to?,Warner Bros. Records,Answer: Warner Bros. Confidence: 0.7,Warner Bros.,0.7,0.8,0,1
112,4hop3__439878_88460_30152_20999,How were people from whom new coins were a proclamation of independence by the Somali Muslim Ajuran Empire expelled from the natural boundary between Thailand and Ban Kenpha's country?,The dynasty regrouped and defeated the Portuguese,Answer: Military conflict. Confidence: 0.6,Military conflict.,0.6,0.0,0,0
113,2hop__35136_35117,What's the life span of the scholar who theorized about pulmonary circulation?,1213–1288,"Answer: William Harvey, 1578-1657 Confidence: 0.9","William Harvey, 1578-1657",0.9,0.0,0,0
114,3hop1__559908_42197_18397,Yagutil Mishiev is a citizen of a country that someone had argued had become an imperialist power. Where did this someone declare that he would intervene in the Korean conflict?,the Politburo,Answer: Korea Confidence: 0.9,Korea,0.9,0.0,0,0
115,4hop1__105401_17130_70784_61381,When was the region immediately north of the region of the country in Strangers No More and the Persian Gulf established?,1932,Answer: 1971 Confidence: 0.8,1971,0.8,0.0,0,0
116,2hop__157376_643670,Of which watercourse is the river the Willemsbrug crosses over the mouth?,Het Scheur,Answer: Nieuwe Maas Confidence: 0.9,Nieuwe Maas,0.9,0.0,0,0
117,3hop1__823336_228453_86925,What is the symbol of the Saints from the headquarters location of Ten High's manufacturer called?,fleur - de-lis,Answer: Fleur-de-lis Confidence: 0.8,Fleur-de-lis,0.8,0.0,0,1
118,2hop__59612_42352,How many people were in British Colonies where does the london broil cut come from ?,2 million,Answer: 0. Confidence: 0.9,0.,0.9,0.0,0,0
119,3hop1__768500_730460_70315,Where did Katrina hit the hardest in the Toussaint performer's birthplace?,the city of New Orleans,Answer: New Orleans Confidence: 0.9,New Orleans,0.9,0.6666666666666666,0,1
120,3hop1__127821_157828_162309,When did the country using Olivera Marković's native language as one of its official languages first have its own Olympic team?,2016,Answer: 1996 Confidence: 0.9,1996,0.9,0.0,0,0
121,4hop1__15567_59747_211319_557671,Which county shares a border with the county where the most populous city in the state that sentenced Demarcus Sears to death is located?,Presque Isle County,Answer: Cook County Confidence: 0.8,Cook County,0.8,0.4,0,0
122,2hop__96096_78606,Who plays the wife of the Real Rob cast member in Grown Ups?,Joyce Van Patten,Answer: Selma Hayek Confidence: 0.9,Selma Hayek,0.9,0.0,0,0
123,4hop1__58323_375563_161848_61344,What continent is the country located near the country of citizenship of The Book Thief's author part of?,submerged continent of Zealandia,Answer: Europe Confidence: 0.9,Europe,0.9,0.0,0,0
124,2hop__776637_87295,Who does the cast member from Julie play in Princess Diaries?,Queen dowager Clarisse Renaldi,Answer: Mia Thermopolis Confidence: 0.9,Mia Thermopolis,0.9,0.0,0,0
125,4hop1__752321_153080_159767_81096,The largest city in the state the performer of Pithecanthropus Erectus was from is also the state capital. Who won the indy car race in that city?,Mario Andretti,Answer: Marcus Ericsson Confidence: 0.8,Marcus Ericsson,0.8,0.0,0,0
126,3hop1__161507_160713_77246,What is the meaning of the word that is also a majority religion in the area that became India when the country where Masherbrum is located was created in the Arabic dictionary?,the country of India,Answer: Islam Confidence: 0.8,Islam,0.8,0.0,0,0
127,2hop__84937_21969,When was Q1 who was impeached in england for acts committed as governor general of india impeached?,1786,Answer: 1787 Confidence: 0.8,1787,0.8,0.0,0,0
128,4hop1__130623_32392_823060_610794,What county has a city that is adjacent to the capital city of Erskine College's state?,Richland County,Answer: Greenville County Confidence: 0.9,Greenville County,0.9,0.5,0,0
129,3hop2__132957_483843_40768,"When did the maker of the Acura Legend, the manufacturer of Scion bbX and Nissan open US assembly plants?",1981,Answer: 1980s Confidence: 0.8,1980s,0.8,0.0,0,1
130,2hop__198650_84856,When does the new season start for the show starring the author of True Story: A Novel?,"January 20, 2017",Answer: Fall 2023 Confidence: 0.7,Fall 2023,0.7,0.0,0,0
131,2hop__631139_75487,Who is the federal leader of the party in which John Lynch-Staunton held a position?,Andrew Scheer,Answer: Conservative Party Leader Confidence: 0.9,Conservative Party Leader,0.9,0.0,0,0
132,2hop__223823_29898,Which affiliate left the owner of Canadian Broadcasting Centre due to an agreement with CHBC?,CFJC-TV in Kamloops,Answer: A-Channel. Confidence: 0.8,A-Channel.,0.8,0.0,0,0
133,3hop2__607269_223623_162182,In what region of the country containing Hạ Hòa is John Phan's birthplace found?,South Central Coast,Answer: Vietnam Confidence: 0.9,Vietnam,0.9,0.0,0,0
134,2hop__189094_612080,What league does the team that occupies the Rabat Ajax Football Ground belong to?,Maltese Premier League,Answer: Botola Pro Confidence: 0.9,Botola Pro,0.9,0.0,0,0
135,3hop1__84887_538202_84283,Who is the owner of the record label that the singer of I just got started lovin you belongs to?,Warner Music Group,Answer: Broken Bow Records' owner. Confidence: 0.8,Broken Bow Records' owner.,0.8,0.0,0,0
136,3hop1__305282_282081_10972,When did the city where Ill's performer was born elect its first black mayor?,1970s,Answer: 1986 Confidence: 0.8,1986,0.8,0.0,0,0
137,2hop__199513_801817,What is the birthplace of the person after whom São José dos Campos was named?,Nazareth,Answer: Portugal Confidence: 0.7,Portugal,0.7,0.0,0,0
138,2hop__80637_19033,Where did the wrestler who created the Money in the Bank Ladder Match win in 2008?,Great American Bash,Answer: WrestleMania 24 Confidence: 0.9,WrestleMania 24,0.9,0.0,0,0
139,3hop1__133292_40769_64047,When did the RX 350 from The Hino Dutro creator's luxury division change body style?,Sales began worldwide in April 2012,Answer: 2015 Confidence: 0.8,2015,0.8,0.0,0,0
140,3hop1__857_846_7810,What was where the Yongle emperor greeted who the edict addressed GDP per person in 2013?,"RMB 98,174(US$16041)","Answer: China, GDP per person 2013. Confidence: 0.5","China, GDP per person 2013.",0.5,0.0,0,0
141,4hop2__161602_426860_88460_126088,Who was in charge in the country that is the natural boundary between the country that hosted the tournament and the country where That Dam is located?,Thein Sein,Answer: France  Confidence: 0.8,France,0.8,0.0,0,0
142,2hop__669160_139339,What was the director of Addicted to Love nominated for?,Academy Award for Best Live Action Short Film,Answer: Golden Globe Confidence: 0.7,Golden Globe,0.7,0.0,0,0
143,2hop__734582_74481,Who was played by the director of The Good Shepherd in The Godfather Part II?,Vito Corleone,Answer: Al Pacino Confidence: 0.9,Al Pacino,0.9,0.0,0,0
144,2hop__156085_436709,Who is the creator of Mickey Mouse's spouse?,Walt Disney,Answer: Walt Disney Confidence: 0.9,Walt Disney,0.9,1.0,1,1
145,2hop__137061_45752,Why does the place where Step Up Revolution takes place have a duck for a mascot?,when the school's yearbook chose its name to be ``The Ibis,Answer: Miami. Confidence: 0.8,Miami.,0.8,0.0,0,0
146,2hop__67660_67223,Who married the narrator of How I Met Your Mother?,Tracy Mosby,Answer: Tracy McConnell Confidence: 0.9,Tracy McConnell,0.9,0.5,0,1
147,2hop__252521_80650,Who played the character in the Santa Clause 3 that has a series named after it that includes Frost at Christmas?,Martin Short,Answer: Jack Frost Confidence: 0.9,Jack Frost,0.9,0.0,0,0
148,2hop__58691_192417,The league playing in the Thursday night football game is a type of what?,sports league,Answer: NFL Confidence: 0.9,NFL,0.9,0.0,0,1
149,3hop2__304722_203717_63959,When was the last time the sports team Alan O'Neil was a member of beat the winner of the 1894-95 FA cup?,1 December 2010,Answer: 1993 Confidence: 0.6,1993,0.6,0.0,0,0
150,2hop__450600_158262,When did the author of The Rise and Fall of the Confederate Government end his fight in the Mexican-American War?,1848,Answer: 1848 Confidence: 0.9,1848,0.9,1.0,1,1
151,2hop__194532_57594,What gun does the director of Pollock use in Westworld?,LeMat revolver,Answer: Colt 1911 Confidence: 0.7,Colt 1911,0.7,0.0,0,0
152,4hop1__9002_698949_157828_239539,The language of a film titled and about the city where Tito was interred is the co-official language of a county. In what city is the national Radio and Television broadcaster for that country?,Pristina,Answer: Ljubljana Confidence: 0.9,Ljubljana,0.9,0.0,0,0
153,3hop1__374018_160713_77246,What is the meaning of the word that is also the majority religion in India when the country where Dubbi is located was created in the Arabic dictionary?,the country of India,Answer: Hinduism Confidence: 0.8,Hinduism,0.8,0.0,0,0
154,2hop__268084_78303,"What was the name of the star of Forced Vengeance in Walter, Texas Ranger?",Cordell Walker,Answer: Chuck Norris Confidence: 0.9,Chuck Norris,0.9,0.0,0,0
155,4hop3__661103_698586_1926_54362,Who burned down the city where Dunn Dunn's artist died in the war after which black people declined living in NYC?,Confederate Gen. John Bell Hood,Answer: White supremacists. Confidence: 0.7,White supremacists.,0.7,0.0,0,0
156,4hop3__373573_132409_146285_35031,Where does the city where Alexander Golitzen died rank in the top five largest urban areas of the state where Still Swingin's performers were formed?,third-largest,Answer: 3rd largest Confidence: 0.7,3rd largest,0.7,0.0,0,1
157,3hop1__104996_160713_77246,What is the meaning of the word that is also a majority religion in the area that became India when the country that release Ankahi was created in Arabic dictionary?,the country of India,Answer: Hinduism Confidence: 0.9,Hinduism,0.9,0.0,0,0
158,2hop__10017_18974,Who led the military expedition in the province that borders Zhejiang to the south?,Chen Zheng,Answer: Jiangxi governor Confidence: 0.7,Jiangxi governor,0.7,0.0,0,0
159,3hop1__120881_2053_52946,"When is Celebrity Big Brother coming to the network which, along with ABC and the network which released Stand Against Fear, is the other major broadcaster based in NY?","February 7, 2018",Answer: CBS Confidence: 0.8,CBS,0.8,0.0,0,0
160,2hop__735014_83837,"Who sings Home Alone Tonight with the singer of ""I Don't Want This Night to End""?",Karen Fairchild,Answer: John Legend Confidence: 0.8,John Legend,0.8,0.0,0,0
161,2hop__596188_297986,What administrative territorial entity contains the place where Mycenae House is located?,Royal Borough of Greenwich,Answer: Argolis Confidence: 0.9,Argolis,0.9,0.0,0,0
162,4hop3__700962_88460_30152_20999,How were the same people who the Somali Muslim Ajuran Empire declared independence from expelled from the natural boundary between Thailand and the country where Ban Pakpo is found?,The dynasty regrouped and defeated the Portuguese,Answer: British colonizers. Confidence: 0.7,British colonizers.,0.7,0.0,0,0
163,3hop1__145427_106426_157788,What is one railway line in the country the produced The Longest Night in the city where You Wenhui was born?,Yamanote Line loop,Answer: Harbin-Dalian railway Confidence: 0.8,Harbin-Dalian railway,0.8,0.0,0,0
164,2hop__857493_17335,When did the spouse of Parysatis II die?,323 BC,Answer: 405 BC Confidence: 0.8,405 BC,0.8,0.5,0,0
165,2hop__123104_77615,When did the military instruction start in the university that Paulo Manalo attended?,1912,Answer: 2016 Confidence: 0.7,2016,0.7,0.0,0,0
166,4hop2__9988_685934_70784_61381,"When was the country established that lies north of the region that prevailed with the disgrace of the ""Near East"" and the body of water containing The World islands?",1932,Answer: United Arab Emirates  Confidence: 0.9,United Arab Emirates,0.9,0.0,0,0
167,2hop__788087_150107,Who published the Communication of the association that Deborah Estrin is a member of?,Association for Computing Machinery,Answer: ACM  Confidence: 0.9,ACM,0.9,0.0,0,1
168,4hop1__73810_32392_823060_610794,In what county is located the city that shares a border with the capital of the state that won the 2017 NCAA Basketball Tournament?,Richland County,Answer: Maricopa County Confidence: 0.9,Maricopa County,0.9,0.5,0,0
169,4hop1__749065_698949_157828_239539,"Where are the headquarters of the Radio Television, of the country whose co-official language was used in the film named after the city where Slavko Šurdonja?",Pristina,Answer: Slovenia Confidence: 0.9,Slovenia,0.9,0.0,0,0
170,3hop1__222380_443779_52195,Who is the president of the newly declared independent country that is part of the Commission of Truth and Friendship with the country where Buru is located?,Francisco Guterres,Answer: Timor-Leste President Confidence: 0.8,Timor-Leste President,0.8,0.0,0,1
171,2hop__530579_13529,When was the father of Diego Sinagra signed by Barcelona?,June 1982,Answer: 1982 Confidence: 0.9,1982,0.9,0.6666666666666666,0,1
172,4hop2__161602_426860_88460_20988,What major conflict is the country between the country that hosted the tournament and the country where That Dam is from known for?,one of the world's longest-running ongoing civil wars.,Answer: Vietnam War Confidence: 0.85,Vietnam War,0.85,0.0,0,0
173,3hop1__622497_160088_49779,Who is the host of Who Wants to be a Millionaire in the country that the producer of The Wild Women of Chastity Gulch is from?,Chris Harrison,Answer: Chris Tarrant Confidence: 0.8,Chris Tarrant,0.8,0.5,0,0
174,2hop__14_59409,Who was Beyonce's husband talking about in the the song Cry?,three different relationships he had in the past,Answer: Jay-Z Confidence: 0.9,Jay-Z,0.9,0.0,0,0
175,4hop1__51465_53706_795904_580996,What shares a border with the city where the person who went to the state where most billionaires in America live during the gold rush works?,Rio Linda,Answer: Nevada. Confidence: 0.7,Nevada.,0.7,0.0,0,0
176,2hop__5658_25002,How long did the pact last between Kravchuk and the person who signed the decree suspending the Communist Party of the Russian SFSR?,10-year,Answer: 3 years Confidence: 0.7,3 years,0.7,0.0,0,0
177,2hop__66167_88526,Who was picked before the player who has the most points in an NBA season in the NBA draft?,Greg Oden,Answer: Kareem Abdul-Jabbar Confidence: 0.9,Kareem Abdul-Jabbar,0.9,0.0,0,0
178,2hop__485221_544917,What body of water includes the terrain feature where Coffee Swamp is located?,Lake Superior,Answer: Gulf of Carpentaria Confidence: 0.7,Gulf of Carpentaria,0.7,0.0,0,0
179,3hop1__622497_160088_73916,What is the average yearly income for someone with the same nationality as the producer of The Wild Women of Chastity Gulch?,"$72,641","Answer: $50,000 Confidence: 0.6","$50,000",0.6,0.0,0,0
180,2hop__35566_17873,What happened to Buckingham after the departure of the queen who Martha Ann Ricks presented the famed Liberian coffee tree to?,"palace was seldom used, even neglected",Answer: Buckingham was appointed. Confidence: 0.7,Buckingham was appointed.,0.7,0.2222222222222222,0,0
181,3hop2__326964_263934_7713,How long had the place of birth of Tang Jinhua been the capital city of the Yaxing Coach headquarters location?,about 400 years,Answer: 3 years Confidence: 0.6,3 years,0.6,0.4,0,0
182,3hop1__145427_106426_77199,When did the USA declare war on the country that produced The Longest Night in the city where You Wenhui was born?,"December 8, 1941",Answer: 1941 Confidence: 0.9,1941,0.9,0.5,0,1
183,4hop2__71753_729371_70784_61381,When was the region immediately north of the region home to Israel and the location of Operation Earnest Will established?,1932,Answer: 1987 Confidence: 0.8,1987,0.8,0.0,0,0
184,2hop__13539_13493,"In 2009, what series of wins did the team who won the first match in the 1943 Copa del Generalissimo achieve?",continental treble,Answer: Copa del Generalissimo 2009 Confidence: 0.7,Copa del Generalissimo 2009,0.7,0.0,0,0
185,3hop1__796649_720914_27537,Why did Roncalli leave the city where the creator of Flora died?,for the conclave in Rome,Answer: personal reasons Confidence: 0.6,personal reasons,0.6,0.0,0,0
186,2hop__9285_42311,What's the largest med school in what was the nobilities commonwealth?,Medical University of Warsaw,Answer: University of Glasgow Confidence: 0.8,University of Glasgow,0.8,0.5714285714285715,0,0
187,4hop1__9007_698949_157828_239539,The original language of the film titled and about the city of Tito's final resting place is the co-official language of a country. Where are the headquarters for that country's national radio and TV broadcaster?,Pristina,Answer: Ljubljana Confidence: 0.9,Ljubljana,0.9,0.0,0,0
188,2hop__497191_129669,In which district was Alhandra born?,Lisbon District,Answer: Vila Franca de Xira Confidence: 0.9,Vila Franca de Xira,0.9,0.0,0,0
189,3hop1__131110_39743_24526,"In the state that includes Walnut Spring, what's the typical winter daytime temperature range in the region of Richmond?",upper 40s–lower 50s °F,Answer: 40-50°F  Confidence: 0.7,40-50°F,0.7,0.0,0,1
190,3hop1__9285_5188_23307,"What month did the Tripartite discussions begin between Britain, France, and the country where, despite being headquartered in the nation called the nobilities commonwealth, the top-ranking Warsaw Pact operatives originated?",mid-June,Answer: January Confidence: 0.7,January,0.7,0.0,0,0
191,2hop__16844_42173,When was the ruler that was dissolved after the Indian Rebellion of 1857 established?,1599,Answer: 1858 Confidence: 0.9,1858,0.9,0.0,0,0
192,3hop1__671542_665330_47686,Where do greyhound buses leave from in the city where the performer of Darlings formed?,Toronto Coach Terminal,Answer: Nashville Confidence: 0.7,Nashville,0.7,0.0,0,0
193,3hop1__672543_503371_21711,"When was the Palau de la Generalitat built in the place of death of Martin, of the region containing Piedratajada?",built in the 15th century,Answer: 1934 Confidence: 0.7,1934,0.7,0.0,0,0
194,4hop2__161602_426860_88460_21062,Are there any cruise travel destinations for the country lying between the country hosting the tournament and the country having That Dam?,It is not possible for foreigners to go to/from Myanmar by sea or river.,Answer: Laos. Confidence: 0.7,Laos.,0.7,0.0,0,0
195,3hop1__404541_629431_124169,When did the Governorship end of the city where the author of Paenitentiam Agere died?,1952,Answer: 1827 Confidence: 0.8,1827,0.8,0.0,0,0
196,2hop__648648_173389,The city which contains Broadhurst Park shares a border with what town?,Middleton,Answer: Chorlton Confidence: 0.7,Chorlton,0.7,0.0,0,0
197,2hop__32441_522949,Who is the spouse of the other president Jenkins Orphanage played for that wasn't Taft?,Edith Roosevelt,Answer: Coolidge Confidence: 0.7,Coolidge,0.7,0.0,0,0
198,3hop1__662413_42197_18397,Where did the arguer that Kirill Eskov's country of citizenship had become an imperialist power declare he would intervene in the Korean conflict?,the Politburo,Answer: Korea Confidence: 0.8,Korea,0.8,0.0,0,0
199,3hop1__140855_2053_52946,"When is Celebrity Big Brother coming to the network that, along with the original network of Then Came Bronson and ABC, is based in New York?","February 7, 2018",Answer: 2024 Confidence: 0.7,2024,0.7,0.0,0,0
200,2hop__93230_319887,What institute did the actor playing the voice of John Smith in Pocahontas attend?,National Institute of Dramatic Art,Answer: London Academy of Music and Dramatic Art Confidence: 0.9,London Academy of Music and Dramatic Art,0.9,0.5,0,0
201,4hop3__323121_88460_30152_20999,How were people from whom new coins were a proclamation of independence by the Somali Muslim Ajuran Empire expelled from the natural boundary between Thailand and A Magne's country?,The dynasty regrouped and defeated the Portuguese,Answer: Somali Muslims Confidence: 0.3,Somali Muslims,0.3,0.0,0,0
202,2hop__517145_367341,Who is the child of the cast member of Green Ice?,Tatum O'Neal,Answer: Unknown Confidence: 0.3,Unknown,0.3,0.0,0,0
203,2hop__29893_29898,Which affiliate left the company that owns and operates most of the CBC television stations due to an agreement with CHBC?,CFJC-TV in Kamloops,Answer: Global Confidence: 0.7,Global,0.7,0.0,0,0
204,3hop1__109422_720914_27537,Why did Roncalli leave the place of death of The Punishment of Tythus' creator?,for the conclave in Rome,Answer: To avoid persecution. Confidence: 0.7,To avoid persecution.,0.7,0.0,0,0
205,4hop1__145422_698949_157828_162309,"When did the country, that has the original language of the film named after Vladimir Karalić's birthplace as a co-official language, first attend the Olympics as an independent team?",2016,Answer: 1992 Confidence: 0.9,1992,0.9,0.0,0,0
206,2hop__754021_20057,Who started the organization that founded Defective by Design?,Richard Stallman,Answer: Free Software Foundation Confidence: 0.9,Free Software Foundation,0.9,0.0,0,1
207,2hop__29191_59955,What country is between Lithuania and Frederic Chopin's home country?,Kaliningrad Oblast,Answer: Poland Confidence: 0.9,Poland,0.9,0.0,0,0
208,2hop__35989_623159,In what oblast is the oldest city in the northeast located?,Yaroslavl Oblast,Answer: Belgorod Oblast Confidence: 0.8,Belgorod Oblast,0.8,0.5,0,0
209,2hop__62823_654855,"What political party was the candidate who garnered a million votes during the 1920 election despite being in prison, a member of?",Socialist Party of America,Answer: Socialist Party Confidence: 0.9,Socialist Party,0.9,0.6666666666666666,0,1
210,2hop__839126_472799,Which competition did the performer of Cadore 33 participated?,Eurovision Song Contest 1991,Answer: Culturally significant event Confidence: 0.4,Culturally significant event,0.4,0.0,0,0
211,3hop1__857_846_7701,When did the city where the Yongle emperor greeted the person to whom the edict was addressed become the Chinese national capital?,Jin dynasty,Answer: 1421 Confidence: 0.9,1421,0.9,0.0,0,0
212,3hop1__497845_629431_64412,When did the place where the author of Princeps Pastorum died become its own country?,11 February 1929,Answer: 1976 Confidence: 0.7,1976,0.7,0.0,0,0
213,2hop__556426_9237,When did the first mosque open where Air Marshall Islands is headquartered?,September 2012,Answer: 1984 Confidence: 0.7,1984,0.7,0.0,0,0
214,4hop1__31333_59747_211319_557671,Which county shares a border with the county where the most populous city in the other state that sent Tennessee the most tourists in 2013 is located?,Presque Isle County,Answer: Mississippi Confidence: 0.8,Mississippi,0.8,0.0,0,0
215,2hop__593866_80026,"In Willy Wonka and the Chocolate Factory, who played the character that the group who performs MMXIV was named after?",Julie Dawn Cole,Answer: Veruca Salt Confidence: 0.9,Veruca Salt,0.9,0.0,0,1
216,3hop1__857_846_7795,"In 2011, what was the estimated population of the city where the Yongle emperor greeted the person to whom the edict was addressed?",8.11 million,Answer: Beijing. Confidence: 0.9,Beijing.,0.9,0.0,0,0
217,3hop1__469478_15840_36002,What were the Genesis's advantages over the platform that plays Sunman?,built on 16-bit architectures and offered improved graphics and sound,"Answer: Graphics, sound, library. Confidence: 0.8","Graphics, sound, library.",0.8,0.30769230769230765,0,0
218,2hop__747306_72813,"In The Wire, who is played by the Go for Broke cast member?",a Western District uniformed officer,Answer: D'Angelo Barksdale Confidence: 0.8,D'Angelo Barksdale,0.8,0.0,0,0
219,4hop1__58323_375563_161848_53331,When was the death penalty abolished in the country near the country where the writer of The Book Thief is a citizen of?,1989,Answer: 2011 Confidence: 0.7,2011,0.7,0.0,0,0
220,2hop__283298_22402,How many students attend the university employing Marie Theres Fögen?,"nearly 25,000",Answer: 22000 Confidence: 0.6,22000,0.6,0.0,0,1
221,2hop__998_25855,What does dell call the feature letting the interface replacing FireWire in later iterations of the iPod drives to remain powered when the computer is off?,PowerShare,Answer: PowerShare Confidence: 0.9,PowerShare,0.9,1.0,1,1
222,3hop1__408237_400692_51423,What is the name of the castle in the birthplace of Harmony's performer?,Casa Loma,Answer: Balmoral Castle Confidence: 0.7,Balmoral Castle,0.7,0.0,0,0
223,2hop__72487_510545,Who is the spouse of the actor that plays vision in avengers age of ultron?,Jennifer Connelly,Answer: Elizabeth Olsen Confidence: 0.7,Elizabeth Olsen,0.7,0.0,0,0
224,3hop1__351696_42197_18397,Where did the person who argued that the country where Ural Oblast is located had become an imperialist power declare he would intervene in the Korean conflict?,the Politburo,Answer: Korea Confidence: 0.8,Korea,0.8,0.0,0,0
225,3hop1__579562_629431_124169,What year did the Governor of the city where Pacem in Terris' author died end?,1952,Answer: 1963 Confidence: 0.9,1963,0.9,0.0,0,0
226,4hop1__161765_53706_795904_580996,What city shares a border with the city where the person who went to the state where Englebart died during the gold rush works?,Rio Linda,Answer: Portland Confidence: 0.6,Portland,0.6,0.0,0,0
227,2hop__71294_494136,Who is the spouse of the actor who plays the father on I Can Only Imagine?,Meg Ryan,Answer: Priscilla Shirer Confidence: 0.8,Priscilla Shirer,0.8,0.0,0,0
228,2hop__657913_88628,Who did the producer of Big Jim McLain play in True Grit?,U.S. Marshal Rooster Cogburn,Answer: John Wayne Confidence: 0.9,John Wayne,0.9,0.0,0,0
229,2hop__699172_141338,What company is the school where Lawrence Landweber was educated a part of?,City University of New York,Answer: University of Wisconsin-Madison Confidence: 0.9,University of Wisconsin-Madison,0.9,0.5,0,0
230,2hop__613779_55984,"Who wrote the song ""The Story"" that is sung by the performer of ""That Wasn't Me""?",Phil Hanseroth,Answer: Brandi Carlile Confidence: 0.9,Brandi Carlile,0.9,0.0,0,0
231,2hop__747667_52835,Who wrote Turn Me On by the Thinking About You performer?,John D. Loudermilk,Answer: David Guetta Confidence: 0.9,David Guetta,0.9,0.0,0,0
232,3hop1__604797_443779_52195,who is the president of newly declared independent country which is the country of the country of Alabio –Timor Leste Commission of Truth and Friendship?,Francisco Guterres,Answer: Timor-Leste President. Confidence: 0.8,Timor-Leste President.,0.8,0.0,0,1
233,3hop2__802066_223623_162182,"In what region of the country where Châu Đức is found, is the birthplace of John Phan?",South Central Coast,Answer: Southeast Asia Confidence: 0.7,Southeast Asia,0.7,0.0,0,0
234,4hop1__236903_153080_159767_81096,Who won the Indy Car Race in the largest city and state of the state where the performer of East Coasting is from?,Mario Andretti,Answer: Scott Dixon Confidence: 0.7,Scott Dixon,0.7,0.0,0,0
235,2hop__2683_577502,Who married the governor who passed a law in honor of Donda West?,Maria Shriver,Answer: S. B. 1482 author Confidence: 0.7,S. B. 1482 author,0.7,0.0,0,0
236,3hop2__304722_781203_63959,When was the last time the team who Bernard Lowe was a member of beat the winner of the 1894-95 FA Cup?,1 December 2010,Answer: 1897 Confidence: 0.7,1897,0.7,0.0,0,0
237,3hop2__49541_121067_51068,The queen of england in 1890 is portrayed on the network that broadcast The Pacific Century by whom?,Jenna - Louise Coleman,Answer: BBC Confidence: 0.8,BBC,0.8,0.0,0,0
238,2hop__55552_158105,What two features of Windows 98 were highlighted by the man who announced Windows in 1983?,ease of use and enhanced support for Plug and Play,"Answer: GUI, multitasking Confidence: 0.8","GUI, multitasking",0.8,0.0,0,0
239,2hop__124933_653666,Who is the mother of the father of Julia Murdock Smith?,Lucy Mack Smith,Answer: unknown Confidence: 0.6,unknown,0.6,0.0,0,0
240,2hop__848156_130869,What state contains the place where Fatata te Miti is displayed?,"Washington, D.C.",Answer: Hawaii Confidence: 0.9,Hawaii,0.9,0.0,0,0
241,3hop1__79039_131926_13165,What treaty ceded territory to the US extending west to the river next to the city that's the home of the Juicy Lucy?,Treaty of Paris,Answer: Treaty of Fort Snelling Confidence: 0.7,Treaty of Fort Snelling,0.7,0.5714285714285715,0,0
242,2hop__527400_159673,"This cast member in ""Search for the Gods"" also plays a character in which film?",The Hateful Eight,Answer: Unknown film. Confidence: 0.2,Unknown film.,0.2,0.0,0,0
243,4hop3__279362_88460_30152_20999,How were people from whom new coins were a proclamation of independence by the Somali Muslim Ajuran Empire expelled from the natural boundary between Thailand and Vat Yotkeo's country?,The dynasty regrouped and defeated the Portuguese,Answer: Somali Muslims expelled. Confidence: 0.3,Somali Muslims expelled.,0.3,0.0,0,0
244,3hop1__57186_237521_291682,Who's married to the man who produced a documentary about the singer of She's Out of My Life?,Liza Minnelli,Answer: Tina Turner Confidence: 0.7,Tina Turner,0.7,0.0,0,0
245,3hop2__132957_593597_40768,"When did the maker of Acura Legend, the manufacturer of Scion Fuse and Nissan open US assembly plants?",1981,Answer: 1986 Confidence: 0.7,1986,0.7,0.0,0,0
246,3hop1__198276_709625_84283,Who is the owner of the record label of the performer of What Kind of Love?,Warner Music Group,"Answer: Celine Dion's label, Confidence: 0.7","Celine Dion's label,",0.7,0.0,0,0
247,2hop__35445_22458,What is the full name of the organization that publishes he Laws of the Game?,International Federation of Association Football,Answer: Fédération Internationale de Football Association (FIFA) Confidence: 0.9,Fédération Internationale de Football Association (FIFA),0.9,0.3636363636363636,0,1
248,3hop2__668732_467331_162182,"In what region of the country containing An Phú, is the city with the Zone 5 Military Museum located?",South Central Coast,Answer: South Vietnam Confidence: 0.9,South Vietnam,0.9,0.4,0,0
249,2hop__89403_122023,Which university educated the scientist who developed an explanation for the photoelectric effect?,Luitpold Gymnasium,Answer: University of Zurich Confidence: 0.9,University of Zurich,0.9,0.0,0,0
250,2hop__133241_33564,In what era was the company known as the manufacturer of Agni-V founded?,From the 1950s to the 1970s,Answer: 2000s Confidence: 0.9,2000s,0.9,0.0,0,0
251,2hop__822965_165304,Who is the child of the actor who is a cast member of Love in Pawn?,Kim Braden,Answer: unknown Confidence: 0.7,unknown,0.7,0.0,0,0
252,4hop3__129318_29339_508306_70744,University of the state having Fort Hill or university of the state whose primary was won by Edwards besides the state having James B. Simmons House has more national championships?,University of South Carolina,Answer: North Carolina State University Confidence: 0.7,North Carolina State University,0.7,0.5,0,0
253,2hop__38030_23241,"According to Pew, in 2010, what percent of Nigeria's population practiced the religion dominant in the countries surrounding Armenia?",48.8 percent,Answer: 50% Confidence: 0.7,50%,0.7,0.0,0,1
254,2hop__150866_11402,"According to the agency that published U.S. and World Population Clock, what is the total area in square miles?",17.037 square miles,Answer: 3.8 million Confidence: 0.7,3.8 million,0.7,0.0,0,0
255,2hop__132969_417697,What model of car was Mohammed Atta's vehicle that is from the company that makes Datsun Sports?,Nissan Altima,Answer: Nissan Altima Confidence: 0.8,Nissan Altima,0.8,1.0,1,1
256,2hop__96414_159054,What was the story of the character from The Bourne Ultimatum based on?,the novel of the same name by Robert Ludlum,Answer: Robert Ludlum's novel. Confidence: 0.9,Robert Ludlum's novel.,0.9,0.4,0,1
257,2hop__304852_758385,What administrative territorial entity contains the place where KPRM is licensed to broadcast to?,Hubbard County,"Answer: Chicago, Illinois Confidence: 0.95","Chicago, Illinois",0.95,0.0,0,0
258,2hop__88906_55840,"In the King's Speech, who played the person who was the King of England in 1950?",Colin Firth,Answer: Colin Firth Confidence: 1.0,Colin Firth,1.0,1.0,1,1
259,2hop__147260_623159,What territorial entity does the town where John the Hairy lived belong to?,Yaroslavl Oblast,Answer: Ecuador Confidence: 0.8,Ecuador,0.8,0.0,0,0
260,4hop2__161602_474028_88460_21074,Who runs the school system in the country on the natural boundary between the country that hosted the tournament and the country where A Don is from?,the Ministry of Education,Answer: Unknown. Confidence: 0.2,Unknown.,0.2,0.0,0,0
261,2hop__697729_576069,Adolf Overweg died in what geological area?,Chad Basin,Answer: Africa Confidence: 0.9,Africa,0.9,0.0,0,0
262,4hop2__160585_14670_8987_8974,Hana Mandlikova was born in Country A that invaded Country B because the military branch the Air Defense Artillery is part of was unprepared. Country B was the only communist country to have an embassy where?,Alfredo Stroessner's Paraguay,Answer: Washington D.C. Confidence: 0.8,Washington D.C.,0.8,0.0,0,0
263,2hop__95970_152907,What city is the star of Sous les pieds des femmes from?,La Goulette,Answer: Paris Confidence: 0.8,Paris,0.8,0.0,0,0
264,2hop__82051_7298,"Along with the subject of The One That Got Away, what notable pop artist started out his career on adult contemporary radio?",Michael Bublé,Answer: Justin Timberlake Confidence: 0.7,Justin Timberlake,0.7,0.0,0,0
265,2hop__96812_130869,The Small Cowper Madonna painting is displayed in what state?,"Washington, D.C.",Answer: Ohio Confidence: 0.9,Ohio,0.9,0.0,0,0
266,2hop__95687_577502,Who is the spouse of the leading actor in the film The 6th Day?,Maria Shriver,Answer: Gigi Edgley Confidence: 0.7,Gigi Edgley,0.7,0.0,0,0
267,2hop__87589_362941,Where was the founder of the National Women's Party born?,Mount Laurel Township,Answer: New York City. Confidence: 0.9,New York City.,0.9,0.0,0,0
268,2hop__160292_23241,"According to Pew, in 2010, what percent of Nigeria's population practiced the religion of most of the workers?",48.8 percent,Answer: 50% Confidence: 0.7,50%,0.7,0.0,0,1
269,4hop1__813171_153080_159767_81096,Who won the Indy car race in the largest city and capitol of the state where the Changes Two performer is from?,Mario Andretti,Answer: Max Chilton  Confidence: 0.7,Max Chilton,0.7,0.0,0,0
270,4hop1__88342_49853_128008_46894,Who has the lowest batting average in the league that the team that has won the most titles from the competition they give out MVP awards plays for?,Bill Bergen,Answer: Mendoza Line player Confidence: 0.7,Mendoza Line player,0.7,0.0,0,0
271,3hop1__76377_40769_64047,When did the luxury division of the top selling car brand change the body style of the rx 350?,Sales began worldwide in April 2012,Answer: 2016 Confidence: 0.8,2016,0.8,0.0,0,0
272,2hop__552607_126089,Who was in charge of the province which contains Zeevang?,Johan Remkes,Answer: Friesland  Confidence: 0.9,Friesland,0.9,0.0,0,0
273,4hop3__668721_132409_146285_35031,"In the top five largest urban areas in the state where the performer of The Paramour Sessions was from, where does the place of death for Alexander Golitzen rank?",third-largest,Answer: 1st Confidence: 0.7,1st,0.7,0.0,0,0
274,3hop2__89854_38738_76291,When did the party that holds the majority in the House of Representatives take control of the branch that gives regulators discretion to prohibit proprietary trades?,January 2015,Answer: 2010 Confidence: 0.9,2010,0.9,0.0,0,0
275,2hop__62951_64006,"As a result of the Black Death, how much was the population reduced in the place that the US helped with the Marshall Plan?",30% to 65%,Answer: Europe 30-60% Confidence: 0.8,Europe 30-60%,0.8,0.0,0,1
276,2hop__611178_131968,Which is the body of water by the village which borders Long Ditton?,River Thames,Answer: River Thames Confidence: 0.9,River Thames,0.9,1.0,1,1
277,2hop__3131_3300,Which season was the runner up of the third season of American Idol on?,season three,Answer: Season 2 Confidence: 0.9,Season 2,0.9,0.5,0,0
278,3hop1__662618_339990_54675,What mountain can you see from Portland in the state where Fishing Creek Confederacy is located?,Tualatin Mountains,Answer: Mount Hood Confidence: 0.9,Mount Hood,0.9,0.0,0,0
279,4hop1__56270_53706_795904_580996,What shares a border with the city where the person who went to the state where the 951 area code is used during the gold rush works?,Rio Linda,Answer: Nevada Confidence: 0.8,Nevada,0.8,0.0,0,0
280,2hop__126306_396277,What is another notable work by the illustrator of Sylvester and the Magic Pebble?,Doctor De Soto,Answer: In the Night Kitchen Confidence: 0.8,In the Night Kitchen,0.8,0.0,0,0
281,4hop1__56635_49925_13759_736921,"The German priest, who wanted to reform the religious denomination now the largest in the US, preached a sermon on Marian devotion soon before his death in which German state?",Saxony-Anhalt,Answer: Saxony Confidence: 0.9,Saxony,0.9,0.0,0,1
282,2hop__506035_325512,In which county was Larkin I. Smith born?,Pearl River County,Answer: Claiborne County  Confidence: 0.8,Claiborne County,0.8,0.4,0,0
283,2hop__663184_57816,What is the U.S. News ranking of the law school at Bruce Nissen's employer?,100,Answer: Unknown Confidence: 0.2,Unknown,0.2,0.0,0,0
284,2hop__41158_22946,Who said one of the greatest thinkers was the person who proposed explanations for the origins of earthquakes and the formation of mountains?,George Sarton,Answer: Aristotle Confidence: 0.9,Aristotle,0.9,0.0,0,0
285,3hop1__584774_131926_87157,What is the direction of flow of the body of water by the city where Uni-Systems is headquartered?,rises in northern Minnesota and meanders slowly southwards,Answer: South Confidence: 0.7,South,0.7,0.0,0,1
286,2hop__6827_88924,Who is the chairman of the company that bought FleetBoston Financial?,Brian Thomas Moynihan,Answer: Bank of America Chairman. Confidence: 0.9,Bank of America Chairman.,0.9,0.0,0,1
287,3hop1__169494_42197_18397,Where did the arguer that Dmitry Okhotsimsky's country of citizenship had become an imperialist power declare he would intervene in the Korean conflict?,the Politburo,Answer: Korea Confidence: 0.8,Korea,0.8,0.0,0,0
288,2hop__80375_90181,what is the deepest part of the ocean off the east coast of the united states?,Milwaukee Deep,Answer: Puerto Rico Trench Confidence: 0.9,Puerto Rico Trench,0.9,0.0,0,1
289,3hop2__104979_23308_28343,When did the troops of the country blamed for the stagnation and failure of the Tripartite discussion leave the country known for Afghan bread?,February 1989,Answer: 1989 Confidence: 0.8,1989,0.8,0.6666666666666666,0,1
290,3hop1__587540_514761_594810,What record label does the spouse of Mama's Broken Heart's performer belong to?,Warner Bros. Records,Answer: RCA Records Confidence: 0.8,RCA Records,0.8,0.4,0,0
291,2hop__96411_159054,What was the story of the character from The Bourne Deception based on?,the novel of the same name by Robert Ludlum,Answer: Robert Ludlum's novel. Confidence: 0.9,Robert Ludlum's novel.,0.9,0.4,0,1
292,4hop1__836115_49925_13759_736921,Where is the district that the person who wanted to reform and address Vincentas Sladkevičius' religion preached a sermon on Marian devotion before his death located?,Saxony-Anhalt,Answer: Kaunas Confidence: 0.8,Kaunas,0.8,0.0,0,0
293,3hop1__108062_720914_27537,Why did Roncalli leave the city where La Bella's creator died?,for the conclave in Rome,Answer: Relocation. Confidence: 0.7,Relocation.,0.7,0.0,0,0
294,3hop1__136129_87694_64412,When did the place where the head of the catholic region named after the same saint as the Dakovo Cathedral become its own country?,11 February 1929,Answer: 1991 Confidence: 0.9,1991,0.9,0.0,0,0
295,4hop3__152056_698586_1926_54362,Who burned down the death city of the artist responsible for Dunn Dunn in the war after which the first time black people declined in living in NYC?,Confederate Gen. John Bell Hood,Answer: Unknown. Confidence: 0.2,Unknown.,0.2,0.0,0,0
296,3hop2__782397_467331_162182,"In what region of the country that contains Phu Luong, is the city that has the Zone 5 Military Museum located?",South Central Coast,Answer: Central Vietnam Confidence: 0.9,Central Vietnam,0.9,0.4,0,0
297,3hop2__304722_526346_63959,When was the last time the sports team having Trevor Dark as a member beat the winner of 1894–95 FA Cup?,1 December 2010,Answer: 1992 Confidence: 0.6,1992,0.6,0.0,0,0
298,2hop__463884_807572,What county is the Ira C. Allen Mansion located in?,Monmouth County,Answer: Chittenden County Confidence: 0.9,Chittenden County,0.9,0.5,0,0
299,2hop__458131_174974,Who is the spouse of the Rabbit Hole's producer?,Keith Urban,Answer: Unknown Confidence: 0.5,Unknown,0.5,0.0,0,0
300,3hop1__222497_309482_89834,When did the merchant of the city where the composer of Al gran sole carico d'amore takes place?,16th - century,Answer: 18th century Confidence: 0.7,18th century,0.7,0.5,0,0
301,3hop2__106842_30645_84681,When did the people who first settled the Delaware Valley come to the country which produced the show @Seven?,13 December 1642,Answer: 1609 Confidence: 0.8,1609,0.8,0.0,0,0
302,4hop3__474028_88460_30152_20999,How were people from whom new coins were a proclamation of independence by the Somali Muslim Ajuran Empire expelled from the natural boundary between Thailand and A Don's country?,The dynasty regrouped and defeated the Portuguese,Answer: Unknown. Confidence: 0.2,Unknown.,0.2,0.0,0,0
303,2hop__37353_23241,"According to Pew in 2010, what percent of Nigeria's population was the people who conquered the Eastern provinces of the Byzantine empire?",48.8 percent,Answer: 0.5% Confidence: 0.1,0.5%,0.1,0.0,0,0
304,4hop1__726675_508773_85832_745702,Who is the child of the Italian navigator who explored the eastern coast of the continent César Gaytan was born in for the English?,Sebastian Cabot,Answer: Amerigo Vespucci Jr. Confidence: 0.3,Amerigo Vespucci Jr.,0.3,0.0,0,0
305,4hop1__88342_49853_128008_54974,What is the longest home run hit in the league where the team with the most titles from the event after which the MLB MVP is awarded plays?,about 575 feet,Answer: 755 ft Confidence: 0.8,755 ft,0.8,0.0,0,0
306,2hop__47712_25719,At the end of which year did tribes from the place where the Celts are said to have migrated from invade the Roman empire?,406,Answer: 406 AD Confidence: 0.8,406 AD,0.8,0.6666666666666666,0,1
307,2hop__332453_139339,What was the director of The Accidental Husband nominated for?,Academy Award for Best Live Action Short Film,Answer: N/A Confidence: 0.7,N/A,0.7,0.0,0,0
308,2hop__435184_67370,When does real time with the pizza man cast member start again in 2018?,"January 19, 2018","Answer: August 18, 2018 Confidence: 0.8","August 18, 2018",0.8,0.3333333333333333,0,0
309,2hop__16581_16525,When did the person who first brought a postal service into Umayyad lands become caliph?,661,Answer: 661 Confidence: 0.9,661,0.9,1.0,1,1
310,2hop__403580_37168,"According to QS World University Rankings, what is the ranking of the place that employed Said Ashour?",551-600,Answer: 50 Confidence: 0.6,50,0.6,0.0,0,0
311,2hop__389778_78303,"What was the cast member of Missing in Action's name in Walker, Texas Ranger?",Cordell Walker,Answer: Chuck Norris Confidence: 0.9,Chuck Norris,0.9,0.0,0,0
312,2hop__424294_19033,Where did the author of A Lion's Tale: Around the World in Spandex win in 2008?,Great American Bash,Answer: WWE Confidence: 0.9,WWE,0.9,0.0,0,0
313,2hop__107548_124896,Who is the father of the artist who painted Head I?,Nicholas Bacon,Answer: Willem de Kooning. Confidence: 0.7,Willem de Kooning.,0.7,0.0,0,0
314,3hop1__761225_831637_91775,"What does seal stand for in the branch of the U.S. military that operates a list of destroyer classes, as well as containing the rank O-1?","Sea, Air, and Land",Answer: Navy Confidence: 0.9,Navy,0.9,0.0,0,0
315,2hop__75714_21969,When was the first governor general of India impeached?,1786,Answer: 1780 Confidence: 0.8,1780,0.8,0.0,0,0
316,4hop1__860115_798482_131926_87157,What is the direction of flow of the body of water by the city sharing a border with Elizabeth Berg's birthplace?,rises in northern Minnesota and meanders slowly southwards,Answer: West Confidence: 0.7,West,0.7,0.0,0,0
317,2hop__536283_67465,When did the performer of Watching Movies release Best Day Ever?,"March 11, 2011",Answer: 2011 Confidence: 0.9,2011,0.9,0.5,0,1
318,3hop2__127483_156850_10557,What was the language Auctor comes from during the era of Fastrada's spouse later known as?,Medieval Latin,Answer: Latin Confidence: 0.9,Latin,0.9,0.6666666666666666,0,1
319,4hop1__364476_439408_131976_90181,"What is the deepest part of the ocean, near the state, where the county that holds the city of Winchester is found?",Milwaukee Deep,Answer: Mariana Trench Confidence: 0.9,Mariana Trench,0.9,0.0,0,0
320,3hop2__304722_330033_63959,When was the last time Tony Richard's team beat the 1894-95 FA Cup Winner?,1 December 2010,Answer: 1999 Confidence: 0.7,1999,0.7,0.0,0,0
321,4hop1__88342_49853_128008_48717,"Who was the second pick in the 1999 draft of the organization, that includes the team with the most titles, in the event preceding the awarding of the MLB MVP?",Josh Beckett,Answer: Derek Jeter Confidence: 0.8,Derek Jeter,0.8,0.0,0,0
322,4hop1__152146_5274_458768_33632,What day is the Feast held in the city where the headquarters of the only group larger than Långa nätter's record label is located?,May 4,Answer: July 4 Confidence: 0.7,July 4,0.7,0.5,0,0
323,3hop2__60649_90098_10557,What was the language from which the last name Sylvester originated during the era of the Frankish king who formed the Holy Roman Empire later known as?,Medieval Latin,Answer: Latin Confidence: 0.8,Latin,0.8,0.6666666666666666,0,1
324,3hop2__304722_747004_63959,When was the last time George Hollis's team beat the 1894-95 FA Cup winner?,1 December 2010,Answer: 1896 Confidence: 0.7,1896,0.7,0.0,0,0
325,2hop__725233_150107,Who published Communications of the publisher of the Mobile Computing and Communications Review?,Association for Computing Machinery,Answer: ACM Confidence: 0.9,ACM,0.9,0.0,0,1
326,3hop1__222497_737465_93723,"Who played Spyder, from the ""Once Upon a Time"" film set in the place of death of the composer of Al gran sole carico d'amore?",Jason Momoa,Answer: Peter Pan Confidence: 0.7,Peter Pan,0.7,0.0,0,0
327,4hop1__88342_49853_128008_87812,When is the opening day of the league of the team with the most titles from the event after which they give out the MLB MVP award?,"Thursday, March 29","Answer: April 7, 2024 Confidence: 0.8","April 7, 2024",0.8,0.0,0,0
328,4hop2__161602_426860_88460_63559,When was Burma's name changed to that of the country on the natural boundary between the country that hosted the tournament and the country where That Dam is from?,1235,Answer: 1989 Confidence: 0.8,1989,0.8,0.0,0,0
329,2hop__35137_22940,What is the Book of Healing by the writer of The Canon of Medicine referred to in Arabic?,Kitab al-shifa,Answer: Kitab al-Shifa Confidence: 0.9,Kitab al-Shifa,0.9,1.0,1,1
330,2hop__681463_402641,Who is the sibling of Chiang Hsiao-wen?,Chiang Hsiao-wu,Answer: Chiang Hsiao-yun Confidence: 0.8,Chiang Hsiao-yun,0.8,0.5,0,1
331,3hop2__6989_37759_74563,"When did the religious order that founded Harvard College, arrive in the region of the U.S. served by the Rainbow Times?",1630,Answer: 1636 Confidence: 0.8,1636,0.8,0.0,0,0
332,2hop__71755_463572,What is the record label for the singer who originally sang You Belong To Me.,MGM Records,Answer: Big Machine Records Confidence: 0.8,Big Machine Records,0.8,0.4,0,0
333,2hop__170823_120171,What year did the publisher of Labyrinth end?,1986,Answer: 1995 Confidence: 0.8,1995,0.8,0.0,0,0
334,4hop1__814776_765799_282674_759393,What is the seat of the county sharing a border with the county where Western Islands is headquartered?,Green Bay,Answer: Stornoway Confidence: 0.8,Stornoway,0.8,0.0,0,0
335,4hop1__152028_141441_458768_33633,When did the explorer reach the headquarters location of the group Con-Test's record label is part of?,"August 3, 1769",Answer: 2002 Confidence: 0.5,2002,0.5,0.0,0,0
336,3hop1__222497_309482_80702,What is the name of the famous bridge in the place where Al gran sole carico d'amore's composer worked?,Rialto Bridge,Answer: Ponte Vecchio Confidence: 0.9,Ponte Vecchio,0.9,0.0,0,0
337,3hop1__516535_834494_33939,"In 1900, what was the population of the city in the same county as Allen?","7,531","Answer: 70,000 Confidence: 0.6","70,000",0.6,0.0,0,0
338,2hop__562154_69048,Who is the Chief Judge in the place where DeltaWomen's headquarters in located?,Honorable Justice Abiodun Smith,Answer: Unknown Confidence: 0.5,Unknown,0.5,0.0,0,0
339,3hop1__103662_443779_52195,Who is the president of the newly declared independent country that is part of the Commission of Truth and Friendship with Radiansyah's birth country?,Francisco Guterres,Answer: Unknown Confidence: 0.2,Unknown,0.2,0.0,0,0
340,2hop__785711_63853,What is the source of the body of water where Augrabies Falls is located?,Thaba Putsoa,Answer: Orange River Confidence: 0.9,Orange River,0.9,0.0,0,0
341,3hop1__106042_64399_62676,"When did the city that spread Christianity to Rome, Egypt, Judea, and the country where Vasilopita originates, become the capital city of the Hebrews?",c. 1000 BCE,Answer: Jerusalem. Confidence: 0.9,Jerusalem.,0.9,0.0,0,0
342,2hop__846844_47134,What is the mascot of the school that owns Goss Stadium at Coleman Field?,Benny Beaver,Answer: Beavers Confidence: 0.9,Beavers,0.9,0.0,0,1
343,3hop2__132957_433432_40768,"When did the maker of Acura Legend, the manufacturer of Lexus RX and Nissan open US assembly plants?",1981,Answer: 1981 Confidence: 0.8,1981,0.8,1.0,1,1
344,3hop2__30152_107291_20999,"How were the people that the Somali Muslim Ajuran Empire made coins to proclaim independence from, expelled from the country where Mohinga is eaten?",The dynasty regrouped and defeated the Portuguese,Answer: British Confidence: 0.8,British,0.8,0.0,0,0
345,2hop__345_59409,Who was the person who purchased Tidal's parent company in 2015 talking about in the song 'Cry?',three different relationships he had in the past,Answer: Jay-Z Confidence: 0.9,Jay-Z,0.9,0.0,0,0
346,3hop1__135794_87694_64412,When did the city where the Basilica that is named after the same saint as the one in San Pietro in Montorio located in become a country?,11 February 1929,Answer: 1929 Confidence: 0.9,1929,0.9,0.5,0,1
347,4hop1__373866_5186_10659_23296,"The People's Socialist Republic of Albania was a member of an organization which was dissolved in Country A. Who invaded the country where many expelled French Jews relocated, other than Country A?",Soviet,Answer: Italy Confidence: 0.7,Italy,0.7,0.0,0,0
348,2hop__204146_850295,Who is the sibling of the author of Kapalkundala?,Sanjib Chandra,Answer: Nabin Chandra Sen Confidence: 0.8,Nabin Chandra Sen,0.8,0.4,0,0
349,4hop3__238811_88460_30152_20999,New coins by the Somali Muslim Ajuran Empire were a proclamation of independence from a nation. How were the people of that nation expelled from country that borders Thailand and Ban Nampo village's country?,The dynasty regrouped and defeated the Portuguese,Answer: Myanmar Confidence: 0.7,Myanmar,0.7,0.0,0,0
350,3hop1__273571_834494_34109,What's the PBS station located in the city contained within the county where Summit is also located?,KUAT-TV 6,Answer: KQED Confidence: 0.7,KQED,0.7,0.0,0,0
351,3hop1__66872_709625_84283,Who owns the record label of the Till I Can Gain Control Again songwriter?,Warner Music Group,Answer: Sony Music Confidence: 0.7,Sony Music,0.7,0.4,0,0
352,3hop1__564628_42197_18397,Where did the person who argued that the country where Autograph formed had become an imperialist power declare he would intervene in the Korean conflict?,the Politburo,Answer: China Confidence: 0.8,China,0.8,0.0,0,0
353,4hop3__507819_88460_30152_20999,How were the same people who the Somali Muslim Ajuran Empire declared independence from expelled from the natural boundary between Thailand and the country where Route 3 is found?,The dynasty regrouped and defeated the Portuguese,Answer: Malay Peninsula's Thai expulsion. Confidence: 0.6,Malay Peninsula's Thai expulsion.,0.6,0.0,0,0
354,4hop1__707078_378185_282674_759393,What is the capital of the county that shares a border with the county that contains the birthplace of Erik Jensen?,Green Bay,Answer: Salt Lake City Confidence: 0.7,Salt Lake City,0.7,0.0,0,0
355,4hop1__163763_49925_13759_736921,Where is the district that the person who wanted to reform and address Jesus Varela's religion preached a sermon on Marian devotion before his death located?,Saxony-Anhalt,Answer: Aguascalientes Confidence: 0.8,Aguascalientes,0.8,0.0,0,0
356,4hop1__152562_5274_458768_33637,How many ethnic minorities were looked at differently in the city where the headquarters of the only group larger than Vilaiyaadu Mankatha's record label is located?,two,Answer: 0 Confidence: 0.7,0,0.7,0.0,0,0
357,4hop2__161602_474028_88460_21062,Can foreign tourists cruise to the country between the nation that hosted 2020 AFC U-23 Championship qualification and the one that contains A Don.?,It is not possible for foreigners to go to/from Myanmar by sea or river.,Answer: Yes Confidence: 0.7,Yes,0.7,0.0,0,0
358,2hop__32541_85460,What is the median household income for people today of the same country as the witness to the Blitz?,"$59,039","Answer: £30,000 Confidence: 0.7","£30,000",0.7,0.0,0,0
359,2hop__25788_990,In which generation did iPod start providing compatibility with the object designed to standardize connection of computer peripherals?,third generation,Answer: 4th generation Confidence: 0.85,4th generation,0.85,0.5,0,0
360,4hop1__152562_5274_458768_33633,When did the explorer reach the city where the headquarters of the only group larger than Vilaiyaadu Mankatha's record label is located?,"August 3, 1769",Answer: 1979 Confidence: 0.6,1979,0.6,0.0,0,0
361,2hop__695364_513121,Who is the child of the male star of the 1921 film Money?,Anthony Ainley,Answer: Arletta. Confidence: 0.9,Arletta.,0.9,0.0,0,0
362,3hop2__304722_667199_63959,When was the last time the team that Malcolm Briggs was a member of beat the 1894-95 FA cup winner?,1 December 2010,Answer: 1995 Confidence: 0.7,1995,0.7,0.0,0,0
363,2hop__159146_120065,What year did the region where Leuna was located come to an end?,1738,Answer: 1945 Confidence: 0.8,1945,0.8,0.0,0,0
364,2hop__238499_431914,What administrative territorial entity includes the arrondissement that contains the Digne Cathedral?,Alpes-de-Haute-Provence,Answer: Alpes-de-Haute-Provence Confidence: 0.9,Alpes-de-Haute-Provence,0.9,1.0,1,1
365,3hop2__326964_789654_7713,How long had Mao Yushi's birthplace been the capitol city of Yaxing Coach's headquarters location?,about 400 years,Answer: Unknown Confidence: 0.2,Unknown,0.2,0.0,0,0
366,2hop__73615_42173,When was the company that abolished the dual system of government in Bengal established?,1599,Answer: 1858 Confidence: 0.8,1858,0.8,0.0,0,0
367,4hop3__312119_132409_371500_35031,"Among the top five largest urban areas in the state where Getting Away with Murder's performer was formed, where does Veoh's headquarters city rank?",third-largest,Answer: 4th Confidence: 0.6,4th,0.6,0.0,0,0
368,3hop1__637555_339990_15538,When did the state where Copake Lake is located reinstate the death penalty?,1984,Answer: 1995 Confidence: 0.9,1995,0.9,0.0,0,0
369,4hop3__160230_470287_862998_72134,When did the city where Hillcrest High School is located become capitol of the state in which a statue of a Latin mother goddess is located?,1839,Answer: 1882 Confidence: 0.7,1882,0.7,0.0,0,0
370,2hop__486314_544665,Who followed the father of Menucha Rochel Slonim?,Menachem Mendel Schneersohn,Answer: Chaim Aharon Confidence: 0.7,Chaim Aharon,0.7,0.0,0,0
371,2hop__567588_67465,When did the performer of Goosebumpz release best day ever?,"March 11, 2011",Answer: 2011 Confidence: 0.9,2011,0.9,0.5,0,1
372,2hop__525581_161450,Where is the province of Aqqala County located?,in the north-east of the country south of the Caspian Sea,Answer: Iran Confidence: 0.9,Iran,0.9,0.0,0,1
373,3hop1__92251_34179_23375,"What year saw the publication of the version of the Molotov–Ribbentrop Pact, engineered by the politician who succeeded the leader of the Bolsheviks in the November Revolution?",1948,Answer: 1939 Confidence: 0.9,1939,0.9,0.0,0,0
374,3hop2__304722_466316_63959,When was the last time the team that Arthur James was a member of beat the 1894-95 FA cup winner?,1 December 2010,Answer: 1896 Confidence: 0.7,1896,0.7,0.0,0,0
375,2hop__463353_66723,Who was the first black student admitted to the school that owns Swayze Field?,James Howard Meredith,Answer: James Meredith Confidence: 0.9,James Meredith,0.9,0.8,0,1
376,2hop__136067_160249,Between which years did war with the person for whom Pyrrhic victory is named occur?,323–272 BC,Answer: 280-275 BC Confidence: 0.9,280-275 BC,0.9,0.5,0,0
377,2hop__34495_85544,How many games does the team play that had the most champion league wins between 1992 and 2013?,38,Answer: 6 Confidence: 0.8,6,0.8,0.0,0,0
378,4hop2__5206_39078_8987_8974,Where is the embassy in the only communist country whose military branch helping the Old West's inadequate local police was unprepared for invasion of the country conquered by the Pact?,Alfredo Stroessner's Paraguay,Answer: Mongolia Confidence: 0.8,Mongolia,0.8,0.0,0,0
379,2hop__78766_461854,Who is the spouse of the actor who played Scarlet in Gone with the wind?,Laurence Olivier,"Answer: Rhett Butler (I), Confidence: 0.9","Rhett Butler (I),",0.9,0.0,0,0
380,4hop1__625463_229349_66759_54221,Storm of the Century filmed in state A based on the book by the author who wrote a story featuring the author of The Hope. When do alcohol sales start in state A?,5am,Answer: 11 AM Confidence: 0.8,11 AM,0.8,0.0,0,0
381,2hop__107238_64918,Who was president when congress declared war on the country where Glumpers was filmed?,President McKinley,Answer: Woodrow Wilson Confidence: 0.8,Woodrow Wilson,0.8,0.0,0,0
382,3hop1__36497_78276_68042,When did the majority party of the branch of government that the President calls to support appointments to the USAF gain control in the House?,the 2010 election,Answer: 2021 Confidence: 0.8,2021,0.8,0.0,0,0
383,2hop__269766_43945,Common Sense which was written by the author of The Age of Reason was an important work because?,crystallized the rebellious demand for independence from Great Britain,Answer: it advocated American independence. Confidence: 0.8,it advocated American independence.,0.8,0.16666666666666666,0,1
384,3hop1__536452_15840_36002,What were the Genesis's advantages over the platform of Pinball Quest?,built on 16-bit architectures and offered improved graphics and sound,"Answer: Graphics, sound, performance Confidence: 0.8","Graphics, sound, performance",0.8,0.30769230769230765,0,1
385,2hop__311931_417706,What record label does the performer of Emotional Rain belong to?,Attic Records,Answer: Republic Records Confidence: 0.8,Republic Records,0.8,0.5,0,0
386,4hop1__88342_75218_128008_48717,Who was second pick in the 1999 draft of the league that has a competition where they give out the MLB MVP award after it?,Josh Beckett,Answer: Ricky Williams Confidence: 0.9,Ricky Williams,0.9,0.0,0,0
387,4hop2__71753_685934_70784_79935,When was the region that lies to the north of the region Israel is located and where The World is located created?,1930,Answer: 1948 Confidence: 0.7,1948,0.7,0.0,0,0
388,2hop__131818_161450,Where is the Voshmgir District located?,in the north-east of the country south of the Caspian Sea,Answer: Iran Confidence: 0.9,Iran,0.9,0.0,0,0
389,2hop__60686_229757,Who is the spouse of the actress that plays leslie knope on parks and recreation?,Will Arnett,Answer: Ben Schwartz Confidence: 0.2,Ben Schwartz,0.2,0.0,0,0
390,4hop1__567737_141375_458768_33637,How many ethnic minorities were looked at differently in the city where the headquarters of the company that Study in Brown's record label is a part of?,two,Answer: 0 Confidence: 0.4,0,0.4,0.0,0,0
391,3hop1__139862_2053_5289,What UK label was bought by the major broadcaster based in New York that is not ABC and did not broadcast Highway to Heaven?,Oriole Records.,Answer: ITV Records Confidence: 0.7,ITV Records,0.7,0.5,0,0
392,2hop__778212_22458,"What does the abbreviated name of the organization that includes the Scottish Football Association as a member, stand for?",International Federation of Association Football,Answer: UEFA Confidence: 0.9,UEFA,0.9,0.0,0,0
393,2hop__728969_131890,Which is the body of water near George Mills' place of birth?,River Thames,Answer: Merrimack River Confidence: 0.8,Merrimack River,0.8,0.5,0,0
394,2hop__179322_83289,"Who stars in the video ""One Last Time"" by the performer of Baby I?",Matt Bennett,Answer: Ariana Grande Confidence: 0.9,Ariana Grande,0.9,0.0,0,0
395,2hop__574419_270105,What is the seat of the county where Van Hook Township is located?,Stanley,Answer: Minot Confidence: 0.9,Minot,0.9,0.0,0,0
396,3hop1__9285_5188_6375,"Who was the first person to control a spacecraft, from the country the top-ranking Warsaw Pact operatives came from, despite it being headquartered in the country called the nobilities commonwealth?",Gherman Titov,Answer: Yuri Gagarin Confidence: 0.9,Yuri Gagarin,0.9,0.0,0,0
397,2hop__59274_461854,Who was the spouse of the actor who played Scarlett in Gone With the Wind?,Laurence Olivier,Answer: Rhett Butler Confidence: 0.8,Rhett Butler,0.8,0.0,0,0
398,3hop2__326964_851134_7713,How long had Pfrang Association's headquarters location been the capitol city of Yaxing Coach's headquarters location?,about 400 years,Answer: Not enough information Confidence: 0.1,Not enough information,0.1,0.0,0,0
399,2hop__574496_123283,Where did the founder of the Acting Company study?,Clifton College,Answer: Juilliard Confidence: 0.9,Juilliard,0.9,0.0,0,0
400,3hop1__389955_132457_47686,Where do Greyhound buses leave from in the city where the band that recorded the album I'm Alive and on Fire formed?,Toronto Coach Terminal,Answer: Toronto Confidence: 0.85,Toronto,0.85,0.5,0,1
401,3hop1__742464_15840_36002,What were the Genesis's advantages over the platform in which Robodemons is played?,built on 16-bit architectures and offered improved graphics and sound,"Answer: Better graphics, faster processing Confidence: 0.7","Better graphics, faster processing",0.7,0.14285714285714288,0,1
402,3hop1__617062_127905_80286,Who has the most hits in the history of the organization that includes the team Jim Wilson was released by?,Pete Rose,Answer: Pete Rose Confidence: 0.9,Pete Rose,0.9,1.0,1,1
403,2hop__435184_84856,When does the new season of the show starring the cast member of Pizza Man start?,"January 20, 2017",Answer: TBD Confidence: 0.5,TBD,0.5,0.0,0,0
404,3hop1__106239_650651_7262,Who was a prominent figure at the radio division of the broadcast company that created the version of The Biggest Loser set in the country where Kelupis originated?,Walter Sabo,Answer: Mark Burnett Confidence: 0.7,Mark Burnett,0.7,0.0,0,0
405,2hop__10114_599630,Where in Zhejiang is the city where Protestants are especially notable?,Yongjia County,Answer: Wenzhou Confidence: 0.9,Wenzhou,0.9,0.0,0,1
406,3hop2__132957_76377_40768,"When did Nissan, the Acura Legend maker and the top selling car brand open US assembly plants?",1981,Answer: 1982 Confidence: 0.9,1982,0.9,0.0,0,0
407,3hop1__829944_474097_84283,Who is the owner of the record label that the performer of Better Than Me is signed with?,Warner Music Group,Answer: Universal Music Group Confidence: 0.7,Universal Music Group,0.7,0.6666666666666666,0,0
408,3hop1__418091_15840_36002,What were Genesis's advantages over the platform that plays Bigfoot?,built on 16-bit architectures and offered improved graphics and sound,Answer: Better graphics and gameplay. Confidence: 0.7,Better graphics and gameplay.,0.7,0.28571428571428575,0,1
409,2hop__68590_27619,Where is the mission for the agency that controls the monetary policy of the EU found?,Article 2 of the Statute of the ECB,Answer: ECB website Confidence: 0.8,ECB website,0.8,0.25,0,0
410,2hop__67660_158861,What actor had the role of the narrator of How I Met Your Mother?,Josh Radnor,Answer: Bob Saget Confidence: 0.9,Bob Saget,0.9,0.0,0,0
411,2hop__235471_565925,What record label did the performer of The Place and the Time belong to?,Columbia Records,Answer: Sony Music Confidence: 0.6,Sony Music,0.6,0.0,0,0
412,2hop__75207_46837,When does the winter season begin in the place where fuser and alberto meet the indigenous couple who were traveling for work?,June,Answer: December 21 Confidence: 0.8,December 21,0.8,0.0,0,0
413,3hop1__159803_89752_75165,What's the population of the largest state in the region of the U.S. where trading practices were once threatened by the Navigation Acts?,"1,335,907",Answer: Texas Confidence: 0.8,Texas,0.8,0.0,0,0
414,2hop__2299_38663,What percentage did the Dow Jones fall in the historical era where the book takes place?,54.7%,Answer: 20% Confidence: 0.7,20%,0.7,0.0,0,0
415,2hop__388467_110882,What is the birth date of the By Your Side performer?,1 January 1986,"Answer: June 27, 1981 Confidence: 0.9","June 27, 1981",0.9,0.0,0,0
416,2hop__486392_35739,When was the version of Windows 8 from the company that Iceweasel was based on made accessible?,September 2013,"Answer: October 26, 2012 Confidence: 0.9","October 26, 2012",0.9,0.0,0,0
417,3hop1__68802_89752_49923,How many counties are there in the largest state in the region where the film The Family Stone was set?,sixteen,Answer: 58 Confidence: 0.9,58,0.9,0.0,0,0
418,2hop__56270_68396,What percentage of the nation's population lives in the state that includes the 951 area code?,more than 12 percent,Answer: 4.5% Confidence: 0.6,4.5%,0.6,0.0,0,0
419,2hop__21103_16254,"By 1931, what percentage of the world's Jews were the group of Jews that represented the bulk of modern Jewry?",92 percent,Answer: 90% Confidence: 0.7,90%,0.7,0.0,0,0
420,2hop__853227_68633,Arthur Marryatt is a member of a sports association that has who as president?,Thomas Bach,Answer: Unknown Confidence: 0.2,Unknown,0.2,0.0,0,0
421,2hop__30384_30351,Who did Hay work for after being hired by his other notable influence regarding resource distribution other than Max Weber?,the Austrian government,Answer: Karl Marx Confidence: 0.8,Karl Marx,0.8,0.0,0,0
422,3hop1__830700_538202_84283,Who owns the record label of the Shake What God Gave Ya performer?,Warner Music Group,Answer: Universal Music Group Confidence: 0.75,Universal Music Group,0.75,0.6666666666666666,0,0
423,4hop3__673447_132409_371500_35031,"Among the top five largest urban areas in the state where Infest's performer was formed, where does Veoh's headquarters city rank?",third-largest,Answer: 4th Confidence: 0.7,4th,0.7,0.0,0,0
424,2hop__818692_113442,What date did the creator of Autumn Leaves die?,13 August 1896,"Answer: October 19, 2018 Confidence: 0.7","October 19, 2018",0.7,0.0,0,0
425,2hop__401710_456439,Who is the spouse of the producer of Dolores Claiborne?,Helen Mirren,Answer: Tom Hanks. Confidence: 0.7,Tom Hanks.,0.7,0.0,0,0
426,2hop__394720_120259,When was the kingdom that Heptarchy was part of abolished?,918,Answer: 829 Confidence: 0.9,829,0.9,0.0,0,0
427,2hop__511296_577502,Who married the actor from Terminator?,Maria Shriver,Answer: Linda Hamilton Confidence: 0.8,Linda Hamilton,0.8,0.0,0,0
428,4hop1__17192_17130_70784_61381,When was the region immediately north of the region where the country that secured southern Lebanon is located and the Persian Gulf established?,1932,Answer: 1907 Confidence: 0.7,1907,0.7,0.0,0,0
429,4hop3__547073_88460_30152_20999,How were people from whom the new coins were a proclamation of independence by the Somali Muslim Ajuran Empire expelled from the country between Thailand and Si Phan Don's country?,The dynasty regrouped and defeated the Portuguese,Answer: Thailand invasion. Confidence: 0.4,Thailand invasion.,0.4,0.0,0,0
430,3hop1__850160_15840_36014,What was Nintendo's limit on games per developer per year on the system which had a three letter abbreviation and was also the platform for Pictionary?,five,Answer: 5 Confidence: 0.9,5,0.9,0.0,0,1
431,2hop__82378_158266,The top ballet company in the top bauxite producing country is what?,The Australian Ballet,Answer: Australian Ballet Confidence: 0.9,Australian Ballet,0.9,1.0,1,1
432,3hop1__820301_720914_27537,Why did Roncalli leave the place where Crucifixion's creator died?,for the conclave in Rome,Answer: Departure from Palestine. Confidence: 0.7,Departure from Palestine.,0.7,0.0,0,0
433,4hop1__94201_642284_131926_13165,What treaty ceded territory to the US extending west to the body of water by the city where the designer of Southeast Library died?,Treaty of Paris,Answer: Guadalupe Hidalgo Confidence: 0.9,Guadalupe Hidalgo,0.9,0.0,0,0
434,3hop1__109113_720914_27537,Why did Roncalli leave the city where the painter of Venus with a Mirror died?,for the conclave in Rome,Answer: Rome. Confidence: 0.9,Rome.,0.9,0.4,0,0
435,3hop1__106847_160713_77246,What is the meaning in the arabic dictionary of the majority religion in the area of British India that become India when the country for A Music Fairy was created?,the country of India,Answer: إسلام Confidence: 0.9,إسلام,0.9,0.0,0,0
436,2hop__59612_50883,The London broil cut comes from a country with an emergency response guidebook with response guides in which section?,"The fourth section, with orange page borders",Answer: A. Confidence: 0.6,A.,0.6,0.0,0,0
437,3hop1__857_846_7770,Where does the Yangtze River flow in the city where the Yongle emperor greeted the person to whom the edict was addressed?,past the west side and then north side,Answer: Nanjing  Confidence: 0.9,Nanjing,0.9,0.0,0,0
438,4hop1__567737_141375_458768_33677,When was the most recent Bicycle Friendly Community Award given to the city where the company Study in Brown's record label is part of is headquartered?,2013,Answer: 2022 Confidence: 0.7,2022,0.7,0.0,0,0
439,2hop__42027_42004,"Since 2004, what is the location of the body to which, if a matter is not specifically reserved, it is devolved?",Scottish Parliament Building,Answer: Scotland Confidence: 0.8,Scotland,0.8,0.0,0,0
440,2hop__644898_64046,Who plays the prison warden in the second movie in the series with the same name as the place where James Trainer died?,Simon Farnaby,Answer: Morgan Freeman Confidence: 0.9,Morgan Freeman,0.9,0.0,0,0
441,2hop__124412_402641,Who is the child of Chiang Hsiao-wen's father?,Chiang Hsiao-wu,Answer: Chiang Hsiao-wen Confidence: 0.9,Chiang Hsiao-wen,0.9,0.5,0,0
442,3hop1__140345_2053_5289,"What label was bought by the company which, along with ABC and the network which aired Law of the Plainsman, is the other major broadcaster based in NY?",Oriole Records.,Answer: CBS Confidence: 0.8,CBS,0.8,0.0,0,0
443,3hop1__132967_40769_64047,When did the rx 350 model of the luxury division of the company that built Daihatsu boon change body style?,Sales began worldwide in April 2012,Answer: 2016 Confidence: 0.8,2016,0.8,0.0,0,0
444,2hop__50432_56873,When did the team that won the 1959 fa cup final beating luton town 2-1 win the fa cup?,1898 and 1959,Answer: 1959 Confidence: 1.0,1959,1.0,0.5,0,0
445,2hop__30905_213732,"Who is the child of the person who sponsored the resolution to reopen trade with Vietnam, along with Kerry?",Meghan McCain,Answer: Tom Daschle's son Confidence: 0.8,Tom Daschle's son,0.8,0.0,0,0
446,2hop__54651_169233,What award did the singer of Never Had a Friend Like Me in Aladdin receive?,Academy Award for Best Supporting Actor,Answer: Grammy Award Confidence: 0.8,Grammy Award,0.8,0.25,0,0
447,2hop__46376_158105,Which two features were played up by the highest paid person in the world?,ease of use and enhanced support for Plug and Play,"Answer: salary, influence Confidence: 0.7","salary, influence",0.7,0.0,0,0
448,4hop1__58323_375563_161848_67585,"How many stars are on the flag of the nation that first participated in the 1952 Olympics, located near the citizen country of the author of the 2005 novel Thief?",four,Answer: 5 Confidence: 0.8,5,0.8,0.0,0,0
449,2hop__66167_615257,What team does the player with the most points in a NBA season play for?,Oklahoma City Thunder,Answer: Boston Celtics Confidence: 0.7,Boston Celtics,0.7,0.0,0,0
450,3hop1__36497_73181_68042,When did the party with a majority in the body the President calls on for support of his appointments to the USAF gain control of the House?,the 2010 election,Answer: 2010 Confidence: 0.8,2010,0.8,0.6666666666666666,0,1
451,3hop1__489567_443779_52195,Who is the president of the newly declared independent country that is part of the commission of Truth and Friendship with the country where Inierie is located?,Francisco Guterres,Answer: Abdurrahman Wahid Confidence: 0.7,Abdurrahman Wahid,0.7,0.0,0,0
452,2hop__151705_141308,What company is I Dig Love's record label a part of?,Apple Corps,Answer: I Dig Love's record label is part of Universal Music Group. Confidence: 0.7,I Dig Love's record label is part of Universal Music Group.,0.7,0.0,0,0
453,2hop__257831_123283,Where did the producer of Julius Caesar study or work?,Clifton College,Answer: London Confidence: 0.7,London,0.7,0.0,0,0
454,4hop2__161602_474028_88460_21057,"During British rule, what wood was mostly produced in the nation that's the boundary between the host of the 2020 AFC U-23 Championship qualification, and the nation containing A Don?",75% of the world's teak,Answer: teak Confidence: 0.8,teak,0.8,0.4,0,1
455,2hop__61714_89309,What was the date that Pam got married in The Office?,"October 8, 2009","Answer: July 8, 2006 Confidence: 0.9","July 8, 2006",0.9,0.3333333333333333,0,0
456,4hop3__650050_88460_30152_20999,How were people from whom the new coins were a proclamation of independence by the Somali Muslim Ajuran Empire expelled from the natural boundary between Thailand and A Doi's country?,The dynasty regrouped and defeated the Portuguese,Answer: Unknown Confidence: 0.2,Unknown,0.2,0.0,0,0
457,2hop__412633_15781,"Who, along with the author of An Essay on the History of Civil Society, criticized the idea of social contract theorists?",David Hume,Answer: Adam Ferguson Confidence: 0.8,Adam Ferguson,0.8,0.0,0,0
458,3hop1__145924_131905_41948,"Besides the Irish Channel and the body of water by the city Caspar Voght died in, what else lowered in the last cold phase?",English Channel,Answer: sea levels Confidence: 0.8,sea levels,0.8,0.0,0,0
459,3hop1__715607_792411_51423,What is the name of the castle in the city where the performer of A Collection 1984–1989 was born?,Casa Loma,Answer: Windsor Castle Confidence: 0.7,Windsor Castle,0.7,0.0,0,0
460,3hop1__595371_40769_64047,When did the RX 350 from the Scion xB manufacturer's luxury division change body style?,Sales began worldwide in April 2012,Answer: 2015 Confidence: 0.8,2015,0.8,0.0,0,0
461,3hop1__128554_39743_24526,"What is the average winter daytime temperature in the region where Richmond is found, in the state where WIRR operates?",upper 40s–lower 50s °F,Answer: 40°F Confidence: 0.7,40°F,0.7,0.0,0,0
462,4hop1__567737_141375_458768_33633,When did the explorer reach the headquarters location of the group Study in Brown's record label is part of?,"August 3, 1769",Answer: 1966 Confidence: 0.7,1966,0.7,0.0,0,0
463,3hop1__103197_214799_259594,What country gas the border troops of the country of the literature of the country of Andreas Zülow's citizenship?,GDR,Answer: Germany Confidence: 0.7,Germany,0.7,0.0,0,1
464,2hop__803903_78606,Who plays the wife of Big Stan's director in Grown Ups?,Joyce Van Patten,Answer: Salma Hayek Confidence: 0.9,Salma Hayek,0.9,0.0,0,0
465,2hop__27650_27628,Who is the Vice-President of the body that began to increase their coverage of weaker debts?,Vitor Constâncio,Answer: Biden Confidence: 0.8,Biden,0.8,0.0,0,0
466,2hop__10900_21567,Who introduced a system of musical notation in the 14th century used in the area where the Ottoman slave trade flourished?,John Kukuzelis,Answer: Francesco Landini Confidence: 0.8,Francesco Landini,0.8,0.0,0,0
467,2hop__677160_110882,When was the performer of So Nice born?,1 January 1986,Answer: 1930 Confidence: 0.9,1930,0.9,0.0,0,0
468,2hop__603365_120259,When was a participant in the Battle of Maserfield abolished?,918,Answer: 641 AD Confidence: 0.9,641 AD,0.9,0.0,0,0
469,2hop__56806_7298,What pop artist started his career on adult contemporary radio along with the subject of the song The One That Got Away?,Michael Bublé,Answer: Katy Perry Confidence: 0.85,Katy Perry,0.85,0.0,0,0
470,2hop__40270_11402,"According to the agency that considers if Los Angeles County is to be a separate metropolitan area, what is the total area in square miles?",17.037 square miles,"Answer: 4,751 Confidence: 0.7","4,751",0.7,0.0,0,0
471,2hop__655505_110949,What is the Till dom ensamma performer's birth date?,11 September 1962,Answer: 1991-11-23 Confidence: 0.8,1991-11-23,0.8,0.0,0,0
472,4hop1__47210_53706_795904_580996,What location borders the city founded by a former newspaper publisher selling supplies in the state where the valley girl accent originated?,Rio Linda,Answer: Los Angeles Confidence: 0.9,Los Angeles,0.9,0.0,0,0
473,2hop__434218_29898,Which affiliate left the employer of Don Newman due to an agreement with CHBC?,CFJC-TV in Kamloops,Answer: A-Channel News Confidence: 0.7,A-Channel News,0.7,0.0,0,0
474,2hop__50936_90973,Who did the original voice of the character that Mila Kunis plays in Family Guy?,Lacey Chabert,Answer: Rachel MacFarlane Confidence: 0.9,Rachel MacFarlane,0.9,0.0,0,0
475,2hop__555792_30351,Who did Hayek work for upon being hired by the author of Omnipotent Government?,the Austrian government,Answer: Lionel Robbins Confidence: 0.9,Lionel Robbins,0.9,0.0,0,0
476,4hop2__161602_474028_88460_21034,What year did the country that is the natural boundary between where the tournament was hosted and where A Don is located host the ASEAN Conference?,hosted the summit in 2014,Answer: 2020 Confidence: 0.7,2020,0.7,0.0,0,0
477,2hop__557743_92763,What is the enrollment at Henry Latimer's alma mater?,"16,801",Answer: unknown Confidence: 0.7,unknown,0.7,0.0,0,0
478,3hop1__816887_127905_80286,Who has the most hits in the league of the team that Dick Aylward plays for?,Pete Rose,Answer: Unknown Confidence: 0.5,Unknown,0.5,0.0,0,0
479,2hop__43776_162341,What other recognition did the Oscar winner for Best Actor in 2006 receive?,nominated for an Academy Award for Best Supporting Actor,Answer: BAFTA Award Confidence: 0.9,BAFTA Award,0.9,0.2,0,0
480,2hop__608902_653666,Who is the mother of Katharine Smith Salisbury's brother?,Lucy Mack Smith,Answer: Katharine Smith Salisbury's mother. Confidence: 1.0,Katharine Smith Salisbury's mother.,1.0,0.28571428571428575,0,1
481,2hop__609313_20273,What year did the author of History of the Reformation in Scotland die?,1572,Answer: 1892 Confidence: 0.9,1892,0.9,0.0,0,0
482,2hop__6827_55848,When was the first branch of the company that bought FleetBoston Financial established?,"November 3, 1930",Answer: 1818 Confidence: 0.9,1818,0.9,0.0,0,0
483,2hop__576118_25719,At the end of which year did tribes from the area where Linear Pottery culture was found invade the Roman Empire?,406,Answer: 376 AD Confidence: 0.9,376 AD,0.9,0.0,0,0
484,3hop1__358853_339990_54675,"What mountain can you see from Portland, in the state that Raven Creek is located in?",Tualatin Mountains,Answer: Hood Confidence: 0.8,Hood,0.8,0.0,0,0
485,3hop1__186307_503371_21711,When was the Palau de la Generalitat constructed in the city where Martin from where Jaulin is located died?,built in the 15th century,Answer: 1400 Confidence: 0.7,1400,0.7,0.0,0,1
486,3hop2__326964_846_7713,How long had the city where the Yongle Emperor greeted the Karmapa been the capitol city of Yaxing Coach's headquarters location?,about 400 years,Answer: 18 years Confidence: 0.6,18 years,0.6,0.4,0,0
487,4hop3__577443_88460_30152_20999,How were people from whom new coins were a proclamation of independence by the Somali Muslim Ajuran Empire expelled from the natural boundary between Thailand and Tham Pha's country?,The dynasty regrouped and defeated the Portuguese,Answer: Unknown Confidence: 0.2,Unknown,0.2,0.0,0,0
488,3hop1__545624_2053_5289,"What UK label was bought by the company which, along with ABC and the network which broadcasted Here and Now, is the other major broadcaster based in NY?",Oriole Records.,Answer: Warner Music Group Confidence: 0.8,Warner Music Group,0.8,0.0,0,0
489,2hop__252311_366220,Who founded the company that distributed the film UHF?,Mike Medavoy,Answer: Orion Pictures Confidence: 0.9,Orion Pictures,0.9,0.0,0,0
490,3hop1__222497_309482_27537,Why did Roncalli leave the place where the composer of Al gran sole carico d'amore worked?,for the conclave in Rome,Answer: Scandal. Confidence: 0.7,Scandal.,0.7,0.0,0,0
491,4hop1__93661_59747_211319_557671,Which county shares a border with the county where the most populous city in the state where season 8 of The Walking Dead was filmed is located?,Presque Isle County,Answer: Clayton County Confidence: 0.8,Clayton County,0.8,0.4,0,0
492,2hop__25344_88628,"In True Grit, who did the star play?",U.S. Marshal Rooster Cogburn,Answer: Mattie Ross Confidence: 0.9,Mattie Ross,0.9,0.0,0,0
493,3hop2__222979_132477_40768,"When did the maker of the Acura RLX, the owner of Scion, and Nissan open US assembly plants?",1981,"Answer: 1986, 2011, 1980 Confidence: 0.7","1986, 2011, 1980",0.7,0.0,0,0
494,3hop1__572324_568433_51423,What is the name of the castle in the city where the headquarters of the production company of Care Bear: Journey to Joke-a-lot is located?,Casa Loma,Answer: Castle of Steel. Confidence: 0.7,Castle of Steel.,0.7,0.0,0,0
495,3hop1__208108_547811_80702,What is the name of the famous bridge in the city where the composer of La Silvia was born?,Rialto Bridge,Answer: Brooklyn Bridge Confidence: 0.8,Brooklyn Bridge,0.8,0.5,0,0
496,3hop1__324448_831637_91775,What does SEAL stand for in the military branch that operates USS Prevail?,"Sea, Air, and Land","Answer: Sea, Air, and Land Confidence: 0.9","Sea, Air, and Land",0.9,1.0,1,1
497,4hop2__5206_14670_8987_8529,"When was ""Slavs"" used in the national anthem of the country whose military having the Air Defense Artillery was unprepared for the invasion of the country conquered by the Pact?",1943–1992,Answer: 1944 Confidence: 0.8,1944,0.8,0.0,0,0
498,3hop2__103889_30152_20999,How were the people that the Ajuran Empire declared independence from by minting coins expelled from Zaw Win Thet's country?,The dynasty regrouped and defeated the Portuguese,Answer: Not specified. Confidence: 0.2,Not specified.,0.2,0.0,0,0
499,2hop__706038_14251,What line by a cast member of Birds of Feather is believed to have started the archie nickname?,"""Archibald, certainly not!""","Answer: ""Archie"" Confidence: 0.8","""Archie""",0.8,0.0,0,0
500,2hop__75207_53316,"Before the military coup was staged, who was the president of the country where Fuser and Alberto met the indigenous couple who were traveling to look for work?",Salvador Allende,Answer: Ecuador Confidence: 0.8,Ecuador,0.8,0.0,0,0
501,3hop1__765565_326948_86925,What is the symbols of the Saints from the place where Here Come the Girl's performer was born called?,fleur - de-lis,Answer: Fleur-de-lis Confidence: 0.7,Fleur-de-lis,0.7,0.0,0,1
502,4hop1__711773_508773_85832_745702,Who's the son of the Italian navigator who explored the eastern coast of the continent Manuel Balbi was born in?,Sebastian Cabot,Answer: Cristoforo Colombo Jr. Confidence: 0.7,Cristoforo Colombo Jr.,0.7,0.0,0,0
503,2hop__170914_152093,"What label is responsible for the performer of ""Friend Like That""?",Fair Trade Services,Answer: Warner Records Confidence: 0.9,Warner Records,0.9,0.0,0,0
504,2hop__761291_87295,Who does the author of Home: A Memoir of My Early Years play in Princess Diaries?,Queen dowager Clarisse Renaldi,Answer: Clarisse Renaldi Confidence: 0.9,Clarisse Renaldi,0.9,0.6666666666666666,0,1
505,3hop1__465684_160545_62931,Where in the country where Bodindecha was born was The Beach filmed?,island Koh Phi Phi,Answer: Thailand Confidence: 0.9,Thailand,0.9,0.0,0,0
506,2hop__276637_126089,Who was in charge of the area where Pavilion Welgelegen is located?,Johan Remkes,Answer: South Africa Confidence: 0.9,South Africa,0.9,0.0,0,0
507,3hop1__321720_650651_7262,Who was a prominent figure at the radio division of the network that created the version of The Biggest Loser set in the country where Seria is?,Walter Sabo,Answer: John Rooke Confidence: 0.7,John Rooke,0.7,0.0,0,0
508,2hop__603598_25719,At the end of what year did the tribes from the place where the Rossen culture is located invade the Roman Empire?,406,Answer: 376 Confidence: 0.9,376,0.9,0.0,0,0
509,2hop__160223_58067,Who was given India's highest civilian honor before he became President of India?,A.P.J. Abdul Kalam,Answer: Zakir Husain Confidence: 0.9,Zakir Husain,0.9,0.0,0,0
510,2hop__20268_42004,The Directory of Public Worship was approved by a parliament whose modern equivalent has been based where since 2004?,Scottish Parliament Building,Answer: Edinburgh Confidence: 0.8,Edinburgh,0.8,0.0,0,1
511,2hop__478978_124498,Who is the father of the performer of Je dis aime?,Louis Chedid,Answer: Daniel Guichard Confidence: 0.8,Daniel Guichard,0.8,0.0,0,0
512,3hop2__132957_379231_40768,"When did Nissan, the Acura Legend maker and the Scion xD manufacturer open US assembly plants?",1981,"Answer: 1983, 1986, 2003 Confidence: 0.8","1983, 1986, 2003",0.8,0.0,0,0
513,2hop__166824_185403,What league does the team that plays in Stadio Ciro Vigorito play for?,Lega Pro Prima Divisione,Answer: Serie B Confidence: 0.9,Serie B,0.9,0.0,0,0
514,4hop3__130404_29339_508306_70744,"Who has more national championships, the university where Fort Hill is, or the university in the state where Edwards won the primary, along with winning in the state containing WDXQ?",University of South Carolina,Answer: University of Florida Confidence: 0.8,University of Florida,0.8,0.5714285714285715,0,0
515,3hop1__857_846_7794,"In 2010, what was the population of the city where the Yongle emperor greeted the person to whom the edict was addressed?",8.005 million,Answer: Beijing  Confidence: 0.9,Beijing,0.9,0.0,0,0
516,2hop__24697_634490,Who is the sibling of Shu Yu from the Chinese capital that Kanmu modeled his government after?,King Cheng of Zhou,Answer: Sugawara no Michizane Confidence: 0.8,Sugawara no Michizane,0.8,0.0,0,0
517,4hop1__39871_314549_131976_44892,"A line with Williamsburg, Main Street and another station are in a state that's next to an ocean. When did that ocean start to open up?",around 140 million years ago,Answer: 1450 Confidence: 0.7,1450,0.7,0.0,0,0
518,2hop__96177_62765,Who did the star of Dark Hazard play in The Ten Commandments?,Dathan,Answer: Charlton Heston Confidence: 0.9,Charlton Heston,0.9,0.0,0,0
519,4hop1__166471_49925_13759_736921,In what state is the district where the one who wanted to reform and address the institution behind the religion of Egidio Vagnozzi preached a sermon?,Saxony-Anhalt,Answer: New York Confidence: 0.7,New York,0.7,0.0,0,0
520,2hop__198459_61845,Who has played for both West Ham Ajax and the team that Adam Hammill is on?,Mido,Answer: Hammers Confidence: 0.6,Hammers,0.6,0.0,0,0
521,3hop1__512574_42197_18397,Where did the arguer that Oleg Lomakin's country of citizenship had become an imperialist power declare he would intervene in the Korean conflict?,the Politburo,Answer: Vietnam Confidence: 0.8,Vietnam,0.8,0.0,0,0
522,3hop1__664835_650651_7262,"Who was a prominent figure in the radio division of the network of the version of The Biggest Loser: The Final Chance, set in the country where Bokok is located?",Walter Sabo,Answer: Bob Harper Confidence: 0.8,Bob Harper,0.8,0.0,0,0
523,3hop1__527372_339990_54675,"What mountains can you see from Portland, in the state with the county that contains Fester Hollow?",Tualatin Mountains,Answer: Mount Hood Confidence: 0.9,Mount Hood,0.9,0.0,0,0
524,3hop2__20335_82856_9331,"What dissolved the privileges in Poland of the empire that helped the patriots during the Revolutionary War, the Kingdom that acquired some Thuringian territory in 1815, and the Habsburg Monarchy?",March Constitution of Poland,Answer: Prussia Confidence: 0.8,Prussia,0.8,0.0,0,0
525,2hop__130508_32379,What is the oldest college in the state that contains Borough House Plantation?,College of Charles Towne,Answer: College of Charleston Confidence: 0.9,College of Charleston,0.9,0.5714285714285715,0,1
526,2hop__242045_2684,What law was passed by Maria Shriver's husband?,"""Donda West Law""",Answer: California's caregiving law Confidence: 0.8,California's caregiving law,0.8,0.3333333333333333,0,0
527,2hop__422295_8311,"When was the sibling of Alice de Lusignan, Countess of Surrey crowned?",1216,Answer: 1325 Confidence: 0.8,1325,0.8,0.0,0,0
528,2hop__170341_43945,"Why was Common Sense, by the same author as Rights of Man, an important work?",crystallized the rebellious demand for independence from Great Britain,Answer: Influence on American Revolution Confidence: 0.9,Influence on American Revolution,0.9,0.0,0,1
529,4hop1__429751_32392_823060_610794,What county is the city that shares a border with the state capital of the state where Purrysburg is located?,Richland County,Answer: Chatham County Confidence: 0.9,Chatham County,0.9,0.5,0,0
530,2hop__227791_75487,Who is the federal leader of the political party Ken Epp belongs to?,Andrew Scheer,Answer: Conservative Party Leader Confidence: 0.9,Conservative Party Leader,0.9,0.0,0,0
531,2hop__488811_30078,What military overran much of Erich Zakowski's place of birth?,Russian troops,Answer: Soviet military Confidence: 0.9,Soviet military,0.9,0.0,0,1
532,2hop__494659_5385,How many people work at the school that holds the Julian P. Kanter Political Commercial Archive?,"11,900",Answer: 30 Confidence: 0.6,30,0.6,0.0,0,0
533,2hop__286621_67370,When does the show of the cast member of Politically Incorrect start again in 2018?,"January 19, 2018",Answer: January 2018 Confidence: 0.7,January 2018,0.7,0.8,0,0
534,3hop1__178435_547811_41132,How many times did plague occur in the birthplace of the composer of Gloria in D Major?,22,Answer: 3 Confidence: 0.6,3,0.6,0.0,0,0
535,3hop1__617062_127905_67954,Who won the All-Star MVP for the league that the team that Jim Wilson plays for is a part of?,Alex Bregman,Answer: LeBron James Confidence: 0.7,LeBron James,0.7,0.0,0,0
536,3hop1__139773_88110_77129,"What was the first OS to support the Hyper-V protocol, developed by the company that the letters MS stand for, in the network where The Rachel Maddow Show is found?",Windows 8,Answer: Windows Server 2008 Confidence: 0.9,Windows Server 2008,0.9,0.4,0,0
537,3hop2__132957_133292_40768,When did Nissan along with the creator of the Hino Dutro and the maker of the Acura Legend open US assembly plants?,1981,Answer: 1980s Confidence: 0.8,1980s,0.8,0.0,0,1
538,4hop3__387712_132409_146285_35031,Where does the city where Alexander Golitzen died rank in the top five largest urban areas of the state where the band that Jacoby Shaddix is a member of formed?,third-largest,Answer: 2nd Confidence: 0.8,2nd,0.8,0.0,0,0
539,2hop__25797_990,Which iPod generation introduced compatibility with the industry standard connection that was first widely used at version 1.1?,third generation,Answer: iPod 3rd generation Confidence: 0.9,iPod 3rd generation,0.9,0.4,0,1
540,3hop2__132957_52222_40768,"When did the maker of Acura Legend, the biggest automobile company in the world, and Nissan open US assembly plants?",1981,"Answer: 1989, 1980 Confidence: 0.8","1989, 1980",0.8,0.0,0,0
541,4hop1__788226_32392_823060_610794,The capital of the state where Mary Boykin Chesnut lived borders a city within which county?,Richland County,Answer: Columbia; Confidence: 0.7,Columbia;,0.7,0.0,0,1
542,2hop__554145_88622,Who is the head of the main subject of NSA in popular culture?,ADM Michael S. Rogers,Answer: Jack Ryan Confidence: 0.8,Jack Ryan,0.8,0.0,0,0
543,2hop__312223_144857,What city was the author of What We Talk About When We Talk About love born in?,Clatskanie,Answer: Tucson Confidence: 0.9,Tucson,0.9,0.0,0,0
544,3hop1__622145_42197_18397,Where did the arguer that Boris Lagutin's country of citizenship had become an imperialist power declare he would intervene in the Korean conflict?,the Politburo,Answer: Korea Confidence: 0.8,Korea,0.8,0.0,0,0
545,3hop2__131820_132454_61019,"What was the capital of the state where WEKL operates, before the city where Blackberry Smoke was formed?",Milledgeville,Answer: Montgomery Confidence: 0.9,Montgomery,0.9,0.0,0,0
546,2hop__233551_746883,Who does William Clito's father follow?,William the Conqueror,Answer: Robert Curthose Confidence: 0.9,Robert Curthose,0.9,0.0,0,0
547,3hop1__67704_237521_291682,Who is the wife of the man who produced the documentary of the pop star who sings I Want to Rock With You?,Liza Minnelli,Answer: Shakira  Confidence: 0.6,Shakira,0.6,0.0,0,0
548,2hop__310112_88165,Who did Haran's sibling marry after the death of sarah?,Keturah,Answer: Isaac. Confidence: 0.8,Isaac.,0.8,0.0,0,0
549,3hop2__326964_464925_7713,How long had Michael Shen Fu-Tsung's birthplace been the capitol city of Yaxing Coach's headquarters location?,about 400 years,Answer: 0 years Confidence: 0.9,0 years,0.9,0.4,0,0
550,2hop__748615_123956,On what date did Battle of the birth place of Marzuki Alie end?,15 February 1942,Answer: 27 November 1945 Confidence: 0.7,27 November 1945,0.7,0.0,0,0
551,2hop__30741_85990,Who were the leaders of the opposition of the party that dominated until the mid-20th century?,"anti-slavery activists, modernizers, ex Whigs and ex Free Soilers",Answer: Labour Party leaders Confidence: 0.8,Labour Party leaders,0.8,0.0,0,0
552,3hop2__127483_84553_10557,What was the language of Auctor of who built a european empire and was crowned emperor of the romans in 800 era later known as?,Medieval Latin,Answer: Latin Confidence: 0.9,Latin,0.9,0.6666666666666666,0,1
553,3hop1__132798_40769_64047,When did the luxury division of the maker of the Toyopet Master change the body style of the rx 350?,Sales began worldwide in April 2012,Answer: 2015 Confidence: 0.8,2015,0.8,0.0,0,0
554,3hop1__836699_15840_36002,What were the Genesis's advantages over the platform of the game Nightshade?,built on 16-bit architectures and offered improved graphics and sound,"Answer: Graphics, sound, gameplay Confidence: 0.8","Graphics, sound, gameplay",0.8,0.30769230769230765,0,0
555,2hop__498061_88622,Who's the head of the owner of ThinThread?,ADM Michael S. Rogers,Answer: Michael Hayden Confidence: 0.9,Michael Hayden,0.9,0.3333333333333333,0,0
556,3hop2__72083_92991_76291,When did the party that gained control of Congress in the midterm elections in 1946 take control of the government branch that determines the rules of the US House?,January 2015,Answer: 1947 Confidence: 0.9,1947,0.9,0.0,0,0
557,4hop2__161602_474028_88460_20985,Does the capital city hold the majority of the population in the natural boundary between the country that hosted the tournament and the country where A Don is from?,largest city is Yangon (Rangoon),Answer: No Confidence: 0.7,No,0.7,0.0,0,0
558,3hop1__813285_774554_124169,What year did the post end of Governor of the city where the author of Quadragesimo Anno died?,1952,Answer: 1939 Confidence: 0.8,1939,0.8,0.0,0,0
559,4hop1__562740_49925_13759_736921,Where is the district that the person who wanted to reform and address the religion that practices altarage preach a sermon on Marian devotion before his death located?,Saxony-Anhalt,Answer: San Carlos City Confidence: 0.8,San Carlos City,0.8,0.0,0,0
560,2hop__92051_827343,Who is the sibling of the actress who played Susan Walker in Miracle on 34th street?,Lana Wood,Answer: Natalie Wood's sister. Confidence: 0.8,Natalie Wood's sister.,0.8,0.0,0,1
561,3hop1__433054_831637_91775,What does seal stand for in who is the operator of destroyer class of the operator of the USS Venus seals?,"Sea, Air, and Land",Answer: Special Operations Forces Confidence: 0.6,Special Operations Forces,0.6,0.0,0,0
562,2hop__6956_192417,The league the New England Patriots belongs to is an example of what?,sports league,Answer: professional sports league Confidence: 0.9,professional sports league,0.9,0.8,0,1
563,3hop1__273571_834494_34088,Where does the administrative territorial entity that contains the administrative territorial entity that contains summit hold NASCAR races?,Tucson Raceway Park,Answer: Daytona Beach Confidence: 0.9,Daytona Beach,0.9,0.0,0,0
564,4hop2__161602_426860_88460_21034,What year did the country that is the natural boundary between where tournament was hosted and where That Dam is located host the ASEAN Conference?,hosted the summit in 2014,Answer: 2009 Confidence: 0.7,2009,0.7,0.0,0,0
565,3hop1__8148_24918_24939,"On November 22, who met with the Russian leader that visited the country where the Surzhyk dialect is spoken, when the protests were taking place?",Pope John Paul II,Answer: Ukrainian leader. Confidence: 0.75,Ukrainian leader.,0.75,0.0,0,0
566,2hop__25788_25855,Drives attached via an industry standard connector remain powered when the computer is off using what Dell feature?,PowerShare,Answer: PowerShare Confidence: 0.9,PowerShare,0.9,1.0,1,1
567,3hop2__326964_7861_7713,How long had the city containing some of the finest and oldest museums in China been the capitol city of Yaxing Coach's headquarters location?,about 400 years,Answer: 25 years Confidence: 0.7,25 years,0.7,0.4,0,0
568,2hop__780652_93362,What film features Anil Devgan's sibling?,Yeh Raaste Hain Pyaar Ke,Answer: Chori Chori. Confidence: 0.7,Chori Chori.,0.7,0.0,0,0
569,2hop__84172_198548,Who is the spouse of the person who does the voice for Smokey the Bear?,Katharine Ross,Answer: Chris McNair. Confidence: 0.8,Chris McNair.,0.8,0.0,0,0
570,3hop1__145194_160545_62931,The Beach was filmed in what location of the country that contains the birth city of Siddhi Savetsila?,island Koh Phi Phi,Answer: Thailand Confidence: 0.9,Thailand,0.9,0.0,0,0
571,2hop__818302_25719,At the end of which year did the tribes from the location of the Lusatia invade the Roman Empire?,406,Answer: 6 AD Confidence: 0.8,6 AD,0.8,0.0,0,0
572,2hop__273020_57594,What gun was used by Pollack's director in Westworld?,LeMat revolver,Answer: Colt Single Action Army Confidence: 0.7,Colt Single Action Army,0.7,0.0,0,0
573,3hop2__57233_11282_56883,When was conscription introduced in country having Emus during the war setting The Things They Carried?,1964,Answer: 1917 Confidence: 0.8,1917,0.8,0.0,0,0
574,2hop__35686_58556,What is the food safety system of the antibiotic approval agency known as?,Food Safety Modernization Act (FSMA),Answer: HACCP Confidence: 0.8,HACCP,0.8,0.0,0,0
575,3hop1__103890_10659_83548,"Who led the movement against communism, in the country where, along with the nation that Ágnes Konkoly is from, many expelled French Jews relocated to?",Lech Wałęsa,Answer: Poland's leaders (Solidarity movement) Confidence: 0.7,Poland's leaders (Solidarity movement),0.7,0.0,0,1
576,2hop__96177_121319,Where did the star of Dark Hazard study?,American Academy of Dramatic Arts,Answer: Stanford Confidence: 0.8,Stanford,0.8,0.0,0,0
577,2hop__223655_463572,"What record label released the debut album of the artist behind the 1993 album ""Let There be Love"".",MGM Records,Answer: Sony Music Confidence: 0.7,Sony Music,0.7,0.0,0,0
578,2hop__540035_113442,What date did the creator of The Blind Girl Die?,13 August 1896,Answer: 1879-05-31 Confidence: 0.9,1879-05-31,0.9,0.0,0,0
579,4hop1__638988_17130_70784_61381,When was the region immediately north of the region where the country in which Aluf can be found is located and the Persian Gulf established?,1932,Answer: 1971 Confidence: 0.8,1971,0.8,0.0,0,0
580,2hop__9223_9237,When did the first mosque open in the place where Tobolar Copra plant is located?,September 2012,Answer: 1986 Confidence: 0.7,1986,0.7,0.0,0,0
581,3hop1__438364_443779_52195,Who is the president of the newly declared independent country that is part of the Commission of Truth and Friendship with the country where Kotamadya is located?,Francisco Guterres,Answer: Timor-Leste president. Confidence: 0.7,Timor-Leste president.,0.7,0.0,0,1
582,3hop1__108062_720914_41132,How many times did plague occur in the place where La Bella's artist died?,22,Answer: Three times Confidence: 0.7,Three times,0.7,0.0,0,0
583,2hop__57638_72467,What team picked the highest point average holder in NBA history in the NBA draft?,Seattle SuperSonics,Answer: Warriors Confidence: 0.8,Warriors,0.8,0.0,0,0
584,4hop1__720201_153080_159767_81096,Who won the 1993 Indy Car Race in the largest city of the state containing the city where the performer of the album Something Like a Bird is from?,Mario Andretti,Answer: Emerson Fittipaldi Confidence: 0.8,Emerson Fittipaldi,0.8,0.0,0,0
585,3hop1__726561_132457_47686,Where do greyhound buses leave from in the city the performer of Born a Lion formed in?,Toronto Coach Terminal,Answer: Atlanta Confidence: 0.9,Atlanta,0.9,0.0,0,0
586,2hop__827995_159109,Where is Amílcar Cabral International Airport?,central Atlantic Ocean,Answer: Cape Verde Confidence: 0.9,Cape Verde,0.9,0.0,0,1
587,2hop__71715_50429,What is the population of the state where Dukes of Hazzard took place?,"10,310,371 (2016 est.)",Answer: Georgia Confidence: 0.9,Georgia,0.9,0.0,0,0
588,2hop__159816_37168,According to QS World University Rankings where does the university where Hawass graduated rank?,551-600,Answer: 301-350th  Confidence: 0.7,301-350th,0.7,0.0,0,0
589,2hop__48033_90973,Who did the original voice of the character Mila Kunis plays on family Guy?,Lacey Chabert,Answer: Dezirae Confidence: 0.9,Dezirae,0.9,0.0,0,0
590,2hop__14095_15463,"In 2002, what company merged with the top PC manufacturer from 1994?",Hewlett Packard,Answer: Compaq Confidence: 0.8,Compaq,0.8,0.0,0,1
591,3hop1__31995_24918_24939,The leader visiting where Steven Spielberg's grandparents are from met with whom on November 22?,Pope John Paul II,Answer: Netanyahu Confidence: 0.8,Netanyahu,0.8,0.0,0,0
592,2hop__23459_22946,Who said that the most influential figure in Islamic philosophy was one of the greatest thinkers?,George Sarton,Answer: Avicenna Confidence: 0.8,Avicenna,0.8,0.0,0,0
593,2hop__423874_128023,In which league was Ilsinho's team?,Major League Soccer,Answer: MLS Confidence: 0.9,MLS,0.9,0.0,0,1
594,4hop2__71753_623626_70784_79935,When was the region that lies to the north of what where Israel is located and the body of water where Kharg Island is found created?,1930,Answer: 1949 Confidence: 0.7,1949,0.7,0.0,0,0
595,2hop__30032_46621,When was the celestial body that transforms nuclear potential energy to other forms of energy discovered to be the center of the solar system?,as early as the 3rd century BC,Answer: 1543 Confidence: 0.9,1543,0.9,0.0,0,0
596,2hop__82713_84616,What did the actress in My Fair Lady win a Tony for?,for Best Performance by a Leading Actress in a Play in Ondine,Answer: Best Actress Confidence: 0.9,Best Actress,0.9,0.33333333333333337,0,1
597,2hop__135822_46621,When was the star to which Solgränd is named after discovered to be the center of the solar system?,as early as the 3rd century BC,Answer: 1543 Confidence: 0.8,1543,0.8,0.0,0,0
598,3hop2__668732_223623_162182,In what region of the country where An Phu is located is John Phan's birthplace?,South Central Coast,Answer: Southern Vietnam Confidence: 0.9,Southern Vietnam,0.9,0.0,0,0
599,3hop2__14777_8533_9331,"What dissolved privileges in Poland held by the empire that used Pan-Slavism as a tool, the leader of the North German Confederation during the Franco-Prussian War, and the Habsburg Monarchy?",March Constitution of Poland,Answer: German Empire. Confidence: 0.8,German Empire.,0.8,0.0,0,0
600,2hop__316374_82341,In what part of Florida is Bob Steele's place of death located?,in Northern Florida,Answer: Cocoa Beach Confidence: 0.9,Cocoa Beach,0.9,0.0,0,0
601,3hop1__617062_127905_87812,When is the opening day of the league that Jim Wilson plays for?,"Thursday, March 29",Answer: Unknown Confidence: 0.1,Unknown,0.1,0.0,0,0
602,4hop1__58323_375563_161848_28750,Where was Popper's academic appointment in the country near the country of citizenship of the person who wrote The Book Thief?,Canterbury University College of the University of New Zealand,Answer: England Confidence: 0.9,England,0.9,0.0,0,0
603,4hop1__61681_53706_795904_580996,What city shares a border with the city where a person went to work during the gold rush in the biggest state in the USA by population?,Rio Linda,Answer: Seattle Confidence: 0.8,Seattle,0.8,0.0,0,0
604,3hop2__368986_89048_66294,Who played who sang is she really going out with him in the performer of Anthology movie?,Lawrence Hilton - Jacobs,Answer: Joe Jackson Confidence: 0.9,Joe Jackson,0.9,0.0,0,0
605,4hop3__270458_88460_30152_20999,How were the same people who the Somali Muslim Ajuran Empire declared independence from expelled from the natural boundary between Thailand and the country where Nam Khan is found?,The dynasty regrouped and defeated the Portuguese,Answer: Burman. Confidence: 0.7,Burman.,0.7,0.0,0,0
606,2hop__771477_149987,Which mythological tradition has the group of heroes that includes Aegialeus?,Greek mythology,Answer: Greek Confidence: 0.9,Greek,0.9,0.6666666666666666,0,1
607,2hop__39954_65371,Who is the permanent representative to the united nations of the country where it is estimated that a hunter spends fifty to one hundred times that of the average ecotourist?,Modest Jonathan Mero,Answer: Botswana Confidence: 0.8,Botswana,0.8,0.0,0,0
608,4hop1__708184_153080_159767_81096,Who won the Indy car race in the largest city and the capital of the US state of origin of the performer of The Black Saint and the Sinner Lady?,Mario Andretti,Answer: Scott Dixon Confidence: 0.7,Scott Dixon,0.7,0.0,0,1
609,3hop2__132957_800948_40768,"When did the maker of the Acura Legend, the employer of Katsuaki Watanabe, and Nissan open US assembly plants?",1981,Answer: 1988 Confidence: 0.9,1988,0.9,0.0,0,0
610,4hop2__9988_261673_70784_79935,When was the region immediately north of the region that prevailed with the disgrace of Near East and the terrain feature on which shamal is located created?,1930,Answer: unknown Confidence: 0.2,unknown,0.2,0.0,0,0
611,4hop1__88342_49853_128008_80286,Who has the most hits in the league whose member team has the most wins of the championship series which proceeds the MVP award?,Pete Rose,Answer: Bill Russell Confidence: 0.85,Bill Russell,0.85,0.0,0,0
612,3hop1__844109_720914_41132,How many times did the plague occur where the creator of The Entombment died?,22,Answer: 1 Confidence: 0.7,1,0.7,0.0,0,0
613,4hop1__638988_17130_70784_79935,When was the region that lies to the north of the region where Aluf is located and the Persian Gulf created?,1930,Answer: 1971 Confidence: 0.8,1971,0.8,0.0,0,0
614,3hop1__801799_547811_41132,How many times did plague occur in the birth city of the composer of La fida ninfa?,22,Answer: 2 Confidence: 0.7,2,0.7,0.0,0,0
615,2hop__464479_70131,Who constituted the freikorps in the country that the German Socialist Party was part of?,consisting largely of World War I veterans,Answer: Germany Confidence: 0.9,Germany,0.9,0.0,0,0
616,2hop__123166_47134,What is the mascot of William J. Ripple's university?,Benny Beaver,Answer: Jayhawk Confidence: 0.8,Jayhawk,0.8,0.0,0,0
617,3hop1__133264_40769_64047,When did the rx 350 model of the luxury division of the company that manufactures Scion Fuse change body style?,Sales began worldwide in April 2012,Answer: 2016 Confidence: 0.9,2016,0.9,0.0,0,0
618,2hop__73717_653666,Who was the mother of the person who found the sacred writings that became the Book of Mormon?,Lucy Mack Smith,Answer: Lucy Mack Smith Confidence: 0.9,Lucy Mack Smith,0.9,1.0,1,1
619,4hop2__103790_14670_8987_8529,"A country's military branch, the equivalent of which in the US contains the Air Defense Artillery, was unprepared for the invasion of Ivo Werner's country. When was the word ""Slavs"" used in the national anthem of the unprepared country?",1943–1992,Answer: 1848 Confidence: 0.8,1848,0.8,0.0,0,0
620,3hop1__326941_366209_84283,Who is the owner of the record label that the performer of Trojans belongs to?,Warner Music Group,Answer: Halsey Confidence: 0.8,Halsey,0.8,0.0,0,0
621,2hop__63483_786853,Who is the spouse of the person who plays Batman in the Lego Batman Movie?,Amy Poehler,Answer: Mariah Carey Confidence: 0.8,Mariah Carey,0.8,0.0,0,0
622,2hop__85596_807969,What team is the highest goal scorer in the EPL a member of?,Egypt national football team,Answer: Manchester City Confidence: 0.8,Manchester City,0.8,0.0,0,0
623,2hop__32887_235620,Who fathered Emperor Ai of the Chinese dynasty with the oldest remaining wooden buildings?,Emperor Zhaozong of Tang,Answer: Empress Dowager He Confidence: 0.8,Empress Dowager He,0.8,0.0,0,0
624,3hop1__765565_326948_78782,Who was the British general in the birthplace of the performer of Here Come the Girls?,General Edward Pakenham,Answer: St. Helens; Confidence: 0.7,St. Helens;,0.7,0.0,0,0
625,3hop1__604991_339990_15538,When did the state that Frozen Run is located in reinstate the death penalty?,1984,Answer: New York 1995 Confidence: 0.8,New York 1995,0.8,0.0,0,0
626,3hop1__275261_443779_52195,Who is the president of the newly declared independent country that formed the Timor Leste Commission of Truth and Friendship with the country where Pantar is found?,Francisco Guterres,Answer: Xanana Gusmão Confidence: 0.8,Xanana Gusmão,0.8,0.0,0,1
627,3hop1__446612_160545_34751,What year did the country where Ercole Manfredi was born form an alliance with Japan?,1941,Answer: 1904 Confidence: 0.8,1904,0.8,0.0,0,0
628,4hop1__88342_75218_128008_80286,who has had the most hits in the league that includes the team that has played the most games of the type played just before the league MVP is awarded?,Pete Rose,Answer: Pete Rose Confidence: 0.8,Pete Rose,0.8,1.0,1,1
629,2hop__76402_653666,Who is the mother of the founder of Mormonism?,Lucy Mack Smith,Answer: Lucy Mack Smith Confidence: 0.9,Lucy Mack Smith,0.9,1.0,1,1
630,2hop__61664_786853,Who is the spouse of the voice actor of Batman in The Lego Batman Movie?,Amy Poehler,Answer: Lauren Holly Confidence: 0.8,Lauren Holly,0.8,0.0,0,0
631,2hop__731228_609866,What district is the headquarter of Julia's House located?,East Dorset,Answer: Dorset Confidence: 0.9,Dorset,0.9,0.6666666666666666,0,1
632,3hop2__132957_51933_40768,"When did the maker of the Acura Legend, the largest auto company in the world, and Nissan open US assembly plants?",1981,"Answer: 1987, 1982 Confidence: 0.8","1987, 1982",0.8,0.0,0,0
633,2hop__864101_135373,What is the body of water that St. Matthew Island located in named after?,Vitus Bering,Answer: Bering Sea Confidence: 0.9,Bering Sea,0.9,0.5,0,1
634,2hop__217011_80026,Who played the character in Willy Wonka and the Chocolate Factory that the performer of Victrola was named after?,Julie Dawn Cole,Answer: Gene Wilder Confidence: 0.9,Gene Wilder,0.9,0.0,0,0
635,3hop1__582007_160713_77246,"In the Arabic dictionary, what's the meaning of the word for the majority religion in the area of British India that became India when Achh's country was created?",the country of India,Answer: Hinduism Confidence: 0.9,Hinduism,0.9,0.0,0,0
636,2hop__55032_786853,Who is the spouse of the actor who voices Batman in the Lego Batman movie?,Amy Poehler,Answer: Mariah Carey Confidence: 0.9,Mariah Carey,0.9,0.0,0,0
637,2hop__47257_43786,Where is the base of the newspaper saying if you find yourself in a hole stop digging?,"Washington, D.C.",Answer: New York Times Confidence: 0.8,New York Times,0.8,0.0,0,0
638,2hop__87953_17335,When did the winner of the Battle between Poras and Sikander die?,323 BC,Answer: 321 BC Confidence: 0.8,321 BC,0.8,0.5,0,0
639,3hop2__326964_265410_7713,How long had Anhua Gao's birthplace been the capitol city of Yaxing Coach's headquarters location?,about 400 years,Answer: 0 years  Confidence: 0.9,0 years,0.9,0.4,0,0
640,2hop__13731_801817,Where was Mary's betrothed born?,Nazareth,Answer: Nazareth Confidence: 0.8,Nazareth,0.8,1.0,1,1
641,4hop1__130508_32392_823060_610794,In which county is the city sharing a border with the capitol of the state where Borough House Plantation is located?,Richland County,"Answer: Newport News City, Virginia Confidence: 0.7","Newport News City, Virginia",0.7,0.0,0,0
642,3hop1__49610_89752_75165,What is the population of the largest state where The Handmaid's Tale is set?,"1,335,907",Answer: 4 million Confidence: 0.7,4 million,0.7,0.0,0,0
643,4hop1__130276_59747_211319_557671,Which county shares a border with the county where the most populous city in the state where Redan High School is located?,Presque Isle County,Answer: Fulton County Confidence: 0.9,Fulton County,0.9,0.4,0,0
644,4hop1__860115_798482_131926_13165,What treaty ceded territory to the US extending west to the river by the city sharing a border with Elizabeth Berg's birthplace?,Treaty of Paris,Answer: Adams-Onís Treaty Confidence: 0.8,Adams-Onís Treaty,0.8,0.4,0,0
645,4hop3__275416_24325_156850_10557,"Despite being located in East Belgium, the Carnival of the birth place of Guido Maus harks purely to an area. What was the language having the same name as this area of the era with Fastrada's spouse's name later known as?",Medieval Latin,Answer: Walloon Confidence: 0.8,Walloon,0.8,0.0,0,0
646,2hop__197470_271394,Where was Tyler MacDuff's child educated?,Blair High School,Answer: Unknown Confidence: 0.2,Unknown,0.2,0.0,0,0
647,2hop__157602_21567,"In the 14th century, who introduced a system of musical notation used in the area where 3% of Turkey is located?",John Kukuzelis,Answer: Gül Baba Confidence: 0.7,Gül Baba,0.7,0.0,0,0
648,3hop1__691197_15840_36002,What were the Genesis's advantages over the console whose three letter abbreviation stood for the full console name and also featured the game Yoshi?,built on 16-bit architectures and offered improved graphics and sound,Answer: SNES Confidence: 0.9,SNES,0.9,0.0,0,0
649,3hop2__90098_125104_10557,"What was the form of the language that the last name Sylvester comes from, used in the era of Rotrude's father, later known as?",Medieval Latin,Answer: Latin Confidence: 0.9,Latin,0.9,0.6666666666666666,0,1
650,2hop__91211_90973,Who did the original voice of the character played by mila kunis in the cleveland show?,Lacey Chabert,Answer: Mike Henry Confidence: 0.9,Mike Henry,0.9,0.0,0,0
651,3hop2__326964_7845_7713,How long had the home of some of the country's most prominent art groups been the capitol city of Yaxing Coach's headquarters location?,about 400 years,Answer: Unknown Confidence: 0.5,Unknown,0.5,0.0,0,0
652,2hop__93145_54024,"Which king, who was England's rule in 1616, translated the Bible?",King James I of England,Answer: James I Confidence: 0.9,James I,0.9,0.5714285714285715,0,1
653,2hop__68981_39234,What empire brought the practices of the most common religion in Southeast Asia?,"Hephthalite Empire,",Answer: Srivijaya Confidence: 0.7,Srivijaya,0.7,0.0,0,0
654,2hop__271045_68633,Who is the president of the organization Julio Maglione is located?,Thomas Bach,Answer: Julio Maglione Confidence: 0.7,Julio Maglione,0.7,0.0,0,0
655,2hop__82858_654855,What political party was the socialist candidate part of who ran for president in 1912?,Socialist Party of America,Answer: Socialist Party Confidence: 0.9,Socialist Party,0.9,0.6666666666666666,0,1
656,2hop__622308_61845,Who has played for West Ham Ajax and the team from the city where Malcolm Graham died?,Mido,Answer: Frank de Boer Confidence: 0.8,Frank de Boer,0.8,0.0,0,0
657,3hop1__139862_2053_52946,"When is Celebrity Big Brother coming to the network which, along with ABC and the network which broadcasted Highway to Heaven, is the other major broadcaster based in NY?","February 7, 2018",Answer: CBS  Confidence: 0.9,CBS,0.9,0.0,0,0
658,2hop__16632_110014,What year was the person who described the use of bitumen and pitch to tar ships born?,1517,Answer: 550 BC Confidence: 0.6,550 BC,0.6,0.0,0,0
659,3hop2__569322_467331_162182,In what region of the country of S-Fone is the location of the administrative territorial entity of Zone 5 Military Museum located?,South Central Coast,Answer: Sema Confidence: 0.8,Sema,0.8,0.0,0,0
660,4hop3__193820_466199_695123_72134,When did the town WIZE is licensed in become capitol of the state where Brantley York was born?,1839,Answer: 1820 Confidence: 0.7,1820,0.7,0.0,0,0
661,3hop2__49541_140712_51068,Who is the actress who played the woman who was the Queen of England in 1890 on the network that produced Monsterpiece Theater?,Jenna - Louise Coleman,Answer: Judi Dench Confidence: 0.8,Judi Dench,0.8,0.0,0,0
662,2hop__814856_110882,What is the Smile performer's birthday?,1 January 1986,"Answer: May 1, 1995 Confidence: 0.6","May 1, 1995",0.6,0.3333333333333333,0,0
663,4hop1__726152_153080_159767_81096,Who won the Indy car race in the largest city and capital of the state where the performer of Tijuana Moods was born?,Mario Andretti,Answer: Scott Dixon Confidence: 0.7,Scott Dixon,0.7,0.0,0,0
664,4hop1__151650_5274_458768_33633,What date did Gaspar reach the region which would be the headquarters of the record label of which the only larger label is the one that signed Desde El Principio?,"August 3, 1769",Answer: 2005-11-10 Confidence: 0.7,2005-11-10,0.7,0.0,0,0
665,3hop1__49236_89752_54221,What time do alcohol sales begin in the largest state of the region where the fictional Gilead is located in The Handmaid's Tale?,5am,Answer: 10 AM Confidence: 0.8,10 AM,0.8,0.0,0,0
666,3hop1__390673_228453_86925,What is the manufacturer of the Kentucky Tavern headquarters location saints symbol called?,fleur - de-lis,Answer: Unknown Confidence: 0.2,Unknown,0.2,0.0,0,0
667,4hop2__160585_39078_8987_8974,Hana Mandlikova was born in Country A that invaded Country B because the military branch that helped Old West's local police was unprepared. Country B was the only communist country to have an embassy where?,Alfredo Stroessner's Paraguay,Answer: Washington D.C. Confidence: 0.9,Washington D.C.,0.9,0.0,0,0
668,2hop__89764_827343,Who is the sibling of the actress that played the little girl in Miracle on 34th street 1947?,Lana Wood,Answer: Elizabeth Perkins Confidence: 0.7,Elizabeth Perkins,0.7,0.0,0,0
669,4hop2__161602_426860_88460_21057,"During British rule, what wood product was produced primarily in the country between the country that hosted the tournament and the country where That Dam is from?",75% of the world's teak,Answer: Teak wood Confidence: 0.8,Teak wood,0.8,0.3333333333333333,0,1
670,4hop2__71753_158279_70784_61381,When was the region immediately north of the region where Israel is located and the final destination for the export crops established?,1932,Answer: 1948 Confidence: 0.7,1948,0.7,0.0,0,0
671,3hop2__49541_140875_51068,Who is the actress who plays the Queen of England in 1890 on the station that aired High Feather?,Jenna - Louise Coleman,Answer: Claire Foy Confidence: 0.8,Claire Foy,0.8,0.0,0,0
672,3hop1__157807_19788_15107,What percentage of Eritrea is estimated to adhere to the religion widely practiced in the region that the tentacled snake is native to?,48%,Answer: 66% Confidence: 0.7,66%,0.7,0.0,0,0
673,3hop1__106864_160713_77246,What is the meaning in the Arabic Dictionary of the word for the majority religion in the area of British India that became India when Bedari's country was created?,the country of India,Answer: Hinduism Confidence: 0.9,Hinduism,0.9,0.0,0,0
674,3hop1__796649_720914_41132,How many times did the plague occur in the city where Flora's painter died?,22,Answer: 2 Confidence: 0.7,2,0.7,0.0,0,0
675,3hop1__462960_160545_34751,What year did the country where Pao Sarasin was born form an alliance with Japan?,1941,Answer: 1940 Confidence: 0.85,1940,0.85,0.0,0,0
676,4hop3__754156_88460_30152_20999,How were the people from whom new coins were a proclamation of independence by the Somali Muslim Ajuran Empire expelled from the country between Thailand and A Lim's country?,The dynasty regrouped and defeated the Portuguese,Answer: Thailand's borders. Confidence: 0.4,Thailand's borders.,0.4,0.0,0,0
677,4hop1__9007_698949_157828_162309,When did the country with a co-official language used in the film titled after the city that is the final resting place of Tito first attend the Olympics games?,2016,Answer: 1984 Confidence: 0.8,1984,0.8,0.0,0,0
678,4hop1__145494_698949_157828_162309,When did the country whose co-official language was used in the movie named after the place where Bela Linder died first attend the Olympics games as an independent team?,2016,Answer: 1994 Confidence: 0.8,1994,0.8,0.0,0,0
679,2hop__47808_198548,Who is the wife of the actor of Grace's boyfriend in Frankie and Grace?,Katharine Ross,Answer: Jane Fonda  Confidence: 0.8,Jane Fonda,0.8,0.0,0,0
680,2hop__122565_37168,Where does the university that Mohamed Abu Hamed attended rank according to the QS World University Rankings?,551-600,Answer: Unknown Confidence: 0.2,Unknown,0.2,0.0,0,0
681,2hop__763380_74735,What song did Paul McCartney write for the person who performed Too Late for Goodbyes?,``Hey Jude '',"Answer: ""I Don't Want to Face It"" Confidence: 0.7","""I Don't Want to Face It""",0.7,0.0,0,0
682,2hop__83460_456238,This is an instance of who was named commander in chief of texas forces by the new national government of texas National Forest?,United States National Forest,Answer: Sam Houston Confidence: 0.9,Sam Houston,0.9,0.0,0,0
683,2hop__458672_20057,Who started the foundation that developed the Free Software Directory?,Richard Stallman,Answer: David Sugar Confidence: 0.9,David Sugar,0.9,0.0,0,0
684,2hop__85993_512508,What was the person who discovered that nuclei of atoms contained neutrons with no charge a participant in?,Manhattan Project,Answer: Manhattan Project Confidence: 0.9,Manhattan Project,0.9,1.0,1,1
685,2hop__64537_482364,Who is the father of the man with the same name as the Big Brother hot dog challenge winner?,Aeson,Answer: Bacon. Confidence: 0.7,Bacon.,0.7,0.0,0,0
686,3hop1__140994_2053_52946,"When is Celebrity Big Brother coming to the network which, along with ABC and the network which broadcasted Hello, Larry?, is the other major broadcaster based in NY?","February 7, 2018",Answer: CBS Confidence: 0.8,CBS,0.8,0.0,0,0
687,3hop2__127483_125104_10557,What was the language Auctor comes from during the era of Rotrude's father later known as?,Medieval Latin,Answer: Latin Confidence: 0.8,Latin,0.8,0.6666666666666666,0,1
688,2hop__66167_72467,Where did the player who scored the most points in a NBA season go in the NBA Draft?,Seattle SuperSonics,Answer: 1st round Confidence: 0.9,1st round,0.9,0.0,0,0
689,2hop__487706_40502,What was the population of the republic that participated in The Battle of the Kentish Knock before this emigration?,2 million,"Answer: 7,000 Confidence: 0.7","7,000",0.7,0.0,0,0
690,4hop1__44149_32392_823060_610794,What county is the city that shares a border with the state capital of the state where the RBC Heritage Golf Tournament is played in?,Richland County,Answer: Beaufort County Confidence: 0.9,Beaufort County,0.9,0.5,0,0
691,3hop1__135659_87694_64412,When did the place where St for whom the Mantua Cathedral was named for basilica the head of the catholic religion is located in become its own country?,11 February 1929,Answer: 1929 Confidence: 0.9,1929,0.9,0.5,0,1
692,2hop__8347_8311,When did the crowning of the person under whom the Chapter House was built happen?,1216,Answer: 1266 Confidence: 0.9,1266,0.9,0.0,0,0
693,3hop1__857_846_7791,How many parties rule the city where the Yongle emperor greeted the person to whom the edict was addressed?,one-party,Answer: 1 Confidence: 0.8,1,0.8,0.0,0,1
694,3hop2__9951_20335_9331,"What dissolved the privileges in Poland of the empire that the British sided with against the Ottomans, the Kingdom that acquired some Thuringian territory in 1815, and the Habsburg Monarchy?",March Constitution of Poland,Answer: Prussia. Confidence: 0.8,Prussia.,0.8,0.0,0,0
695,3hop2__92991_27069_76291,When did the party Oklahoma's US Senators come from take control of the body determining the rules of the US House and US Senate?,January 2015,Answer: 1995 Confidence: 0.8,1995,0.8,0.0,0,0
696,3hop1__131783_131926_87157,What is the direction of flow of the body of water by the city where The Minikahda Club is located?,rises in northern Minnesota and meanders slowly southwards,Answer: southwest Confidence: 0.7,southwest,0.7,0.0,0,0
697,2hop__24973_5674,Who suspended the party that would have maintained power if the treaty was signed in the Russian Soviet Federative Socialist Republic?,Yeltsin,Answer: Bolsheviks Confidence: 0.8,Bolsheviks,0.8,0.0,0,0
698,3hop1__404541_629431_64412,When did the place of death of Paenitentiam Agere's author become its own country?,11 February 1929,Answer: 2011 Confidence: 0.7,2011,0.7,0.0,0,0
699,3hop1__64957_87694_124169,"When was the position of Governor ended in the city that houses the head of Catholicism, and the basilica of the saint holding a knife in the Last Supper?",1952,Answer: 1870 Confidence: 0.9,1870,0.9,0.0,0,0
700,3hop1__106094_443779_52195,Who is the president of the newly declared independent country part of the Commission of Truth and Friendship with the country that made Arisan!??,Francisco Guterres,Answer: East Timor's president Confidence: 0.8,East Timor's president,0.8,0.0,0,1
701,4hop3__131775_29339_508306_70744,"Which has more national championships, university of the state having Fort Hill or university of the state whose primary was won by Edwards besides the state having Ted Wright Stadium?",University of South Carolina,Answer: Maryland. Confidence: 0.8,Maryland.,0.8,0.0,0,0
702,2hop__593633_82341,Where is New Perry's place of death found in Florida?,in Northern Florida,Answer: New Perry Beach Confidence: 0.7,New Perry Beach,0.7,0.0,0,0
703,2hop__481349_302087,Which company owns the manufacturer of Learjet 60?,Bombardier Inc.,Answer: Bombardier Confidence: 0.9,Bombardier,0.9,0.6666666666666666,0,1
704,4hop3__673447_132409_223216_35031,"Among the top five largest urban areas in the state Infest's performers were formed, what is the ranking of the city Pathology was formed in?",third-largest,Answer: 3rd Confidence: 0.6,3rd,0.6,0.0,0,1
705,3hop1__504362_443779_52195,Who is the president of the new country that jointly established a Commission of Truth and Friendship with the country that Solor is a part of?,Francisco Guterres,Answer: Timor-Leste President Confidence: 0.8,Timor-Leste President,0.8,0.0,0,1
706,2hop__88632_67668,"In Batman Under the Red Hood, who does the actor of Barney Stinson from How I Met Your Mother play?",Nightwing / Dick Grayson,Answer: Jason Todd/Red Hood Confidence: 0.9,Jason Todd/Red Hood,0.9,0.0,0,0
707,2hop__23459_35123,What was the lifespan of the most influential figure in Islamic philosophy?,980–1037,Answer: 980-1037 Confidence: 0.9,980-1037,0.9,0.0,0,1
708,3hop2__30152_105895_20999,What forced the departure from the country responsible for Phoe Pyonn Cho of the people once defied by new coinage?,The dynasty regrouped and defeated the Portuguese,Answer: Myanmar military coup Confidence: 0.8,Myanmar military coup,0.8,0.0,0,0
709,2hop__280451_84616,What did the spouse of Andrea Dotti win a Tony for?,for Best Performance by a Leading Actress in a Play in Ondine,Answer: Hair Confidence: 0.9,Hair,0.9,0.0,0,0
710,3hop1__144439_443779_52195,who is the president of newly declared independent country of the country of the birthplace of Mulham Arufin–Timor Leste Commission of Truth and Friendship?,Francisco Guterres,Answer: Xanana Gusmão Confidence: 0.7,Xanana Gusmão,0.7,0.0,0,0
711,4hop2__103790_39078_8987_8529,"Ivo Werner is from Country A that invaded Country B because their military branch that helped the Old West police was unprepared. When was the word ""Slavs"" used in the national anthem of country B?",1943–1992,Answer: 1918 Confidence: 0.7,1918,0.7,0.0,0,0
712,2hop__631024_18974,Who led the military expedition in the province where Gong Beibi was born?,Chen Zheng,Answer: Zhang Xun Confidence: 0.7,Zhang Xun,0.7,0.0,0,0
713,3hop1__28841_547811_41132,How many times did the plague occur in the birth place of Concerto in C Major Op 3 6's composer?,22,Answer: 1 Confidence: 0.7,1,0.7,0.0,0,0
714,2hop__832795_350510,What group was the performer of Be the One a member of?,Jackson 5,"Answer: Dua Lipa, Confidence: 0.9","Dua Lipa,",0.9,0.0,0,0
715,3hop2__25177_19506_23299,"After the period which limited the supply of shellac; Białystok, Przemyśl were returned to what country along with the region they had been given in the Treaty of Schönbrunn?",Polish state,Answer: Poland Confidence: 0.9,Poland,0.9,0.0,0,1
716,2hop__29606_600504,What field of work was the person who discovered the mathematical relationship between peaks and curves of light at different temperatures in?,physic,Answer: Physics Confidence: 0.9,Physics,0.9,0.0,0,1
717,2hop__581084_828685,"Who employs the author of ""Ravenswood: The Steelworkers' Victory and the Revival of American Labor""?",Cornell University,"Answer: University of California, Santa Barbara Confidence: 0.9","University of California, Santa Barbara",0.9,0.28571428571428575,0,0
718,4hop1__88342_49853_128008_86588,What's the longest homer in the history of the league where the team with the most titles from the event after which they give out the MLB MVP award plays?,582 feet (177 m),Answer: 763 ft Confidence: 0.7,763 ft,0.7,0.0,0,0
719,2hop__427249_20057,Who founded the organization that wrote GNU Free Documentation License?,Richard Stallman,Answer: Richard Stallman Confidence: 0.9,Richard Stallman,0.9,1.0,1,1
720,2hop__82270_177869,Who is the spouse of the first nominated African American presidential candidate?,Helen Pitts Douglass,Answer: Gwendolyn Gore Confidence: 0.9,Gwendolyn Gore,0.9,0.0,0,0
721,2hop__623931_656446,Who is the spouse of a cast member of Secrets of a Windmill Girl?,John Alderton,Answer: unknown Confidence: 0.7,unknown,0.7,0.0,0,0
722,2hop__145220_58439,Notre Dame is located is what section of Camille Cottin's birthplace?,The Île de la Cité,Answer: Paris Confidence: 0.9,Paris,0.9,0.0,0,0
723,2hop__258940_135844,Who is the city where Lesnoye Sanatorium is located named after?,Palmiro Togliatti,Answer: Lesnoye Confidence: 0.7,Lesnoye,0.7,0.0,0,0
724,2hop__520033_123956,On what date did Battle of the birth place of Denny Januar Ali end?,15 February 1942,"Answer: August 24, 1945 Confidence: 0.7","August 24, 1945",0.7,0.0,0,0
725,2hop__85463_54688,What type of government did North Korea have during the conflict when UN troops approached the Yalu River?,a communist government,Answer: communist Confidence: 0.9,communist,0.9,0.6666666666666666,0,1
726,2hop__91021_19033,Where did the wrestler who has held the intercontinental championship the most times win in 2008?,Great American Bash,Answer: WM24 Confidence: 0.8,WM24,0.8,0.0,0,0
727,3hop1__161433_33952_34099,How long are the council terms in the second largest city in the US state focused by the cross-border transactions committee of the Department of Real Estate?,four-year,Answer: 4 years Confidence: 0.9,4 years,0.9,0.0,0,1
728,2hop__575282_114648,What year did Allegory of Isabella d'Este's Coronation's creator the Younger die?,1583,Answer: 1536 Confidence: 0.8,1536,0.8,0.0,0,0
729,2hop__704217_82341,Where is Sean Hampton's birth place in the state of Florida?,in Northern Florida,Answer: Tampa Confidence: 0.6,Tampa,0.6,0.0,0,0
730,2hop__6827_75783,When was countrywide bought by the company that bought FleetBoston Financial?,"July 1, 2008",Answer: 2008 Confidence: 0.8,2008,0.8,0.5,0,1
731,2hop__852657_155922,Into what harbour does the river Lennox Bridge in Parramatta crosses flow?,Sydney Harbour,Answer: Parramatta River Confidence: 0.9,Parramatta River,0.9,0.0,0,0
732,4hop2__71753_158985_70784_79935,When was the region that lies to the north of where Israel is located and where the most growth in desalination for agricultural use is taking place created?,1930,Answer: 2000s Confidence: 0.7,2000s,0.7,0.0,0,0
733,2hop__95172_456836,Where was the person who acted in Signora Enrica born?,La Goulette,Answer: Italy Confidence: 0.7,Italy,0.7,0.0,0,0
734,3hop1__671542_665330_51423,What is the name of the castle in city where the performer of Darlings was formed?,Casa Loma,Answer: Bhujia Fort Confidence: 0.7,Bhujia Fort,0.7,0.0,0,0
735,2hop__409884_83837,Who sings Home Alone Tonight with the Country Girl (Shake It for Me) performer?,Karen Fairchild,Answer: John Anderson Confidence: 0.9,John Anderson,0.9,0.0,0,0
736,2hop__367318_7292,"What artist was featured on Smooth Jazz Stations, along with Kenny G and the performer of The Dance?",George Benson,Answer: Garth Brooks Confidence: 0.8,Garth Brooks,0.8,0.0,0,0
737,4hop3__862_846_613770_7713,How long was the place where the Yongle Emperor greeted who the Ming court thought representatives were sent by the capitol of the city in which Guangling District is located?,about 400 years,Answer: 30 years Confidence: 0.6,30 years,0.6,0.4,0,0
738,2hop__398344_439882,Who is the creator of the main character in the Steven the Sword Fighter series?,Rebecca Sugar,Answer: Steven S. Confidence: 0.8,Steven S.,0.8,0.0,0,0
739,3hop1__857_846_7769,How many square miles is the city where the Yongle emperor greeted the person to whom the edict was addressed?,"2,548 sq mi",Answer: 630 Confidence: 0.8,630,0.8,0.0,0,0
740,3hop1__635099_131926_89261,Where does the body of water by the city where Write This Down was formed empty into the Gulf of Mexico?,the Mississippi River Delta,Answer: Tennessee River Confidence: 0.7,Tennessee River,0.7,0.4,0,0
741,3hop1__603558_87694_64412,When did the location of the basilica that is named after the same saint as the San Pietro in Ciel d'Oro become its own country?,11 February 1929,Answer: 1929 Confidence: 0.9,1929,0.9,0.5,0,1
742,2hop__391873_88622,Who is the head of the agency that created MYSTIC?,ADM Michael S. Rogers,Answer: NSA Confidence: 0.9,NSA,0.9,0.0,0,0
743,2hop__106864_80460,What was the 2017 population of the country where Bedari was made?,207.77 million people,Answer: 182 million Confidence: 0.8,182 million,0.8,0.4,0,0
744,2hop__142621_225454,What is the record label of the co-writer and recording artist of Permission to Fly?,Hollywood Records,Answer: Warner Music Group Confidence: 0.8,Warner Music Group,0.8,0.0,0,0
745,2hop__147171_27537,Why did Roncalli leave the place where Francesco Fontebasso resided when he died?,for the conclave in Rome,Answer: Unknown reasons. Confidence: 0.3,Unknown reasons.,0.3,0.0,0,0
746,4hop1__752321_153080_33897_81096,Who won the Indy car race in the largest populated city in the state where the Pithecanthropus Erectus performer is from?,Mario Andretti,Answer: Scott Dixon Confidence: 0.7,Scott Dixon,0.7,0.0,0,0
747,3hop1__487301_443779_52195,Who is the president of newly declared independent country part of the Commission of Truth and Friendship with the country where Kaimana is located?,Francisco Guterres,Answer: Kaimana is in Indonesia; no new president found. Confidence: 0.7,Kaimana is in Indonesia; no new president found.,0.7,0.0,0,0
748,2hop__365236_19320,What worldwide ranking is held by Mario Pani's alma mater?,74th,Answer: 267th Confidence: 0.7,267th,0.7,0.0,0,0
749,3hop1__465684_160545_60577,Where did they film The Beach in the country where Bodindecha died?,Ko Phi Phi Leh,Answer: Thailand Confidence: 0.9,Thailand,0.9,0.0,0,0
750,2hop__861047_110949,What is the date of birth for the performer of Beat Hotel?,11 September 1962,Answer: 1960-01-01 Confidence: 0.5,1960-01-01,0.5,0.0,0,0
751,2hop__80_59409,"Who was the artist who did a duet with Beyonce in the single ""Deja Vu"" talking about in the song ""Cry""?",three different relationships he had in the past,Answer: Jay-Z Confidence: 0.9,Jay-Z,0.9,0.0,0,0
752,2hop__88834_425488,Who is the mother of the person who plays Nim in Return to Nim's Island?,Terri Irwin,Answer: Elizabeth Shue Confidence: 0.9,Elizabeth Shue,0.9,0.0,0,0
753,4hop2__161602_474028_88460_20988,For what major conflict is the country on the natural boundary between the country that hosted the tournament and the country where A Don is from known?,one of the world's longest-running ongoing civil wars.,Answer: World War I Confidence: 0.7,World War I,0.7,0.0,0,0
754,2hop__77601_814677,What pantheon is the God of the underworld in ancient Egypt a part of?,ancient Egyptian religion,Answer: Egyptian Confidence: 0.9,Egyptian,0.9,0.5,0,1
755,2hop__35137_22901,What Islamic denomination was the author of The Canon of Medicine thought to be a member of?,Sunni,Answer: Sunni Confidence: 0.9,Sunni,0.9,1.0,1,1
756,4hop3__175072_88460_30152_20999,How were the same people who the Somali Muslim Ajuran Empire declared independence from expelled from the natural boundary between Thailand and the country Setthathirath is a citizen of?,The dynasty regrouped and defeated the Portuguese,Answer: Laos Confidence: 0.8,Laos,0.8,0.0,0,0
757,4hop1__161605_32392_823060_610794,What county is the city that shares a border with the state capital of the state where Darlington County located in?,Richland County,Answer: Greenville County Confidence: 0.8,Greenville County,0.8,0.5,0,0
758,2hop__58168_1783,Who was the mayor of New York during the time when the US had its highest unemployment rate?,Fiorello La Guardia,Answer: David Dinkins Confidence: 0.7,David Dinkins,0.7,0.0,0,0
759,2hop__161151_50883,Which section of the emergency response guidebook of the continent where bison antiquus are found contains the response guides?,"The fourth section, with orange page borders",Answer: Section 3 Confidence: 0.8,Section 3,0.8,0.25,0,0
760,4hop1__83058_53706_795904_580996,"What area shares a border, with the city that was the work location of an individual, who went to the U.S. state with a Mediterranean climate, during the Gold Rush?",Rio Linda,Answer: California Confidence: 0.8,California,0.8,0.0,0,0
761,2hop__149983_108549,Who wrote the fictional work Doctor Fate exists in?,Alfred Gough,Answer: Multiple authors. Confidence: 0.7,Multiple authors.,0.7,0.0,0,0
762,3hop1__131102_39743_24526,"What is the average winter daytime temperature in the region containing Richmond, in the state where WUSH operates?",upper 40s–lower 50s °F,Answer: 40°F Confidence: 0.7,40°F,0.7,0.0,0,0
763,3hop1__159728_91191_156667,What was the name of the spouse of the first convert to the most prevalent religion in Jordan?,Khawlah bint Ja'far,Answer: Nada Confidence: 0.8,Nada,0.8,0.0,0,0
764,3hop1__145290_443779_52195,Who is the president of the new country who has jointly established a Commission on Truth and Friendship with the birth country of Satyo Husodo?,Francisco Guterres,Answer: Susilo Bambang Yudhoyono Confidence: 0.8,Susilo Bambang Yudhoyono,0.8,0.0,0,0
765,3hop1__140994_2053_5289,"What UK label was bought by the company which, along with ABC and the network which broadcasted Hello, Larry, is the other major broadcaster based in NY?",Oriole Records.,Answer: EMI Confidence: 0.8,EMI,0.8,0.0,0,0
766,4hop3__152056_698586_89595_54362,Who burned down the city where Dunn Dunn's recording artist died during the conflict after which the historical time period of A Rose for Emily occurred?,Confederate Gen. John Bell Hood,Answer: Grendel Confidence: 0.3,Grendel,0.3,0.0,0,0
767,2hop__544760_35739,When was the version of the browser that GNU IceCat is based on made accessible on Windows 8?,September 2013,Answer: 2012 Confidence: 0.7,2012,0.7,0.0,0,0
768,2hop__301011_820181,Which county is the birth place of Keith Sebelius located at?,Norton County,Answer: Phillips County Confidence: 0.9,Phillips County,0.9,0.5,0,0
769,2hop__691455_64006,By how much of the population of the region where Baton a feu originated reduced by the black death?,30% to 65%,Answer: 30% Confidence: 0.7,30%,0.7,0.5,0,1
770,2hop__216256_141338,What company is the school where Ernest G. McClain is employed a part of?,City University of New York,Answer: NAU Confidence: 0.8,NAU,0.8,0.0,0,0
771,2hop__25396_212301,Who is the child of the person who issued the Tamworth manifesto?,Arthur Peel,Answer: Benjamin Disraeli Confidence: 0.9,Benjamin Disraeli,0.9,0.0,0,0
772,3hop2__84553_90098_10557,"What was the form of the language where the last name Sylvester originates, used in the era of the man crowned Emperor of the Romans in 800, later known as?",Medieval Latin,Answer: Latin Confidence: 0.9,Latin,0.9,0.6666666666666666,0,0
773,3hop1__462125_538202_84283,Who is the owner of the record label that the performer of Days of Our Lives is on?,Warner Music Group,Answer: Universal Music Group Confidence: 0.8,Universal Music Group,0.8,0.6666666666666666,0,0
774,2hop__351275_75487,Who is the federal leader of Leon Benoit's political party?,Andrew Scheer,Answer: Conservative Party Confidence: 0.9,Conservative Party,0.9,0.0,0,0
775,4hop1__93963_170667_443779_52195,"Who is the president of the newly declared independent country, that established the Timor Leste Commission of Truth and Friendship, with the country containing the airport that includes Lion Air?",Francisco Guterres,Answer: Timor-Leste President. Confidence: 0.7,Timor-Leste President.,0.7,0.0,0,1
776,4hop1__443274_17130_70784_61381,When was the region that lies to the north of the country where Sar-El is located and the Persian Gulf established?,1932,Answer: 1948 Confidence: 0.8,1948,0.8,0.0,0,0
777,2hop__29339_40482,Who did the Huguenots in the state primary Edwards won outside of Georgia buy land from?,Edmund Bellinger,Answer: John M. Murchison Confidence: 0.7,John M. Murchison,0.7,0.0,0,0
778,2hop__504464_708278,Who was the company preceding Metalmark Capital named after?,Harold Stanley,Answer: Metalmark Capital's predecessor was named after a butterfly. Confidence: 0.8,Metalmark Capital's predecessor was named after a butterfly.,0.8,0.0,0,0
779,3hop1__273571_834494_34053,What was the wettest year for the city in the same county as Summit?,1905,Answer: 2020 Confidence: 0.6,2020,0.6,0.0,0,0
780,2hop__814671_82341,In what region of Florida is WMOP located?,in Northern Florida,Answer: Central Florida Confidence: 0.8,Central Florida,0.8,0.4,0,0
781,4hop3__668721_132409_371500_35031,Where does the city where Veoh's headquarters is located rank in the top five largest urban areas of the state where The Paramour Sessions' performers were formed?,third-largest,Answer: 2nd Confidence: 0.7,2nd,0.7,0.0,0,0
782,2hop__524623_82341,Where is Chris Meffert's birth place in the state of Florida?,in Northern Florida,Answer: Tallahassee Confidence: 0.7,Tallahassee,0.7,0.0,0,1
783,3hop2__655849_223623_162182,In what region of the country containing A Lưới is the birthplace of John Phan located?,South Central Coast,Answer: Thừa Thiên-Huế Confidence: 0.8,Thừa Thiên-Huế,0.8,0.0,0,0
784,2hop__231805_514393,What is the birthplace of St. Simeon Stylites' author?,Somersby,Answer: Antioch Confidence: 0.8,Antioch,0.8,0.0,0,0
785,3hop1__145212_443779_52195,Arie Supriyatna's birth country was one participant in a Commission of Truth and Friendship. Who is the president of the other country that participated?,Francisco Guterres,Answer: Xanana Gusmão Confidence: 0.8,Xanana Gusmão,0.8,0.0,0,0
786,4hop1__152146_5274_458768_33677,When was the most recent Bicycle Friendly Community Award given to the city where the headquarters of the only group larger than Långa nätter's record label is located?,2013,Answer: 2022 Confidence: 0.7,2022,0.7,0.0,0,0
787,3hop1__751782_2053_52946,"When is Celebrity Big Brother coming to the network which, along with ABC and the original broadcaster of Undercovers, is the other major broadcaster based in NY?","February 7, 2018",Answer: CBS Confidence: 0.8,CBS,0.8,0.0,0,0
788,3hop1__109196_720914_27537,Why did Roncali leave the place of death of the creator of Malchiostro Annunciation?,for the conclave in Rome,Answer: Unknown reasons. Confidence: 0.4,Unknown reasons.,0.4,0.0,0,0
789,2hop__66149_85990,Who were the leaders of the opposition party that was created as a result of the kansas-nebraska act?,"anti-slavery activists, modernizers, ex Whigs and ex Free Soilers","Answer: Free Soilers, Republicans  Confidence: 0.8","Free Soilers, Republicans",0.8,0.3333333333333333,0,0
790,2hop__132472_684936,The company making ALARM follows which company?,BAC,Answer: HYPERION Confidence: 0.7,HYPERION,0.7,0.0,0,0
791,2hop__25788_25839,What is the maximum load drawn by the device that was designed to standardize connection of computer peripherals?,five unit loads,Answer: 500mA Confidence: 0.8,500mA,0.8,0.0,0,1
792,4hop1__567737_141375_458768_33632,"What day is the feast held in the city containing the headquarters of the company, that owns the record label that released Study in Brown?",May 4,Answer: November 21 Confidence: 0.8,November 21,0.8,0.0,0,0
793,2hop__68322_510545,Who is the spouse of the actor that plays Jarvis in the Avengers Age of Ultron?,Jennifer Connelly,Answer: Lara Pulver Confidence: 0.9,Lara Pulver,0.9,0.0,0,0
794,2hop__852122_150107,Who published Communications of the agency that Michael Schroeder is a member of ?,Association for Computing Machinery,Answer: American Mathematical Society Confidence: 0.8,American Mathematical Society,0.8,0.0,0,0
795,2hop__506099_20057,Who founded the organisation that owns Defective by Design?,Richard Stallman,Answer: Richard Stallman Confidence: 0.9,Richard Stallman,0.9,1.0,1,1
796,2hop__525242_52835,"Who wrote ""Turn Me On"" by performer of ""Happy Pills""?",John D. Loudermilk,Answer: AlunaGeorge Confidence: 0.8,AlunaGeorge,0.8,0.0,0,0
797,2hop__60880_87295,Who does the actor who plays Nanny in Eloise at Christmastime play in Princess Diaries?,Queen dowager Clarisse Renaldi,Answer: Queen Clarisse Confidence: 0.9,Queen Clarisse,0.9,0.6666666666666666,0,1
798,3hop1__222497_309482_41132,How many times did plague occur in Al gran sole carico d'amore's composer's work location?,22,Answer: Once Confidence: 0.7,Once,0.7,0.0,0,0
799,2hop__671664_646310,What city is in the county where the Red Cross is located?,Albemarle,"Answer: Washington, D.C. Confidence: 0.7","Washington, D.C.",0.7,0.0,0,0
800,3hop2__125104_90098_10557,What was where the last name sylvester comes from of who was Rotrude's father's era later known as?,Medieval Latin,Answer: Charlemagne Confidence: 0.8,Charlemagne,0.8,0.0,0,0
801,4hop1__88342_49853_128008_89859,When does the regular season of the league where the team with the most titles from the series after which the MLB MVP award is given out plays?,"March 29, 2018",Answer: October Confidence: 0.7,October,0.7,0.0,0,0
802,2hop__859431_18803,"In April 2010, what did the company owned by MV Macoma announce it was in the process of doing?",trying to find a potential buyer for all of its operations in Finland,Answer: Selling assets Confidence: 0.7,Selling assets,0.7,0.0,0,1
803,4hop1__3496_5274_458768_33677,When was the most recent Bicycle Friendly Community Award given to the city where the headquarters of the only group larger than the company BMG partnered with in 2005-07?,2013,Answer: 2022 Confidence: 0.7,2022,0.7,0.0,0,0
804,2hop__24648_192417,What is the league of the Carolina Panthers an example of?,sports league,Answer: NFL Confidence: 0.9,NFL,0.9,0.0,0,1
805,2hop__575797_91104,What is the experimental satellite that was the forerunner to communication satellite of the operator of INSAT-4CR called?,ATS - 6 (Applications Technology Satellite - 6),Answer: APPLE Confidence: 0.9,APPLE,0.9,0.0,0,0
806,3hop1__305282_282081_73772,When was the start of the battle of the birthplace of the performer of III?,"December 14, 1814",Answer: 1944 Confidence: 0.7,1944,0.7,0.0,0,0
807,3hop2__159979_30587_44003,Where does the ocean adjacent to Miami meet the ocean basin at where the tropical Storm Allison ended up?,through the Florida Straits,Answer: Gulf of Mexico Confidence: 0.95,Gulf of Mexico,0.95,0.0,0,0
808,2hop__131455_11960,What is the tallest building in the state where KZAR is located?,JPMorgan Chase Tower,Answer: One World Trade Center Confidence: 0.8,One World Trade Center,0.8,0.0,0,0
809,4hop3__312119_132409_146285_35031,"Among the top five largest urban areas in the state where Getting Away with Murder's performer was formed, where does city in which Alexander Golitzen died rank?",third-largest,Answer: 2nd Confidence: 0.7,2nd,0.7,0.0,0,0
810,2hop__153009_44880,Who is the mayor presiding now where Merrill Elam was born?,Lance Bottoms,Answer: Unknown Confidence: 0.3,Unknown,0.3,0.0,0,0
811,3hop1__389069_132457_51423,What is the name of the castle in the city where the performer of Sleep is the Enemy was formed?,Casa Loma,Answer: Malbork Castle Confidence: 0.7,Malbork Castle,0.7,0.0,0,0
812,3hop1__617062_127905_46894,Who has the lowest batting average in the league that Jim Wilson's team plays for?,Bill Bergen,Answer: Unknown Confidence: 0.5,Unknown,0.5,0.0,0,0
813,3hop1__850160_15840_36002,What were the Genesis's advantage over the platform of Pictionary?,built on 16-bit architectures and offered improved graphics and sound,Answer: Better graphics. Confidence: 0.7,Better graphics.,0.7,0.16666666666666669,0,1
814,2hop__656411_345851,"The singer, who starred in Shake It Up, signed to which record label?",Hollywood Records,Answer: Hollywood Records Confidence: 0.9,Hollywood Records,0.9,1.0,1,1
815,3hop1__88707_91850_685675,On what team was the player who hit the first home run at the new location of NY Yankees home games?,New York Yankees,Answer: New York Yankees Confidence: 0.9,New York Yankees,0.9,1.0,1,1
816,4hop3__31333_29339_508306_70744,Edwards won the primary in a state excluding the state that sent the most tourists in to Tennessee in 2013. Who has the most national championships between that state's university and Fort Hill's city's university?,University of South Carolina,Answer: Alabama University. Confidence: 0.9,Alabama University.,0.9,0.3333333333333333,0,0
817,2hop__373544_80420,Who was the first African American student at the university Robert Khayat was educated at?,James Howard Meredith,Answer: James Meredith Confidence: 0.9,James Meredith,0.9,0.8,0,1
818,4hop1__88342_75218_128008_86588,What is the longest home run in the history of the league of the team that has played the most games in the competition they give out MVP awards after?,582 feet (177 m),Answer: 575 feet Confidence: 0.8,575 feet,0.8,0.3333333333333333,0,0
819,3hop1__131783_131926_90707,Where does the body of water by the city where The Minikahda Club is located and the Ohio River meet?,"at the city of Cairo, Illinois",Answer: Mississippi River Confidence: 0.8,Mississippi River,0.8,0.0,0,0
820,2hop__216535_370666,In what city is Alain Lascoux's employer located?,Tianjin,Answer: Paris Confidence: 0.7,Paris,0.7,0.0,0,0
821,2hop__215124_83837,Who sings Home Alone Tonight with the Rain is a Good Thing singer?,Karen Fairchild,Answer: John Legend Confidence: 0.9,John Legend,0.9,0.0,0,0
822,2hop__48481_319887,Where was the actor who plays Kurt in Daddy's Home 2 educated?,National Institute of Dramatic Art,Answer: Yale University Confidence: 0.9,Yale University,0.9,0.0,0,0
823,2hop__391857_162018,What year did the author of Prince Prigio die?,1912,Answer: 1898 Confidence: 0.9,1898,0.9,0.0,0,0
824,2hop__569582_304416,What record label is the performer of Almost Made Ya signed to?,Derrty Entertainment,Answer: Zard Records Confidence: 0.8,Zard Records,0.8,0.0,0,0
825,3hop2__222979_132628_40768,"When did the company that built VTEC, the owner of Scion, and Nissan open US Assembly plants?",1981,Answer: 1984 Confidence: 0.8,1984,0.8,0.0,0,0
826,2hop__132954_533882,What company was formed after a merger of the company that built ASM-N-5 Gorgon V?,Martin Marietta,Answer: General Dynamics Confidence: 0.8,General Dynamics,0.8,0.0,0,0
827,2hop__713299_55227,Who plays the wife of a Here Comes the Boom cast member in the movie Grown Ups?,Maria Bello,Answer: Salma Hayek Confidence: 0.9,Salma Hayek,0.9,0.0,0,0
828,2hop__58939_213732,Who is the child of Obama's opponent in his first election?,Meghan McCain,Answer: Chelsea Clinton Confidence: 0.8,Chelsea Clinton,0.8,0.0,0,0
829,2hop__68162_482364,Who was the father of the leader of the Argonauts in the search for the golden fleece?,Aeson,Answer: Aeson Confidence: 0.9,Aeson,0.9,1.0,1,1
830,2hop__726892_131968,Which is the body of water by Leo Bennett's place of death?,River Thames,Answer: Lake Michigan Confidence: 0.7,Lake Michigan,0.7,0.0,0,0
831,3hop1__77966_91191_156667,Who was the spouse of the first convert to the faith that is the most common religion in Lebanon?,Khawlah bint Ja'far,Answer: Abu Bakr Confidence: 0.7,Abu Bakr,0.7,0.0,0,0
832,3hop2__87184_92991_76291,When did the party that controls the House of Representatives take control of the branch who determines the rules of the US house and Senate?,January 2015,Answer: January 2023 Confidence: 0.8,January 2023,0.8,0.5,0,0
833,2hop__135993_160249,In which years did the war with the person who the Ioannina National Airport is name after occur?,323–272 BC,Answer: 1821-1829 Confidence: 0.9,1821-1829,0.9,0.0,0,0
834,3hop1__140786_2053_5289,"What UK label was bought by the major broadcaster that, along with ABC and the network of the show Just Men!?, is based in New York?",Oriole Records.,Answer: Capitol Records Confidence: 0.7,Capitol Records,0.7,0.5,0,0
835,3hop2__57233_105140_56883,"During the war in which The Things They Carried is set, when was conscription introduced by the country where the film Grievous Bodily Harm was later released?",1964,Answer: 1964 Confidence: 0.8,1964,0.8,1.0,1,1
836,3hop2__89048_860687_66294,Who played who sang is she really going out with him in the performer of The One movie?,Lawrence Hilton - Jacobs,Answer: John Legend Confidence: 0.7,John Legend,0.7,0.0,0,0
837,4hop3__129754_29339_508306_70744,"Who has more national championships than the school with Fort Hill or the facility in the location Edwards won the primary, but not the state with the 404 area code?",University of South Carolina,Answer: Alabama Confidence: 0.8,Alabama,0.8,0.0,0,0
838,3hop1__139773_88110_21193,What compression method is part of the CAB format used by one of the original partners in the TV channel that hosts Rachel Maddow's show?,LZX,Answer: LZX Confidence: 0.8,LZX,0.8,1.0,1,1
839,2hop__28203_55840,Who played king whose regal Name did Albert Adopt in the king's speech?,Colin Firth,Answer: George V Confidence: 0.9,George V,0.9,0.0,0,0
840,3hop2__304722_740784_63959,When was the last time Krystian Pearce's sports team beat the winner of the 1894-95 FA Cup?,1 December 2010,Answer: 2010 Confidence: 0.7,2010,0.7,0.5,0,1
841,3hop1__756602_831637_91775,What does seal stand for in the U.S. military branch that operates a list of destroyer classes as well as the USS Jason?,"Sea, Air, and Land",Answer: Navy Confidence: 0.9,Navy,0.9,0.0,0,0
842,3hop2__304722_230978_63959,When was the last time the team Matthew Webb was a member of beat the winner of the 1894-95 FA Cup?,1 December 2010,Answer: 1896 Confidence: 0.7,1896,0.7,0.0,0,0
843,2hop__564984_139312,"The author of the novel ""2030"" was nominated for what award for his role in ""Broadcast News""?",Academy Award for Best Supporting Actor,Answer: Academy Award Confidence: 0.8,Academy Award,0.8,0.5,0,1
844,2hop__123545_47134,Who is the mascot of the university related to Randy Conrads?,Benny Beaver,Answer: Coyote. Confidence: 0.9,Coyote.,0.9,0.0,0,0
845,4hop3__813358_24325_125104_10557,"The carnival in the town where Jean Mathonet died is rooted in a European culture. In Rotrude's father's era, the language of that culture was later known by what name?",Medieval Latin,Answer: Latin Confidence: 0.9,Latin,0.9,0.6666666666666666,0,1
846,3hop1__140786_2053_52946,"When is Celebrity Big Brother coming to the broadcast company that, along with the network of Just Men!?, and ABC, is one of the major broadcasters based in New York?","February 7, 2018",Answer: After January 2024. Confidence: 0.6,After January 2024.,0.6,0.0,0,0
847,2hop__161507_77849,Who is the newly elected Chief Justice of the country where Masherbrum is located?,Mian Saqib Nisar,Answer: Qazi Faez Isa Confidence: 0.8,Qazi Faez Isa,0.8,0.0,0,0
848,2hop__705035_152093,What label is responsible for the performer of Crazy Love?,Fair Trade Services,Answer: Reprise Records Confidence: 0.8,Reprise Records,0.8,0.0,0,0
849,2hop__807257_590611,Who is a cast member of the show that contains the character Michael Knight?,Deanna Russo,Answer: David Hasselhoff Confidence: 0.9,David Hasselhoff,0.9,0.0,0,0
850,3hop2__69814_76873_64554,"After the war that provides the setting for Memoirs of a Geisha, a conflict in which Germany was divided into two countries, developed between the U.S. and what nation?",Union of Soviet Socialist Republics,Answer: USSR Confidence: 0.9,USSR,0.9,0.0,0,1
851,2hop__283_574195,Where was the person who said she is the reigning national voice educated?,National Institute of Dramatic Art,Answer: Harvard Confidence: 0.8,Harvard,0.8,0.0,0,0
852,3hop1__426806_42197_18397,Where did who argued that the country of citizenship of Victor Denisov had itself beome an imperialist power declare that he would intervene in the Korean conflict?,the Politburo,Answer: United Nations Confidence: 0.8,United Nations,0.8,0.0,0,0
853,2hop__144150_82341,In what part of Florida is Tom Denney's birthplace located?,in Northern Florida,Answer: Orlando Confidence: 0.7,Orlando,0.7,0.0,0,0
854,3hop1__579562_629431_64412,When did the city where the author of Pacem in Terris died become its own country?,11 February 1929,Answer: Vatican City 1929 Confidence: 0.9,Vatican City 1929,0.9,0.3333333333333333,0,1
855,3hop2__132957_132968_40768,"When did the maker of Acura Legend, the company that makes Daihatsu Charmant, and Nissan open US assembly plants?",1981,Answer: 1987 Confidence: 0.8,1987,0.8,0.0,0,0
856,2hop__20433_157939,What year was the waterfowl character with his own series of satirical comic books created?,1986,Answer: 1973 Confidence: 0.8,1973,0.8,0.0,0,0
857,2hop__753260_71701,When did the Japanese get to Liang Jiahong's birthplace and the rest of Guangdong?,November 5,Answer: 1938 Confidence: 0.8,1938,0.8,0.0,0,0
858,3hop2__565959_223623_162182,In what region of the country containing Mount Can is the birthplace of John Phan located?,South Central Coast,Answer: Midwest Confidence: 0.6,Midwest,0.6,0.0,0,0
859,2hop__61143_165532,Who is the spouse of the actor who played hannibal smith in the a team?,Sherry Boucher,Answer: Amy Smart Confidence: 0.4,Amy Smart,0.4,0.0,0,0
860,2hop__269659_722575,What company owns the owner of National Observer?,News Corp,Answer: Corsair Capital Confidence: 0.8,Corsair Capital,0.8,0.0,0,0
861,3hop1__573244_339990_15538,When did the state where Kashinka Hollow is located in reinstate the death penalty?,1984,Answer: 2017 Confidence: 0.8,2017,0.8,0.0,0,0
862,2hop__512773_346751,Bancroft's county borders what county?,Haliburton County,Answer: Unknown County Confidence: 0.5,Unknown County,0.5,0.5,0,0
863,2hop__267938_92763,What is the enrollment at Jack Clay's employer?,"16,801",Answer: Unknown Confidence: 0.2,Unknown,0.2,0.0,0,0
864,2hop__511296_2684,What was the name of the law passed by the actor from Terminator?,"""Donda West Law""",Answer: Arnold's Law Confidence: 0.2,Arnold's Law,0.2,0.4,0,0
865,2hop__580231_162399,When did the father of Dahyabhai Patel die?,15 December 1950,Answer: 1907 Confidence: 0.8,1907,0.8,0.0,0,0
866,4hop1__88342_75218_128008_80487,When is the all-star game of the league whose member played in the most championship series which proceed the MVP award?,"July 11, 2017",Answer: February Confidence: 0.7,February,0.7,0.0,0,0
867,2hop__549146_223121,What record label did the person who is part of The Bruce Lee Band start?,Asian Man Records,Answer: Asian Man Records Confidence: 0.9,Asian Man Records,0.9,1.0,1,1
868,4hop3__839787_88460_30152_20999,How were the same people who the Somali Muslim Ajuran Empire declared independence from expelled from the natural boundary between Thailand and the country where Sepon mine is found?,The dynasty regrouped and defeated the Portuguese,Answer: Laos Confidence: 0.7,Laos,0.7,0.0,0,0
869,2hop__29368_29376,What event caused the founder of Australia's liberal party to become Prime Minister?,Lyons' death in 1939,Answer: 1949 election. Confidence: 0.9,1949 election.,0.9,0.0,0,0
870,4hop1__767417_624859_355213_203322,What county shares a border with the county where the performer of Change of Heart was born?,Cabarrus County,Answer: Kings County Confidence: 0.7,Kings County,0.7,0.5,0,0
871,2hop__503085_110222,When was the painter of Femme nue couchée born?,10 June 1819,Answer: 1881 Confidence: 0.9,1881,0.9,0.0,0,0
872,3hop1__320697_547811_41132,How many times did plague occur in the birth city of the composer of Nulla in mundo pax sincera?,22,Answer: 2 Confidence: 0.7,2,0.7,0.0,0,0
873,4hop1__151650_5274_458768_33632,What day is the Feast in the city where the headquarters of the only group larger than Desde El Principio's record label held on?,May 4,Answer: December 8 Confidence: 0.7,December 8,0.7,0.0,0,0
874,2hop__41158_35124,How many books were said to have been written by the person who proposed explanations for the origins of earthquakes and the formation of mountains?,450,Answer: 6 Confidence: 0.8,6,0.8,0.0,0,0
875,3hop1__354480_834494_34099,How long are the city council terms in the city that is in the same county as Eric Marcus Municipal Airport?,four-year,Answer: 4 years Confidence: 0.8,4 years,0.8,0.0,0,1
876,4hop2__71753_729371_70784_79935,When was the region that lies to the north of where Israel is located and the location of Operation Earnest Will established?,1930,Answer: 1987 Confidence: 0.8,1987,0.8,0.0,0,0
877,2hop__7906_78851,Which professional sports team would you not see play a home game where Jim Foster came up with the idea for arena football?,Brooklyn Nets NBA,Answer: Detroit Lions Confidence: 0.9,Detroit Lions,0.9,0.0,0,0
878,2hop__249867_557232,Which country is the Desert Forest Golf Club located in?,Maricopa County,Answer: India Confidence: 0.9,India,0.9,0.0,0,0
879,2hop__204493_69048,Who is the chief judge of Fred Aghogho Brume's birthplace?,Honorable Justice Abiodun Smith,Answer: Unknown. Confidence: 0.2,Unknown.,0.2,0.0,0,0
880,3hop1__90327_83076_319330,Who is the child of the president who suffered a major defeat when the body which approves members of the American cabinet refused to ratify the Versailles treaty?,Jessie Woodrow Wilson,Answer: Wilson's child Confidence: 0.8,Wilson's child,0.8,0.0,0,1
881,3hop1__285585_538202_84283,Who is the owner of the record label of the performer of Groovy Little Summer Song?,Warner Music Group,Answer: Mike Farris Confidence: 0.7,Mike Farris,0.7,0.0,0,0
882,2hop__243084_523417,What is the anime that has Seta Sōjirō an instance of?,OVA,Answer: Rurouni Kenshin Confidence: 0.9,Rurouni Kenshin,0.9,0.0,0,0
883,3hop1__390673_228453_10972,When did the headquarters city of Kentucky Tavern's manufacturer elect its first black mayor?,1970s,Answer: 2006 Confidence: 0.8,2006,0.8,0.0,0,0
884,2hop__669837_31270,How far from Nashville in miles is the place of death of Felix Ives Batson?,45,Answer: 0 Confidence: 0.9,0,0.9,0.0,0,0
885,2hop__203437_152093,What label was responsible for the performer of Live Life Loud?,Fair Trade Services,Answer: Interscope Records Confidence: 0.7,Interscope Records,0.7,0.0,0,0
886,2hop__519160_78303,"What was the name of Forced Vengeance's producer in Walker, Texas Ranger?",Cordell Walker,Answer: Dan M. Smith Confidence: 0.8,Dan M. Smith,0.8,0.0,0,0
887,2hop__124592_402641,Who is the other child of Chian Hsiao-chang's father?,Chiang Hsiao-wu,Answer: Chian Hsiao-chang's sibling Confidence: 0.5,Chian Hsiao-chang's sibling,0.5,0.0,0,1
888,3hop1__103890_10659_23296,"After the Nazis, who invaded the country where, along with the nation that Ágnes Konkoly is from, many expelled French Jews relocated to?",Soviet,Answer: Hungary Confidence: 0.9,Hungary,0.9,0.0,0,0
889,2hop__45126_807969,Which team is the highest goal scorer in EPL this season a member of?,Egypt national football team,Answer: Manchester City Confidence: 0.7,Manchester City,0.7,0.0,0,0
890,2hop__73760_712629,Who is the spouse of the individual who lives in the houses in Windsor Castle?,Philip Mountbatten,Answer: King Charles III Confidence: 0.9,King Charles III,0.9,0.0,0,0
891,3hop1__639955_834494_33939,What was the 1900 population of the city located within the county that also contains Helvetia?,"7,531","Answer: 15,000 Confidence: 0.6","15,000",0.6,0.0,0,0
892,3hop1__30240_740597_41132,How many times did plague occur in the birthplace of the person who used the spice route that the Ottoman Empire controlled?,22,Answer: 3 Confidence: 0.7,3,0.7,0.0,0,0
893,3hop1__106042_64399_59680,"How many Stations of the Cross happened in the city originating Christianity in Rome, Egypt, Judea and the country for Vasilopita?",fourteen,Answer: 14 Confidence: 0.8,14,0.8,0.0,0,1
894,3hop1__243276_42197_18397,Where did the arguer that Norair Sisakian's country of citizenship had itself become an imperialist power declare he would intervene in the Korean conflict?,the Politburo,Answer: Korea Confidence: 0.8,Korea,0.8,0.0,0,0
895,2hop__157737_46621,When was the celestial body that all objects focus on according to Kepler's laws discovered to be the center of the solar system?,as early as the 3rd century BC,Answer: 1543 Confidence: 0.9,1543,0.9,0.0,0,0
896,3hop1__818422_160545_62931,What part of the country that includes the birth city of Beatrice Heuser was the film The Beach filmed?,island Koh Phi Phi,Answer: Thailand Confidence: 0.9,Thailand,0.9,0.0,0,1
897,4hop3__827497_354093_254885_76356,The Pee Dee River leads to a bay which leads to an ocean. Who led an attempt to link that ocean with the Pacific via a canal through the continental region containing the El Valle volcano?,Ferdinand de Lesseps,Answer: Ferdinand de Lesseps Confidence: 0.9,Ferdinand de Lesseps,0.9,1.0,1,1
898,3hop1__354480_834494_34088,Where do they hold NASCAR races in the city that is in the same county as the Eric Marcus Municipal Airport?,Tucson Raceway Park,Answer: Charlotte Motor Speedway Confidence: 0.9,Charlotte Motor Speedway,0.9,0.0,0,0
899,2hop__87053_319330,Who was the child of the 28th U.S. president?,Jessie Woodrow Wilson,Answer: David Wilson Wilson Confidence: 0.9,David Wilson Wilson,0.9,0.3333333333333333,0,0
900,2hop__133102_417697,What is the model of the vehicle of Mohammed Atta from the company that makes Datsun DC-3?,Nissan Altima,Answer: Nissan  Confidence: 0.8,Nissan,0.8,0.6666666666666666,0,0
901,2hop__244193_461106,What movement does the creator of the Washington Monument belong to?,Greek Revival,Answer: Masonic. Confidence: 0.8,Masonic.,0.8,0.0,0,0
902,3hop1__742780_567566_84283,Who owns the record label where the singer of All Right records?,Warner Music Group,Answer: Jack Antonoff Confidence: 0.7,Jack Antonoff,0.7,0.0,0,0
903,3hop1__119402_102039_158266,What is the leading ballet company in the country where the discoverer of C/2014 Q2 (Lovejoy) is a citizen?,The Australian Ballet,Answer: Australian Ballet Confidence: 0.8,Australian Ballet,0.8,1.0,1,1
904,3hop1__222979_40769_64047,When did the RX 350 from the Scion owner's luxury division change body style?,Sales began worldwide in April 2012,Answer: 2015 Confidence: 0.9,2015,0.9,0.0,0,0
905,2hop__613959_135844,Who is the city that AvtoVAZ's headquarters is located in named after?,Palmiro Togliatti,Answer: Togliatti. Confidence: 0.9,Togliatti.,0.9,0.6666666666666666,0,1
906,2hop__158275_35739,When was one internet browser's version of Windows 8 made accessible?,September 2013,Answer: 2012 Confidence: 0.8,2012,0.8,0.0,0,0
907,2hop__121386_37168,"According to QS World University Rankings, where does the college that Ibrahim Shihata attended rank?",551-600,Answer: N/A Confidence: 0.2,N/A,0.2,0.0,0,0
908,2hop__628752_538661,Where are the headquarters for the publisher of In the Shadow of Greatness?,Annapolis,Answer: New York City Confidence: 0.8,New York City,0.8,0.0,0,0
909,2hop__57638_88526,Who was picked in the NBA draft before the player with the highest point average in NBA history?,Greg Oden,Answer: Kareem Abdul-Jabbar Confidence: 0.9,Kareem Abdul-Jabbar,0.9,0.0,0,0
910,3hop2__92991_87184_76291,When did the majority party in the House of Representatives take control of the determiner of rules of the US House and US Senate?,January 2015,Answer: 1910 Confidence: 0.8,1910,0.8,0.0,0,0
911,2hop__481809_184805,Who is the child of the horse who also fathered Tompion?,Buckpasser,Answer: Pegasus. Confidence: 0.8,Pegasus.,0.8,0.0,0,0
912,2hop__51760_122023,What is the name of the university that educated the character that Mel Brooks plays in Mr. Peabody and Sherman?,Luitpold Gymnasium,Answer: Harvard Confidence: 0.8,Harvard,0.8,0.0,0,0
913,3hop1__106313_443779_52195,Who is president of the newly declared independent country that is part of the Commission of Truth and Friendship with the country where Opor originated?,Francisco Guterres,Answer: Timor-Leste president. Confidence: 0.8,Timor-Leste president.,0.8,0.0,0,1
914,4hop1__638706_378185_282674_759393,What is the capital of the county that shares a border with the county where the band Tenement was formed?,Green Bay,Answer: Madison Confidence: 0.8,Madison,0.8,0.0,0,0
915,2hop__591435_51329,What movie won the Knock on Any Door cast member his only Oscar?,The African Queen,Answer: The Bad and the Beautiful Confidence: 0.9,The Bad and the Beautiful,0.9,0.0,0,0
916,2hop__57209_67668,"The actor who plays Barney in ""How I Met Your Mother"" plays what character in Batman Under the Red Hood?",Nightwing / Dick Grayson,Answer: Jason Todd Confidence: 0.9,Jason Todd,0.9,0.0,0,0
917,2hop__77134_88165,Who did the person Sarah married to in the bible marry after the death of Sarah?,Keturah,Answer: Keturah Confidence: 0.9,Keturah,0.9,1.0,1,1
918,4hop1__726391_153080_159767_81096,Who won the Indy car race in the largest city and capitol of the state where the Oh Yeah performer is from?,Mario Andretti,Answer: Marcus Ericsson Confidence: 0.7,Marcus Ericsson,0.7,0.0,0,0
919,2hop__49409_67668,What character does the actor who played Barney on How I Met Your Mother play in Batman Under the Red Hood?,Nightwing / Dick Grayson,Answer: Jason Todd Confidence: 0.9,Jason Todd,0.9,0.0,0,0
920,3hop1__835193_160713_77246,In the Arabic dictionary what is the meaning of the word that also refers to the majority religion in India when the country containing Attabad was created?,the country of India,Answer: Islam Confidence: 0.8,Islam,0.8,0.0,0,0
921,2hop__124932_278133,Who was the father of Jujhar Singh's father?,Guru Tegh Bahadur,Answer: Gurdit Singh Confidence: 0.8,Gurdit Singh,0.8,0.0,0,0
922,2hop__76314_177869,Who was the spouse of a leading speaker against slavery and publisher of an antislavery newspaper?,Helen Pitts Douglass,Answer: Elizabeth Cady Stanton Confidence: 0.7,Elizabeth Cady Stanton,0.7,0.0,0,0
923,2hop__108158_83769,"Who was played by the creator of Push, Nevada in Dazed and Confused?",Fred O'Bannion,"Answer: Randall ""Pink"" Floyd Confidence: 0.9","Randall ""Pink"" Floyd",0.9,0.0,0,0
924,2hop__817096_15463,What company merged in 2002 with the CEMM developer?,Hewlett Packard,Answer: Microsoft Confidence: 0.7,Microsoft,0.7,0.0,0,0
925,2hop__152700_141308,"What company is the record label for Oh Woman, Oh Why a part of?",Apple Corps,Answer: Warner Bros. Records Confidence: 0.8,Warner Bros. Records,0.8,0.0,0,0
926,4hop1__749065_698949_157828_162309,When did the country whose co-official language was used in the show named for the place Slavko Surdonja died first attend the Olympics games as an independent team?,2016,Answer: 1992 Confidence: 0.9,1992,0.9,0.0,0,0
927,4hop1__37608_32392_823060_610794,Which county has the location that shares a border with the city that became the state capital of where Representative Thomas Tucker was from?,Richland County,Answer: Spartanburg County Confidence: 0.7,Spartanburg County,0.7,0.5,0,0
928,2hop__159903_419949,What is the capital of the country it is about?,Aden,Answer: Unknown Confidence: 0.0,Unknown,0.0,0.0,0,0
929,2hop__329676_119915,In which year did Taifa of Francisco Giner de los Rios' birthplace cease to exist?,1065,Answer: 1714 Confidence: 0.8,1714,0.8,0.0,0,0
930,2hop__827755_156034,What is the river that the Kettle Generating Station is located on a tributary of?,Hudson's Bay,Answer: Kettle River Confidence: 0.9,Kettle River,0.9,0.0,0,0
931,2hop__72660_319330,Who is the child of the first person who gave in person state of the union?,Jessie Woodrow Wilson,Answer: John Quincy Adams Confidence: 0.9,John Quincy Adams,0.9,0.0,0,0
932,2hop__424908_500483,"What shares a border with the administrative district where Bieliny, Świętokrzyskie Voivodeship is the capital?",Gmina Daleszyce,Answer: Sandomierz County Confidence: 0.7,Sandomierz County,0.7,0.0,0,0
933,3hop1__626214_503371_21711,3 When was the Palau de la Generalitat in the place of death of martin of the administrative territorial entity Navardun is located constructed?,built in the 15th century,Answer: 1583 Confidence: 0.7,1583,0.7,0.0,0,0
934,2hop__85931_108632,Who created the main character of The Godfather?,Mario Puzo,Answer: Mario Puzo Confidence: 0.9,Mario Puzo,0.9,1.0,1,1
935,2hop__37656_160040,Who is the guy defending this stuff from the highest authority in Protestantism for morals?,Josh McDowell,Answer: Luther Confidence: 0.7,Luther,0.7,0.0,0,0
936,3hop2__93066_88342_47738,When did the team that won the AL East in 2017 last play in the series of games that the MLB MVP award is given after?,the 2009 season,Answer: 2018 Confidence: 0.9,2018,0.9,0.0,0,0
937,3hop1__157177_625046_613900,The city where the river that Merchants Bridge crosses over is the capital of which county?,Ottawa County,Answer: St. Louis Confidence: 0.9,St. Louis,0.9,0.0,0,0
938,2hop__518354_67465,When did the performer of Blue Slide Park release Best Day Ever?,"March 11, 2011",Answer: 2011 Confidence: 0.9,2011,0.9,0.5,0,1
939,2hop__157285_556157,What river is the mouth of the watercourse that turns into the Mtetengwe?,Limpopo River,Answer: Zambezi River Confidence: 0.7,Zambezi River,0.7,0.5,0,0
940,3hop2__304722_591230_63959,When was the last time Ken Faulkner's team beat the 1894-95 FA Cup winner?,1 December 2010,Answer: Unknown Confidence: 0.3,Unknown,0.3,0.0,0,0
941,3hop2__809962_89048_66294,Who played the man named identically to the singer of Is She Really Going Out With Him in the movie about the composer of Speechless?,Lawrence Hilton - Jacobs,Answer: Ewan McGregor Confidence: 0.8,Ewan McGregor,0.8,0.0,0,0
942,2hop__794999_113442,When did the creator of Christ in the House of His Parents die?,13 August 1896,Answer: 1851 Confidence: 0.9,1851,0.9,0.0,0,0
943,2hop__142881_127399,"When was the performer of the album From Them, Through Us, to You formed?",2005,Answer: 2021 Confidence: 0.8,2021,0.8,0.0,0,0
944,2hop__460946_294723,Who is the spouse of the Green performer?,Miquette Giraudy,Answer: Unknown. Confidence: 0.7,Unknown.,0.7,0.0,0,0
945,3hop1__241001_568433_51423,What is the name of the castle in the headquarters of the company that employs Arna Selznick?,Casa Loma,Answer: Selznick Castle Confidence: 0.8,Selznick Castle,0.8,0.0,0,0
946,3hop2__92991_38326_76291,When did the party Harlan and Stewart were affiliated with gain control of the body which determines rules of the US House and US Senate?,January 2015,Answer: 1994 Confidence: 0.8,1994,0.8,0.0,0,0
947,2hop__765180_123956,When did the Battle at Choo Hoey's birthplace end?,15 February 1942,Answer: Unknown Confidence: 0.2,Unknown,0.2,0.0,0,0
948,4hop3__373573_132409_223216_35031,The band Pathology formed in a city whose urban area ranks where by size among the urban areas of the state where the Still Swingin' song's band formed?,third-largest,Answer: 5th Confidence: 0.6,5th,0.6,0.0,0,0
949,2hop__48784_70131,Who constituted the free crops in the location where the democratic government set up in Germany in 1919?,consisting largely of World War I veterans,Answer: farmers Confidence: 0.7,farmers,0.7,0.0,0,0
950,2hop__176712_8311,What year was the father of Katherine of England crowned?,1216,Answer: 1509 Confidence: 0.9,1509,0.9,0.0,0,0
951,2hop__315267_277284,What administrative territorial entity includes the place where Bill Cockcroft was educated?,"Tonbridge, Kent",Answer: Devon Confidence: 0.8,Devon,0.8,0.0,0,0
952,2hop__499003_853511,What is the record label for the band which performed Pythons?,Kanine Records,Answer: Epitaph Records Confidence: 0.8,Epitaph Records,0.8,0.5,0,0
953,2hop__96062_159673,What other movie did the cast member of Escape from L.A. play a character in?,The Hateful Eight,Answer: They Live Confidence: 0.8,They Live,0.8,0.0,0,0
954,3hop2__89854_36497_76291,When did the majority party in the House of Representatives take control of the body which the President calls on for support in his USAF appointments?,January 2015,Answer: 1789 Confidence: 0.9,1789,0.9,0.0,0,0
955,3hop1__497845_629431_124169,On what date did the Governor of the place of death of Princeps Pastorum's author end?,1952,"Answer: August 1, 1845 Confidence: 0.8","August 1, 1845",0.8,0.0,0,0
956,2hop__448615_127908,What league was the team that Jose Cancela was a member of in?,Major League Soccer,Answer: MLS Confidence: 0.9,MLS,0.9,0.0,0,1
957,2hop__62020_158262,When did the president of the Confederacy end his fight in the Mexican-American war?,1848,Answer: 1848 Confidence: 0.8,1848,0.8,1.0,1,1
958,4hop1__726391_153080_33952_34109,What is the PBS station in the second largest city in the state where Oh Yeah's performer is from?,KUAT-TV 6,Answer: WMFE Confidence: 0.7,WMFE,0.7,0.0,0,0
959,3hop1__41865_55331_34700,Who sent naval ships to the body of water that joins the Atlantic and the sea where the Rhine ends?,Caesar,Answer: France Confidence: 0.8,France,0.8,0.0,0,0
960,2hop__311694_129669,In which state is Vera Barbosa's place of birth located?,Lisbon District,Answer: New Jersey Confidence: 0.8,New Jersey,0.8,0.0,0,0
961,2hop__500379_126537,When did Burroughs Corporation merge to form a new corporation?,1986,Answer: 1986 Confidence: 0.9,1986,0.9,1.0,1,1
962,4hop1__726152_153080_33897_81096,Who won the Indy Car Race in the largest populated city of the state where the performer of Tijuana Moods is from?,Mario Andretti,Answer: Will Power Confidence: 0.7,Will Power,0.7,0.0,0,0
963,2hop__35137_22899,What age did the writer of The Canon of Medicine learn the entire quran?,ten,Answer: 10 Confidence: 0.8,10,0.8,0.0,0,1
964,2hop__847433_11402,"According to the organization that creates census county division, what is the total area in square miles?",17.037 square miles,"Answer: 3,619,903 Confidence: 0.6","3,619,903",0.6,0.0,0,0
965,2hop__52283_75184,Who play's Marty's girlfriend in back to the future?,Claudia Wells,Answer: Jennifer Confidence: 0.9,Jennifer,0.9,0.0,0,0
966,3hop2__92991_38242_76291,"When did the party that had majorities in Congress prior to the 1954 elections, take control of the organization that determines the rules of the US house and US senate?",January 2015,Answer: 1913 Confidence: 0.7,1913,0.7,0.0,0,0
967,4hop1__152146_5274_458768_33633,When did the explorer reach the headquarters location of the only company larger than Langa natter's record label?,"August 3, 1769",Answer: 2023 Confidence: 0.6,2023,0.6,0.0,0,0
968,3hop1__132795_40769_64047,When did the luxury division of the company that produces TMG EV P001 change the body style of rx 350?,Sales began worldwide in April 2012,Answer: 2020 Confidence: 0.7,2020,0.7,0.0,0,0
969,2hop__79875_84469,"In the movie A League of their Own, who played the husband of the person who also played Thelma in the movie Thelma and Louise?",Bill Pullman,Answer: Bill Pullman Confidence: 0.9,Bill Pullman,0.9,1.0,1,1
970,2hop__31094_31122,The author of Alciphron lived in what century?,18th,Answer: 17th century Confidence: 0.8,17th century,0.8,0.0,0,0
971,4hop1__88342_75218_128008_46748,The MLB MVP award is given out after a competition where a team has played the most games. What is the longest win streak in the history of league that team plays for?,26,Answer: 26 Confidence: 0.9,26,0.9,1.0,1,1
972,2hop__284613_87295,Who does the author of the The Last of the Really Great Whangdoodles play in Princess Diaries?,Queen dowager Clarisse Renaldi,Answer: Julie Andrews Confidence: 0.9,Julie Andrews,0.9,0.0,0,1
973,2hop__166820_52835,"Who wrote turn me on, which was performed by the person who also performed Chasing Pirates?",John D. Loudermilk,Answer: Norah Jones Confidence: 0.9,Norah Jones,0.9,0.0,0,0
974,3hop1__680374_503371_21711,"When was the construction of the Palau de la Generalitat in the place of death of Martin, of the region that contained Isuerre?",built in the 15th century,Answer: 1400 Confidence: 0.7,1400,0.7,0.0,0,1
975,2hop__476927_31270,How far is Hod Lisenbee's place of death in TN from Nashville?,45,Answer: 150 miles Confidence: 0.6,150 miles,0.6,0.0,0,0
976,2hop__757497_78606,"In Grown Ups, who plays the wife of the actor who produced The Chosen One?",Joyce Van Patten,Answer: Salma Hayek Confidence: 0.8,Salma Hayek,0.8,0.0,0,0
977,4hop1__152562_5274_458768_33632,"What day is the feast held, in the city that holds the headquarters of the only music company that is larger than the record label of Vilaiyaadu Mankatha?",May 4,Answer: February 5th Confidence: 0.8,February 5th,0.8,0.0,0,0
978,4hop3__638064_88460_30152_20999,How were people from whom new coins were a proclamation of independence by the Somali Muslim Ajuran Empire expelled from the natural boundary between Thailand and Hiam district's country?,The dynasty regrouped and defeated the Portuguese,Answer: Unknown Confidence: 0.2,Unknown,0.2,0.0,0,0
979,2hop__301587_233146,Who is the grandfather of James Mayer de Rothschild?,Amschel Moses Rothschild,Answer: Mayer Amschel Rothschild Confidence: 0.9,Mayer Amschel Rothschild,0.9,0.6666666666666666,0,0
980,3hop1__635099_131926_87157,What is the direction of flow of the body of water by the city where Write This Down was formed?,rises in northern Minnesota and meanders slowly southwards,Answer: East Confidence: 0.7,East,0.7,0.0,0,0
981,2hop__133116_533882,What company resulted from a merger in 1961 involving the builder of the Martin BM?,Martin Marietta,Answer: Lockheed Martin Confidence: 0.9,Lockheed Martin,0.9,0.5,0,0
982,3hop1__458916_651917_47686,Where do greyhound buses leave from in the birthplace of Spirit If...'s performer?,Toronto Coach Terminal,Answer: Detroit Confidence: 0.9,Detroit,0.9,0.0,0,0
983,2hop__44590_510545,Who is the spouse of the person who voices Jarvis in Iron Man?,Jennifer Connelly,Answer: Lisa D. Confidence: 0.8,Lisa D.,0.8,0.0,0,0
984,3hop1__141138_2053_52946,"When is Celebrity Big Brother coming to the network which, along with ABC and the network which broadcasted The Chisholms, is the other major broadcaster based in NY?","February 7, 2018",Answer: CBS Confidence: 0.9,CBS,0.9,0.0,0,0
985,2hop__754682_730690,What movement was Vibullia Alcia Agrippina's child a proponent for?,Second Sophistic,Answer: Christianity Confidence: 0.7,Christianity,0.7,0.0,0,0
986,2hop__742831_156034,Of which river is the river Kichi Sipi Bridge crosses a tributary?,Hudson's Bay,Answer: Ottawa River Confidence: 0.8,Ottawa River,0.8,0.0,0,0
987,3hop1__671542_651917_47686,Where do greyhound buses leave from in the city where the performer of Darlings was born?,Toronto Coach Terminal,Answer: Cleveland Confidence: 0.8,Cleveland,0.8,0.0,0,0
988,2hop__6827_86319,Who is the CEO of FleetBoston Financial's purchaser?,Brian Thomas Moynihan,Answer: Bank of America CEO Confidence: 0.9,Bank of America CEO,0.9,0.0,0,1
989,3hop1__273571_834494_34099,How long are city council terms in the city in the same county as Summit?,four-year,Answer: 4 years Confidence: 0.7,4 years,0.7,0.0,0,1
990,2hop__152229_604644,What was the record label of the record label of So Insane?,429 Records,Answer: Polyphonic. Confidence: 0.8,Polyphonic.,0.8,0.0,0,0
991,2hop__809096_491515,Where did William Beckford's child die?,Bath,Answer: Jamaica Confidence: 0.9,Jamaica,0.9,0.0,0,0
992,2hop__333020_69048,Who is the Chief Judge of the place where Orezi was born?,Honorable Justice Abiodun Smith,Answer: Unknown. Confidence: 0.2,Unknown.,0.2,0.0,0,0
993,2hop__136179_13529,When was the player that Iglesia Maradoniana is named after signed by Barcelona?,June 1982,Answer: 1982 Confidence: 0.9,1982,0.9,0.6666666666666666,0,1
994,2hop__744055_408817,Who is the lead singer of the band performing Bang Bang Rock & Roll?,Eddie Argos,Answer: The View's Kyle Falconer Confidence: 0.8,The View's Kyle Falconer,0.8,0.0,0,0
995,2hop__144763_599630,In which county was Zhu Qinan born?,Yongjia County,Answer: Hunan Confidence: 0.8,Hunan,0.8,0.0,0,0
996,3hop2__222979_133154_40768,"When did the maker of the Acura EL, the company that owns Scion, and Nissan, open US assembly plants?",1981,"Answer: 1985, 2003, 1983 Confidence: 0.8","1985, 2003, 1983",0.8,0.0,0,0
997,3hop2__90327_87184_76291,When did the party that controls the House of Representatives take control of the branch that approves the appointees to the american cabinet?,January 2015,Answer: January 2021 Confidence: 0.8,January 2021,0.8,0.5,0,0
998,3hop1__145194_160545_60577,Where did they film The Beach in the country where Siddhi Savetsila was born?,Ko Phi Phi Leh,Answer: Thailand Confidence: 0.9,Thailand,0.9,0.0,0,0
999,2hop__278022_71701,what year did the Japanese get to city where Wang Yue died and the rest of Guangdong province?,November 5,Answer: 1941 Confidence: 0.8,1941,0.8,0.0,0,0
