,id,question,answer,type,level,response,prediction,confidence,f1,em,gpt_eval
0,5ae3cfe05542990afbd1e1e3,"Which airport is located in Maine, Sacramento International Airport or Knox County Regional Airport?",Knox County Regional Airport,comparison,medium,"Answer: Knox County Regional Airport Confidence: 1.0 
Answer: Sacramento International Airport Confidence: 0.0 
Answer: Portland International Jetport Confidence: 0.0 
Answer: Bangor International Airport Confidence: 0.0 
Answer: Presque Isle International Airport Confidence: 0.0",Knox County Regional Airport,1.0,1.0,1,1
1,5abc1abf5542993a06baf87f,Peter Hobbs founded the company that is based in what town in Manchester?,Failsworth,bridge,medium,"Answer: Altrincham Confidence: 0.8 
Answer: Manchester Confidence: 0.1 
Answer: Sale Confidence: 0.05 
Answer: Cheadle Confidence: 0.03 
Answer: Wilmslow Confidence: 0.02",Altrincham,0.8,0.0,0,0
2,5ac250eb5542992f1f2b384f,What direction does the river that Austrolebias bellotti are found in flow?,north to south,bridge,medium,"Answer: East Confidence: 0.2 
Answer: West Confidence: 0.3 
Answer: South Confidence: 0.4 
Answer: Northwest Confidence: 0.05 
Answer: Northeast Confidence: 0.05",South,0.4,0.5,0,0
3,5a81a60455429903bc27b990,Were both Gabriela Mistral and G. K. Chesterton authors?,yes,comparison,medium,"Answer: Yes Confidence: 1.0 
Answer: No Confidence: 0.0 
Answer: Maybe Confidence: 0.0 
Answer: Possibly Confidence: 0.0 
Answer: Likely Confidence: 0.0",Yes,1.0,1.0,1,1
4,5a70fb2d5542994082a3e482,"What city, other than San Jose del Cabo, is at the the southern tip of Baja California Peninsula and is also encompassed in the Los Cabos Municipality?",Cabo San Lucas,bridge,medium,"Answer: Cabo San Lucas Confidence: 1.0 
Answer: Los Cabos Confidence: 0.0 
Answer: La Paz Confidence: 0.0 
Answer: Todos Santos Confidence: 0.0 
Answer: Cabo Confidence: 0.8",Cabo San Lucas,1.0,1.0,1,1
5,5a9050925542995651fb512f,Sky High starred the actress who is married to which actor?,John Travolta,bridge,medium,"Answer: Ben Affleck Confidence: 0.2 
Answer: Ryan Phillippe Confidence: 0.3 
Answer: Ryan Reynolds Confidence: 0.1 
Answer: Channing Tatum Confidence: 0.1 
Answer: Matthew McConaughey Confidence: 0.3",Ryan Phillippe,0.3,0.0,0,0
6,5a760b725542994ccc91869a,"What event occured at the Red Bull Arena in Salzburg, Austria and Switzerland in 2008?",UEFA Euro 2008,bridge,medium,"Answer: Euro 2008 Confidence: 0.9 
Answer: Football matches Confidence: 0.8 
Answer: UEFA Euro Confidence: 0.8 
Answer: UEFA Championship Confidence: 0.6 
Answer: World Cup Qualifiers Confidence: 0.2",Euro 2008,0.9,0.8,0,1
7,5ae60d88554299546bf83040,Sir Thomas Kyriell was executed after which battle from the Wars of the Roses?,Second Battle of St Albans,bridge,medium,"Answer: Mortimer's Cross Confidence: 0.8 
Answer: Towton Confidence: 0.6 
Answer: Barnet Confidence: 0.4 
Answer: St Albans Confidence: 0.2 
Answer: Tewkesbury Confidence: 0.1",Mortimer's Cross,0.8,0.0,0,0
8,5a8d9501554299068b959d4d,"Where is the fruit, part of the flowering plant species in the palm family Arecaceae, most popular?",Malta,bridge,medium,"Answer: Hawaii Confidence: 0.2 
Answer: Asia Confidence: 0.3 
Answer: Brazil Confidence: 0.1 
Answer: Southeast Asia Confidence: 0.4 
Answer: Caribbean Confidence: 0.0",Southeast Asia,0.4,0.0,0,0
9,5a875ce15542993e715abf16,"Undertow is a steel spinning roller coaster, built by Maurer Söhne, located at which oceanfront amusement park in Santa Cruz, California?",Santa Cruz Beach Boardwalk,bridge,easy,"Answer: Santa Cruz Beach Boardwalk Confidence: 1.0 
Answer: Pacific Park Confidence: 0.0 
Answer: Seaside Park Confidence: 0.0 
Answer: Belmont Park Confidence: 0.0 
Answer: Pier Park Confidence: 0.0",Santa Cruz Beach Boardwalk,1.0,1.0,1,1
10,5adcc89f5542994d58a2f6cf,An actress nominated for 20 academy awards was featured on a TV series about genealogical research of 12 americans hosted by whom?,Professor Henry Louis Gates,bridge,medium,"Answer: Meryl Streep Confidence: 0.8 
Answer: Henry Louis Gates Confidence: 0.9 
Answer: Lisa Kudrow Confidence: 0.4 
Answer: Jennifer Aniston Confidence: 0.1 
Answer: Oprah Winfrey Confidence: 0.2",Henry Louis Gates,0.9,0.8571428571428571,0,1
11,5a8fafb15542992414482b3f,Which movement was lead by the poet who is included among those David S. Reynolds is an expert on?,transcendentalist,bridge,hard,"Answer: Transcendentalism Confidence: 0.7 
Answer: Abolitionism Confidence: 0.6 
Answer: Romanticism Confidence: 0.4 
Answer: Surrealism Confidence: 0.1 
Answer: Expressionism Confidence: 0.1",Transcendentalism,0.7,0.0,0,1
12,5a906beb55429916514e74b9,"Al-Battani and Ibn al-Shatir, have which mutual occupation?",astronomer,comparison,easy,"Answer: Astronomer Confidence: 0.9 
Answer: Mathematician Confidence: 0.8 
Answer: Scholar Confidence: 0.7 
Answer: Engineer Confidence: 0.2 
Answer: Philosopher Confidence: 0.1",Astronomer,0.9,1.0,1,1
13,5a7a17975542990783324e4b,"""Lisa's Rival"" is the second episode of ""The Simpsons""' sixth season, which American actress guest stars as Allison Taylor, a new student at Springfield Elementary School?",Winona Ryder,bridge,easy,"Answer: Winona Ryder Confidence: 0.8 
Answer: Christina Ricci Confidence: 0.1 
Answer: Mira Sorvino Confidence: 0.05 
Answer: Sarah Michelle Gellar Confidence: 0.025 
Answer: Reese Witherspoon Confidence: 0.025",Winona Ryder,0.8,1.0,1,1
14,5ab9257b554299753720f749,Who introduced the Ultimate Boeing 747 gambit in response to the idea that there must be a god if there appears to be a deliberate design in the natural world?,Richard Dawkins,bridge,hard,"Answer: Richard Dawkins Confidence: 0.9 
Answer: Douglas Adams Confidence: 0.8 
Answer: Sam Harris Confidence: 0.2 
Answer: Christopher Hitchens Confidence: 0.1 
Answer: Bertrand Russell Confidence: 0.1",Richard Dawkins,0.9,1.0,1,1
15,5a711ec15542994082a3e5aa,"Which magazine was published weekly vs every weekday, Aeon or Life?",Life,comparison,hard,"Answer: Life Confidence: 0.8 
Answer: Aeon Confidence: 0.2 
Answer: Neither Confidence: 0.0 
Answer: Both Confidence: 0.0 
Answer: Unknown Confidence: 0.0",Life,0.8,1.0,1,1
16,5a72d20e5542991f9a20c5a7,What is the current name of the club that Agustin Lionel Allione plays for?,Esporte Clube Bahia,bridge,medium,"Answer: Rosario Central Confidence: 0.6 
Answer: Georgia Revolution Confidence: 0.1 
Answer: Terrassa Confidence: 0.1 
Answer: Defensa y Justicia Confidence: 0.1 
Answer: Vélez Sarsfield Confidence: 0.1",Rosario Central,0.6,0.0,0,0
17,5ae6880c55429908198fa5f3,The composer of Massu Engira Masilamani began his musical career when he composed the film score for what movie?,"""Aravindhan""",bridge,easy,"Answer: Pichaikkaran Confidence: 0.2 
Answer: Yuvan Yuvathi Confidence: 0.1 
Answer: Arinthum Ariyamalum Confidence: 0.8 
Answer: Manmadhan Confidence: 0.3 
Answer: 7/G Rainbow Colony Confidence: 0.6",Arinthum Ariyamalum,0.8,0.0,0,0
18,5ac028d95542992a796decb2,"Who has more scope of profession, E. L. Doctorow or Julia Peterkin?","Edgar Lawrence ""E. L."" Doctorow",comparison,hard,"Answer: E. L. Doctorow Confidence: 0.8 
Answer: Julia Peterkin Confidence: 0.2 
Answer: Tie Confidence: 0.0 
Answer: Not enough info Confidence: 0.0 
Answer: Undefined Confidence: 0.0",E. L. Doctorow,0.8,0.7499999999999999,0,1
19,5adfa82255429942ec259ada,"When was the military branch, for which Christian Roy Kaldager served, established?",10 November 1944,bridge,medium,"Answer: 1775 Confidence: 0.2 
Answer: 1947 Confidence: 0.3 
Answer: 1789 Confidence: 0.1 
Answer: 1798 Confidence: 0.1 
Answer: 1942 Confidence: 0.3",1947,0.3,0.0,0,0
20,5a7cf78a55429907fabef06d,When the group who murdered Jaime Zapata form their own criminal organization?,February 2010,bridge,medium,"Answer: 2010 Confidence: 0.2 
Answer: 2011 Confidence: 0.3 
Answer: 2009 Confidence: 0.1 
Answer: 2012 Confidence: 0.2 
Answer: 2008 Confidence: 0.2",2011,0.3,0.0,0,0
21,5ac1679f5542994d76dcce13,"In which city was the Symphony for Classical Orchestra in B-flat major completed by Harold Shapero who undoubtedly derived a fair amount from the American composer, teacher and writer known as the 'Dean of American Composers'?",Massachusetts,bridge,easy,"Answer: Boston Confidence: 0.8 
Answer: New York Confidence: 0.1 
Answer: Chicago Confidence: 0.05 
Answer: Philadelphia Confidence: 0.03 
Answer: Cambridge Confidence: 0.02",Boston,0.8,0.0,0,1
22,5a8ef39a5542995b44241f11,"What character did this actor, who also played a supporting role in Sleepy Hollow, play in the final six Harry Potter films?",Professor Albus Dumbledore,bridge,hard,"Answer: Lucius Malfoy Confidence: 0.8 
Answer: Severus Snape Confidence: 0.1 
Answer: Draco Malfoy Confidence: 0.05 
Answer: Sirius Black Confidence: 0.02 
Answer: Fenrir Greyback Confidence: 0.03",Lucius Malfoy,0.8,0.0,0,0
23,5ac1e6fe5542991316484bc6,What T.V. show did the episode Colonel Homer air on?,The Simpsons,bridge,easy,"Answer: The Simpsons Confidence: 1.0 
Answer: Family Guy Confidence: 0.0 
Answer: American Dad Confidence: 0.0 
Answer: King of the Hill Confidence: 0.0 
Answer: Rick and Morty Confidence: 0.0",The Simpsons,1.0,1.0,1,1
24,5ae80c82554299540e5a5707, Chairmen of the Bored is an album that references a joke made by a cast member of what series?,Saturday Night Live,bridge,medium,"Answer: Saturday Night Live Confidence: 0.8 
Answer: Monty Python Confidence: 0.1 
Answer: The Simpsons Confidence: 0.05 
Answer: South Park Confidence: 0.02 
Answer: Futurama Confidence: 0.01",Saturday Night Live,0.8,1.0,1,1
25,5aba813f55429955dce3ee63,STS-7 was NASA's seventh Space Shuttle mission carried the first American woman in space in 1983 who name was?,Sally Kristen Ride,bridge,hard,"Answer: Sally Ride Confidence: 1.0 
Answer: Mae Jemison Confidence: 0.0 
Answer: Kathryn Sullivan Confidence: 0.0 
Answer: Judith Resnik Confidence: 0.0 
Answer: Anna Fisher Confidence: 0.0",Sally Ride,1.0,0.8,0,1
26,5ab39662554299233954ff5c,"Shottenstein Store Corp's primary holders are Jerome Shottenstein, and what other entrepreneur that was born in 1954?",Jay Schottenstein,bridge,medium,"Answer: Jay Schottenstein Confidence: 0.8 
Answer: Ralph Schottenstein Confidence: 0.1 
Answer: Ronald Burkle Confidence: 0.05 
Answer: Leslie Wexner Confidence: 0.05 
Answer: Jeffery Epstein Confidence: 0.0",Jay Schottenstein,0.8,1.0,1,1
27,5a7b13b25542992d025e6746,"Which is from farther west, Woman's Viewpoint or Al Jamila?",Woman's Viewpoint,comparison,medium,"Answer: Al Jamila Confidence: 0.8 
Answer: Woman's Viewpoint Confidence: 0.2 
Answer: Neither Confidence: 0.0 
Answer: Both Confidence: 0.0 
Answer: Unknown Confidence: 0.0",Al Jamila,0.8,0.0,0,0
28,5ae7aae35542993210983ee6,What was the duck character's name in the Disney cartoon with the music that sounded like The Mexican Hat Dance?,Donna,bridge,hard,"Answer: Donald Duck Confidence: 0.8 
Answer: Panchito Confidence: 0.1 
Answer: José Carioca Confidence: 0.05 
Answer: Scrooge McDuck Confidence: 0.02 
Answer: Daisy Duck Confidence: 0.03",Donald Duck,0.8,0.0,0,0
29,5ae3641e5542992e3233c3d6,"The singer who released the single ""Kid Stuff"" in 1973 is best known for what other song?",The Teddy Bear Song,bridge,medium,"Answer: Play That Funky Music Confidence: 0.8 
Answer: American Woman Confidence: 0.6 
Answer: Takin' It to the Streets Confidence: 0.4 
Answer: Joy to the World Confidence: 0.3 
Answer: I Shot the Sheriff Confidence: 0.1",Play That Funky Music,0.8,0.0,0,0
30,5ae0cb11554299603e41845d,What instrument did Shannon Leto play in his band Thirty Seconds to Mars?,"drums, percussion",bridge,easy,"Answer: Drums Confidence: 0.9 
Answer: Guitar Confidence: 0.1 
Answer: Bass Confidence: 0.0 
Answer: Piano Confidence: 0.0 
Answer: Vocals Confidence: 0.0",Drums,0.9,0.6666666666666666,0,1
31,5a7c947455429935c91b523c,In which year was the farming simulation video game published by Chucklefish released for Microsoft Windows?,2016,bridge,medium,"Answer: 2018 Confidence: 0.8 
Answer: 2016 Confidence: 0.1 
Answer: 2014 Confidence: 0.05 
Answer: 2013 Confidence: 0.025 
Answer: 2012 Confidence: 0.025",2018,0.8,0.0,0,0
32,5a7db4eb5542997cc2c47474,"Which Australian locality is 110 km north form the city affectionally named ""The City""?",Kangaroo Head,bridge,medium,"Answer: Perth Confidence: 0.0 
Answer: Adelaide Confidence: 0.0 
Answer: Sydney Confidence: 0.0 
Answer: Melbourne Confidence: 0.0 
Answer: Hobart Confidence: 0.0",Perth,0.0,0.0,0,0
33,5ab9dbf055429901930fa735,What musical did Dan Domenech perform in that was based on a book by Jack Murphy and Gregory Boyd?,Wonderland,bridge,easy,"Answer: Altar Boyz Confidence: 0.8 
Answer: The Altar Boyz Confidence: 0.7 
Answer: Altar Boys Confidence: 0.4 
Answer: Urban Cowboy Confidence: 0.2 
Answer: The Full Monty Confidence: 0.1",Altar Boyz,0.8,0.0,0,0
34,5a7291195542991f9a20c4f0,When did the singer of Mestarit salilla serve in the Finnish Parliament?,from 2003 to 2007,bridge,hard,"Answer: 2015 Confidence: 0.2 
Answer: 2007 Confidence: 0.1 
Answer: 1999 Confidence: 0.1 
Answer: 2011 Confidence: 0.1 
Answer: 2003 Confidence: 0.1",2015,0.2,0.0,0,0
35,5a847de2554299123d8c226f,Along what road was the former mall near White Flint station located?,Rockville Pike,bridge,medium,"Answer: Rockville Pike Confidence: 0.9 
Answer: Old Georgetown Road Confidence: 0.05 
Answer: Randolph Road Confidence: 0.02 
Answer: Wisconsin Avenue Confidence: 0.01 
Answer: Nicholson Lane Confidence: 0.01",Rockville Pike,0.9,1.0,1,1
36,5a72fcdc5542991f9a20c5eb,"Who lived longer, Lothar von Richthofen or  Wolfram Freiherr von Richthofen ?",Wolfram Freiherr von Richthofen,bridge,medium,"Answer: Wolfram Confidence: 0.8 
Answer: Lothar Confidence: 0.2 
Answer: Both same Confidence: 0.0 
Answer: Unknown Confidence: 0.0 
Answer: Wolfram Confidence: 0.8",Wolfram,0.8,0.4,0,1
37,5a863fc855429960ec39b659,"Which court case occurred first, Phillips v. Martin Marietta Corp. or United States v. Miller",United States v. Miller,comparison,medium,"Answer: Phillips v. Martin Marietta Corp. Confidence: 0.7 
Answer: United States v. Miller Confidence: 0.3 
Answer: Phillips Confidence: 0.6 
Answer: Miller Confidence: 0.2 
Answer: United States v. Miller 1958 Confidence: 0.8",United States v. Miller 1958,0.8,0.888888888888889,0,1
38,5a819c5155429903bc27b985,Andrew Jaspan is the co-founder of a website that launched in which year ?,2011,bridge,medium,"Answer: 2013 Confidence: 0.4 
Answer: 2019 Confidence: 0.3 
Answer: 2020 Confidence: 0.2 
Answer: 2014 Confidence: 0.05 
Answer: 2018 Confidence: 0.05",2013,0.4,0.0,0,0
39,5a82030755429926c1cdade7,"The 2009 Louisiana Tech Bulldogs football team was coached by someone in their third year with the program, and who currently serves as the wide receivers coach for what NFL team?",Dallas Cowboys,bridge,medium,"Answer: Derek Dooley Confidence: 0.8 
Answer: Stanford football Confidence: 0.0 
Answer: NY Jets Confidence: 0.2 
Answer: Dallas Cowboys Confidence: 0.4 
Answer: Chargers Confidence: 0.1",Derek Dooley,0.8,0.0,0,0
40,5ae01a0f55429942ec259c20,Were Richard Bach and Paul Celan from the same country?,no,comparison,medium,"Answer: No Confidence: 0.8 
Answer: USA and Romania Confidence: 0.6 
Answer: America and France Confidence: 0.4 
Answer: Germany Confidence: 0.2 
Answer: Yes Confidence: 0.1",No,0.8,1.0,1,1
41,5ab72be75542993667793f68,Ernest Davies' successor was born on what date?,10 October 1940,bridge,hard,"Answer: 1916 Confidence: 0.2 
Answer: 9 February Confidence: 0.1 
Answer: 9 February 1916 Confidence: 0.3 
Answer: 18 March Confidence: 0.1 
Answer: 18 March 1916 Confidence: 0.3",9 February 1916,0.3,0.0,0,0
42,5adfc1bd55429906c02daa2c,"When was the delusional anarchist from the television film ""The Revenge of Al Capone"" born?","September 7, 1900",bridge,medium,"Answer: 1918 Confidence: 0.2 
Answer: 1920 Confidence: 0.1 
Answer: 1910 Confidence: 0.1 
Answer: 1909 Confidence: 0.1 
Answer: 1922 Confidence: 0.1",1918,0.2,0.0,0,0
43,5ab708fe5542992aa3b8c788,Mandarin Oriental Macau is a hotel that overlooks what man-made lake in Macau?,Nam Van Lake,bridge,medium,"Answer: Nam Van Lake Confidence: 0.9 
Answer: sai van lake Confidence: 0.1 
Answer: Inner Harbour Confidence: 0.0 
Answer: Lake tahoe Confidence: 0.0 
Answer: taihu lake Confidence: 0.0",Nam Van Lake,0.9,1.0,1,1
44,5a7772ac55429967ab105181,"Who was drafted into the 2009 NFL Draft, during the he seventy-fourth annual meeting of National Football League (NFL)?",Darrius Ramar Heyward-Bey,bridge,hard,"Answer: Matthew Stafford Confidence: 0.8 
Answer: Mark Sanchez Confidence: 0.7 
Answer: Andre Smith Confidence: 0.6 
Answer: Jason Smith Confidence: 0.6 
Answer: Tyson Jackson Confidence: 0.5",Matthew Stafford,0.8,0.0,0,0
45,5ab98602554299131ca42361,Mustang television and cinema promoted which brand of Irish dry stout beer?,Guinness,bridge,easy,"Answer: Guinness Confidence: 0.9 
Answer: Murphy's Confidence: 0.05 
Answer: Beamish Confidence: 0.03 
Answer: Smithwick's Confidence: 0.01 
Answer: Harp Confidence: 0.01",Guinness,0.9,1.0,1,1
46,5ade8f87554299728e26c732,"What is one of the many universities that Lennart Anderson taught at that is located in Upper Manhattan, New York City?",Columbia University,bridge,medium,"Answer: Columbia University Confidence: 0.8 
Answer: City College of New York Confidence: 0.7 
Answer: Manhattan College Confidence: 0.4 
Answer: Yeshiva University Confidence: 0.2 
Answer: The New School Confidence: 0.1",Columbia University,0.8,1.0,1,1
47,5aba91cd5542994dbf01994c,"For what team is the cricket bowler, who is considered to be the fastest, play a role of captain?",Karachi Dolphins,bridge,medium,"Answer: Pakistan Confidence: 0.8 
Answer: Australia Confidence: 0.1 
Answer: England Confidence: 0.05 
Answer: West Indies Confidence: 0.03 
Answer: South Africa Confidence: 0.02",Pakistan,0.8,0.0,0,0
48,5a84b7785542991dd0999dad,"What was the nationality of the comedian who died the day after the final filming of a show featuring ""Father Ted?""",Irish,bridge,medium,"Answer: Irish Confidence: 0.8 
Answer: British Confidence: 0.2 
Answer: Scottish Confidence: 0.0 
Answer: Welsh Confidence: 0.0 
Answer: English Confidence: 0.0",Irish,0.8,1.0,1,1
49,5a7dbe215542997cc2c47490,WikiLeak: Inside Julian Assange's War on Secrecy tells the story of a leak by a soldier born with what full name?,Bradley Edward Manning,bridge,medium,"Answer: Bradley Edward Manning Confidence: 0.9 
Answer: Chelsea Manning Confidence: 0.9 
Answer: Bradley Manning Confidence: 0.05 
Answer: Julian Assange Confidence: 0.0 
Answer: Edward Snowden Confidence: 0.0",Bradley Edward Manning,0.9,1.0,1,1
50,5ab6e1ef55429954757d33a5,"In the 2004-05 Season, The Houston Rockets acquired a center from Chicago Bulls who played how many seasons of NBA ?",18 seasons,bridge,hard,"Answer: Eddy Curry Confidence: 0.2 
Answer: Tyson Chandler Confidence: 0.6 
Answer: Dikembe Mutombo Confidence: 0.1 
Answer: Luc Longley Confidence: 0.05 
Answer: Ben Wallace Confidence: 0.05",Tyson Chandler,0.6,0.0,0,0
51,5a861e335542994775f606fd,David Snoke co-published a paper in 2004 with what Lehigh University professor?,Michael J. Behe,bridge,medium,"Answer: Katz Confidence: 0.8 
Answer: Barandes Confidence: 0.2 
Answer: Birge Confidence: 0.6 
Answer: Sethna Confidence: 0.1 
Answer: Rabinowitz Confidence: 0.3",Katz,0.8,0.0,0,0
52,5adf957e5542995534e8c7f9,"The Adventures of Elmo in Grouchland was a 1999 film which involved the use of puppets from a puppeteer who was also the voice of what character from ""Star Wars""?",Yoda,bridge,medium,"Answer: Yoda Confidence: 0.8 
Answer: Miss Piggy Confidence: 0.0 
Answer: Cookie Monster Confidence: 0.0 
Answer: Oscar the Grouch Confidence: 0.0 
Answer: Rowlf the Dog Confidence: 0.0",Yoda,0.8,1.0,1,1
53,5ae1b3765542997283cd2249,"Which company is in the discount travel market, The Walt Disney Company or Priceline.com?",Priceline.com,comparison,hard,"Answer: Priceline.com Confidence: 1.0 
Answer: Expedia Confidence: 0.0 
Answer: Disney Confidence: 0.0 
Answer: Kayak Confidence: 0.0 
Answer: Orbitz Confidence: 0.0",Priceline.com,1.0,1.0,1,1
54,5ab73f9a5542992aa3b8c7f5,"Juliana Maria of Brunswick-Wolfenbüttel is a descendant of the King of what country, who took over its throne in 1814?",Norway,bridge,medium,"Answer: England Confidence: 0.2 
Answer: France Confidence: 0.3 
Answer: Denmark Confidence: 0.4 
Answer: Sweden Confidence: 0.1 
Answer: Norway Confidence: 0.0",Denmark,0.4,0.0,0,0
55,5aba91505542994dbf01994b,"Chris Bosh took over the role of fan favorite, and face/leader of the Raptors from the man who played for what team?",Sacramento Kings,bridge,medium,"Answer: Vince Carter Confidence: 0.9 
Answer: Tracy McGrady Confidence: 0.05 
Answer: Damon Stoudamire Confidence: 0.03 
Answer: Andrea Bargnani Confidence: 0.01 
Answer: Kyle Lowry Confidence: 0.01",Vince Carter,0.9,0.0,0,0
56,5a73fce35542993a88ae2eda,"What flowering plant, first classified by Carl Linnaeus in 1753, produces   Penicillium copticola?",Cannabis sativa,bridge,medium,"Answer: Garlic Confidence: 0.0 
Answer: Onion Confidence: 0.0 
Answer: leek Confidence: 0.0 
Answer: Aspergillus Confidence: 0.0 
Answer: Allium cepa Confidence: 0.2",Allium cepa,0.2,0.0,0,0
57,5ae63d8555429908198fa538,What was the name of a United Stated Army officer during World War 2 and served again later in the Korean war and was later featured on a HBO miniseries where his character was played by played by Matthew Settle?,Ronald Speirs,bridge,medium,"Answer: General Douglas MacArthur Confidence: 0.2 
Answer: General Omar Bradley Confidence: 0.1 
Answer: General Matthew Ridgway Confidence: 0.3 
Answer: General Mark Clark Confidence: 0.2 
Answer: General Dwight Eisenhower Confidence: 0.2",General Matthew Ridgway,0.3,0.0,0,0
58,5a7c6c0655429907fabeef7f,"Which band currently has more members, Last Dinosaurs or Primal Scream?",Primal Scream,comparison,medium,"Answer: Primal Scream Confidence: 0.7 
Answer: Last Dinosaurs Confidence: 0.3 
Answer: Neither Confidence: 0.0 
Answer: Both same Confidence: 0.0 
Answer: Unknown Confidence: 0.0",Primal Scream,0.7,1.0,1,1
59,5a7fa1535542994857a7678d,What building in the 14th largest city in Georgia was a work of architect Lloyd Barton Greer?,Barber-Pittman House,bridge,medium,"Answer: Macon City Hall Confidence: 0.8 
Answer: Terminal Station Confidence: 0.7 
Answer: Bibb County Courthouse Confidence: 0.4 
Answer: Hay House Confidence: 0.3 
Answer: Dempsey Apartment Building Confidence: 0.2",Macon City Hall,0.8,0.0,0,0
60,5a8b85f355429971feec4731,Jean-Baptiste Andrea wrote and directed what 2003 French horror drama that was remade in 2014?,Dead End,bridge,medium,"Answer: Dead End Confidence: 0.8 
Answer: High Tension Confidence: 0.2 
Answer: Calvaire Confidence: 0.0 
Answer: Sheitan Confidence: 0.0 
Answer: Them Confidence: 0.0",Dead End,0.8,1.0,1,1
61,5a7a7d6d55429941d65f2679,When was the founder of The City of Oxford High School for Boys born?,7 April 1836,bridge,medium,"Answer: 1834 Confidence: 0.2 
Answer: 1820 Confidence: 0.1 
Answer: 1809 Confidence: 0.3 
Answer: 1815 Confidence: 0.2 
Answer: 1795 Confidence: 0.2",1809,0.3,0.0,0,0
62,5a802bfd554299485f59857d,"South Korean actress Bae Doona, known for her role in 2000 television series ""Look Back in Anger"", had an English-speaking role in which 2012 film directed by the Wachowski siblings?","""Cloud Atlas""",bridge,hard,"Answer: Cloud Atlas Confidence: 0.9 
Answer: Jupiter Ascending Confidence: 0.05 
Answer: Speed Racer Confidence: 0.03 
Answer: V for Vendetta Confidence: 0.01 
Answer: The Matrix Reloaded Confidence: 0.01",Cloud Atlas,0.9,1.0,1,1
63,5ae405d955429970de88d860,Uyirodu Uyiraga was a film that starred the Indian actor who participated in what 2004 sporting event?,British Formula 3 season,bridge,hard,"Answer: Cricket Confidence: 0.2 
Answer: Olympics Confidence: 0.1 
Answer: Asian Games Confidence: 0.3 
Answer: IPL Confidence: 0.0 
Answer: Hockey Confidence: 0.4",Hockey,0.4,0.0,0,0
64,5a7e8f6d554299306751357d,The Creators and Best Boy were both produced before 2000 ?,no,comparison,medium,"Answer: Yes Confidence: 0.8 
Answer: No Confidence: 0.2 
Answer: The Creators Confidence: 0.0 
Answer: Best Boy Confidence: 0.0 
Answer: 2000 Confidence: 0.0",Yes,0.8,0.0,0,0
65,5ae10f0d554299422ee995ec,what does Weihui and Weinan have in common?,China,comparison,easy,"Answer: Location in China Confidence: 0.8 
Answer: City status Confidence: 0.7 
Answer: Similar names Confidence: 0.6 
Answer: Historical significance Confidence: 0.4 
Answer: River proximity Confidence: 0.3",Location in China,0.8,0.5,0,1
66,5a7772d25542997042120a4a,What is the name of the chartered trade company in which Jan Valckenburgh served as an assistant trader?,Dutch West India Company,bridge,medium,"Answer: Dutch West India Company Confidence: 0.8 
Answer: Dutch East India Company Confidence: 0.1 
Answer: Dutch Africa Company Confidence: 0.05 
Answer: Danish West India Company Confidence: 0.03 
Answer: Swedish West India Company Confidence: 0.02",Dutch West India Company,0.8,1.0,1,1
67,5ae333f05542990afbd1e0dc,What type of institution are Kathmandu University and Brown University?,University,comparison,medium,"Answer: University Confidence: 1.0 
Answer: College Confidence: 0.8 
! Institutional 
 Answer: Academy Confidence: 0.4 
Answer: School Confidence: 0.6 
Answer: Institute Confidence: 0.5",University,1.0,1.0,1,1
68,5aba934d554299232ef4a33a,"Which league does the team, where Alan McNeill played for in Oldham, compete in?",League One,bridge,medium,"Answer: Northern Premier League Confidence: 0.4 
Answer: National League Confidence: 0.3 
Answer: National League North Confidence: 0.2 
Answer: EFL League Two Confidence: 0.05 
Answer: EFL League One Confidence: 0.05",Northern Premier League,0.4,0.4,0,0
69,5adefa295542993a75d263cb,"Which filmmaker created the award winning film ""La battaglia di Algeri"", Takashi Miike or Gillo Pontecorvo?",Gillo Pontecorvo,comparison,medium,"Answer: Gillo Pontecorvo Confidence: 1.0 
Answer: Takashi Miike Confidence: 0.0 
Answer: None Confidence: 0.0 
Answer: Other Confidence: 0.0 
Answer: Unknown Confidence: 0.0",Gillo Pontecorvo,1.0,1.0,1,1
70,5ac3015655429921a00ab0d1,Were the Pecom 32 and the Apple I both produced before 1990?,yes,comparison,medium,"Answer: Yes Confidence: 1.0 
Answer: No Confidence: 0.0 
Answer: Maybe Confidence: 0.0 
Answer: Possibly Confidence: 0.0 
Answer: Likely Confidence: 0.0",Yes,1.0,1.0,1,1
71,5a74fa4c5542993748c89770,"which Magazine was founded first, First for Women or Hennes ?",Hennes,comparison,medium,"Answer: First for Women Confidence: 0.8 
Answer: Hennes Confidence: 0.2 
Answer: First Confidence: 0.0 
Answer: Women Confidence: 0.0 
Answer: H&M Confidence: 0.0",First for Women,0.8,0.0,0,0
72,5ac50b0a55429924173fb57c,What TV network founded in 1984 is co owned by the Hearst Corporation and Disney?,Arts and Entertainment Network,bridge,easy,"Answer: ESPN Confidence: 0.4 
Answer: A&E Confidence: 0.8 
Answer: Lifetime Confidence: 0.2 
Answer: History Confidence: 0.3 
Answer: ABC Confidence: 0.1",A&E,0.8,0.0,0,1
73,5a8353935542996488c2e40f,The best know of Austrian author Leopold von Sacher-Masoch's works was made into a French film in what year?,2013,bridge,medium,"Answer: 1967 Confidence: 0.2 
Answer: 1970 Confidence: 0.1 
Answer: 1968 Confidence: 0.3 
Answer: 2000 Confidence: 0.1 
Answer: 1971 Confidence: 0.1",1968,0.3,0.0,0,0
74,5ade956b554299728e26c743,"What is the 2011 census population of this village and civil parish in Lincolnshire, England, where High Dyke road runs between it and Colsterworth?","1,647",bridge,medium,"Answer: 321 Confidence: 0.8 
Answer: 341 Confidence: 0.6 
Answer: 312 Confidence: 0.4 
Answer: 351 Confidence: 0.2 
Answer: 271 Confidence: 0.1",321,0.8,0.0,0,0
75,5abce6d4554299114383a185,What year was the football player drafted that Nick Collin intercepted in Super Bowl XLV?,2004,bridge,hard,"Answer: 2005 Confidence: 0.8 
Answer: 2006 Confidence: 0.1 
Answer: 2007 Confidence: 0.05 
Answer: 2008 Confidence: 0.02 
Answer: 2009 Confidence: 0.03",2005,0.8,0.0,0,0
76,5a838e9c5542992ef85e22fd,Are both tennis players Kathy Jordan and Daniel Vacek from the same country?,no,comparison,medium,"Answer: No Confidence: 0.8 
Answer: Yes Confidence: 0.2 
Answer: Unknown Confidence: 0.0 
Answer: No Confidence: 0.8 
Answer: Yes Confidence: 0.2",No,0.8,1.0,1,1
77,5a833d8855429966c78a6b58,"Chuck Jones directed a Warner Bros version of Jack and the Beanstalk in 1955. Elmer Fudd was the giant, and who played Jack?",Daffy Duck,bridge,medium,"Answer: Daws Butler Confidence: 0.8 
Answer: Gary Owens Confidence: 0.1 
Answer: Nelvin Jr Confidence: 0.0 
Answer: Art Gilmore Confidence: 0.1 
Answer: Eddie Brandt Confidence: 0.0",Daws Butler,0.8,0.0,0,0
78,5a7709905542993569682ca8,What is one of the oldest beverages humans have produced with recipes found in Sumerian writings?,Beer,bridge,medium,"Answer: Beer Confidence: 0.9 
Answer: Wine Confidence: 0.8 
Answer: Milk Confidence: 0.2 
Answer: Tea Confidence: 0.1 
Answer: Coffee Confidence: 0.05",Beer,0.9,1.0,1,1
79,5abe777855429976d4830b22,What German theoretical physicist has a chemistry rule named after him?,Arnold Johannes Wilhelm Sommerfeld,bridge,medium,"Answer: Hund Confidence: 0.8 
Answer: Nernst Confidence: 0.1 
Answer: Pauling Confidence: 0.0 
Answer: Heisenberg Confidence: 0.0 
Answer: Hückel Confidence: 0.1",Hund,0.8,0.0,0,0
80,5a8303d855429966c78a6ae6,What U.S. Navy battleship was in the movie Under Siege and was also the last battleship commissioned by the United States?,"USS ""Missouri""",bridge,medium,"Answer: USS Missouri Confidence: 0.8 
Answer: USS Iowa Confidence: 0.1 
Answer: USS Wisconsin Confidence: 0.05 
Answer: USS Alabama Confidence: 0.03 
Answer: USS New Jersey Confidence: 0.02",USS Missouri,0.8,1.0,1,1
81,5ae40a5255429970de88d8a5,Where does the hockey team based in for which Darrel Scoville played in National Hockey League in addition to Calgary Flames?,"Columbus, Ohio",bridge,hard,"Answer: Chicago Blackhawks Confidence: 0.6 
Answer: Vancouver Canucks Confidence: 0.2 
Answer: San Jose Sharks Confidence: 0.1 
Answer: Mighty Ducks Confidence: 0.05 
Answer: Columbus Blue Jackets Confidence: 0.05",Chicago Blackhawks,0.6,0.0,0,0
82,5a8c47c7554299653c1aa018,"During the 1985 World Games that took place at Slazenger Racquet Club, what days did it take place?",July 25 to August 4,bridge,medium,"Answer: July 25-26 Confidence: 0.2 
Answer: August 1-2 Confidence: 0.1 
Answer: July 24-28 Confidence: 0.3 
Answer: August 22-24 Confidence: 0.1 
Answer: July 26-27 Confidence: 0.3",July 24-28,0.3,0.28571428571428575,0,0
83,5adfbccf55429942ec259b2e,What UNESCO World Heritage Site is located in Tamar Ziskind's hometown?,Bahá'í World Centre,bridge,easy,"Answer: White City Confidence: 0.8 
Answer: Old City Confidence: 0.1 
Answer: Masada Confidence: 0.05 
Answer: Tel Aviv Confidence: 0.04 
Answer: Acre Confidence: 0.01",White City,0.8,0.0,0,0
84,5ac24c435542992f1f2b3839,"Which British Olympic gold medalist participated in a boxing club, located on the Lancaster West Estate, during his youth?",James DeGale,bridge,medium,"Answer: James DeGale Confidence: 0.2 
Answer: Audley Harrison Confidence: 0.1 
Answer: Nicola Adams Confidence: 0.05 
Answer: Luke Campbell Confidence: 0.05 
Answer: Chris Eubank Confidence: 0.0",James DeGale,0.2,1.0,1,1
85,5a791a8055429907847277b7,Who is younger Stanley Kwan or Atom Egoyan?,Atom Egoyan,comparison,easy,"Answer: Atom Egoyan Confidence: 0.8 
Answer: Stanley Kwan Confidence: 0.2 
Answer: Not enough info Confidence: 0.0 
Answer: Same age Confidence: 0.0 
Answer: Unknown Confidence: 0.0",Atom Egoyan,0.8,1.0,1,1
86,5a8e05ce5542995a26add460,"How tall (in meters) is the mountain which was named after a pilot from the airline based in Calgary, Alberta, Canada?","1,750",bridge,medium,"Answer: Mount Royal Confidence: 0.0 
Answer: Mount Fortress Confidence: 0.0 
Answer: Mount Temple Confidence: 0.2 
Answer: Mount Assiniboine Confidence: 0.6 
Answer: Mount Lougheed Confidence: 0.2",Mount Assiniboine,0.6,0.0,0,0
87,5ab4154b55429969a97a8237,"When was the political party, which along with the Socialist Workers Movement are the chief contributors to the United Left in Argentina, founded",1918,bridge,hard,"Answer: 1920 Confidence: 0.2 
Answer: 1980 Confidence: 0.1 
Answer: 1890 Confidence: 0.1 
Answer: Communist Party 1918 Confidence: 0.4 
Answer: PCA 1920 Confidence: 0.2",Communist Party 1918,0.4,0.5,0,1
88,5adf67195542992d7e9f9335,"In 2014, Clemson Tigers football team were invited to the Russell Athletic Bowl where they defeated a team led by which coach ?",Bob Stoops,bridge,medium,"Answer: George O'Leary Confidence: 0.9 
Answer: Steve Addazio Confidence: 0.05 
Answer: Al Golden Confidence: 0.03 
Answer: Frank Beamer Confidence: 0.01 
Answer: Jimbo Fisher Confidence: 0.01",George O'Leary,0.9,0.0,0,0
89,5a772e6055429972597f146e,What journalist born in 1966 served on the staff of a satirical monthy magazine published from 1986 to 1998?,Mark Strauss,bridge,medium,"Answer: Jon Stewart Confidence: 0.2 
Answer: Dennis Miller Confidence: 0.1 
Answer: Al Franken Confidence: 0.3 
Answer: Molly Ivins Confidence: 0.05 
Answer: Michael Moore Confidence: 0.15",Al Franken,0.3,0.0,0,0
90,5a907ba555429916514e74da,Were the bands Adam Again and Mastodon active at the same time?,no,comparison,hard,"Answer: No Confidence: 0.8 
Answer: Yes Confidence: 0.2 
Answer: Unknown Confidence: 0.0 
Answer: Maybe Confidence: 0.0 
Answer: Unlikely Confidence: 0.0",No,0.8,1.0,1,1
91,5ac49f315542996feb3fe91c,What do the roots that the alternative name of a Haugtusse derive from mean?,"""covered"" or ""secret""",bridge,medium,"Answer: Old Norse words Confidence: 0.8 
Answer: Norwegian words Confidence: 0.6 
Answer: Latin words Confidence: 0.2 
Answer: German words Confidence: 0.1 
Answer: English words Confidence: 0.0",Old Norse words,0.8,0.0,0,0
92,5a86e6525542994775f6077b,In what year was the University that Clive Baldock received his Masters of Tertiary Education Management degree from founded?,1853,bridge,medium,"Answer: 1853 Confidence: 0.6 
Answer: 1950 Confidence: 0.1 
Answer: 1870 Confidence: 0.1 
Answer: 1887 Confidence: 0.1 
Answer: 1900 Confidence: 0.1",1853,0.6,1.0,1,1
93,5ac40ff05542997ea680c9cf,Name the country where both Aynalıkavak Palace and Italian Synagogue are located in.,Turkey,comparison,medium,"Answer: Turkey Confidence: 1.0 
Answer: Greece Confidence: 0.0 
Answer: Italy Confidence: 0.0 
Answer: Israel Confidence: 0.0 
Answer: Egypt Confidence: 0.0",Turkey,1.0,1.0,1,1
94,5a8a2b2155429930ff3c0cd0," Semi-Tough is a 1977 American comedy film starring  an American actor and host for ""Tattletales"", ""Super Password"" and what other show?","Win, Lose or Draw",bridge,medium,"Answer: Burt Reynolds Confidence: 0.8 
Answer: Bert Convy Confidence: 0.9 
Answer: Gene Rayburn Confidence: 0.2 
Answer: Bob Barker Confidence: 0.1 
Answer: Alex Trebek Confidence: 0.0",Bert Convy,0.9,0.0,0,0
95,5a877b665542993e715abf67,What year did the second series of the show Colin Morgan is best known for begin?,2009,bridge,medium,"Answer: 2009 Confidence: 0.8 
Answer: 2008 Confidence: 0.1 
Answer: 2010 Confidence: 0.05 
Answer: 2011 Confidence: 0.03 
Answer: 2012 Confidence: 0.02",2009,0.8,1.0,1,1
96,5a7e04fa5542995f4f40238c,Al Hirt played the theme song for the ABC US television series starring whom?,Van Williams,bridge,medium,"Answer: James Garner Confidence: 0.0 
Answer: Buddy Ebsen Confidence: 0.0 
Answer: Frank Sutton Confidence: 0.0 
Answer: Jackie Cooper Confidence: 0.0 
Answer: Frank Sinatra Confidence: 0.0",James Garner,0.0,0.0,0,0
97,5add75a35542992200553b27,"The movie ""3 Ninjas"" was released by which American film distribution label of Walt Disney Studios Motion Pictures?",Touchstone Pictures,bridge,medium,"Answer: Hollywood Pictures Confidence: 0.8 
Answer: Touchstone Pictures Confidence: 0.15 
Answer: Buena Vista Confidence: 0.03 
Answer: Miramax Films Confidence: 0.01 
Answer: Dimension Films Confidence: 0.01",Hollywood Pictures,0.8,0.5,0,0
98,5abe9cc65542997ec76fd321,In which town was the subject of the nursery rhyme with Roud Fold Song Index number of 7622 born in?,Sterling,bridge,hard,"Answer: Loughborough Confidence: 0.4 
Answer: Melbourne Confidence: 0.3 
Answer: Leicester Confidence: 0.2 
Answer: Ashby-de-la-Zouch Confidence: 0.05 
Answer: Nottingham Confidence: 0.05",Loughborough,0.4,0.0,0,0
99,5a775a455542994aec3b72a0,Which Australian actress and musician starred in little Miss Sunshine ?,Toni Collette,bridge,medium,"Answer: Toni Collette Confidence: 0.9 
Answer: Abbie Cornish Confidence: 0.1 
Answer: Emily Browning Confidence: 0.0 
Answer: Magda Szubanski Confidence: 0.0 
Answer: Rebel Wilson Confidence: 0.0",Toni Collette,0.9,1.0,1,1
100,5ab5a878554299494045f02d,Who was the African-American woman that succeeded Catherine Waynick as bishop?,Jennifer Baskerville-Burrows,bridge,medium,"Answer: Yvette Flunder Confidence: 0.2 
Answer: Jennifer Baskerville-Burrows Confidence: 0.3 
Answer: Shannon MacVean-Brown Confidence: 0.4 
Answer: Carlye Hughes Confidence: 0.5 
Answer: Kimberly Lucas Confidence: 0.1",Carlye Hughes,0.5,0.0,0,0
101,5a7a41c65542996a35c17168,Paul Pumphrey went to high school with a former WWE wrestler who was born in what year?,1974,bridge,medium,"Answer: 1969 Confidence: 0.2 
Answer: 1971 Confidence: 0.1 
Answer: 1970 Confidence: 0.1 
Answer: 1972 Confidence: 0.1 
Answer: 1968 Confidence: 0.1",1969,0.2,0.0,0,0
102,5ab3033455429976abd1bc20,At what university in Georgia is Scott Lilienfeld a psychology professor?,Emory University,bridge,medium,"Answer: Emory University Confidence: 0.9 
Answer: University of Georgia Confidence: 0.08 
Answer: Georgia Tech Confidence: 0.01 
Answer: Georgia State Confidence: 0.01 
Answer: Mercer University Confidence: 0.01",Emory University,0.9,1.0,1,1
103,5a7a82365542994f819ef200,The professional ice hockey league that the Peoria Rivermen are part of is based in what state?,North Carolina,bridge,medium,"Answer: Illinois Confidence: 0.8 
Answer: Missouri Confidence: 0.1 
Answer: Ohio Confidence: 0.05 
Answer: Michigan Confidence: 0.03 
Answer: Indiana Confidence: 0.02",Illinois,0.8,0.0,0,0
104,5a762c895542992d0ec0604a,"Which national park is located in more provinces, Sierra Nevada National Park or Monfragüe?",Sierra Nevada National Park,comparison,medium,"Answer: Sierra Nevada National Park Confidence: 0.8 
Answer: Monfragüe Confidence: 0.2 
Answer: Neither Confidence: 0.0 
Answer: Same Confidence: 0.0 
Answer: Not enough information Confidence: 0.0",Sierra Nevada National Park,0.8,1.0,1,1
105,5ae588d15542993aec5ec1b1,"""Gone with the Wind"" is set during what era?",American Civil War and Reconstruction Era,bridge,easy,"Answer: American Civil War Confidence: 0.9 
Answer: Reconstruction Era Confidence: 0.8 
Answer: Antebellum Era Confidence: 0.6 
Answer: Victorian Era Confidence: 0.2 
Answer: American Revolution Confidence: 0.1",American Civil War,0.9,0.6666666666666666,0,1
106,5ae5168f55429913cc204588,"The actor that played Sandy Stumphill in the sitcom ""Flo"" also stars with Mary McDonnell and Alfre Woodard in a 1992 film written by who?",John Sayles,bridge,medium,"Answer: Callie Khouri Confidence: 0.8 
Answer: Jane Anderson Confidence: 0.1 
Answer: Agnieszka Holland Confidence: 0.05 
Answer: Mardik Martin Confidence: 0.03 
Answer: Robert Harling Confidence: 0.02",Callie Khouri,0.8,0.0,0,0
107,5a73849b55429908901be2df,Which store located in the Gateway Fashion Mall is currently in bankruptcy liquidation?,Hancock Fabrics,bridge,medium,"Answer: Sears Confidence: 0.2 
Answer: JCPenney Confidence: 0.3 
Answer: Macy's Confidence: 0.1 
Answer: Kmart Confidence: 0.2 
Answer: Target Confidence: 0.1",JCPenney,0.3,0.0,0,0
108,5ae7e45755429952e35ea9d1,What film type has been around since the early years of Korean cinema and includes Whispering Cooridors as an example?,Korean horror,bridge,medium,"Answer: Horror Confidence: 0.8 
Answer: Thriller Confidence: 0.2 
Answer: K-Horror Confidence: 0.9 
Answer: Korean Thriller Confidence: 0.1 
Answer: K-Drama Confidence: 0.0",K-Horror,0.9,0.0,0,1
109,5ab5e3375542992aa134a3c7,"Pauline was a journalist and the second wife of which American novelist, short story writer, and journalist?",Ernest Hemingway,bridge,hard,"Answer: Ernest Hemingway Confidence: 0.8 
Answer: John Steinbeck Confidence: 0.1 
Answer: F Scott Fitzgerald Confidence: 0.05 
Answer: William Faulkner Confidence: 0.03 
Answer: Richard Wright Confidence: 0.02",Ernest Hemingway,0.8,1.0,1,1
110,5ae1020c554299422ee995bd,"Which Premier League team does the Nike Hypervenom-wearing, Belgian footballer play for?",Manchester United,bridge,medium,"Answer: Chelsea Confidence: 0.2 
Answer: Manchester City Confidence: 0.3 
Answer: Liverpool Confidence: 0.1 
Answer: Tottenham Confidence: 0.1 
Answer: Manchester United Confidence: 0.3",Manchester City,0.3,0.5,0,0
111,5a892591554299669944a4c7,"Who was formerly editor-in-chief of Marvel Comics, Arnold Bennett or Stan Lee ?",Stan Lee,comparison,easy,"Answer: Stan Lee Confidence: 1.0 
Answer: Arnold Bennett Confidence: 0.0 
Answer: None Confidence: 0.0 
Answer: Both Confidence: 0.0 
Answer: Other Confidence: 0.0",Stan Lee,1.0,1.0,1,1
112,5a89fccc55429970aeb701e4,In which film did Shirley Henderson appear with Tilda Swinton,Okja,bridge,medium,"Answer: Trainspotting Confidence: 0.8 
Answer: Okja Confidence: 0.1 
Answer: Moonrise Kingdom Confidence: 0.05 
Answer: We Need to Talk About Kevin Confidence: 0.05 
Answer: Dogtooth Confidence: 0.0",Trainspotting,0.8,0.0,0,0
113,5a81b4855542995ce29dcc3a,"""I'm a Little Bit Country"" is the fourth episode of the seventh season of a tv series created by what two people?",Trey Parker and Matt Stone,bridge,medium,"Answer: Ryan Murphy Confidence: 0.4 
Answer: Matt Groening Confidence: 0.0 
Answer: Ryan Murphy, Brad Falchuk Confidence: 0.6 
Answer: Seth MacFarlane Confidence: 0.1 
Answer: David Benioff, D.B. Weiss Confidence: 0.0","Ryan Murphy, Brad Falchuk",0.6,0.0,0,0
114,5a8b3ae055429950cd6afc87,"What was the famous work of an astronomer, mathematician and physicist originally from a city in modern-day Uzbekistan and is one of the oldest inhabited cities in Central Asia ?",Zij-i-Sultani,bridge,easy,"Answer: Al-Biruni's astronomy books Confidence: 0.2 
Answer: Al-Khwarizmi's algebra Confidence: 0.6 
Answer: Zarafshan celestial maps Confidence: 0.1 
Answer: Uzbek astronomical tables Confidence: 0.05 
Answer: Al-Biruni's Kitab al-Qanun al-Masudi Confidence: 0.15",Al-Khwarizmi's algebra,0.6,0.0,0,0
115,5a84b9ba5542991dd0999db8,Who inspired a themed area included a dark ride attraction with the Kasvapan River?,James Cameron,bridge,medium,"Answer: Hayao Miyazaki Confidence: 0.8 
Answer: Joe Rohde Confidence: 0.6 
Answer: Walt Disney Confidence: 0.2 
Answer: Michael Jackson Confidence: 0.1 
Answer: Rick Griffin Confidence: 0.1",Hayao Miyazaki,0.8,0.0,0,0
116,5ab3d31e554299233954ffba,Where was the second most penalized brawl in the NBA?,Madison Square Garden,bridge,hard,"Answer: Auburn Hills Confidence: 0.7 
Answer: Oakland Confidence: 0.2 
Answer: Detroit Confidence: 0.4 
Answer: Indianapolis Confidence: 0.1 
Answer: New York Confidence: 0.05",Auburn Hills,0.7,0.0,0,0
117,5a8f7f64554299458435d65b,Who directed the film in which Matthew Lintz plays Matty?,Chris Columbus,bridge,medium,"Answer: Steven Spielberg Confidence: 0.2 
Answer: Matt Reeves Confidence: 0.1 
Answer: Adam McKay Confidence: 0.1 
Answer: Gary Ross Confidence: 0.1 
Answer: Peter Jackson Confidence: 0.05",Steven Spielberg,0.2,0.0,0,0
118,5a7b69f75542997c3ec97157,How many acres of land is the Box Moor Trust responsible for to include the parishes of Hemel Hempstead and Bovingdon?,500 acres,bridge,medium,"Answer: 450 acres Confidence: 0.8 
Answer: 500 acres Confidence: 0.6 
Answer: 400 acres Confidence: 0.4 
Answer: 350 acres Confidence: 0.2 
Answer: 200 acres Confidence: 0.1",450 acres,0.8,0.5,0,0
119,5ae58e1f5542993aec5ec1bb,"Who is more of an independent artist, Pop Evil or Imogen Heap?",Imogen Heap,comparison,easy,"Answer: Imogen Heap Confidence: 0.9 
Answer: Pop Evil Confidence: 0.1 
Answer: Neither Confidence: 0.0 
Answer: Both Confidence: 0.0 
Answer: Imogen Heap Confidence: 0.9",Imogen Heap,0.9,1.0,1,1
120,5a84b8ac5542991dd0999db4,What type of fils are the Blue Vinyl and Girl 27?,documentary film,comparison,medium,"Answer: Documentary Confidence: 0.8 
Answer: Drama Confidence: 0.1 
Answer: Biographical Confidence: 0.05 
Answer: Crime Confidence: 0.02 
Answer: Historical Confidence: 0.03",Documentary,0.8,0.6666666666666666,0,1
121,5ae295a35542994d89d5b42c,"What recognitions did David Alan Mamet receive for the play ""Glengary Glen Ross?""",Pulitzer Prize,bridge,hard,"Answer: Pulitzer Prize Confidence: 1.0 
Answer: Tony Award Confidence: 0.8 
Answer: Olivier Award Confidence: 0.6 
Answer: Drama Desk Award Confidence: 0.7 
Answer: New York Drama Critics' Circle Award Confidence: 0.9",Pulitzer Prize,1.0,1.0,1,1
122,5ae1363255429920d5234321,"James M. Long, was an American baseball player who played outfielder in the Major Leagues from 1891 to 1893, and was born in which city in Kentucky?",Louisville,bridge,easy,"Answer: Jackson Confidence: 0.2 
Answer: Louisville Confidence: 0.3 
Answer: Dayton Confidence: 0.1 
Answer: Springfield Confidence: 0.1 
Answer: Louisville Confidence was incorrect so: Lexington Confidence: 0.3",Louisville,0.3,1.0,1,1
123,5ae50aff55429960a22e0254,"Which documentary film was released first, ""Seal Island"" or ""Paper Clips"" (about the Paper Clips Project)?",Seal Island,comparison,medium,"Answer: Seal Island Confidence: 1.0 
Answer: Paper Clips Confidence: 0.0 
Answer: None Confidence: 0.0 
Answer: Other Confidence: 0.0 
Answer: Unknown Confidence: 0.0",Seal Island,1.0,1.0,1,1
124,5adbf9d855429947ff173882,What is the main focus of both paragraphs?,building construction.,bridge,hard,"Answer: Nothing Confidence: 1.0 
Answer: No text Confidence: 0.9 
Answer: Unknown Confidence: 0.8 
Answer: No paragraphs Confidence: 0.7 
Answer: No information Confidence: 0.6",Nothing,1.0,0.0,0,0
125,5ae75dd15542997b22f6a6ff,"When was the leader of ""Citizens for Constitutional Freedom"" born? ","September 1, 1975",bridge,medium,"Answer: Ammon Bundy Confidence: 0.8 
Answer: Cliven Bundy Confidence: 0.6 
Answer: Ryan Bundy Confidence: 0.4 
Answer: Bovard Confidence: 0.2 
Answer: Finicum Confidence: 0.1",Ammon Bundy,0.8,0.0,0,0
126,5ac10090554299294b21906a,Which river in the English county of Warwickshire has a ferry named after the main antagonist from the William Shakespeare comedy Twelfth Night?,River Avon,bridge,medium,"Answer: Avon Confidence: 0.8 
Answer: Leam Confidence: 0.1 
Answer: Alne Confidence: 0.05 
Answer: Dene Confidence: 0.025 
Answer: Itchen Confidence: 0.025",Avon,0.8,0.6666666666666666,0,1
127,5a846e4c5542992ef85e23f5,"Drivers Republic was founded in March 2008 by Steve Davies together with Richard Meaden; a co-founder of Evo, a British automobile magazine dedicated to what?",performance cars,bridge,easy,"Answer: Performance cars Confidence: 0.8 
Answer: Sports cars Confidence: 0.7 
Answer: Luxury cars Confidence: 0.4 
Answer: Classic cars Confidence: 0.3 
Answer: Muscle cars Confidence: 0.2",Performance cars,0.8,1.0,1,1
128,5ab2a2745542997061209679,"Tourist Season, which is the first solo novel by Carl Hiaasen was written in what year?",1986,bridge,medium,"Answer: 1986 Confidence: 0.9 
Answer: 1985 Confidence: 0.05 
Answer: 1987 Confidence: 0.03 
Answer: 1984 Confidence: 0.01 
Answer: 1988 Confidence: 0.01",1986,0.9,1.0,1,1
129,5ade55955542992fa25da755,"What was the 2010 census population of the county in which Dry Valley, Nevada is located?","5,345",bridge,medium,"Answer: 43,946 Confidence: 0.8 
Answer: 42,656 Confidence: 0.6 
Answer: 43,179 Confidence: 0.4 
Answer: 44,759 Confidence: 0.2 
Answer: 41,259 Confidence: 0.1","43,946",0.8,0.0,0,0
130,5ade55c75542997c77adee01,"Zwan and Noir Désir, have which genre in common?",rock,comparison,easy,"Answer: Alternative Rock Confidence: 0.8 
Answer: Indie Rock Confidence: 0.6 
Answer: Hard Rock Confidence: 0.4 
Answer: Punk Rock Confidence: 0.2 
Answer: Grunge Confidence: 0.1",Alternative Rock,0.8,0.6666666666666666,0,1
131,5abfce0e5542997719eab6d4,Who did Leonid Kerber work with who was born in 1888?,Andrei Tupolev,bridge,medium,"Answer: Sergei Prokofiev Confidence: 0.2 
Answer: Sergei Rachmaninoff Confidence: 0.1 
Answer: Nikolai Myaskovsky Confidence: 0.3 
Answer: Dimitri Shostakovich Confidence: 0.1 
Answer: Alexander Scriabin Confidence: 0.3",Nikolai Myaskovsky,0.3,0.0,0,0
132,5a8050655542996402f6a4b5,Both Ruby Yang and Marc Caro are french ?,no,comparison,medium,"Answer: No Confidence: 1.0 
Answer: Ruby Yang is not French Confidence: 0.9 
Answer: Marc Caro is French Confidence: 0.8 
Answer: Ruby Yang is Chinese Confidence: 0.8 
Answer: Marc Caro is French, Ruby Yang is Chinese Confidence: 0.7",No,1.0,1.0,1,1
133,5ae325445542990afbd1e0b4,What year did Les Scadding win the EuroMillions lottery?,in 2009.,bridge,hard,"Answer: 2010 Confidence: 0.2 
Answer: 2012 Confidence: 0.3 
Answer: 2009 Confidence: 0.1 
Answer: 2011 Confidence: 0.2 
Answer: 2008 Confidence: 0.2",2012,0.3,0.0,0,0
134,5a7e70545542991319bc94b5,"Medfield College is a fictitious university used as the setting for several films by The Walt Disney Company, Among them are the two ""Professor Brainard"" movies, one is The Computer Wore Tennis Shoes is a 1969 American comedy film starring who?",Kurt Russell,bridge,easy,"Answer: Kurt Russell Confidence: 0.9 
Answer: Fred MacMurray Confidence: 0.8 
Answer: Dean Jones Confidence: 0.7 
Answer: Tim Considine Confidence: 0.4 
Answer: Tommy Kirk Confidence: 0.3",Kurt Russell,0.9,1.0,1,1
135,5ab989735542996be2020545,What is the nationality of the person who played drums in the supergroup Planet Us?,American,bridge,medium,"Answer: American Confidence: 0.8 
Answer: British Confidence: 0.1 
Answer: Canadian Confidence: 0.05 
Answer: Australian Confidence: 0.03 
Answer: German Confidence: 0.02",American,0.8,1.0,1,1
136,5a90a2205542990a98493675,Mark of the Gorilla is 1950 Jungle Jim film that starred an actor best known for playing which character ?,Tarzan,bridge,medium,"Answer: Tarzan Confidence: 0.8 
Answer: Jungle Jim Confidence: 0.1 
Answer: Robin Hood Confidence: 0.05 
Answer: Flash Gordon Confidence: 0.025 
Answer: James Bond Confidence: 0.025",Tarzan,0.8,1.0,1,1
137,5ac486785542997ea680ca78, Les nuits d'été is a song cycle by a romantic composer who made significant contributions to the modern orchestra with what?,Treatise on Instrumentation,bridge,medium,"Answer: Berlioz, trombones Confidence: 0.8 
Answer: Berlioz, tuba Confidence: 0.6 
Answer: Berlioz, cornet Confidence: 0.5 
Answer: Berlioz, saxhorn Confidence: 0.4 
Answer: Berlioz, harp Confidence: 0.2","Berlioz, trombones",0.8,0.0,0,0
138,5ae2d44055429928c42394e7,"On what date was the man whom Jamie Maclachlan played in ""Four Minutes"" born?",23 March 1929,bridge,medium,"Answer: October 6, 1929 Confidence: 0.8 
Answer: January 31, 1931 Confidence: 0.1 
Answer: November 30, 1928 Confidence: 0.05 
Answer: June 2, 1927 Confidence: 0.03 
Answer: April 13, 1930 Confidence: 0.02","October 6, 1929",0.8,0.3333333333333333,0,0
139,5abee0fe5542994516f45461,Which of the following is usually garnished with a slice of lime: Old Fashioned or Gin and tonic?,gin and tonic,comparison,medium,"Answer: Gin and tonic Confidence: 0.9 
Answer: Old Fashioned Confidence: 0.1 
Answer: Neither Confidence: 0.0 
Answer: Both Confidence: 0.0 
Answer: None Confidence: 0.0",Gin and tonic,0.9,1.0,1,1
140,5ae015a0554299025d62a3e8,"The 2001 Rockingham 500 was a Championship Auto Racing Teams (CART) motor race held on 22 September 2001 at the Rockingham Motor Speedway in Corby, Northamptonshire, England, which Swedish former race car driver, finished second for Team Rahal?",Kenny Bräck,bridge,easy,"Answer: Kenny Bräck Confidence: 0.8 
Answer: Teo Fabi Confidence: 0.1 
Answer: Stefan Johansson Confidence: 0.05 
Answer: Felix Rosenqvist Confidence: 0.0 
Answer: Marcus Ericsson Confidence: 0.05",Kenny Bräck,0.8,1.0,1,1
141,5a74e31a55429974ef308c88,What did Wendy Toye and Paul Schrader both do for an occupation?,film director,comparison,medium,"Answer: Film director Confidence: 0.8 
Answer: Screenwriter Confidence: 0.4 
Answer: Producer Confidence: 0.3 
Answer: Actor Confidence: 0.2 
Answer: Editor Confidence: 0.1",Film director,0.8,1.0,1,1
142,5ab2c99b55429916697740d4,"Which private, nonsectarian institution has a famous artist featured in major museum solo shows?",Pratt Institute,bridge,easy,"Answer: Harvard Confidence: 0.2 
Answer: Yale Confidence: 0.3 
Answer: Stanford Confidence: 0.1 
Answer: CalArts Confidence: 0.8 
Answer: RISD Confidence: 0.6",CalArts,0.8,0.0,0,0
143,5addfd775542997545bbbde4,What role did Kurt McKinney play in the 1986 American martial arts film directed by Corey Yuen?,Jason Stillwell,bridge,medium,"Answer: Jason Stillwell Confidence: 0.9 
Answer: Lead Confidence: 0.2 
Answer: Hero Confidence: 0.1 
Answer: No Retreat Confidence: 0.05 
Answer: Jason Confidence: 0.8",Jason Stillwell,0.9,1.0,1,1
144,5a873cb855429960ec39b770,What was the debut album of the founder of Reprise Records?,"""The Voice of Frank Sinatra""",bridge,medium,"Answer: The Swingin' Lullaby Confidence: 0.0 
Answer: Moanin' Low Confidence: 0.0 
Answer: Swingin' Down Yonder Confidence: 0.0 
Answer: The Voice Confidence: 0.0 
Answer: Frankly Sentimental Confidence: 0.0",The Swingin' Lullaby,0.0,0.0,0,0
145,5adc85305542994d58a2f628,"Which breed of hound is known by more names, the Austrian Black and Tan Hound or the Tyrolean Hound?",The Tyrolean Hound,comparison,hard,"Answer: Austrian Black and Tan Hound Confidence: 0.8 
Answer: Tyrolean Hound Confidence: 0.2 
Answer: Neither Confidence: 0.0 
Answer: Both Confidence: 0.0 
Answer: Unknown Confidence: 0.0",Austrian Black and Tan Hound,0.8,0.28571428571428575,0,0
146,5a70fc435542994082a3e48a,What album has the song Stray Heart and was released through Reprise Records?,¡Dos!,bridge,medium,"Answer: ¡Uno! Confidence: 0.9 
Answer: American Idiot Confidence: 0.05 
Answer: 21st Century Breakdown Confidence: 0.02 
Answer: Dookie Confidence: 0.01 
Answer: Insomniac Confidence: 0.02",¡Uno!,0.9,0.0,0,0
147,5a727c995542991f9a20c491,What is the name of the album by the English rock band Arctic Monkeys that features the song Cornerstone,Humbug,bridge,medium,"Answer: Humbug Confidence: 0.8 
Answer: Favorite Worst Nightmare Confidence: 0.1 
Answer: Suck It and See Confidence: 0.05 
Answer: AM Confidence: 0.05 
Answer: Whatever People Say I Am Confidence: 0.0",Humbug,0.8,1.0,1,1
148,5aba4c9155429939ce03dc82,"What Hawaiian island is home to Taro, the most widely cultivated species of plants in the Araceae family, and the Kaukini Gallery?",Maui,bridge,hard,"Answer: Kauai Confidence: 0.8 
Answer: Oahu Confidence: 0.1 
Answer: Maui Confidence: 0.05 
Answer: Hawaii Confidence: 0.03 
Answer: Lanai Confidence: 0.02",Kauai,0.8,0.0,0,0
149,5a7c60bb554299683c1c62f1,"Who was born first, American novelist Tom Robbins or marine biologist Rachel Carson?",Rachel Louise Carson,comparison,medium,"Answer: Rachel Carson Confidence: 0.9 
Answer: Tom Robbins Confidence: 0.1 
Answer: Carson Confidence: 0.9 
Answer: Robbins Confidence: 0.1 
Answer: Carson Confidence: 0.9",Rachel Carson,0.9,0.8,0,1
150,5ab85f435542992aa3b8c8c9,What member of nobility does Dalmeny House and Barnbougle Castle have in common?,Earl,bridge,hard,"Answer: Earl of Rosebery Confidence: 0.8 
Answer: Duke of Edinburgh Confidence: 0.1 
Answer: Earl of Dalmeny Confidence: 0.05 
Answer: Lord Rosebery Confidence: 0.95 
Answer: Prince Philip Confidence: 0.0",Lord Rosebery,0.95,0.0,0,0
151,5ac2604e5542996366519994,Joel Meyerowitz taught photography at what privately funded college located in Cooper Square in the East Village neighborhood of Manhattan?,Cooper Union,bridge,medium,"Answer: Cooper Union Confidence: 0.8 
Answer: New School Confidence: 0.1 
Answer: NYU Confidence: 0.05 
Answer: SVA Confidence: 0.03 
Answer: Pratt Confidence: 0.02",Cooper Union,0.8,1.0,1,1
152,5ac3c23c5542993915413948,What country does Andhra Pradesh Randomized Evaluation Studies ande Azim Premji have in common?,India,bridge,medium,"Answer: India Confidence: 0.9 
Answer: Pakistan Confidence: 0.0 
Answer: Bangladesh Confidence: 0.0 
Answer: Sri Lanka Confidence: 0.0 
Answer: Nepal Confidence: 0.1",India,0.9,1.0,1,1
153,5abde91e55429933744ab82d,What was the nationality of the winner of the 2007 Masters of Formula 3?,German,bridge,hard,"Answer: Japanese Confidence: 0.2 
Answer: British Confidence: 0.3 
Answer: German Confidence: 0.2 
Answer: Italian Confidence: 0.1 
Answer: Dutch Confidence: 0.2",British,0.3,0.0,0,0
154,5a7128905542994082a3e5f0,Which singer debuted as a member of Super Junior and released a mini album called Spring Falling?,Yesung,bridge,medium,"Answer: Ryeowook Confidence: 0.8 
Answer: Kyuhyun Confidence: 0.6 
Answer: Yesung Confidence: 0.4 
Answer: Sungmin Confidence: 0.2 
Answer: Donghae Confidence: 0.1",Ryeowook,0.8,0.0,0,0
155,5ae533d75542992663a4f15c,What country is the movie Waisa Bhi Hota Hai Part II and singer Shibani Kashyap from?,India,bridge,medium,"Answer: India Confidence: 0.9 
Answer: Pakistan Confidence: 0.05 
Answer: Nepal Confidence: 0.02 
Answer: Bangladesh Confidence: 0.02 
Answer: Sri Lanka Confidence: 0.01",India,0.9,1.0,1,1
156,5a72d67255429901807daf4f,Which prominent mathematician in the Bernoulli family did Jakob II Bernoulli study under?,Daniel Bernoulli,bridge,medium,"Answer: Johann Bernoulli Confidence: 0.9 
Answer: Jakob I Bernoulli Confidence: 0.08 
Answer: Nicolaus I Bernoulli Confidence: 0.01 
Answer: Daniel Bernoulli Confidence: 0.0 
Answer: Johann III Bernoulli Confidence: 0.01",Johann Bernoulli,0.9,0.5,0,0
157,5a7da8625542990b8f503a0a,Is the Herald or The Liberator Magazine published further north?,The Liberator Magazine,comparison,hard,"Answer: The Liberator Confidence: 0.6 
Answer: Herald Confidence: 0.4 
Answer: Same Latitude Confidence: 0.0 
Answer: The Nation Confidence: 0.0 
Answer: Times Confidence: 0.0",The Liberator,0.6,0.6666666666666666,0,1
158,5ab2dd2d5542992953946886,"Which genus contais more species, Crowea or Zamioculcas?",Crowea,comparison,medium,"Answer: Crowea Confidence: 0.8 
Answer: Zamioculcas Confidence: 0.2 
Answer: Neither Confidence: 0.0 
Answer: Both Confidence: 0.0 
Answer: Unknown Confidence: 0.0",Crowea,0.8,1.0,1,1
159,5ae209445542997f29b3c217,"The non-profit organization, Simon Youth Foundation's parent company is an American commercial real estate company and also the largest what in the United States?",shopping mall operator,bridge,hard,"Answer: Mall owner Confidence: 0.8 
Answer: Retail operator Confidence: 0.6 
Answer: Mall operator Confidence: 0.6 
Answer: Shopping center owner Confidence: 0.5 
Answer: Real estate investment trust Confidence: 0.4",Mall owner,0.8,0.4,0,1
160,5ab1f811554299340b525445,"Game Face and March of the Penguins, are which type of film?",documentary,comparison,easy,"Answer: Documentary Confidence: 0.8 
Answer: Nature Confidence: 0.6 
Answer: Wildlife Confidence: 0.5 
Answer: Adventure Confidence: 0.2 
Answer: Biographical Confidence: 0.1",Documentary,0.8,1.0,1,1
161,5abe93775542991f661061a1,In which year was the arena opened in which Demi Lovato began the first leg of 2014 concert tour ?,1995,bridge,medium,"Answer: 2010 Confidence: 0.2 
Answer: 2007 Confidence: 0.1 
Answer: 2012 Confidence: 0.2 
Answer: 1999 Confidence: 0.1 
Answer: 2000 Confidence: 0.1",2010,0.2,0.0,0,0
162,5ab4f7b75542991779162d41,The actress who played Margaret in The Wars of the Roses was of what nationality?,English,bridge,medium,"Answer: English Confidence: 0.8 
Answer: British Confidence: 0.7 
Answer: Irish Confidence: 0.2 
Answer: Scottish Confidence: 0.1 
Answer: Welsh Confidence: 0.1",English,0.8,1.0,1,1
163,5ac2c3be5542990b17b1548d,The Nutcracker and the Four Realms is an upcoming film staring an actress who made her film debut when? ,1995,bridge,medium,"Answer: 1994 Confidence: 0.4 
Answer: 1996 Confidence: 0.3 
Answer: 1999 Confidence: 0.1 
Answer: 2001 Confidence: 0.1 
Answer: 1992 Confidence: 0.1",1994,0.4,0.0,0,0
164,5ae53b3f55429908b632658f,This EA video games series with Sweedish developers featured Frostbrite game engine before any other games of it's kind?,Battlefield,bridge,easy,"Answer: Battlefield Confidence: 0.8 
Answer: Frostbite Confidence: 0.4 
Answer: Battlefront Confidence: 0.2 
Answer: Mirror's Edge Confidence: 0.1 
Answer: Battlefield Bad Company Confidence: 0.5",Battlefield,0.8,1.0,1,1
165,5a7f36b055429930675136ad,"What band  consists of lead vocalist and guitarist Jon Fratelli , bass guitarist Barry Fratelli , and drummer and backing vocalist Mince Fratelli that released their third single from their second album ""Here We Stand"", released on 22 December 2008? ",The Fratellis,bridge,easy,"Answer: The Fratellis Confidence: 1.0 
Answer: Fratelli Confidence: 0.9 
Answer: The Fratelis Confidence: 0.2 
Answer: Jon Fratelli and the Fratellis Confidence: 0.1 
Answer: Fratelli Brothers Confidence: 0.1",The Fratellis,1.0,1.0,1,1
166,5ac194dc5542994ab5c67d85,"The Mitchell County School District is a public school district in Mitchell County, Georgia, based in Camilla, a city in Mitchell County, Georgia, and is its county seat, is in which country?",United States,bridge,easy,"Answer: USA Confidence: 1.0 
Answer: America Confidence: 1.0 
Answer: United States Confidence: 1.0 
Answer: US Confidence: 1.0 
Answer: America Confidence: 0.9",USA,1.0,0.0,0,1
167,5ab5bee0554299494045f04f,"""On a Good Night"" is a song written by Larry Boone, Don Cook and Paul Nelson, and recorded by Tony Wade Hayes, is an American country music artist, that signed to which organization?",Columbia Records,bridge,easy,"Answer: Columbia Confidence: 0.8 
Answer: MCA Confidence: 0.1 
Answer: RCA Confidence: 0.05 
Answer: Epic Confidence: 0.03 
Answer: Giant Confidence: 0.02",Columbia,0.8,0.6666666666666666,0,1
168,5addf8585542995b365faba6,Who is the current director for the state pageant title that went on to win the 2006 Miss USA pageant?,Connie Clark Harrison,bridge,medium,"Answer: Desiree Durst Confidence: 0.2 
Answer: Lisa Nandy Confidence: 0.0 
Answer: Teresa Weeks Confidence: 0.8 
Answer: Melissa Pitchford Confidence: 0.1 
Answer: Randy Sanders Confidence: 0.0",Teresa Weeks,0.8,0.0,0,0
169,5a736f3855429901807db05c,What is the chemical formula of the kind of ash of which Middlewich Folk and Boat Festival celebrates the raw materials needed for the manufacturing?,NaCO,bridge,medium,"Answer: NaCl Confidence: 0.0 
Answer: SiO2 Confidence: 0.2 
Answer: Na2CO3 Confidence: 0.3 
Answer: Chalk Confidence: 0.1 
Answer: NaCl+CaSO4 Confidence: 0.4",NaCl+CaSO4,0.4,0.0,0,0
170,5a86a4175542991e77181674,Do both Platystemon and Aulax grow in soils?,yes,comparison,medium,"Answer: yes Confidence: 0.8 
Answer: no Confidence: 0.2 
Answer: uncertain Confidence: 0.5 
Answer: maybe Confidence: 0.4 
Answer: possibly Confidence: 0.6",yes,0.8,1.0,1,1
171,5ae745595542997b22f6a66c,"The character Michael Guerin in the tv series ""Roswell"" is played by an actor that plays what role on ""The Night Shift""?",Dr. Drew Alister,bridge,medium,"Answer: TC Callahan Confidence: 0.8 
Answer: Topher Confidence: 0.1 
Answer: Drew Confidence: 0.05 
Answer: Joey Confidence: 0.05 
Answer: Kenny Confidence: 0.0",TC Callahan,0.8,0.0,0,0
172,5adcc3ff554299438c868e1b,Who did Seymour Heller represent?,Count Basie,bridge,easy,"Answer: Mickey Rooney Confidence: 0.8 
Answer: Judy Garland Confidence: 0.6 
Answer: Lana Turner Confidence: 0.4 
Answer: Lucille Ball Confidence: 0.2 
Answer: Frank Sinatra Confidence: 0.1",Mickey Rooney,0.8,0.0,0,0
173,5ae3bf0e5542992e3233c470,"Rich Kids were a short-lived new wave band from London, founded in 1977 by Glen Matlock, the band also included which Scottish musician, singer-songwriter and producer, and future Ultravox member?",Midge Ure,bridge,easy,"Answer: Midge Ure Confidence: 0.9 
Answer: Billy Currie Confidence: 0.05 
Answer: Steve Strange Confidence: 0.0 
Answer: Jim Kerr Confidence: 0.0 
Answer: Malcolm Ross Confidence: 0.05",Midge Ure,0.9,1.0,1,1
174,5ae2399f5542992decbdcc84,Henry Durant went to this constituent college that has over how many students and fellows?,seven hundred,bridge,medium,"Answer: Magdalen Confidence: 0.8 
Answer: Trinity Confidence: 0.6 
Answer: Christ Church Confidence: 0.4 
Answer: St John's Confidence: 0.3 
Answer: Brasenose Confidence: 0.1",Magdalen,0.8,0.0,0,0
175,5ae5608a5542992663a4f1ef,What kind of compound is Oxalic acid?,organic compound,bridge,medium,"Answer: Organic acid Confidence: 0.9 
Answer: Carboxylic acid Confidence: 0.8 
Answer: Dicarboxylic acid Confidence: 0.7 
Answer: Weak acid Confidence: 0.6 
Answer: Aliphatic compound Confidence: 0.4",Organic acid,0.9,0.5,0,1
176,5a76ab385542993735360146,"What film is a remake of the 1975 Disney film ""Escape to Witch Mountain"", Phineas and Ferb or Race to Witch Mountain?",Race to Witch Mountain,comparison,easy,"Answer: Race to Witch Mountain Confidence: 1.0 
Answer: Phineas and Ferb Confidence: 0.0 
Answer: The Mountain Confidence: 0.0 
Answer: Witch Mountain Confidence: 0.0 
Answer: Escape Confidence: 0.0",Race to Witch Mountain,1.0,1.0,1,1
177,5a79628555429907847277fa,Elisabeth Marschall was the Head Nurse at Ravensbruck during what war? ,World War II,bridge,medium,"Answer: WW2 Confidence: 0.9 
Answer: WWII Confidence: 0.9 
Answer: World War 2 Confidence: 0.8 
Answer: World War II Confidence: 0.8 
Answer: Second World War Confidence: 0.7",WW2,0.9,0.0,0,1
178,5a7338135542994cef4bc4d3,"Which film based on a novel written by Mary Hayley Bell in 1959, had cast member Ashley Lloyd?",Whistle Down the Wind,bridge,medium,"Answer: Whistle Down the Wind Confidence: 0.8 
Answer: The Lonely Passion of Judith Hearne Confidence: 0.1 
Answer: Whistle Down the Wind 1961 film Confidence: 0.6 
Answer: The Film Whistle Confidence: 0.05 
Answer: 1961 movie Whistle Confidence: 0.3",Whistle Down the Wind,0.8,1.0,1,1
179,5ade39cd554299728e26c683,Vladmir Filatov was able to save the eyesight of sniper Vasily Zaytsev during what battle?,Battle of Stalingrad,bridge,medium,"Answer: Stalingrad Confidence: 0.9 
Answer: Leningrad Confidence: 0.05 
Answer: Moscow Confidence: 0.03 
Answer: Kursk Confidence: 0.02 
Answer: Kharkov Confidence: 0.01",Stalingrad,0.9,0.5,0,1
180,5ae01fcf554299025d62a412,Where is the hockey team based on with which  Sebastian Strandberg most recently played?,"Evansville, Indiana",bridge,medium,"Answer: Sweden Confidence: 0.7 
Answer: New York Confidence: 0.1 
Answer: Toronto Confidence: 0.05 
Answer: Vancouver Confidence: 0.05 
Answer: Helsinki Confidence: 0.1",Sweden,0.7,0.0,0,0
181,5adfe65555429925eb1afb17,What is the name of this American football coach and former player who was head football coach at Indiana University and led the Hoosiers football team in their third season?,Kevin Wilson,bridge,medium,"Answer: Kevin Wilson Confidence: 0.8 
Answer: Bill Mallory Confidence: 0.6 
Answer: Lee Corso Confidence: 0.4 
Answer: Cam Cameron Confidence: 0.2 
Answer: Terry Hoeppner Confidence: 0.5",Kevin Wilson,0.8,1.0,1,1
182,5ae120535542997b2ef7d0ea,In what county is the university at which Walter Oechel teaches located?,San Diego County,bridge,medium,"Answer: San Diego County Confidence: 0.8 
Answer: San Diego Confidence: 0.1 
Answer: California Confidence: 0.05 
Answer: Orange County Confidence: 0.03 
Answer: Los Angeles County Confidence: 0.02",San Diego County,0.8,1.0,1,1
183,5a8b191a5542996c9b8d5f9b,"What 1999 film, considered by many as one of the worst films of all time, was directed by ""The ShamWow Guy""?",The Underground Comedy Movie,bridge,medium,"Answer: The Underground Comedy Movie Confidence: 0.9 
Answer: Bio-Dome Confidence: 0.05 
Answer: Birdemic Confidence: 0.01 
Answer: Battlefield Earth Confidence: 0.01 
Answer: Gummo Confidence: 0.01",The Underground Comedy Movie,0.9,1.0,1,1
184,5ac1bc045542996366519901,Wyckoff Company and Pacific Creosoting Company have been located on what Washington island?,Bainbridge Island,bridge,medium,"Answer: Vashon Confidence: 0.8 
Answer: Whidbey Confidence: 0.1 
Answer: Bainbridge Confidence: 0.05 
Answer: Mercer Confidence: 0.03 
Answer: Maury Confidence: 0.02",Vashon,0.8,0.0,0,0
185,5ae776b1554299540e5a55ae,"From which city comes the band that put out the album ""Nothing Is Sound""?",San Diego,bridge,medium,"Answer: San Diego Confidence: 0.8 
Answer: Los Angeles Confidence: 0.1 
Answer: Seattle Confidence: 0.05 
Answer: Denver Confidence: 0.03 
Answer: Portland Confidence: 0.02",San Diego,0.8,1.0,1,1
186,5ab2091e554299722f9b4ca0,"Who is a guest rapper in the song ""Frankie Sinatra"" and whose debut studio album was named ""The Hybrid""?",Danny Brown,bridge,medium,"Answer: Danny Brown Confidence: 0.8 
Answer: Drake Confidence: 0.2 
Answer: Tory Lanez Confidence: 0.4 
Answer: Tech N9ne Confidence: 0.1 
Answer: Danny Brown and Tech N9ne is not correct, the correct answer is Danny Brown and the guest rapper in ""Frankie Sinatra"" is Danny Brown, and the debut studio album ""The Hybrid"" is by Danny Brown Confidence: 0.6",Danny Brown,0.8,1.0,1,1
187,5a73856255429908901be2e1,Arturo's right hand man was arrested for what charges in August 2010?,large scale drug trafficking.,bridge,hard,"Answer: Drug trafficking Confidence: 0.7 
Answer: Money laundering Confidence: 0.6 
Answer: Racketeering Confidence: 0.5 
Answer: Murder Confidence: 0.4 
Answer: Extortion Confidence: 0.3",Drug trafficking,0.7,0.6666666666666666,0,1
188,5ab466185542991751b4d75c,"In between The Murder of Fred Hampton and Comandante, which film crew members visited Castro in Cuba in 2002?",Comandante,comparison,medium,"Answer: Michael Moore Confidence: 0.8 
Answer: Oliver Stone Confidence: 0.6 
Answer: Steven Soderbergh Confidence: 0.2 
Answer: Errol Morris Confidence: 0.1 
Answer: Ken Loach Confidence: 0.1",Michael Moore,0.8,0.0,0,0
189,5ab6dea655429953192ad3a0,Bill Erwin played the bellhop Arthur in a 1980 movie that was adapted from what novel?,"""Bid Time Return""",bridge,medium,"Answer: The Shining Confidence: 0.8 
Answer: The Amityville Horror Confidence: 0.1 
Answer: The Dead Zone Confidence: 0.05 
Answer: Christine Confidence: 0.03 
Answer: Carrie Confidence: 0.02",The Shining,0.8,0.0,0,0
190,5a7b19fb554299042af8f6cb,"Which college offers more majors, Western Institute of Technology or University of Maryland, College Park?","University of Maryland, College Park",comparison,medium,"Answer: University of Maryland, College Park Confidence: 0.9 
Answer: Western Institute of Technology Confidence: 0.1 
Answer: University of Maryland Confidence: 0.8 
Answer: Western Tech Confidence: 0.05 
Answer: UMD College Park Confidence: 0.85","University of Maryland, College Park",0.9,1.0,1,1
191,5adf82a35542993344016ca6,"What is the name of the Brewery in Germany, which shares its name with German basketball Oettinger Rockets club sponsor?",Oettinger Brauerei,bridge,medium,"Answer: Oettinger Confidence: 0.9 
Answer: Krombacher Confidence: 0.0 
Answer: Bitburger Confidence: 0.0 
Answer: Warsteiner Confidence: 0.0 
Answer: Paulaner Confidence: 0.0",Oettinger,0.9,0.6666666666666666,0,1
192,5abdab0a55429965af743db2,"When was the English poet, painter, and printmaker died who wrote the poem ""A Poison Tree""?",12 August 1827,bridge,medium,"Answer: 1827 Confidence: 0.9 
Answer: 1828 Confidence: 0.05 
Answer: 1850 Confidence: 0.01 
Answer: 1830 Confidence: 0.02 
Answer: 1819 Confidence: 0.02",1827,0.9,0.5,0,1
193,5adecf675542995ec70e8f24,"Russian Dolls, is a 2005 French-British film, the sequel to ""L'Auberge Espagnole"", a 2002 French-Spanish film, directed and written by who?",Cédric Klapisch,bridge,easy,"Answer: Cédric Klapisch Confidence: 0.9 
Answer: Xavier Beauvois Confidence: 0.05 
Answer: Claude Berri Confidence: 0.02 
Answer: Éric Rohmer Confidence: 0.01 
Answer: Bertrand Tavernier Confidence: 0.01",Cédric Klapisch,0.9,1.0,1,1
194,5a7e41c2554299495941994e,What profession have both Guy Manos and Stanley Kramer held?,film director,comparison,medium,"Answer: Director Confidence: 0.8 
Answer: Producer Confidence: 0.7 
Answer: Screenwriter Confidence: 0.4 
Answer: Actor Confidence: 0.2 
Answer: Editor Confidence: 0.1",Director,0.8,0.6666666666666666,0,1
195,5a7cde46554299683c1c63ab,Which President of Bayern Munich scored twice in the final to win the European Cup for the club in 1974?,Uli Hoeneß,bridge,medium,"Answer: Franz Beckenbauer Confidence: 0.0 
Answer: Gerd Müller Confidence: 0.8 
Answer: Franz Roth Confidence: 0.1 
Answer: Uli Hoeneß Confidence: 0.05 
Answer: Paul Breitner Confidence: 0.05",Gerd Müller,0.8,0.0,0,0
196,5a7fbe2c5542995d8a8ddf0e,"Julin Bristol is the codename given to a nuclear weapon test conducted at the Nevada Test Site on 26 November 1991, as part of which United States's  nuclear test series was a group of 7 nuclear tests conducted in 1991–1992, the final series of US nuclear tests, it was the last test explosion of a British nuclear weapon?",Operation Julin,bridge,easy,"Answer: Hurricane Confidence: 0.8 
Answer: Julin Bristol Confidence: 0.6 
Answer: 1991 Confidence: 0.4 
Answer: Britain Confidence: 0.2 
Answer: Trident Confidence: 0.1",Hurricane,0.8,0.0,0,0
197,5a8b07ef55429971feec4624,"Barrier Device starred which Canadian actress, known for a role on ""Grey's Anatomy"", as a sex researcher?",Sandra Miju Oh,bridge,medium,"Answer: Sandra Oh Confidence: 0.2 
Answer: Ellen Page Confidence: 0.1 
Answer: Erica Cerra Confidence: 0.05 
Answer: Caroline Dhavernas Confidence: 0.6 
Answer: Cobie Smulders Confidence: 0.05",Caroline Dhavernas,0.6,0.0,0,0
198,5a775bce5542994aec3b72a9,"What kind of wood-bodied , single cone resonator instrument did a member of the Wild horses play?",Dobro,bridge,medium,"Answer: Dobro Confidence: 0.8 
Answer: National Confidence: 0.6 
Answer: Resonator Confidence: 0.4 
Answer: Lap Steel Confidence: 0.2 
Answer: Weissenborn Confidence: 0.1",Dobro,0.8,1.0,1,1
199,5ae82f855542997ec2727751,Which Halime Hatun son was the leader of the Ottoman Turks and the founder of the Ottoman dynasty?,Osman I,bridge,medium,"Answer: Osman Confidence: 1.0 
Answer: Orhan Confidence: 0.0 
Answer: Murad Confidence: 0.0 
Answer: Bayezid Confidence: 0.0 
Answer: Suleiman Confidence: 0.0",Osman,1.0,0.6666666666666666,0,1
200,5ae3b8e95542992e3233c45a,"Family Circle and Avantages, are which forms of publication?",magazine,comparison,easy,"Answer: Magazines Confidence: 0.9 
Answer: Newspapers Confidence: 0.1 
Answer: Journals Confidence: 0.05 
Answer: Comics Confidence: 0.01 
Answer: Books Confidence: 0.01",Magazines,0.9,0.0,0,1
201,5ae70e6f5542991bbc9761af,"What's the nickname for Grodziskie, the beer from Poland with unusually high carbonation level?",Polish Champagne,bridge,medium,"Answer: Polish Champagne Confidence: 0.8 
Answer: Champagne of the North Confidence: 0.6 
Answer: Living Beer Confidence: 0.4 
Answer: Polish Bubbly Confidence: 0.3 
Answer: Grätzer Confidence: 0.2",Polish Champagne,0.8,1.0,1,1
202,5a7eb22b5542994959419a58,"Greenville, Indiana sits in a county of what population as of 2012?","75,283",bridge,medium,"Answer: 45,821 Confidence: 0.8 
Answer: 48,027 Confidence: 0.6 
Answer: 43,955 Confidence: 0.4 
Answer: 46,791 Confidence: 0.7 
Answer: 47,051 Confidence: 0.5","45,821",0.8,0.0,0,0
203,5ae160505542997b2ef7d1b5,In what year was the British historian who was arrested in 2005 for Holocaust denial in Austria born?,1938,bridge,medium,"Answer: 1946 Confidence: 0.8 
Answer: 1944 Confidence: 0.1 
Answer: 1948 Confidence: 0.05 
Answer: 1945 Confidence: 0.05 
Answer: 1947 Confidence: 0.0",1946,0.8,0.0,0,0
204,5a7dc9425542990b8f503aa3,Suzy starred the actress who was a sex symbol of what decade?,1930s,bridge,medium,"Answer: 60s Confidence: 0.4 
Answer: 70s Confidence: 0.3 
Answer: 80s Confidence: 0.2 
Answer: 90s Confidence: 0.1 
Answer: 50s Confidence: 0.0",60s,0.4,0.0,0,0
205,5ae36cf75542992f92d822bf,"In what year was the actress who played Holly Holliday in ""New Directions"" born?",1972,bridge,medium,"Answer: 1969 Confidence: 0.8 
Answer: 1970 Confidence: 0.1 
Answer: 1968 Confidence: 0.05 
Answer: 1971 Confidence: 0.05 
Answer: 1967 Confidence: 0.0",1969,0.8,0.0,0,0
206,5abe6ebe55429965af743efe,Liquid computing was coined in July 2014 by which information technology media business formerly The Intelligent Machines Journal?,InfoWorld,bridge,medium,"Answer: Wired Confidence: 0.8 
Answer: Wired UK Confidence: 0.6 
Answer: The Register Confidence: 0.4 
Answer: ITPro Confidence: 0.2 
Answer: ComputerWeekly Confidence: 0.1",Wired,0.8,0.0,0,0
207,5a74f6b85542993748c8975c,"Who is older, Jennifer Capriati or Pierre-Hugues Herbert?",Jennifer Maria Capriati,comparison,medium,"Answer: Jennifer Capriati Confidence: 1.0 
Answer: Pierre-Hugues Herbert Confidence: 0.0 
Answer: Jennifer Confidence: 1.0 
Answer: Capriati Confidence: 1.0 
Answer: Not enough info Confidence: 0.0",Jennifer Capriati,1.0,0.8,0,1
208,5a8e46e75542995a26add4bc,Alan Schilke is an engineer who made is mark on a steel roller coaster operating at Six Flags Magic Mountain which is located where?,"Valencia, California",bridge,medium,"Answer: California Confidence: 0.9 
Answer: Valencia Confidence: 0.8 
Answer: USA Confidence: 0.7 
Answer: Los Angeles Confidence: 0.6 
Answer: America Confidence: 0.5",California,0.9,0.6666666666666666,0,1
209,5ae0f6805542990adbacf6f2,what does 1977–78 UCLA Bruins men's basketball team and John Wooden have in common?,University of California,bridge,easy,"Answer: Coach Confidence: 0.9 
Answer: UCLA Confidence: 0.8 
Answer: Basketball Confidence: 0.7 
Answer: Championship Confidence: 0.6 
Answer: NCAA Confidence: 0.5",Coach,0.9,0.0,0,0
210,5a8431b55542996488c2e50a,Lane Boy was written by the musical duo hailing from which Ohio city?,Columbus,bridge,medium,"Answer: Columbus Confidence: 0.6 
Answer: Cleveland Confidence: 0.3 
Answer: Cincinnati Confidence: 0.05 
Answer: Toledo Confidence: 0.02 
Answer: Dayton Confidence: 0.03",Columbus,0.6,1.0,1,1
211,5a8aba9f5542996c9b8d5f62,"After he dissolved the monasteries, in 1545 Henry VIII sold Richard Brooke the manor of Norton, in which English county?",Cheshire,bridge,medium,"Answer: Cheshire Confidence: 0.8 
Answer: Staffordshire Confidence: 0.1 
Answer: Kent Confidence: 0.05 
Answer: Surrey Confidence: 0.03 
Answer: Cambridgeshire Confidence: 0.02",Cheshire,0.8,1.0,1,1
212,5ac554ab5542993e66e82311,"The Trials of Henry Kissinger and The Judge and the General, is which type of film?",documentary,comparison,easy,"Answer: Documentary Confidence: 0.9 
Answer: Biographical Confidence: 0.4 
Answer: Historical Confidence: 0.6 
Answer: Drama Confidence: 0.2 
Answer: Investigative Confidence: 0.8",Documentary,0.9,1.0,1,1
213,5ade98925542997c77adee7c,The leader of the band that came out with Monuments to an Elegy was born on what date?,"March 17, 1967",bridge,medium,"Answer: Billy Corgan Confidence: 0.9 
Answer: March 17 Confidence: 0.8 
Answer: March 17 1967 Confidence: 0.7 
Answer: William Patrick Corgan Confidence: 0.6 
Answer: March 17 1968 Confidence: 0.2",Billy Corgan,0.9,0.0,0,0
214,5addaf4b5542997545bbbda9,"Were ""Oceans"" and ""Race to Witch Mountain"" released in the same year?",yes,comparison,medium,"Answer: No Confidence: 0.8 
Answer: Yes Confidence: 0.2 
Answer: 2009 Confidence: 0.6 
Answer: 1995 Confidence: 0.1 
Answer: 1985 Confidence: 0.1",No,0.8,0.0,0,0
215,5a8510785542997b5ce3ffa0,"What kind of persona does the artist who released Special Herbs, Vols. 4, 5 & 6 adopt?",super villain,bridge,medium,"Answer: MF DOOM Confidence: 0.9 
Answer: Metal Fingers Confidence: 0.8 
Answer: Viktor Vaughn Confidence: 0.2 
Answer: King Geedorah Confidence: 0.1 
Answer: Zev Love X Confidence: 0.1",MF DOOM,0.9,0.0,0,1
216,5a846191554299123d8c222d,"Community is an American television sitcom that follows an ensemble cast, including what actress who played Trudy Campbell in the AMC drama Mad Men?",Alison Brie Schermerhorn,bridge,hard,"Answer: Alison Brie Confidence: 0.9 
Answer: Christina Hendricks Confidence: 0.0 
Answer: Elisabeth Moss Confidence: 0.0 
Answer: January Jones Confidence: 0.0 
Answer: Alison Brie and others Confidence: 0.1",Alison Brie,0.9,0.8,0,1
217,5a7e08255542997cc2c474fb,The Orford Express operates seasonally on a former line headquartered in what city?,"Hermon, Maine",bridge,medium,"Answer: Sherbrooke Confidence: 0.8 
Answer: Magog Confidence: 0.1 
Answer: Montreal Confidence: 0.05 
Answer: Quebec Confidence: 0.03 
Answer: Drummondville Confidence: 0.02",Sherbrooke,0.8,0.0,0,0
218,5a80005f5542994857a7688b,"What was a brief but violent period of civil unrest in response to the Maine law, who's opponents of an American Prohibition advocate and politician Nicknamed the ""Napoleon of Temperance"" rioted ?",Portland Rum Riot,bridge,easy,"Answer: Maine Law Riot Confidence: 0.8 
Answer: Rum Riot Confidence: 0.7 
Answer: Portland Rum Riot Confidence: 0.9 
Answer: Neal Dow Riot Confidence: 0.6 
Answer: Neal Dow Laws Riot Confidence: 0.5",Portland Rum Riot,0.9,1.0,1,1
219,5ae1d605554299234fd0431d,Which English poet wrote travel ,Rupert Chawner Brooke,bridge,easy,"Answer: Byron Confidence: 0.6 
Answer: Wordsworth Confidence: 0.2 
Answer: Shelley Confidence: 0.1 
Answer: Keats Confidence: 0.05 
Answer: Pope Confidence: 0.05",Byron,0.6,0.0,0,0
220,5a7a244c5542990783324e89,What is the country of origin of Brian Stepanek and the film The Island?,American,bridge,medium,"Answer: USA Confidence: 0.8 
Answer: America Confidence: 0.7 
Answer: US Confidence: 0.6 
Answer: United States Confidence: 0.5 
Answer: United States of America Confidence: 0.4",USA,0.8,0.0,0,1
221,5a78f73c55429974737f7929,Chilly sings its popular songs such as 'Come to L.A.' and 'Simply a Love Song' in what language?,English,bridge,medium,"Answer: English Confidence: 0.8 
Answer: German Confidence: 0.2 
Answer: French Confidence: 0.0 
Answer: Italian Confidence: 0.0 
Answer: Spanish Confidence: 0.0",English,0.8,1.0,1,1
222,5adff3bc55429925eb1afb81,You're No Good: was covered in a charting version by which soul singer and pianist?,Betty Everett,bridge,medium,"Answer: Betty Everett Confidence: 0.2 
Answer: Aretha Franklin Confidence: 0.3 
Answer: Tina Turner Confidence: 0.4 
Answer: Etta James Confidence: 0.1 
Answer: Bettye Swann Confidence: 0.0",Tina Turner,0.4,0.0,0,0
223,5a84a29d5542991dd0999d52,"Geraldine ""Gerry"" Cowper, an English actress who is best known for playing Rowan Morrison in The Wicker Man, a 1973 British mystery horror film, directed by who?",Robin Hardy,bridge,easy,"Answer: Robin Hardy Confidence: 0.9 
Answer: Nicolas Roeg Confidence: 0.05 
Answer: Peter Weir Confidence: 0.02 
Answer: Tony Richardson Confidence: 0.01 
Answer: Ken Loach Confidence: 0.01",Robin Hardy,0.9,1.0,1,1
224,5abbe3e055429931dba145cc,Which cricketer is the younger brother of Jack Lindwall and played top-flight rugby league football with St. George?,Ray Lindwall,bridge,hard,"Answer: Ray Lindwall Confidence: 0.8 
Answer: Keith Miller Confidence: 0.1 
Answer: Norm Provan Confidence: 0.05 
Answer: Reg Gasnier Confidence: 0.05 
Answer: Ken Irvine Confidence: 0.0",Ray Lindwall,0.8,1.0,1,1
225,5a7b5e55554299042af8f755,"Which author was born first, Lorraine Hansberry or Sandra Gulland?",Lorraine Vivian Hansberry,comparison,hard,"Answer: Lorraine Hansberry Confidence: 1.0 
Answer: Sandra Gulland Confidence: 0.0 
Answer: Unknown Confidence: 0.0 
Answer: Neither Confidence: 0.0 
Answer: Both Confidence: 0.0",Lorraine Hansberry,1.0,0.8,0,1
226,5abcfe43554299114383a1be,The 1905-1904 college basketball team lead by G.W. Leach represented a university founded in what year?,1846,bridge,medium,"Answer: 1746 Confidence: 0.8 
Answer: 1861 Confidence: 0.1 
Answer: 1876 Confidence: 0.05 
Answer: 1885 Confidence: 0.03 
Answer: 1890 Confidence: 0.02",1746,0.8,0.0,0,0
227,5a825f9555429940e5e1a891,Which co-founder of DreamWorks Studios directed two movies starring Pacharo Mzembe?,Steven Spielberg,bridge,medium,"Answer: Steven Spielberg Confidence: 0.0 
Answer: Jeffrey Katzenberg Confidence: 0.0 
Answer: David Geffen Confidence: 0.0 
Answer: None Confidence: 0.8 
Answer: Unknown Confidence: 0.2",None,0.8,0.0,0,0
228,5ae534135542990ba0bbb216,"When was the American singer, guitarist, songwriter, and producer born who is known for his work in the hard rock bands Rainbow and also performed with Jason Hartless?","August 2, 1951",bridge,medium,"Answer: Ronnie James Dio Confidence: 0.6 
Answer: Ritchie Blackmore Confidence: 0.2 
Answer: Joe Lynn Turner Confidence: 0.8 
Answer: Doogie White Confidence: 0.4 
Answer: Graham Bonnet Confidence: 0.1",Joe Lynn Turner,0.8,0.0,0,0
229,5a84b8ff5542997b5ce3ff30,"Which state was this American lawyer and Republican politician from, who started his new position in 2017 backed by Trump but failed to work well with the senior White House adviser Don Benton?",Oklahoma,bridge,medium,"Answer: Alabama Confidence: 0.2 
Answer: Arizona Confidence: 0.1 
Answer: Washington Confidence: 0.3 
Answer: Alaska Confidence: 0.1 
Answer: Georgia Confidence: 0.2",Washington,0.3,0.0,0,0
230,5abfb1c85542990832d3a1ae,Rocket Science featured an interview with what US Air Force test pilot?,"Charles Elwood ""Chuck"" Yeager",bridge,medium,"Answer: Chuck Yeager Confidence: 0.8 
Answer: John Glenn Confidence: 0.1 
Answer: Pete Knight Confidence: 0.05 
Answer: Bob Hoover Confidence: 0.03 
Answer: Joe Walker Confidence: 0.02",Chuck Yeager,0.8,0.6666666666666666,0,1
231,5a8abd765542996c9b8d5f69,"Which character is nicknamed ""The Mountain"" and played by Hafþór Júlíus Björnsson in the TV version of Game of Thrones?",Gregor Clegane,bridge,hard,"Answer: Gregor Clegane Confidence: 1.0 
Answer: Sandor Clegane Confidence: 0.0 
Answer: Cersei Lannister Confidence: 0.0 
Answer: Tyrion Lannister Confidence: 0.0 
Answer: Khal Drogo Confidence: 0.0",Gregor Clegane,1.0,1.0,1,1
232,5ab982725542996be2020536,Do either Chamaelirium or Aphyllanthes have more than one species?,no,comparison,medium,"Answer: No Confidence: 0.8 
Answer: Chamaelirium Confidence: 0.4 
Answer: Aphyllanthes Confidence: 0.2 
Answer: One Confidence: 0.6 
Answer: None Confidence: 0.4",No,0.8,1.0,1,1
233,5ac17a8c5542994d76dcce66,"Which mountain is higher, Broad Peak or Skyang Kangri?",Skyang Kangri,comparison,hard,"Answer: Broad Peak Confidence: 0.8 
Answer: Skyang Kangri Confidence: 0.2 
Answer: Both same Confidence: 0.0 
Answer: K2 Confidence: 0.0 
Answer: Everest Confidence: 0.0",Broad Peak,0.8,0.0,0,0
234,5ae39fa05542991a06ce9a03,"What is the name of this Catholic University in Philidelphia, nicknamed the Wildcats, that had a football team captained by William Moore in 1905?",Villanova University,bridge,medium,"Answer: Villanova Confidence: 0.8 
Answer: St. Joseph's Confidence: 0.1 
Answer: La Salle Confidence: 0.05 
Answer: Cabrini Confidence: 0.02 
Answer: Holy Family Confidence: 0.03",Villanova,0.8,0.6666666666666666,0,1
235,5ac3013655429921a00ab0d0,Are Pamianthe and Manglietia in the same family?,no,comparison,medium,"Answer: Yes Confidence: 0.8 
Answer: No Confidence: 0.2 
Answer: Amaryllidaceae Confidence: 0.0 
Answer: Magnoliaceae Confidence: 0.6 
Answer: Liliaceae Confidence: 0.0",Yes,0.8,0.0,0,0
236,5a77511655429966f1a36cf2,What British-American actor born in 1952 starred in The Last Castle?,Delroy Lindo,bridge,medium,"Answer: Robert Redford Confidence: 0.8 
Answer: Liam Neeson Confidence: 0.1 
Answer: Patrick Stewart Confidence: 0.05 
Answer: Ian McKellen Confidence: 0.05 
Answer: Bob Hoskins Confidence: 0.0",Robert Redford,0.8,0.0,0,0
237,5ab578c65542992aa134a328,Where is the company that owns 13th Street Universal headquartered?,"Midtown Manhattan, New York City",bridge,hard,"Answer: Munich Confidence: 0.8 
Answer: Universal City Confidence: 0.1 
Answer: Los Angeles Confidence: 0.05 
Answer: New York Confidence: 0.02 
Answer: London Confidence: 0.03",Munich,0.8,0.0,0,0
238,5abe5bb755429965af743ede,When was the group founded which recorded the song Play Something Country ?,1990,bridge,medium,"Answer: 2000 Confidence: 0.4 
Answer: 1999 Confidence: 0.3 
Answer: Brooks & Dunn Confidence: 0.8 
Answer: 1992 Confidence: 0.2 
Answer: 1989 Confidence: 0.1",Brooks & Dunn,0.8,0.0,0,0
239,5abc7b8f5542993a06baf8ee,The Nakajima Ki-87 was a type of fighter aircraft designed specifically to attack what?,enemy aircraft,bridge,medium,"Answer: B-29s Confidence: 0.8 
Answer: Bombers Confidence: 0.7 
Answer: B-17s Confidence: 0.2 
Answer: Tanks Confidence: 0.1 
Answer: Ships Confidence: 0.0",B-29s,0.8,0.0,0,0
240,5ab9023555429934fafe6e46,Sid Haig had a role in the exploitation horror film released in what year?,2003,bridge,medium,"Answer: 1975 Confidence: 0.2 
Answer: 1969 Confidence: 0.1 
Answer: 1973 Confidence: 0.3 
Answer: 1968 Confidence: 0.1 
Answer: 1976 Confidence: 0.3",1973,0.3,0.0,0,0
241,5a8f10bd5542995b44241f47,"Brett Dier, who starred in ""Jane the Virgin"" appears on what Canadian TV shows?","Canadian TV shows ""Bomb Girls"" and ""The L.A. Complex""",bridge,easy,"Answer: Pretty Little Liars Confidence: 0.2 
Answer: Everwood Confidence: 0.1 
Answer: The L.A. Complex Confidence: 0.3 
Answer: Saving Hope Confidence: 0.4 
Answer: Bomb Girls Confidence: 0.5",Bomb Girls,0.5,0.4,0,0
242,5a8c7cdf554299240d9c218d,Michael Kelso is one of the male leads on the show that was set in what fictional Wisconsin town?,Point Place,bridge,medium,"Answer: Point Place Confidence: 0.9 
Answer: Stars Hollow Confidence: 0.0 
Answer: Mayberry Confidence: 0.0 
Answer: Greendale Confidence: 0.0 
Answer: Pawnee Confidence: 0.0",Point Place,0.9,1.0,1,1
243,5ab2ecb35542991669774139,"Between University of Wyoming and Clarkson University, which institution was founded earlier?",University of Wyoming,comparison,medium,"Answer: University of Wyoming Confidence: 0.6 
Answer: Clarkson University Confidence: 0.4 
Answer: UW Confidence: 0.6 
Answer: CU Confidence: 0.4 
Answer: Wyoming Confidence: 0.6",University of Wyoming,0.6,1.0,1,1
244,5adea69055429939a52fe924,"Here Is Always Somewhere Else and Football Under Cover, are films of which genre?",documentary,comparison,easy,"Answer: Documentary Confidence: 0.8 
Answer: Drama Confidence: 0.1 
Answer: Experimental Confidence: 0.05 
Answer: Sport Confidence: 0.05 
Answer: Art Confidence: 0.0",Documentary,0.8,1.0,1,1
245,5ac1b7495542994ab5c67dd9,What genre of music is the solo artist that contributed to Real Damage a variant of?,synth-pop,bridge,hard,"Answer: Electronic Confidence: 0.8 
Answer: Rock Confidence: 0.6 
Answer: Pop Confidence: 0.4 
Answer: Hip-Hop Confidence: 0.2 
Answer: R&B Confidence: 0.1",Electronic,0.8,0.0,0,1
246,5a80ac8c5542992bc0c4a79c,Guitarist Dave Gregory is known best for his work with a rock band  lead by what two songwriters?,Andy Partridge and Colin Moulding,bridge,medium,"Answer: Andy Partridge Confidence: 0.9 
Answer: Colin Moulding Confidence: 0.9 
Answer: Ray Davies Confidence: 0.2 
Answer: Liam Gallagher Confidence: 0.1 
Answer: Noel Gallagher Confidence: 0.1",Andy Partridge,0.9,0.5714285714285715,0,0
247,5ae669ac5542992ae0d1633a,In what year was Joy Enriquez's husband born?,1977,bridge,medium,"Answer: 1974, Confidence: 0.2 
Answer: 1976, Confidence: 0.1 
Answer: 1978, Confidence: 0.1 
Answer: 1972, Confidence: 0.1 
Answer: 1970, Confidence: 0.1","1974,",0.2,0.0,0,0
248,5a72948c5542994cef4bc353,Which episode of Glee is named after a power ballad from the 1973 Aerosmith debut album?,Dream On,bridge,medium,"Answer: Dream On Confidence: 0.9 
Answer: Mama Kin Confidence: 0.05 
Answer: One Way Street Confidence: 0.02 
Answer: Somebody Confidence: 0.01 
Answer: Walkin' the Dog Confidence: 0.02",Dream On,0.9,1.0,1,1
249,5a88aca55542997e5c09a6a4,In what city does Mike Carey coach women's basketball ?,Morgantown,bridge,medium,"Answer: West Virginia Confidence: 0.8 
Answer: Morgantown Confidence: 0.7 
Answer: Cincinnati Confidence: 0.2 
Answer: Pittsburgh Confidence: 0.1 
Answer: Columbus Confidence: 0.1",West Virginia,0.8,0.0,0,0
250,5a7ae06955429931da12c975,Giovanni Battista Castiglione was imprisoned in a tower located on the north bank of which river ?,River Thames,bridge,medium,"Answer: Tiber Confidence: 0.8 
Answer: Arno Confidence: 0.1 
Answer: Po Confidence: 0.05 
Answer: Adige Confidence: 0.02 
Answer: Piave Confidence: 0.03",Tiber,0.8,0.0,0,0
251,5a7c61d455429907fabeef75,The actor who played John Aubrey in many productions of Brief Lives is also known for narrating the audio book versions of what series?,"""A Song of Ice and Fire""",bridge,medium,"Answer: Discworld Confidence: 0.8 
Answer: Sherlock Holmes Confidence: 0.1 
Answer: Harry Potter Confidence: 0.05 
Answer: Lord of the Rings Confidence: 0.03 
Answer: Narnia Confidence: 0.02",Discworld,0.8,0.0,0,0
252,5ae490e55542995ad6573da1,Bill Harry is the creator of the publication that was founded in what city?,Liverpool,bridge,medium,"Answer: Liverpool Confidence: 0.9 
Answer: London Confidence: 0.05 
Answer: Manchester Confidence: 0.03 
Answer: Birmingham Confidence: 0.01 
Answer: Newcastle Confidence: 0.01",Liverpool,0.9,1.0,1,1
253,5ac3a8665542993915413896,"What 1980s soap opera did the actress, who also starred in ""The Omega Code,"" become notable for?",Dynasty,bridge,medium,"Answer: Knots Landing Confidence: 0.7 
Answer: Dallas Confidence: 0.2 
Answer: Dynasty Confidence: 0.05 
Answer: Falcon Crest Confidence: 0.03 
Answer: General Hospital Confidence: 0.0",Knots Landing,0.7,0.0,0,0
254,5ae78cef5542994a481bbd98,"The Wave is the debut solo studio album by the English singer-songwriter Tom Chaplin, best known as the lead singer of which British pop rock band?",Keane,bridge,easy,"Answer: Keane Confidence: 0.9 
Answer: Snow Patrol Confidence: 0.05 
Answer: Coldplay Confidence: 0.03 
Answer: Travis Confidence: 0.02 
Answer: Radiohead Confidence: 0.0",Keane,0.9,1.0,1,1
255,5ab37b8455429969a97a815d,Are Jenůfa and The Knot Garden operas?,yes,comparison,medium,"Answer: Yes Confidence: 1.0 
Answer: No Confidence: 0.0 
Answer: Jenůfa Confidence: 0.4 
Answer: The Knot Garden Confidence: 0.4 
Answer: Opera Confidence: 0.2",Yes,1.0,1.0,1,1
256,5a88aad55542994846c1ceaf,"The Three Bogatyrs, is an animated franchise produced by which one of the largest animation studios in Russia, and also the most successful and profitable animation studio in Russia?",Melnitsa Animation Studio,bridge,easy,"Answer: Melnitsa Animation Studio Confidence: 0.8 
Answer: Soyuzmultfilm Confidence: 0.1 
Answer: Wizart Animation Confidence: 0.05 
Answer: Riki Group Confidence: 0.04 
Answer: Toonbox Confidence: 0.01",Melnitsa Animation Studio,0.8,1.0,1,1
257,5abce49655429959677d6b1a,"Bloomfield, Montana is in the county that had a 2010 population of what?","8,966",bridge,medium,"Answer: 1000 Confidence: 0.2 
Answer: 406 Confidence: 0.1 
Answer: 264 Confidence: 0.1 
Answer: 1051 Confidence: 0.3 
Answer: 1076 Confidence: 0.4",1076,0.4,0.0,0,0
258,5a8488d55542997b5ce3feac,"John D'Leo (born July 8, 1995) is an American actor, he is known for his role in which 2013 crime comedy film, directed by Luc Besson, starring Robert De Niro, it follows a Mafia family in the witness protection program who want to change their lives?",The Family,bridge,easy,"Answer: The Family Confidence: 0.9 
Answer: The Big Wedding Confidence: 0.1 
Answer: Red 2 Confidence: 0.0 
Answer: The Internship Confidence: 0.0 
Answer: Last Vegas Confidence: 0.0",The Family,0.9,1.0,1,1
259,5ab2689355429970612095f9,Where did the actor performing the voice of Bleeding Gums Murphy in the Simpsons grow up?,"Galveston, Texas",bridge,medium,"Answer: Chicago Confidence: 0.8 
Answer: New York Confidence: 0.1 
Answer: Los Angeles Confidence: 0.05 
Answer: Detroit Confidence: 0.03 
Answer: Mississippi Confidence: 0.02",Chicago,0.8,0.0,0,0
260,5ae59f1355429960a22e0310,"What is the name of the famous dancer, taught by Richard Thomas, that formed her own dance company in 1966?",Twyla Tharp,bridge,medium,"Answer: Twyla Tharp Confidence: 0.9 
Answer: Martha Graham Confidence: 0.05 
Answer: Alvin Ailey Confidence: 0.01 
Answer: Merce Cunningham Confidence: 0.01 
Answer: Trisha Brown Confidence: 0.03",Twyla Tharp,0.9,1.0,1,1
261,5ac309645542990b17b154ff,The Girl In 14G is a song by the composer of what nationality?,American,bridge,medium,"Answer: American Confidence: 0.8 
Answer: Canadian Confidence: 0.2 
Answer: British Confidence: 0.0 
Answer: Australian Confidence: 0.0 
Answer: Italian Confidence: 0.0",American,0.8,1.0,1,1
262,5ae7ef655542993210983fc5,"What was the debut album of the Australian band whose debut extended play was ""Let Me Be Clear""?",The Positions,bridge,medium,"Answer: Nothing to Spare Confidence: 0.2 
Answer: Nothing Confidence: 0.3 
Answer: Village idiots Confidence: 0.1 
Answer: Press Club Confidence: 0.8 
Answer: Late Kids Confidence: 0.1",Press Club,0.8,0.0,0,0
263,5ae22ef45542996483e6492d,What is the name of the comedian that uses one-liner jokes and was born on September 15?,James Anthony Patrick Carr,bridge,hard,"Answer: Demetrios Dynamite Confidence: 0.2 
Answer: Mitch Hedberg Confidence: 0.6 
Answer: Anthony Jeselnik Confidence: 0.1 
Answer: Steven Wright Confidence: 0.8 
Answer: Norm Macdonald Confidence: 0.3",Steven Wright,0.8,0.0,0,0
264,5a74af4d55429974ef308c32,"Who was born first, Milan Kundera or Daniil Kharms?",Daniil Kharms,comparison,easy,"Answer: Daniil Kharms Confidence: 0.95 
Answer: Milan Kundera Confidence: 0.05 
Answer: Unsure Confidence: 0.0 
Answer: Tie Confidence: 0.0 
Answer: Unknown Confidence: 0.0",Daniil Kharms,0.95,1.0,1,1
265,5a7bd5b1554299294a54ab28,"Which subgenre of dark wave music was performed by the and formed by Lisa Hammer (""née"" Houle) and Eric Hammer?",ethereal,bridge,hard,"Answer: Gothic rock Confidence: 0.2 
Answer: Ethereal wave Confidence: 0.3 
Answer: Dream pop Confidence: 0.1 
Answer: Dark cabaret Confidence: 0.8 
Answer: Neoclassical dark wave Confidence: 0.4",Dark cabaret,0.8,0.0,0,0
266,5a8e4e3f55429917b4a5bd90, Symphony No. 2 in C major was dedicated to a Duke whose younger brother become the consort of who?,Queen Victoria of the United Kingdom,bridge,medium,"Answer: Queen Victoria Confidence: 0.8 
Answer: Princess Royal Confidence: 0.2 
Answer: Alexandra of Denmark Confidence: 0.0 
Answer: Augusta of Cambridge Confidence: 0.0 
Answer: Mary of Teck Confidence: 0.0",Queen Victoria,0.8,0.5714285714285715,0,1
267,5a76a1165542993735360120,"Wilhelm Reich and Jorge Luis Borges, have which occupation in common?",writer,comparison,easy,"Answer: Writer Confidence: 0.8 
Answer: Psychologist Confidence: 0.2 
Answer: Philosopher Confidence: 0.5 
Answer: Doctor Confidence: 0.3 
Answer: Scientist Confidence: 0.1",Writer,0.8,1.0,1,1
268,5abd09cd5542996e802b46a3,"Frannie Lindsay earned her B.A. from a women's college in Troy, New York, that is one of three colleges that make up what?",The Sage Colleges,bridge,medium,"Answer: Russell Sage College Confidence: 0.8 
Answer: Emma Willard School Confidence: 0.1 
Answer: Rensselaer Polytechnic Institute Confidence: 0.0 
Answer: Russell Sage Confidence: 0.6 
Answer: Hudson Valley Community College Confidence: 0.0",Russell Sage College,0.8,0.4,0,1
269,5ab6895d55429953192ad2e9,For what was the person with which Phair began the production on his album noted?,"1989 single ""No Myth""",bridge,medium,"Answer: Music Confidence: 0.4 
Answer: Film Confidence: 0.3 
Answer: Art Confidence: 0.2 
Answer: Sports Confidence: 0.05 
Answer: Literature Confidence: 0.05",Music,0.4,0.0,0,0
270,5adfed0b554299025d62a385,What album took over two years to create and contained a song written with the help of Julia Michaels?,Purpose,bridge,medium,"Answer: Reputation Confidence: 0.8 
Answer: 1989 Confidence: 0.6 
Answer: Red Confidence: 0.4 
Answer: Lover Confidence: 0.3 
Answer: Folklore Confidence: 0.2",Reputation,0.8,0.0,0,0
271,5a8c4ad4554299585d9e364b,Did Daphne and Iolanta premiere within 5 years of each other?,no,comparison,medium,"Answer: Yes Confidence: 0.8 
Answer: No Confidence: 0.2 
Answer: 1892 Confidence: 0.0 
Answer: Tchaikovsky Confidence: 0.0 
Answer: Russia Confidence: 0.0",Yes,0.8,0.0,0,0
272,5ae58ba05542993aec5ec1b8,Matt Harrigan created and hosts which American talk show on Adult Swim?,FishCenter Live,bridge,easy,"Answer: Small Talk Confidence: 0.8 
Answer: The Eric Andre Show Confidence: 0.1 
Answer: Small Talk Show Confidence: 0.05 
Answer: The Matt Harrigan Show Confidence: 0.05 
Answer: FishCenter Confidence: 0.0",Small Talk,0.8,0.0,0,0
273,5ab5d56c554299488d4d9a42,The Missouri Rhineland is a geographical area located mostly in a valley that is how long?,2300 mi,bridge,medium,"Answer: 100 miles Confidence: 0.6 
Answer: 200 miles Confidence: 0.2 
Answer: 50 miles Confidence: 0.1 
Answer: 150 miles Confidence: 0.05 
Answer: 120 miles Confidence: 0.05",100 miles,0.6,0.0,0,0
274,5a7f47685542994857a766db,Are the poets Lavinia Greenlaw and Marge Piercy of the same nationality?,no,comparison,medium,"Answer: No Confidence: 0.8 
Answer: Yes Confidence: 0.2 
Answer: Unknown Confidence: 0.0 
Answer: British Confidence: 0.6 
Answer: American Confidence: 0.4",No,0.8,1.0,1,1
275,5ab927c955429934fafe6e6c,where is the Dunn memorial bridge located,"Albany, New York",bridge,easy,"Answer: Albany Confidence: 0.8 
Answer: New York Confidence: 0.7 
Answer: Rensselaer Confidence: 0.6 
Answer: Hudson River Confidence: 0.5 
Answer: NY Confidence: 0.4",Albany,0.8,0.5,0,1
276,5abe77da55429965af743f18,Which magazine Decibel or Skeptic is published more frequently ?,Decibel,comparison,medium,"Answer: Decibel Confidence: 0.6 
Answer: Skeptic Confidence: 0.4 
Answer: Both Confidence: 0.0 
Answer: Neither Confidence: 0.0 
Answer: Decibel Confidence: 0.0",Decibel,0.6,1.0,1,1
277,5ac4c6cd5542996feb3fe93d,In which soap opera did Australian star of The Duel play Josh Taylor?,Neighbours,bridge,medium,"Answer: Neighbours Confidence: 0.8 
Answer: Home and Away Confidence: 0.1 
Answer: Days of Our Lives Confidence: 0.05 
Answer: Sons and Daughters Confidence: 0.02 
Answer: Prisoner Confidence: 0.03",Neighbours,0.8,1.0,1,1
278,5abba28c5542996cc5e4a02f,"Run was covered by what actor and singer from Derry, Northern Ireland, who won the Glee Project on August 21, 2011?",Damian Joseph McGinty Jr.,bridge,hard,"Answer: Damian McGinty Confidence: 0.9 
Answer: Alex Newell Confidence: 0.05 
Answer: Samuel Larsen Confidence: 0.03 
Answer: Lindsay Pearce Confidence: 0.01 
Answer: Blake Jenner Confidence: 0.01",Damian McGinty,0.9,0.6666666666666666,0,1
279,5ab50a545542990594ba9ce9,Randal Cornell Teague is the former chief of staff and legislative counsel to a U.S. Representative that died in what year?,2009,bridge,medium,"Answer: 2000 Confidence: 0.2 
Answer: 2001 Confidence: 0.1 
Answer: 2002 Confidence: 0.1 
Answer: 1997 Confidence: 0.1 
Answer: 1998 Confidence: 0.5",1998,0.5,0.0,0,0
280,5ac517f955429924173fb5a0,"Wicksteed Park is the second oldest theme park in the UK, with the oldest being a park that is owned by the Dabell family, and has a sister park named what?",Robin Hill,bridge,medium,"Answer: Pleasurewood Hills Confidence: 0.2 
Answer: Lightwater Valley Confidence: 0.1 
Answer: Flamingo Land Confidence: 0.1 
Answer: Thorpe Park Confidence: 0.05 
Answer: Alton Towers Confidence: 0.05",Pleasurewood Hills,0.2,0.0,0,0
281,5a8cdad5554299441c6b9f29, Clark Mountain is a summit in a county with a 2010 population of what?,"107,702",bridge,medium,"Answer: 8,685 Confidence: 0.2
Answer: 10,121 Confidence: 0.3
Answer: 17,811 Confidence: 0.1
Answer: 43,782 Confidence: 0.2
Answer: 21,380 Confidence: 0.2","10,121",0.3,0.0,0,0
282,5ade7b8655429975fa854ed7,"PostNL is a mail, parcel and e-commerce corporation listed at a stock exchange formerly known as what?",Amsterdam Stock Exchange,bridge,medium,"Answer: Euronext Confidence: 0.8 
Answer: NYSE Confidence: 0.1 
Answer: NASDAQ Confidence: 0.05 
Answer: LSE Confidence: 0.05 
Answer: AEX Confidence: 0.0",Euronext,0.8,0.0,0,1
283,5ab5e06c5542992aa134a3bb,What country of origin does Smitty and Louis Gossett Jr. have in common?,American,bridge,medium,"Answer: USA Confidence: 1.0 
Answer: America Confidence: 1.0 
Answer: United States Confidence: 1.0 
Answer: US Confidence: 1.0 
Answer: America Confidence: 0.2",USA,1.0,0.0,0,1
284,5a78ae3c554299148911f91b,"What band is widely credited as one of the pioneers of visual kei, and released a compilation box set containing two CDs, a VHS tape and a T-shirt from the ""Violence and Jealousy Tour""?",X Japan,bridge,easy,"Answer: X Japan Confidence: 0.9 
Answer: Luna Sea Confidence: 0.05 
Answer: Glay Confidence: 0.02 
Answer: Malice Mizer Confidence: 0.03 
Answer: Moi Dix Mois Confidence: 0.01",X Japan,0.9,1.0,1,1
285,5ab252fd554299722f9b4ce0,What Oklahoma City Thunder basketball player is featured in La La's Full Court Life?,Carmelo Anthony,bridge,medium,"Answer: Carmelo Anthony Confidence: 0.0 
Answer: Kevin Durant Confidence: 0.0 
Answer: Russell Westbrook Confidence: 0.2 
Answer: LaMarcus Aldridge Confidence: 0.0 
Answer: Damian Lillard Confidence: 0.0",Russell Westbrook,0.2,0.0,0,0
286,5a7720f055429966f1a36c8d,What former host at TVB later starred in Love as a Predatory Affair?,Jason Chan Chi-san,bridge,medium,"Answer: Kitty Yuen Confidence: 0.8 
Answer: Maggie Cheung Confidence: 0.4 
Answer: Joyce Tang Confidence: 0.2 
Answer: Sonija Kwok Confidence: 0.1 
Answer: Linda Chung Confidence: 0.1",Kitty Yuen,0.8,0.0,0,0
287,5adf706f5542995ec70e900e,Both Olympia Entertainment and Joe Louis Arena are located in what city?,Detroit,bridge,hard,"Answer: Detroit Confidence: 0.9 
Answer: Michigan Confidence: 0.0 
Answer: USA Confidence: 0.0 
Answer: Chicago Confidence: 0.0 
Answer: Toronto Confidence: 0.0",Detroit,0.9,1.0,1,1
288,5a8a11e05542992e4fca84ef,What animal does Havanese and Alpine Dachsbracke have in common?,dog,comparison,medium,"Answer: Dog Confidence: 1.0 
Answer: Mammal Confidence: 0.9 
Answer: Pet Confidence: 0.8 
Answer: Canine Confidence: 0.7 
Answer: Beast Confidence: 0.2",Dog,1.0,1.0,1,1
289,5ab6101f554299637185c65c,In which county is the city in which Time Hill is located ?,Hamilton County,bridge,medium,"Answer: Douglas County Confidence: 0.8 
Answer: Boone County Confidence: 0.1 
Answer: Cole County Confidence: 0.05 
Answer: Audrain County Confidence: 0.03 
Answer: Callaway County Confidence: 0.02",Douglas County,0.8,0.5,0,0
290,5ae0f42d554299422ee99576,Which character's past is explored in J.K. Rowling's sixth Harry Potter novel?,Lord Voldemort,bridge,medium,"Answer: Dumbledore Confidence: 0.8 
Answer: Snape Confidence: 0.7 
Answer: Harry Confidence: 0.2 
Answer: Voldemort Confidence: 0.1 
Answer: Sirius Confidence: 0.05",Dumbledore,0.8,0.0,0,0
291,5ab9380c554299131ca422ca,Are the bands Flow and Against the Current from the same country?,no,comparison,hard,"Answer: No Confidence: 0.8 
Answer: Yes Confidence: 0.2 
Answer: USA Confidence: 0.6 
Answer: Japan Confidence: 0.4 
Answer: USA/Japan Confidence: 0.0",No,0.8,1.0,1,1
292,5a75f65755429976ec32bcc3,"Where are the studios of the station that broadcasts ""The Dave Bussey Show""?",near Newport Arch,bridge,hard,"Answer: WBT Confidence: 0.8 
Answer: Charlotte Confidence: 0.7 
Answer: North Carolina Confidence: 0.6 
Answer: WBTV Confidence: 0.4 
Answer: Cornelius Confidence: 0.2",WBT,0.8,0.0,0,0
293,5aba74295542994dbf01991f,Are Prince of Wales and Jägerbomb both beer-based mixed drinks?,no,comparison,hard,"Answer: Yes Confidence: 0.8 
Answer: No Confidence: 0.2 
Answer: Prince of Wales Confidence: 0.0 
Answer: Jägerbomb Confidence: 0.9 
Answer: Maybe Confidence: 0.0",Jägerbomb,0.9,0.0,0,0
294,5a76597b5542992d0ec060b6,"Who is older, Alexander Razborov or Pyotr Novikov?",Pyotr Sergeyevich Novikov,comparison,medium,"Answer: Alexander Razborov Confidence: 0.6 
Answer: Pyotr Novikov Confidence: 0.4 
Answer: Neither Confidence: 0.0 
Answer: Both same age Confidence: 0.0 
Answer: Unknown Confidence: 0.0",Alexander Razborov,0.6,0.0,0,0
295,5a79fdb45542990198eaf033,"What studio album self-released on 10 October 2007 as a pay-what-you-want download, has a a song which sees frontman Thom Yorke singing of obsession and unrequited love?",In Rainbows,bridge,easy,"Answer: In Rainbows Confidence: 1.0 
Answer: OK Computer Confidence: 0.2 
Answer: Kid A Confidence: 0.1 
Answer: Amnesiac Confidence: 0.1 
Answer: Hail to the Thief Confidence: 0.1",In Rainbows,1.0,1.0,1,1
296,5a736ee255429901807db059,"Situated on the west bank of the Nile, opposite Luxor, the famous tomb TT34 is located in which ancient city?",Thebes,bridge,medium,"Answer: Thebes Confidence: 0.8 
Answer: Sheikh Abd el-Qurna Confidence: 0.6 
Answer: Medinet Habu Confidence: 0.2 
Answer: Deir el-Bahri Confidence: 0.1 
Answer: Karnak Confidence: 0.1",Thebes,0.8,1.0,1,1
297,5abd9a275542996e802b4800,What Turkish city between the Karakum Desert and the Kopec Dag mountain range also boasts a famous Turkish basketball player?,Ashgabat,bridge,medium,"Answer: Gaziantep Confidence: 0.2 
Answer: Ankara Confidence: 0.1 
Answer: Istanbul Confidence: 0.1 
Answer: Adana Confidence: 0.1 
Answer: Gazipaşa Confidence: 0.05",Gaziantep,0.2,0.0,0,0
298,5a8cebfa554299441c6b9f7c,Which Queen of England and Ireland who lived from 18 February 1516 - 17 November 1558 did Sir George Howard serve under?,Mary I,bridge,medium,"Answer: Mary I Confidence: 0.9 
Answer: Mary Tudor Confidence: 0.8 
Answer: Bloody Mary Confidence: 0.7 
Answer: Mary Confidence: 0.6 
Answer: Queen Mary Confidence: 0.5",Mary I,0.9,1.0,1,1
299,5ab3101055429976abd1bc48,"WTMA (branded as News Talk 1250 WTMA) is an AM radio station licensed to Charleston, South Carolina with a Talk radio format, it includes which nationally syndicated talk show, Michael Savage, is an American radio host, author, activist, nutritionist, and conservative political commentator, host of which nationally syndicated talk show?",The Savage Nation,bridge,easy,"Answer: The Savage Nation Confidence: 0.9 
Answer: The Michael Savage Show Confidence: 0.8 
Answer: Savage Nation Podcast Confidence: 0.4 
Answer: The Michael Savage Podcast Confidence: 0.3 
Answer: Talk Radio Network Confidence: 0.1",The Savage Nation,0.9,1.0,1,1
300,5adecbc255429975fa854f98,"What was the name of the film which dramatized the whisteblowing of a born in 1942, former vice president of a tobacco company?",The Insider,bridge,medium,"Answer: The Insider Confidence: 0.9 
Answer: Thank You for Smoking Confidence: 0.05 
Answer: The Informant Confidence: 0.03 
Answer: Michael Clayton Confidence: 0.01 
Answer: Erin Brockovich Confidence: 0.01",The Insider,0.9,1.0,1,1
301,5a7b85385542997c3ec971ed,"Who's husband was a British historian who wrote and lectured on Bhutanese, Tibetan and Himalayan culture and history, who starred in a French-British biographical film directed by Luc Besson?",Aung San Suu Kyi,bridge,easy,"Answer: Tenzin Palmo Confidence: 0.2 
Answer: Deki Yangzom Confidence: 0.1 
Answer: Urgyen Sangharakshita Confidence: 0.0 
Answer: Pema Chödrön Confidence: 0.0 
Answer: Tupten Chönyi Confidence: 0.0",Tenzin Palmo,0.2,0.0,0,0
302,5adead8355429939a52fe94a,Which Supreme Commander of the Irish Defence Forces' father was executed by the nascent Irish Free State?,Erskine Hamilton Childers,bridge,hard,"Answer: Sean Mac Eoin Confidence: 0.8 
Answer: Richard Mulcahy Confidence: 0.1 
Answer: Michael Collins Confidence: 0.05 
Answer: Sean McKeown Confidence: 0.05 
Answer: Frank Aiken Confidence: 0.0",Sean Mac Eoin,0.8,0.0,0,0
303,5adefcbb5542992d7e9f9266,What Mississippi city is the Tie Plant located in?,Grenada,bridge,medium,"Answer: Grenada Confidence: 0.8 
Answer: Jackson Confidence: 0.1 
Answer: Tupelo Confidence: 0.05 
Answer: Oxford Confidence: 0.03 
Answer: Vicksburg Confidence: 0.02",Grenada,0.8,1.0,1,1
304,5adf25765542992d7e9f92b8,AeroLogic is a joint venture between Lufthansa and the division of what logistics company?,Deutsche Post DHL,bridge,medium,"Answer: DHL Confidence: 0.9 
Answer: DB Confidence: 0.05 
Answer: FedEx Confidence: 0.01 
Answer: UPS Confidence: 0.01 
Answer: Kuehne+Nagel Confidence: 0.03",DHL,0.9,0.5,0,1
305,5ae165c45542997b2ef7d1d2,What is the nationality of lightweight female kickboxer Annalisa Bucci?,Italian,bridge,hard,"Answer: Italian Confidence: 0.9 
Answer: Dutch Confidence: 0.05 
Answer: American Confidence: 0.02 
Answer: Canadian Confidence: 0.01 
Answer: British Confidence: 0.01",Italian,0.9,1.0,1,1
306,5ae0429e55429924de1b707f,What year was S. Aishwarya's grandmother born in?,1934,bridge,medium,"Answer: 1947 Confidence: 0.1 
Answer: 1950 Confidence: 0.1 
Answer: 1920 Confidence: 0.1 
Answer: 1930 Confidence: 0.1 
Answer: 1960 Confidence: 0.1",1947,0.1,0.0,0,0
307,5ae2c8695542992decbdcd9c,"What Village People song was released as a medley with their song ""Hot Cop""?",Y.M.C.A.,bridge,medium,"Answer: YMCA Confidence: 0.8 
Answer: Macho Man Confidence: 0.1 
Answer: In the Navy Confidence: 0.05 
Answer: San Francisco Confidence: 0.025 
Answer: Cruisin Confidence: 0.025",YMCA,0.8,1.0,1,1
308,5a8c7a285542995e66a47611,What do Broad Peak and K12 have in common?,mountain,comparison,easy,"Answer: Mountain Confidence: 0.8 
Answer: Pakistan Confidence: 0.6 
Answer: Karakoram Confidence: 0.7 
Answer: Climbing Confidence: 0.5 
Answer: Altitude Confidence: 0.4",Mountain,0.8,1.0,1,1
309,5ab33d8055429969a97a8109,The brother of  Zlatko Ivanković currently manages what Pro League team?,Persepolis,bridge,medium,"Answer: Al Ain FC Confidence: 0.2 
Answer: Al Wahda Confidence: 0.1 
Answer: Al Jazira Confidence: 0.1 
Answer: Al Nasr Confidence: 0.1 
Answer: Baniyas Confidence: 0.1",Al Ain FC,0.2,0.0,0,0
310,5a89271a554299669944a4cc,"Who was the Global Risk Executive of Bank of America, who had   the former CEO, president, and chairman of Bank of America announce ""agreed she would retire,"" after a surge in credit losses led to a government bailout?",Amy Woods Brinkley,bridge,easy,"Answer: Amy Woods Brinkley Confidence: 0.8 
Answer: Amy Woods Confidence: 0.6 
Answer: Barbara Desoer Confidence: 0.4 
Answer: Liam McGee Confidence: 0.2 
Answer: Ken Lewis Confidence: 0.1",Amy Woods Brinkley,0.8,1.0,1,1
311,5ae1b4c65542997283cd2253,Who founded the tire company who was used by Saab in the 1993 Barber Saab Pro Series?,Frank Seiberling,bridge,hard,"Answer: Pirelli Confidence: 0.2 
Answer: Goodyear Confidence: 0.3 
Answer: Dayton Confidence: 0.1 
Answer: Hoosier Confidence: 0.4 
Answer: Michelin Confidence: 0.0",Hoosier,0.4,0.0,0,0
312,5ae6d4ec55429908198fa6ca,When was the Actress who starred in Our Sons with Ann-Margret born?,1 October 1935,bridge,medium,"Answer: 1942 Confidence: 0.8 
Answer: 1944 Confidence: 0.1 
Answer: 1948 Confidence: 0.05 
Answer: 1950 Confidence: 0.025 
Answer: 1946 Confidence: 0.025",1942,0.8,0.0,0,0
313,5a8048405542995d8a8ddf57," ""Candy"" is a duet with Iggy Pop and Kate Pierson, an American vocalist, lyricist, and one of the singers and founding members of what group?",The B-52's,bridge,easy,"Answer: The B-52's Confidence: 0.9 
Answer: Deee-Lite Confidence: 0.05 
Answer: Blondie Confidence: 0.03 
Answer: The Bangles Confidence: 0.02 
Answer: Eurythmics Confidence: 0.01",The B-52's,0.9,1.0,1,1
314,5adbd6555542996e68525257,"What position did the founder of Porteswart F.C.'s home ground, Mullaghacall, play for Northern Ireland?",goalkeeper,bridge,medium,"Answer: Goalkeeper Confidence: 0.2 
Answer: Defender Confidence: 0.3 
Answer: Midfielder Confidence: 0.2 
Answer: Forward Confidence: 0.1 
Answer: Striker Confidence: 0.2",Defender,0.3,0.0,0,0
315,5a7175155542994082a3e840,"What do Scandal and More Cattle, Less Bull have in common?",American,bridge,hard,"Answer: Shonda Rhimes Confidence: 0.2 
Answer: Television shows Confidence: 0.3 
Answer: Kerry Washington Confidence: 0.4 
Answer: Book title and TV show Confidence: 0.6 
Answer: Chelsea Handler Confidence: 0.8",Chelsea Handler,0.8,0.0,0,0
316,5aba9c9a5542994dbf01997b,Rosie Webster's father is played by an actor who has played that same role since what year?,1983,bridge,medium,"Answer: 2000 Confidence: 0.8 
Answer: 2001 Confidence: 0.1 
Answer: 1999 Confidence: 0.05 
Answer: 2002 Confidence: 0.03 
Answer: 2003 Confidence: 0.02",2000,0.8,0.0,0,0
317,5ab5f0e1554299488d4d9a5c,"What size population does the County Connection public transit in Concord, California service?","a population of 122,067",bridge,easy,"Answer: 125,000 Confidence: 0.4 
Answer: 150,000 Confidence: 0.3 
Answer: 120,000 Confidence: 0.2 
Answer: 250,000 Confidence: 0.05 
Answer: 425,000 Confidence: 0.0","125,000",0.4,0.0,0,0
318,5ae68dc055429908198fa604,"Joy Wants Eternity is a five piece post-rock band from which city, it can be surmised that the name of the band is a reference to the philosophical poem Zarathustra's roundelay of Friedrich Nietzsche's Thus Spoke Zarathustra?",Seattle,bridge,easy,"Answer: Seattle Confidence: 0.8 
Answer: Portland Confidence: 0.1 
Answer: Denver Confidence: 0.05 
Answer: Chicago Confidence: 0.03 
Answer: Los Angeles Confidence: 0.02",Seattle,0.8,1.0,1,1
319,5add3a335542997545bbbcc6,Who is the composer of the eleventh studio album from the Beach Boys?,Brian Wilson,bridge,medium,"Answer: Brian Wilson Confidence: 0.8 
Answer: Dennis Wilson Confidence: 0.1 
Answer: Carl Wilson Confidence: 0.05 
Answer: Mike Love Confidence: 0.03 
Answer: Al Jardine Confidence: 0.02",Brian Wilson,0.8,1.0,1,1
320,5a7d960d5542990b8f5039c0,The director of Jack the Giant Slayer is the founder of what production company?,Bad Hat Harry Productions,bridge,hard,"Answer: Mythology Entertainment Confidence: 0.0 
Answer: Bad Robot Confidence: 0.0 
Answer: Legendary Pictures Confidence: 0.4 
Answer: Original Film Confidence: 0.6 
Answer: New Line Cinema Confidence: 0.0",Original Film,0.6,0.0,0,0
321,5adc3601554299438c868d74,Who were Jeff Celentano and Hugh Hudson?,film director,comparison,easy,"Answer: Film directors Confidence: 0.8 
Answer: Athletes Confidence: 0.1 
Answer: Musicians Confidence: 0.05 
Answer: Actors Confidence: 0.05 
Answer: Politicians Confidence: 0.0",Film directors,0.8,0.5,0,1
322,5ac515fc5542996feb3fe9f3,"Which Audi vehicle debuted first, the Audi Steppenwolf or the Audi TT?",Audi TT,bridge,hard,"Answer: Audi TT Confidence: 1.0 
Answer: Audi Steppenwolf Confidence: 0.0 
Answer: None Confidence: 0.0 
Answer: Audi TT Confidence: 0.0 
Answer: Audi Steppenwolf Confidence: 0.0",Audi TT,1.0,1.0,1,1
323,5a81f668554299676cceb19e,What type of government position does Bourke's parrot and Richard Bourke have in common?,Governor,bridge,medium,"Answer: Governor Confidence: 0.8 
Answer: Premier Confidence: 0.1 
Answer: Mayor Confidence: 0.05 
Answer: Chancellor Confidence: 0.05 
Answer: President Confidence: 0.0",Governor,0.8,1.0,1,1
324,5abb1f615542992ccd8e7f1c,"Who was this German actor who appeared in ""Aguirre, the Wrath of God"" (1972) and ""And God Said to Cain"" (1970)?",Klaus Kinski,bridge,medium,"Answer: Klaus Kinski Confidence: 0.9 
Answer: Herbert Lom Confidence: 0.05 
Answer: Gert Günther Hoffmann Confidence: 0.02 
Answer: Helmut Damm Confidence: 0.01 
Answer: Rolf Henniger Confidence: 0.01",Klaus Kinski,0.9,1.0,1,1
325,5ac1ad2955429963665198e2,What book was the 50th Speaker of the United States House of Representatives mentioned in? ,The Unwinding,bridge,easy,"Answer: Profiles in Courage Confidence: 0.8 
Answer: John Adams Confidence: 0.4 
Answer: A Thousand Days Confidence: 0.3 
Answer: The Bostonians Confidence: 0.2 
Answer: Truman Confidence: 0.1",Profiles in Courage,0.8,0.0,0,0
326,5a805e33554299485f5985d3,"Of Harry Lachman and Lionel Barrymore, which man was an actor?",Lionel Barrymore,comparison,hard,"Answer: Lionel Barrymore Confidence: 1.0 
Answer: Harry Lachman Confidence: 0.0 
Answer: Both Confidence: 0.0 
Answer: Neither Confidence: 0.0 
Answer: Harry Confidence: 0.0",Lionel Barrymore,1.0,1.0,1,1
327,5a7603ab5542994ccc918687,What conference did former Oklahoma Sooners star Willie Warren play in?,Big 12 Conference.,bridge,medium,"Answer: Big 12 Confidence: 0.9 
Answer: NCAA Confidence: 0.8 
Answer: SEC Confidence: 0.1 
Answer: ACC Confidence: 0.05 
Answer: Pac-12 Confidence: 0.05",Big 12,0.9,0.8,0,1
328,5a8b544755429971feec46cf,Sean Connery portrayed Mark Rutland in the 1964 film directed by whom?,Alfred Hitchcock,bridge,medium,"Answer: Sidney Lumet Confidence: 0.8 
Answer: Alfred Hitchcock Confidence: 0.1 
Answer: Sidney J. Furie Confidence: 0.05 
Answer: Robert Stevens Confidence: 0.025 
Answer: Sidney Franklin Confidence: 0.025",Sidney Lumet,0.8,0.0,0,0
329,5a7917d955429974737f7982,What is the birthday of the older person among Chelsea Noble and Kirk Cameron?,"December 4, 1964",bridge,hard,"Answer: October 31, 1964 Confidence: 0.8 
Answer: April 12, 1971 Confidence: 0.2 
Answer: February 12, 1970 Confidence: 0.0 
Answer: October 31, 1971 Confidence: 0.0 
Answer: April 12, 1964 Confidence: 0.0","October 31, 1964",0.8,0.3333333333333333,0,0
330,5a73af8c5542992d56e7e385,What computer program does MGM wireless provide to run on a mobile device?,A mobile app,bridge,medium,"Answer: MGM Resorts App Confidence: 0.8 
Answer: MGM Mobile App Confidence: 0.7 
Answer: MyVegas Confidence: 0.4 
Answer: MGM Wireless App Confidence: 0.3 
Answer: Mlife Confidence: 0.2",MGM Resorts App,0.8,0.4,0,0
331,5a8b2e2855429971feec4669,The Tamasheq language is spoken principally in an area located 20 km north of what river?,Niger River,bridge,medium,"Answer: Niger Confidence: 0.9 
Answer: Senegal Confidence: 0.05 
Answer: Benue Confidence: 0.02 
Answer: Volta Confidence: 0.01 
Answer: Logone Confidence: 0.02",Niger,0.9,0.6666666666666666,0,1
332,5a809d455542996402f6a5aa,Calcutta Youth Choir was set up in 1958 by Ruma Guha Thakurta with an Indian music composer who was also a poet and a what?,playwright,bridge,medium,"Answer: playwright Confidence: 0.8 
Answer: novelist Confidence: 0.1 
Answer: actor Confidence: 0.05 
Answer: dancer Confidence: 0.05 
Answer: filmmaker Confidence: 0.0",playwright,0.8,1.0,1,1
333,5abce400554299114383a17d,"what aviation service operates based in Orlando,Florida that had an incident killing all seven people involved?",National Airlines,bridge,easy,"Answer: NASA Confidence: 0.2 
Answer: Coast Guard Confidence: 0.1 
Answer: Private charter Confidence: 0.3 
Answer: National Transportation Safety Board Confidence: 0.05 
Answer: ExecuFlight Confidence: 0.35",ExecuFlight,0.35,0.0,0,0
334,5a8bc0665542997f31a41db7,Which state did this male American academic and politician serve as a senator under whom Natalie Ravitz was a prominent staffer?,Minnesota,bridge,medium,"Answer: California Confidence: 0.2 
Answer: New York Confidence: 0.1 
Answer: Massachusetts Confidence: 0.3 
Answer: Illinois Confidence: 0.2 
Answer: Michigan Confidence: 0.1",Massachusetts,0.3,0.0,0,0
335,5abbfa0555429965836003cb,What day was the book published that was illustarted alongside Dorothy and the Wizard in Oz?,"July 20, 1910",bridge,medium,"Answer: June 17 Confidence: 0.2 
Answer: July 17 Confidence: 0.1 
Answer: Tuesday Confidence: 0.05 
Answer: Monday Confidence: 0.05 
Answer: Sunday Confidence: 0.0",June 17,0.2,0.0,0,0
336,5abd713255429933744ab7db,The building Henry Crown owned from 1951 to 1961 is how many feet tall?,1454,bridge,medium,"Answer: 1,451 Confidence: 0.8 
Answer: 1,128 Confidence: 0.4 
Answer: 942 Confidence: 0.2 
Answer: 1,007 Confidence: 0.1 
Answer: 828 Confidence: 0.1","1,451",0.8,0.0,0,0
337,5a76057f554299109176e60d,"Which album  released in 1984 by Atlantic Records was produced by the calypso artist best known for his 1956 hit, a traditional Jamaican folk song?",Beat Street,bridge,medium,"Answer: Mirage Confidence: 0.2 
Answer: Anastasia Confidence: 0.1 
Answer: Private Dancer Confidence: 0.3 
Answer: The Wild Heart Confidence: 0.1 
Answer: Break Out Confidence: 0.3",Private Dancer,0.3,0.0,0,0
338,5ab7f77d5542993667794073,"Prior to serving as a member of the Provisional Congress of the Confederate States from Mississippi, William S. Barry served as a member of which majority-black district in the state, covering much of western Mississippi?",Mississippi's 2nd congressional district,bridge,hard,"Answer: Mississippi State Senate Confidence: 0.2 
Answer: Mississippi House of Representatives Confidence: 0.3 
Answer: Jefferson County Confidence: 0.1 
Answer: Claiborne County Confidence: 0.1 
Answer: Yazoo County Confidence: 0.4",Yazoo County,0.4,0.0,0,0
339,5a8efd1655429918e830d178,"What year was the ship, in which Sink the Belgrano! was based on, listed as out of service?",1982,bridge,hard,"Answer: 1983 Confidence: 0.8 
Answer: 1985 Confidence: 0.1 
Answer: 1982 Confidence: 0.05 
Answer: 1980 Confidence: 0.025 
Answer: 1979 Confidence: 0.025",1983,0.8,0.0,0,0
340,5a8405205542990548d0b256,Belgrave Heights Christian School is located in a low mountain range with its highest mountain rising to how many meters ?,633 metres,bridge,hard,"Answer: 630 Confidence: 0.8 
Answer: 660 Confidence: 0.6 
Answer: 650 Confidence: 0.7 
Answer: 640 Confidence: 0.7 
Answer: 635 Confidence: 0.5",630,0.8,0.0,0,0
341,5adc1e4c5542994650320c7f,Which Puerto Rican boxer did Kenny Lane fight for a title?,Carlos Ortiz,bridge,medium,"Answer: Carlos Ortiz Confidence: 0.8 
Answer: José Torres Confidence: 0.1 
Answer: Wilfred Benítez Confidence: 0.05 
Answer: Félix Trinidad Confidence: 0.03 
Answer: Wilfred Gómez Confidence: 0.02",Carlos Ortiz,0.8,1.0,1,1
342,5ae2e2c655429928c423952d,When was the American Democratic politician which was the governor of 185th New York State Legislature born?,"June 15, 1932",bridge,medium,"Answer: 1884 Confidence: 0.2 
Answer: 1876 Confidence: 0.1 
Answer: 1857 Confidence: 0.1 
Answer: 1823 Confidence: 0.1 
Answer: 1792 Confidence: 0.1",1884,0.2,0.0,0,0
343,5ac4eb4055429924173fb4d6,What Vietnam War veteran was associated with Within the Rock?,Dale Dye,bridge,medium,"Answer: Jack McGeorge Confidence: 0.8 
Answer: Oliver Stone Confidence: 0.05 
Answer: Ron Kovic Confidence: 0.05 
Answer: John Rambo Confidence: 0.05 
Answer: Victor V Forsythe Jr Confidence: 0.05",Jack McGeorge,0.8,0.0,0,0
344,5ae21f59554299234fd043e1,what does Seen It All: The Autobiography and Boosie Badazz have in common?,American rapper,bridge,easy,"Answer: Lil Boosie Confidence: 0.9 
Answer: Rapper Confidence: 0.8 
Answer: Hip-Hop Confidence: 0.7 
Answer: Louisiana Confidence: 0.6 
Answer: Music Confidence: 0.5",Lil Boosie,0.9,0.0,0,0
345,5a7dc19b5542990b8f503a79,Where was the song that was a lead single for the eleventh studio album by American rock band Weezer first performed?,the SXSW,bridge,medium,"Answer: Los Angeles Confidence: 0.2 
Answer: New York Confidence: 0.1 
Answer: Tokyo Confidence: 0.05 
Answer: London Confidence: 0.05 
Answer: Chicago Confidence: 0.05",Los Angeles,0.2,0.0,0,0
346,5ab931dc554299753720f78c,"Richard Bartlett Schroder, Jr. debuted in which 1979 American drama sports film directed by Franco Zeffirelli?",The Champ,bridge,medium,"Answer: The Champ Confidence: 0.9 
Answer: Kramer vs. Kramer Confidence: 0.05 
Answer: All That Jazz Confidence: 0.0 
Answer: Breaking Away Confidence: 0.0 
Answer: North Dallas Forty Confidence: 0.05",The Champ,0.9,1.0,1,1
347,5ae31d4c5542991a06ce992a,"When was the company, of which Ernest Walter Hives was one time chairman, founded ?",1904,bridge,medium,"Answer: Rolls-Royce Confidence: 0.9 
Answer: Rolls-Royce Ltd Confidence: 0.8 
Answer: Royce Ltd Confidence: 0.2 
Answer: Renault Confidence: 0.1 
Answer: Toyota Confidence: 0.0",Rolls-Royce,0.9,0.0,0,0
348,5ae48ae35542995ad6573d69,"Which of the actors featured in ""Look Who's Talking"" became popular in the 1960s and 1970s for playing both dramatic and comedic roles?",George Segal,bridge,hard,"Answer: John Travolta Confidence: 0.8 
Answer: Kirstie Alley Confidence: 0.2 
Answer: Bruce Willis Confidence: 0.0 
Answer: Diane Keaton Confidence: 0.0 
Answer: Robert De Niro Confidence: 0.0",John Travolta,0.8,0.0,0,0
349,5abc879d554299700f9d78e8,Kevin Bulmer was a contributor to a magazine published by what British games manufacturer?,Games Workshop,bridge,medium,"Answer: Games Workshop Confidence: 0.8 
Answer: GW Confidence: 0.7 
Answer: Rebellion Confidence: 0.2 
Answer: Virgin Confidence: 0.1 
Answer: Ocean Confidence: 0.1",Games Workshop,0.8,1.0,1,1
350,5a85d0045542997175ce203a," ""One Fish, Two Fish, Blowfish, Blue Fish"" is the eleventh episode of 22 episdoes that season that aired between what dates?","October 11, 1990 and May 9, 1991",bridge,hard,"Answer: 1990-1991 Confidence: 0.8 
Answer: 1990-1992 Confidence: 0.1 
Answer: 1989-1990 Confidence: 0.05 
Answer: 1991-1992 Confidence: 0.05 
Answer: 1987-1988 Confidence: 0.0",1990-1991,0.8,0.0,0,0
351,5ae3abd25542992f92d82332,Frank Fertitta Jr was the founder of Station Casinos based in what county?,Clark County,bridge,medium,"Answer: Clark County Confidence: 0.9 
Answer: Las Vegas County Confidence: 0.0 
Answer: Nevada County Confidence: 0.0 
Answer: Carson County Confidence: 0.0 
Answer: Nye County Confidence: 0.1",Clark County,0.9,1.0,1,1
352,5a774dc755429972597f14f1,Bally's & Paris station is located in which city?,"Paradise, Nevada",bridge,medium,"Answer: Las Vegas Confidence: 0.9 
Answer: Paris Confidence: 0.1 
Answer: Monaco Confidence: 0.0 
Answer: London Confidence: 0.0 
Answer: New York Confidence: 0.0",Las Vegas,0.9,0.0,0,0
353,5abc3605554299114383a106,"The Simpson's episode ""Das Bus"" is a parody of a novel by what author?",William Golding,bridge,hard,"Answer: William Golding Confidence: 0.9 
Answer: Daniel Defoe Confidence: 0.05 
Answer: Robert Louis Stevenson Confidence: 0.03 
Answer: Jules Verne Confidence: 0.01 
Answer: Jonathan Swift Confidence: 0.01",William Golding,0.9,1.0,1,1
354,5ac05f1b5542992a796ded02,In the Claws of Brightness was originally serialized  in the magazine that has been published since what year?,1922,bridge,medium,"Answer: 1949 Confidence: 0.2 
Answer: 1950 Confidence: 0.3 
Answer: 1968 Confidence: 0.1 
Answer: 1951 Confidence: 0.2 
Answer: 1946 Confidence: 0.2",1950,0.3,0.0,0,0
355,5adc9f6e5542990d50227cc6,"When was the Australian-British dancer who was one of the judges of ""Strictly Come Dancing"" born",4 January 1965,bridge,hard,"Answer: Craig Revel Horwood Confidence: 0.8 
Answer: Len Goodman Confidence: 0.1 
Answer: Dame Darcey Bussell Confidence: 0.05 
Answer: Shirley Ballas Confidence: 0.05 
Answer: Craig Revel Horwood 1965 Confidence: 0.0",Craig Revel Horwood,0.8,0.0,0,0
356,5a758bf85542992db9473678,Who was born first Scipio Africanus or Santiago Posteguillo ?,Scipio Africanus,bridge,medium,"Answer: Scipio Africanus Confidence: 1.0 
Answer: Santiago Posteguillo Confidence: 0.0 
Answer: No one Confidence: 0.0 
Answer: Unknown Confidence: 0.0 
Answer: None Confidence: 0.0",Scipio Africanus,1.0,1.0,1,1
357,5addb2875542997dc7907013,"Self and Family Life are both magazines, do they share the same publisher?",no,comparison,medium,"Answer: No Confidence: 0.8 
Answer: Yes Confidence: 0.2 
Answer: Unknown Confidence: 0.5 
Answer: Maybe Confidence: 0.3 
Answer: Unlikely Confidence: 0.6",No,0.8,1.0,1,1
358,5ab8146555429916710eafe0,Which Walt Disney Animation Studios' animated feature film has this fictional character whose sidekick is Pascal?,Tangled,bridge,medium,"Answer: Tangled Confidence: 0.9 
Answer: Rapunzel Confidence: 0.8 
Answer: Frozen Confidence: 0.1 
Answer: Moana Confidence: 0.05 
Answer: Enchanted Confidence: 0.05",Tangled,0.9,1.0,1,1
359,5a78fab35542990784727773,In what province of Argentina is Esquel located?,Chubut Province,bridge,medium,"Answer: Chubut Confidence: 1.0 
Answer: Santa Cruz Confidence: 0.0 
Answer: Tierra del Fuego Confidence: 0.0 
Answer: Neuquen Confidence: 0.0 
Answer: Rio Negro Confidence: 0.0",Chubut,1.0,0.6666666666666666,0,1
360,5a713b165542994082a3e6b2,Thomas Bell Polla lead what group that wanted to annex territories in Mexico and Central America?,Knights of the Golden Circle,bridge,medium,"Answer: Filibusters Confidence: 0.8 
Answer: Know Nothing Party Confidence: 0.2 
Answer: Knights of the Golden Circle Confidence: 0.5 
Answer: Mexican-American War Veterans Confidence: 0.1 
Answer: William Walker's Expedition Confidence: 0.6",Filibusters,0.8,0.0,0,0
361,5a8138c155429938b6142300,"Between Nikos Kazantzakis and Thomas Sigismund Stribling, who had more diverse job experiences?",Thomas Sigismund Stribling,comparison,hard,"Answer: Nikos Kazantzakis Confidence: 0.7 
Answer: Thomas Sigismund Stribling Confidence: 0.3 
Answer: Kazantzakis Confidence: 0.6 
Answer: Stribling Confidence: 0.2 
Answer: Nikos Confidence: 0.4",Nikos Kazantzakis,0.7,0.0,0,0
362,5ab297bd554299449642c91b,Which British TV station aired both Dance Factory and Bargain Hunt,BBC One,bridge,medium,"Answer: BBC Confidence: 0.8 
Answer: ITV Confidence: 0.1 
Answer: Channel 4 Confidence: 0.05 
Answer: Channel 5 Confidence: 0.03 
Answer: BBC Two Confidence: 0.02",BBC,0.8,0.6666666666666666,0,1
363,5ac3c26e5542995ef918c227,Bequest to the Nation was a film that depicted a relationship that included which model and mistress of Lord Nelson?,"Emma, Lady Hamilton",bridge,medium,"Answer: Emma Hamilton Confidence: 0.9 
Answer: Lady Hamilton Confidence: 0.8 
Answer: Emma Lady Hamilton Confidence: 0.7 
Answer: Amy Lyon Confidence: 0.2 
Answer: Emma Carew Confidence: 0.1",Emma Hamilton,0.9,0.8,0,1
364,5abd8d495542996e802b47c1,The 1991 Tampa Bay Buccaneers ended their season with a replacement of their head coach with which proponent of the no-huddle offense?,"Samuel David ""Sam"" Wyche",bridge,hard,"Answer: Sam Wyche Confidence: 0.9 
Answer: Bill Walsh Confidence: 0.05 
Answer: Buddy Ryan Confidence: 0.03 
Answer: Jimmy Johnson Confidence: 0.01 
Answer: Dan Reeves Confidence: 0.01",Sam Wyche,0.9,0.6666666666666666,0,1
365,5abd8da255429924427fd053,"According to the 2010 census, what was the population of the county containing Florida State Road 163?","864,263",bridge,medium,"Answer: Escambia County Confidence: 0.8 
Answer: Santa Rosa County Confidence: 0.1 
Answer: Okaloosa County Confidence: 0.05 
Answer: Walton County Confidence: 0.025 
Answer: Holmes County Confidence: 0.025",Escambia County,0.8,0.0,0,0
366,5a7f5c795542992097ad2f39,"In regards to the person who was a Member of Parliament for the Leigh constituency before Jo Platt, what year was that person born?",1970,bridge,medium,"Answer: Andy Burnham Confidence: 0.8 
Answer: 1970 Confidence: 0.9 
Answer: Andy Burnham 1970 Confidence: 0.6 
Answer: 1970s Confidence: 0.4 
Answer: Andrew Confidence: 0.2",1970,0.9,1.0,1,1
367,5a88a71f5542997e5c09a68e,What Dutch professional football club based in Amsterdam can claim Sven Westendorp as a supporter?,AFC Ajax,bridge,easy,"Answer: Ajax Confidence: 0.8 
Answer: Amsterdamsche FC Confidence: 0.1 
Answer: Blauw-Wit Confidence: 0.05 
Answer: FC Amsterdam Confidence: 0.03 
Answer: Zeeburgia Confidence: 0.02",Ajax,0.8,0.6666666666666666,0,1
368,5ae7f66b5542993210983fd5,In which 2016 film starred one of the voice actors from Fable III?,Moonlight,bridge,medium,"Answer: Zootopia Confidence: 0.4 
Answer: Sing Confidence: 0.3 
Answer: Moana Confidence: 0.2 
Answer: Trolls Confidence: 0.1 
Answer: Kubo Confidence: 0.0",Zootopia,0.4,0.0,0,0
369,5ab81a0a5542990e739ec822,You can buy Blues to the Bush on ebay. Who founded ebay in 1995?,Pierre Omidyar,bridge,easy,"Answer: Pierre Omidyar Confidence: 0.9 
Answer: Jeff Skoll Confidence: 0.1 
Answer: Meg Whitman Confidence: 0.0 
Answer: John Donahoe Confidence: 0.0 
Answer: Jamie Iannone Confidence: 0.0",Pierre Omidyar,0.9,1.0,1,1
370,5adff11755429925eb1afb56,"According to the U.S. Census Bureau's 2010 data, what was the population of the birthplace of Max Emerson?","15,220",bridge,medium,"Answer: New York Confidence: 0.2 
Answer: USA Confidence: 0.1 
Answer: Yokosuka Confidence: 0.0 
Answer: Tokyo Confidence: 0.0 
Answer: Vero Beach Confidence: 0.6",Vero Beach,0.6,0.0,0,0
371,5a7f87575542994857a76768,What is the name of the winner of Celebrity Big Brother 10's dog?,Valerie,bridge,hard,"Answer: Rylan Clark Confidence: 0.0 
Answer: Pudsey Confidence: 0.2 
Answer: Boo Confidence: 0.1 
Answer: Vinnie Confidence: 0.0 
Answer: Twin Confidence: 0.0",Pudsey,0.2,0.0,0,0
372,5a7e59b55542991319bc946e,Which university Gregory Stephen Jerman represented as member of BU in the 1998 NCAA Division I-A football season?,Baylor University,bridge,medium,"Answer: Boston University Confidence: 0.8 
Answer: Baylor University Confidence: 0.2 
Answer: Butler University Confidence: 0.0 
Answer: Bradley University Confidence: 0.0 
Answer: Bowling Green State University Confidence: 0.0",Boston University,0.8,0.5,0,0
373,5a77817355429949eeb29ea5,"Bret Alan Stafford is a former American football player, who records have since been surpassed by which American football quarterback, who is currently a free agent?",Vincent Paul Young Jr.,bridge,easy,"Answer: Tom Brady Confidence: 0.2 
Answer: Aaron Rodgers Confidence: 0.3 
Answer: Drew Brees Confidence: 0.1 
Answer: Peyton Manning Confidence: 0.05 
Answer: Patrick Mahomes Confidence: 0.15",Aaron Rodgers,0.3,0.0,0,0
374,5ade8f2d5542992fa25da7c9,Ryan Alosio  plays 'Miles Farber' on a series produced by a a Canadian-American actor known for his highly energetic what?,slapstick performances,bridge,medium,"Answer: performances Confidence: 0.8 
Answer: hosting Confidence: 0.6 
Answer: comedy Confidence: 0.4 
Answer: roles Confidence: 0.3 
Answer: impressions Confidence: 0.1",performances,0.8,0.6666666666666666,0,0
375,5a8759205542993e715abf04,"Which is from farther South, Saving Abel or Joy Division?",Saving Abel,comparison,medium,"Answer: Joy Division Confidence: 0.0 
Answer: Saving Abel Confidence: 0.8 
Answer: Joy Division Confidence: 0.2 
Answer: Saving Abel Confidence: 0.9 
Answer: Saving Abel Confidence: 0.8",Saving Abel,0.9,1.0,1,1
376,5ae618325542992663a4f25d,What is the nationality of the producer of the 2012 American survival drama film based on Yann Martel's 2001 novel?,American,bridge,medium,"Answer: Indian Confidence: 0.8 
Answer: American Confidence: 0.1 
Answer: Canadian Confidence: 0.05 
Answer: British Confidence: 0.03 
Answer: Taiwanese Confidence: 0.02",Indian,0.8,0.0,0,0
377,5a8c5107554299653c1aa03a,"Call a spade a spade has been used in literary works by what British playwright, novelist, and short story writer who was reportedly the highest-paid author during the 1930s?",William Somerset Maugham,bridge,hard,"Answer: Agatha Christie Confidence: 0.2 
Answer: P.G. Wodehouse Confidence: 0.3 
Answer: Edgar Wallace Confidence: 0.1 
Answer: Aldous Huxley Confidence: 0.1 
Answer: Enid Blyton Confidence: 0.3",P.G. Wodehouse,0.3,0.0,0,0
378,5ab78ef155429928e1fe387f,Who are the two main characters of the animated Cartoon Network series that Boulder Media is best known for?,Mac and Bloo,bridge,hard,"Answer: Finn Confidence: 0.9 
Answer: Jake Confidence: 0.9 
Answer: Steven Confidence: 0.1 
Answer: Garnet Confidence: 0.1 
Answer: Gumball Confidence: 0.0",Finn,0.9,0.0,0,0
379,5add626b5542995b365fab22,"In which 2014 American romantic teen drama, based on the novel of the same name by John Green, did Ansel Elgort play the character Augustus Waters?",Ansel Elgort,bridge,hard,"Answer: The Fault in Our Stars Confidence: 1.0 
Answer: Divergent Confidence: 0.0 
Answer: The Hunger Games Confidence: 0.0 
Answer: The Maze Runner Confidence: 0.0 
Answer: Paper Towns Confidence: 0.0",The Fault in Our Stars,1.0,0.0,0,0
380,5ab759e85542995dae37e90d,"Who did Timothy L. Spall portray in the film ""The Enfield Haunting""?",Maurice Grosse,bridge,easy,"Answer: Maurice Grosse Confidence: 0.8 
Answer: Guy Lyon Playfair Confidence: 0.7 
Answer: Mauriceτ Confidence: 0.2 
Answer: Frank Confidence: 0.1 
Answer: Guy Playfair Confidence: 0.6",Maurice Grosse,0.8,1.0,1,1
381,5ae7ed8d5542994a481bbe36,"What is the name of this American actress, musician, and director, borh in October 1989, who starred in Sleepover?",Brie Larson,bridge,medium,"Answer: Mandy Moore Confidence: 0.2 
Answer: Alexa Vega Confidence: 0.6 
Answer: Aly Michalka Confidence: 0.1 
Answer: Hilary Duff Confidence: 0.05 
Answer: Alexa PenaVega Confidence: 0.05",Alexa Vega,0.6,0.0,0,0
382,5a8637e55542991e771815c4,"What actress from 2015 film ""The Rumperbutts"" is also known for roles on ""Pretty Little Liars"", ""Suits"" and ""Blue Bloods""?",Vanessa Ray,bridge,easy,"Answer: Kelsey Asbille Confidence: 0.0 
Answer: Ashley Benson Confidence: 0.8 
Answer: Troian Bellisario Confidence: 0.4 
Answer: Shay Mitchell Confidence: 0.2 
Answer: Katie Lowes Confidence: 0.6",Ashley Benson,0.8,0.0,0,0
383,5a8610495542996432c57187,"André Gide, in 1947, won the prize named after which philanthropist?",Alfred Nobel,bridge,medium,"Answer: Nobel Confidence: 0.9 
Answer: Pulitzer Confidence: 0.05 
Answer: Carnegie Confidence: 0.02 
Answer: Rockefeller Confidence: 0.01 
Answer: Ford Confidence: 0.01",Nobel,0.9,0.6666666666666666,0,1
384,5a82d46255429966c78a6a91,What year did the movie come out that Secrets is notably similar to?,1985,bridge,medium,"Answer: 1994 Confidence: 0.2 
Answer: 2002 Confidence: 0.1 
Answer: 2004 Confidence: 0.1 
Answer: 1999 Confidence: 0.1 
Answer: 2013 Confidence: 0.05",1994,0.2,0.0,0,0
385,5ae5108b55429908b6326508,"Nick Pollotta, was an American author, he is best known for his humorous novels, including which science-fiction novel, with Phil Foglio, an American cartoonist and comic book artist best known for his humorous science fiction and fantasy art?",Illegal Aliens,bridge,easy,"Answer: Illegal Aliens Confidence: 0.8 
Answer: That Darn Squid Confidence: 0.6 
Answer: Angels Passing Confidence: 0.2 
Answer: Demon Knights Confidence: 0.1 
Answer: Griffen McCandle Confidence: 0.1",Illegal Aliens,0.8,1.0,1,1
386,5a7c500655429907fabeef5b,"Backmasking is a sound recording effect, that deliberately reverses which media?",magnetic tape,bridge,hard,"Answer: Audio Confidence: 0.9 
Answer: Tape Confidence: 0.8 
Answer: Music Confidence: 0.7 
Answer: Tracks Confidence: 0.6 
Answer: Records Confidence: 0.5",Audio,0.9,0.0,0,1
387,5a86fa0a5542991e771816a2,Where was the playwright who wrote Black Nativity from?,"Joplin, Missouri",bridge,medium,"Answer: Harlem Confidence: 0.8 
Answer: New York Confidence: 0.6 
Answer: Langston Hughes' hometown Confidence: 0.4 
Answer: Joplin Confidence: 0.2 
Answer: Kansas Confidence: 0.1",Harlem,0.8,0.0,0,0
388,5a7522aa5542996c70cfae93,"The Australian women's national soccer team represents Australia in international women's soccer at the senior level, the team's official nickname is the Matildas, their  best-known bush ballad, that has been described as the country's ""unofficial national anthem"", is titled?",Waltzing Matilda,bridge,easy,"Answer: Waltzing Matilda Confidence: 0.9 
Answer: The Wild Colonial Boy Confidence: 0.05 
Answer: Click Go the Shearers Confidence: 0.03 
Answer: Botany Bay Confidence: 0.01 
Answer: Tie Me Kangaroo Down Confidence: 0.01",Waltzing Matilda,0.9,1.0,1,1
389,5ae2ad0d5542996483e64a3a,The Eagle's Brood starred which film actor who also played the role of Hopalong Cassidy?,William Lawrence Boyd,bridge,medium,"Answer: William Boyd Confidence: 0.9 
Answer: Lee J. Cobb Confidence: 0.0 
Answer: Joel McCrea Confidence: 0.0 
Answer: Randolph Scott Confidence: 0.1 
Answer: Gary Cooper Confidence: 0.0",William Boyd,0.9,0.8,0,1
390,5ae1d3685542997283cd227c,The Lusthog Squad was depicted in the 1987 film by which American film director and producer?,Stanley Kubrick,bridge,medium,"Answer: Oliver Stone Confidence: 0.7 
Answer: Stanley Kubrick Confidence: 0.2 
Answer: Martin Scorsese Confidence: 0.05 
Answer: Brian De Palma Confidence: 0.03 
Answer: Robert Zemeckis Confidence: 0.0",Oliver Stone,0.7,0.0,0,0
391,5a7b550e5542992d025e6808,"What song, co-produced by a man who currently resides in New York City, released on September 10 and in the song Rihanna demands physical attention from her lover?",Only Girl,bridge,easy,"Answer: Work Confidence: 0.8 
Answer: Kiss It Better Confidence: 0.6 
Answer: Needed Me Confidence: 0.4 
Answer: Sex with Me Confidence: 0.2 
Answer: Desperado Confidence: 0.1",Work,0.8,0.0,0,0
392,5ae3a3f95542994393b9e730,In what War was Prince Christoph of Hesse accidentally killed?,World War II,bridge,hard,"Answer: World War II Confidence: 0.8 
Answer: World War I Confidence: 0.1 
Answer: Spanish Civil War Confidence: 0.05 
Answer: German Revolution Confidence: 0.0 
Answer: Franco-Prussian War Confidence: 0.05",World War II,0.8,1.0,1,1
393,5ab2a092554299340b525530,What year was the director of Child of God born?,1978,bridge,medium,"Answer: 1946 Confidence: 0.8 
Answer: 1969 Confidence: 0.1 
Answer: 1958 Confidence: 0.05 
Answer: 1948 Confidence: 0.025 
Answer: 1940 Confidence: 0.025",1946,0.8,0.0,0,0
394,5a8bef395542995d1e6f146a,What football position did Lopes' former boyfriend play?,wide receiver,bridge,hard,"Answer: Quarterback Confidence: 0.2 
Answer: Runningback Confidence: 0.1 
Answer: Wide Receiver Confidence: 0.2 
Answer: Linebacker Confidence: 0.2 
Answer: Kicker Confidence: 0.1",Quarterback,0.2,0.0,0,0
395,5a790fc755429907847277a1,What was the series name of a reality show where Gemma Clare Collins took part for only three days?,UK series 14,bridge,medium,"Answer: I'm a Celebrity...Get Me Out of Here! Confidence: 0.8 
Answer: Celebrity Big Brother Confidence: 0.1 
Answer: The Only Way is Essex Confidence: 0.05 
Answer: Ex on the Beach Confidence: 0.02 
Answer: Celebrity Survivor Confidence: 0.03",I'm a Celebrity...Get Me Out of Here!,0.8,0.0,0,1
396,5a8102da554299260e20a1fc,"Columbia Records 1958–1986 is an album contains many of Cash's famous hits, including Ring Of Fire and Folsom Prison Blues,a song written in 1953 and first recorded in what year by American singer-songwriter Johnny Cash?",1955,bridge,easy,"Answer: 1955 Confidence: 0.8 
Answer: 1956 Confidence: 0.1 
Answer: 1954 Confidence: 0.05 
Answer: 1957 Confidence: 0.05 
Answer: 1953 Confidence: 0.0",1955,0.8,1.0,1,1
397,5a7a7da05542990198eaf14b,What profession did Charles Brabin and Karl Freund share?,film director,comparison,medium,"Answer: Cinematographer Confidence: 0.8 
Answer: Director Confidence: 0.6 
Answer: Actor Confidence: 0.2 
Answer: Editor Confidence: 0.1 
Answer: Producer Confidence: 0.1",Cinematographer,0.8,0.0,0,0
398,5a8ec88d5542995a26add51c,"Are Qixia, Shandong and Wuchuan, Guangdong in the same country?",yes,comparison,hard,"Answer: Yes Confidence: 1.0 
Answer: China Confidence: 1.0 
Answer: Asia Confidence: 0.8 
Answer: No Confidence: 0.0 
Answer: Possibly Confidence: 0.0",Yes,1.0,1.0,1,1
399,5ac5460c5542993e66e82295,Are America's Civil War and The Watchtower both magazines?,yes,comparison,medium,"Answer: No Confidence: 0.9 
Answer: Yes Confidence: 0.1 
Answer: The Watchtower Confidence: 0.05 
Answer: America's Civil War Confidence: 0.05 
Answer: Yes and No Confidence: 0.0",No,0.9,0.0,0,0
400,5ac4f46155429924173fb50f,Which team defeated the 49ers by 34-31 in the 2013 Super Bowl?,Baltimore Ravens,bridge,hard,"Answer: Ravens Confidence: 1.0 
Answer: Patriots Confidence: 0.0 
Answer: Giants Confidence: 0.0 
Answer: Steelers Confidence: 0.0 
Answer: Packers Confidence: 0.0",Ravens,1.0,0.6666666666666666,0,1
401,5ab9fe1c55429901930fa766,"Highway 64 in the U.S. State of Montana is a route running easterly from the Mountain Village area of which ski resort located in southwestern Montana in Madison County, an hour south of Bozeman via U.S. Highway 191 in Big Sky, Montana?",Big Sky Resort,bridge,easy,"Answer: Big Sky Resort Confidence: 0.9 
Answer: Moonlight Basin Confidence: 0.05 
Answer: Spanish Peaks Confidence: 0.03 
Answer: Yellowstone Club Confidence: 0.01 
Answer: Bridger Bowl Confidence: 0.01",Big Sky Resort,0.9,1.0,1,1
402,5a7fbca15542992097ad2fb7,What year did the guest star of the movie 'The Right of the People' with the birth name of Emanuel Cohen die?,2004,bridge,medium,"Answer: 1942 Confidence: 0.2 
Answer: 1979 Confidence: 0.1 
Answer: 1991 Confidence: 0.1 
Answer: 1944 Confidence: 0.2 
Answer: 1978 Confidence: 0.1",1942,0.2,0.0,0,0
403,5a7a14065542996a35c170bd,Where are the headquarters located for the company which acquired Le Labo in 2014?,"Midtown Manhattan, New York City",bridge,medium,"Answer: New York Confidence: 0.8 
aukee Confidence: 0.0 
Answer: London Confidence: 0.1 
Answer: Paris Confidence: 0.05 
Answer: NYC Confidence: 0.05",New York,0.8,0.5714285714285715,0,1
404,5a8adf8655429951533613a0,"what style of cooking originated from Ireland, or was developed by the Irish people and is part of the culture of Ireland? ",Irish cuisine,bridge,medium,"Answer: Irish stew Confidence: 0.8 
Answer: Colcannon Confidence: 0.6 
Answer: Boxty Confidence: 0.5 
Answer: Soda bread Confidence: 0.7 
Answer: Bacon and cabbage Confidence: 0.4",Irish stew,0.8,0.5,0,0
405,5a89e5f0554299669944a5fe,"What is a genus of flowering plants in the family Boraginaceae, Emilia or Eritrichium ?",Eritrichium,comparison,easy,"Answer: Eritrichium Confidence: 0.6 
Answer: Emilia Confidence: 0.4 
Answer: Cynoglossum Confidence: 0.0 
Answer: Heliotropium Confidence: 0.0 
Answer: Anchusa Confidence: 0.0",Eritrichium,0.6,1.0,1,1
406,5ac2604a55429951e9e6858f,"Who has published more works, Melissa Bank  or Alan Moore?",Alan Moore,comparison,hard,"Answer: Alan Moore Confidence: 0.9 
Answer: Alan Moore Confidence: 0.9 
Answer: Alan Moore Confidence: 0.9 
Answer: Alan Moore Confidence: 0.9 
Answer: Alan Moore Confidence: 0.9",Alan Moore,0.9,1.0,1,1
407,5ab5084155429942dd415fd8,Tom at the Farm starred a French Canadian actor who first received international acclaim in 2009 for what feature?,I Killed My Mother,bridge,medium,"Answer: I Killed My Mother Confidence: 0.8 
Answer: J'ai tué ma mère Confidence: 0.8 
Answer: Polytechnique Confidence: 0.2 
Answer: Heartbeats Confidence: 0.1 
Answer: Mommy Confidence: 0.1",I Killed My Mother,0.8,1.0,1,1
408,5ae0e697554299422ee9954c,What is the birth date of the person who captured 27.7 percent of the vote during the 1976 Iowa Democratic caucuses?,"October 1, 1924",bridge,medium,"Answer: Jimmy Carter Confidence: 0.8 
Answer: Birch Bayh Confidence: 0.1 
Answer: Fred Harris Confidence: 0.05 
Answer: Mo Udall Confidence: 0.025 
Answer: George Wallace Confidence: 0.025",Jimmy Carter,0.8,0.0,0,0
409,5a7d2e415542995ed0d16627,"Cabine C (Portuguese for ""Cabin C"") was a short-lived Brazilian post-punk band from São Paulo, vocalist Ciro Pessoa's lyrics influenced by Romantic and Symbolist poets such as Edgar Allan Poe, ( born Edgar Poe; January 19, 1809) an American writer, editor, and literary critic, death date?","October 7, 1849",bridge,easy,"Answer: October 7, 1849 Confidence: 1.0 
Answer: January 19, 1809 Confidence: 0.0 
Answer: October 3, 1849 Confidence: 0.9 
Answer: October 8, 1849 Confidence: 0.8 
Answer: 1848 Confidence: 0.1","October 7, 1849",1.0,1.0,1,1
410,5a79203c55429974737f799f,"What channel did the two South Park episodes ""Cartman's Mom Is a Dirty Slut"" and ""Cartman's Mom Is Still a Dirty Slut"" premier on in the United States ?",Comedy Central,bridge,medium,"Answer: Comedy Central Confidence: 0.99 
Answer: MTV Confidence: 0.01 
Answer: FOX Confidence: 0.0 
Answer: NBC Confidence: 0.0 
Answer: HBO Confidence: 0.0",Comedy Central,0.99,1.0,1,1
411,5ae2ba415542992decbdcd85,When was the first series premiered in the UK in which Amy McAllister was notable for her role as Mary?,15 January 2012,bridge,medium,"Answer: 2000 Confidence: 0.2 
Answer: 2007 Confidence: 0.15 
Answer: 2009 Confidence: 0.1 
Answer: 2001 Confidence: 0.1 
Answer: 2005 Confidence: 0.05",2000,0.2,0.0,0,0
412,5ac3eaff554299204fd21ec9,"Which activist, Christina Stead or René Char, was a committed Marxist?",Christina Stead,comparison,medium,"Answer: Christina Stead Confidence: 0.8 
Answer: René Char Confidence: 0.2 
Answer: Neither Confidence: 0.0 
Answer: Both Confidence: 0.0 
Answer: None Confidence: 0.0",Christina Stead,0.8,1.0,1,1
413,5a7fb9355542994857a767d9,What is the name of the boxer who fought in the 2009 Fight of the year and retired from boxing in 2011?,Juan Díaz,bridge,medium,"Answer: Juan Manuel Marquez Confidence: 0.2 
Answer: Manny Pacquiao Confidence: 0.3 
Answer: Fernando Montiel Confidence: 0.1 
Answer: Ricky Hatton Confidence: 0.1 
Answer: Juan Diaz Confidence: 0.3",Manny Pacquiao,0.3,0.0,0,0
414,5a7904ae554299078472778a,"What company headquartered in Richfield, Minnesota uses Slyce Inc technology in their mobile applications? ",Best Buy,bridge,medium,"Answer: Best Buy Confidence: 0.8 
Answer: Target Confidence: 0.1 
Answer: Walmart Confidence: 0.0 
Answer: Mayo Clinic Confidence: 0.0 
Answer: U.S. Bank Confidence: 0.1",Best Buy,0.8,1.0,1,1
415,5a8488d55542992ef85e241e,"Which English writer won more Costa Book Awards, Kate Atkinson or J. B. Priestley?",Kate Atkinson,comparison,medium,"Answer: Kate Atkinson Confidence: 0.8 
Answer: J. B. Priestley Confidence: 0.2 
Answer: Neither Confidence: 0.0 
Answer: Both Confidence: 0.0 
Answer: Unknown Confidence: 0.0",Kate Atkinson,0.8,1.0,1,1
416,5a7d94db5542990b8f5039bc,The second largest convention center on its opening in 1990 is owned by what company?,Las Vegas Sands Corporation,bridge,medium,"Answer: Marriott Confidence: 0.2 
Answer: MGM Confidence: 0.1 
Answer: Hilton Confidence: 0.1 
Answer: McCormick Place Confidence: 0.0 
Answer: Las Vegas Convention Confidence: 0.0",Marriott,0.2,0.0,0,0
417,5a8632a955429960ec39b64e,How many songs does the person Jay Albert White impersonates have in the Top 10?,38,bridge,medium,"Answer: Elvis Confidence: 0.8 
Answer: Johnny Cash Confidence: 0.1 
Answer: Roy Orbison Confidence: 0.05 
Answer: Jerry Lee Lewis Confidence: 0.05 
Answer: Buddy Holly Confidence: 0.0",Elvis,0.8,0.0,0,0
418,5a8ca91a554299240d9c21c1," Who was nominated for an Academy Award for Best Animated Short Film for ""Gone Nutty"", Carlos Saldanha, a Brazilian director, or Maya Deren, a Russian-American filmmaker? ",Carlos Saldanha,comparison,medium,"Answer: Carlos Saldanha Confidence: 0.8 
Answer: Jeffrey D. Stevens Confidence: 0.1 
Answer: Carlos Saldanha and Jeffrey D. Stevens Confidence: 0.05 
Answer: None of the above Confidence: 0.025 
Answer: Jeffrey D. Stevens and Tim Johnson Confidence: 0.025",Carlos Saldanha,0.8,1.0,1,1
419,5ae2e58b5542991a06ce98f3,What was the population in 2011 of the English region where The Cathedral Church of the Holy and Undivided Trinity is located ?,"7,052,000",bridge,medium,"Answer: 527300 Confidence: 0.8 
Answer: 255000 Confidence: 0.1 
Answer: 1340000 Confidence: 0.05 
Answer: 461000 Confidence: 0.025 
Answer: 1080000 Confidence: 0.025",527300,0.8,0.0,0,0
420,5a8dd0e655429917b4a5bcb9,"Which is located along a river, Ruijin or Ruichang?",Ruichang,comparison,medium,"Answer: Ruichang Confidence: 0.8 
Answer: Ruijin Confidence: 0.2 
Answer: Both Confidence: 0.0 
Answer: Neither Confidence: 0.0 
Answer: Ruichang Confidence: 0.8",Ruichang,0.8,1.0,1,1
421,5abbce6355429931dba14560,Who is the founder of a Japanese clothing brand and also co-founded Billionaire Boys Club with Pharrell Williams?,Nigo in Ura-Harajuku,bridge,hard,"Answer: Nigo Confidence: 0.9 
Answer: Hiroshi Fujiwara Confidence: 0.05 
Answer: Jun Takahashi Confidence: 0.03 
Answer: Yohji Yamamoto Confidence: 0.01 
Answer: Rei Kawakubo Confidence: 0.01",Nigo,0.9,0.5,0,1
422,5ae82a2355429952e35eaa6f,This railway station 7.9 kilometres from Adelaide station is situated in what city?,Marion,bridge,hard,"Answer: Adelaide Confidence: 0.8 
Answer: Adelaide Hills Confidence: 0.1 
Answer: Elizabeth Confidence: 0.05 
Answer: Port Adelaide Confidence: 0.03 
Answer: Gawler Confidence: 0.02",Adelaide,0.8,0.0,0,0
423,5ae77538554299540e5a55a2,Who is the Aboriginal Canadian artist of the M'Chigeeng?,Norval Morrisseau,bridge,medium,"Answer: Daphne Odjig Confidence: 0.8 
Answer: Norval Morrisseau Confidence: 0.6 
Answer: Roy Thomas Confidence: 0.2 
Answer: Blake Debassige Confidence: 0.4 
Answer: Leland Bell Confidence: 0.1",Daphne Odjig,0.8,0.0,0,0
424,5a85d1b45542997175ce2043,John Work House and Mill Site is located just outside the town in what county?,Clark County,bridge,medium,"Answer: Lincoln Confidence: 0.2 
Answer: Boone Confidence: 0.1 
Answer: Scott Confidence: 0.1 
Answer: Fayette Confidence: 0.1 
Answer: Clark Confidence: 0.5",Clark,0.5,0.6666666666666666,0,1
425,5ae56d4355429960a22e02fa,"The actress who made her acting debut in ""Swordswallowers and Thin Men"" also portrayed Emily Gardner in a film directed by who?",Michael Showalter,bridge,medium,"Answer: Darren Aronofsky Confidence: 0.2 
Answer: Terry Gilliam Confidence: 0.3 
Answer: Steven Soderbergh Confidence: 0.1 
Answer: Woody Allen Confidence: 0.1 
Answer: Noah Baumbach Confidence: 0.3",Terry Gilliam,0.3,0.0,0,0
426,5ab2f6b1554299545a2cfaea,What basketball player was drafted third overall in the 2005 NBA draft by the Utah Jazz and featured as a cover athlete for the game NBA Baller Beats?,Deron Williams,bridge,easy,"Answer: Deron Williams Confidence: 0.8 
Answer: Chris Paul Confidence: 0.1 
Answer: Raymond Felton Confidence: 0.05 
Answer: Andrew Bogut Confidence: 0.0 
Answer: Marvin Williams Confidence: 0.05",Deron Williams,0.8,1.0,1,1
427,5adcb88e5542994ed6169bd3,"Also called the Rutherford gold foil experiment, this New Zealand born British physicist directed the Geiger-Marsden experiment and later was known as the father of nuclear physics. Who was he?",Ernest Rutherford,bridge,easy,"Answer: Ernest Rutherford Confidence: 1.0 
Answer: Ernest Confidence: 0.9 
Answer: Rutherford Confidence: 0.8 
Answer: Geiger Confidence: 0.1 
Answer: Marsden Confidence: 0.1",Ernest Rutherford,1.0,1.0,1,1
428,5a7bb95a554299042af8f7c0,"Which was released first, Frozen 2 or Gus?",Gus,comparison,medium,"Answer: Frozen 2 Confidence: 0.8 
Answer: Gus Confidence: 0.2 
Answer: Frozen Confidence: 0.0 
Answer: Frozen 3 Confidence: 0.0 
Answer: Encanto Confidence: 0.0",Frozen 2,0.8,0.0,0,0
429,5ab7ca925542995dae37e9a0,The son of Stuart James McCullum is an international cricketer who represents which country? ,New Zealand,bridge,medium,"Answer: New Zealand Confidence: 0.9 
Answer: Australia Confidence: 0.05 
Answer: England Confidence: 0.03 
Answer: South Africa Confidence: 0.01 
Answer: India Confidence: 0.01",New Zealand,0.9,1.0,1,1
430,5a78ceb555429970f5fffd8c,"Which university has more alternate names, Colorado State University or Alexandria University?",Colorado State University,comparison,hard,"Answer: Colorado State University Confidence: 0.6 
Answer: Alexandria University Confidence: 0.4 
Answer: Tie Confidence: 0.0 
Answer: Unknown Confidence: 0.0 
Answer: None Confidence: 0.0",Colorado State University,0.6,1.0,1,1
431,5a7cc37f554299452d57ba2a,"Who was the director of the film which had ""Held"" on its soundtrack?",Stephen Frears,bridge,medium,"Answer: Ang Lee Confidence: 0.2 
Answer: Quentin Tarantino Confidence: 0.1 
Answer: James Cameron Confidence: 0.05 
Answer: Sam Mendes Confidence: 0.2 
Answer: David Fincher Confidence: 0.4",David Fincher,0.4,0.0,0,0
432,5ab4093b55429976abd1bd3e,Who is the composer of the song that Friederike Grün was in who is a composer of the Romantic school?,Carl Maria von Weber,bridge,medium,"Answer: Beethoven Confidence: 0.2 
Answer: Brahms Confidence: 0.3 
Answer: Schumann Confidence: 0.4 
Answer: Mendelssohn Confidence: 0.1 
Answer: Wagner Confidence: 0.0",Schumann,0.4,0.0,0,0
433,5a7f9cf15542994857a7677d,"Which documentary, Bomb Harvest or Spencer Halpin's Moral Kombat, was created first?",Bomb Harvest,comparison,medium,"Answer: Bomb Harvest Confidence: 0.8 
Answer: Moral Kombat Confidence: 0.2 
Answer: Bomb Harvest Confidence: 0.0 
Answer: Moral Kombat Confidence: 0.0 
Answer: Bomb Harvest Confidence: 0.0",Bomb Harvest,0.8,1.0,1,1
434,5a7720d65542993569682ce0,Which composer is considered the founder of the Neapolitan school of opera: Gaetano Donizetti or Alessandro Scarlatti?,Pietro Alessandro Gaspare Scarlatti,comparison,hard,"Answer: Alessandro Scarlatti Confidence: 0.9 
Answer: Gaetano Donizetti Confidence: 0.1 
Answer: Claudio Monteverdi Confidence: 0.0 
Answer: Gioachino Rossini Confidence: 0.0 
Answer: Leonardo Vinci Confidence: 0.0",Alessandro Scarlatti,0.9,0.6666666666666666,0,1
435,5a8b97e755429950cd6afd23,"The documentary ""Freedom Downtime"" focuses on a computer hacker arrested in what year?",1995,bridge,medium,"Answer: 1995 Confidence: 0.8 
Answer: 1994 Confidence: 0.1 
Answer: 1997 Confidence: 0.05 
Answer: 1998 Confidence: 0.03 
Answer: 1996 Confidence: 0.02",1995,0.8,1.0,1,1
436,5ab2551d55429970612095e3,What is the nationality of the company that produced Antoine-Jacquet's directorial debut film?,French,bridge,medium,"Answer: French Confidence: 0.8 
Answer: American Confidence: 0.1 
Answer: British Confidence: 0.05 
Answer: Canadian Confidence: 0.03 
Answer: German Confidence: 0.02",French,0.8,1.0,1,1
437,5a8785da5542996e4f308825,"Avenger is a 2006 film starring an actor who played what character in ""The Big Lebowski""?",The Stranger,bridge,medium,"Answer: The Dude Confidence: 0.8 
Answer: Walter Sobchak Confidence: 0.6 
Answer: Donny Confidence: 0.4 
Answer: Jesus Confidence: 0.2 
Answer: Brandeis Confidence: 0.1",The Dude,0.8,0.0,0,0
438,5ac234e755429951e9e6849e,Who is the leader of the Network Italy faction within Popular Alternative?,Roberto Formigoni,bridge,hard,"Answer: Maurizio Lupi Confidence: 0.8 
Answer: Giovanni Toti Confidence: 0.1 
Answer: Fabrizio Cicchitto Confidence: 0.05 
Answer: Stefania Craxi Confidence: 0.03 
Answer: Gaetano Quagliariello Confidence: 0.02",Maurizio Lupi,0.8,0.0,0,0
439,5ae5512555429908b63265d8,Mark Huffam was a producer on a spy comedy film parodying what secret agent?,James Bond,bridge,medium,"Answer: Bond Confidence: 0.8 
Answer: Austin Powers Confidence: 0.1 
Answer: Jason Bourne Confidence: 0.05 
Answer: Ethan Hunt Confidence: 0.03 
Answer: Johnny English Confidence: 0.02",Bond,0.8,0.6666666666666666,0,1
440,5ac1cc9f5542994ab5c67e24,"What was the name of the Osbournes Reloaded host who also is the voice of Hildy Gloom in ""The 7D""?",Kelly Lee Osbourne,bridge,medium,"Answer: Kelly Osbourne Confidence: 0.8 
Answer: Sharon Osbourne Confidence: 0.1 
Answer: Jack Osbourne Confidence: 0.05 
Answer: Ozzy Osbourne Confidence: 0.05 
Answer: Miranda Cosgrove Confidence: 0.0",Kelly Osbourne,0.8,0.8,0,1
441,5a7e936c5542993067513585,"Anthony Minghella and Tim Whelan, share which similar industry occupations?","film director, writer",comparison,easy,"Answer: Director Confidence: 0.9 
Answer: Producer Confidence: 0.7 
Answer: Screenwriter Confidence: 0.6 
Answer: Actor Confidence: 0.2 
Answer: Editor Confidence: 0.1",Director,0.9,0.5,0,0
442,5ab2c51d55429916697740b2,What city is the political capital of the country in which Katiola Department is found?,Yamoussoukro,bridge,medium,"Answer: Yamoussoukro Confidence: 0.8 
Answer: Abidjan Confidence: 0.1 
Answer: Ouagadougou Confidence: 0.05 
Answer: Lomé Confidence: 0.03 
Answer: Accra Confidence: 0.02",Yamoussoukro,0.8,1.0,1,1
443,5a769e61554299373536011a,"James Manby Gully, was a Victorian medical doctor, well known for practising hydrotherapy, or the ""water cure"", he had many notable Victorian patients, including such figures as which Poet Laureate, of Great Britain and Ireland?","Alfred, Lord Tennyson",bridge,easy,"Answer: Alfred Lord Tennyson Confidence: 0.8 
Answer: Robert Browning Confidence: 0.1 
Answer: Elizabeth Barrett Browning Confidence: 0.05 
Answer: William Wordsworth Confidence: 0.05 
Answer: Alfred Austin Confidence: 0.0",Alfred Lord Tennyson,0.8,1.0,1,1
444,5abed46e5542990832d3a0dc,Denham Fouts was the inspiration for characters by the writer and intellectual of what nationality?,American,bridge,medium,"Answer: French Confidence: 0.8 
Answer: American Confidence: 0.1 
Answer: British Confidence: 0.05 
Answer: German Confidence: 0.02 
Answer: Italian Confidence: 0.03",French,0.8,0.0,0,0
445,5a8f99355542992414482b0f,Are both Lushan City and Qionghai in China?,yes,comparison,medium,"Answer: Yes Confidence: 1.0 
Answer: No Confidence: 0.0 
Answer: Maybe Confidence: 0.0 
Answer: Possibly Confidence: 0.0 
Answer: Likely Confidence: 0.0",Yes,1.0,1.0,1,1
446,5ae1e6b85542997f29b3c187,Maser was first built by the physiciat who shared the Nobel Prize in 1964 with which two other people?,Nikolay Basov and Alexander Prokhorov,bridge,medium,"Answer: Basov Confidence: 0.8 
Answer: Prokhorov Confidence: 0.8 
Answer: Townes Confidence: 0.7 
Answer: Bloembergen Confidence: 0.2 
Answer: Lamb Confidence: 0.2",Basov,0.8,0.33333333333333337,0,0
447,5a879a6b5542994846c1cdaf,"Which film director is known for ""Spring in a Small Town"", Fei Mu or Joss Whedon?",Fei Mu,comparison,medium,"Answer: Fei Mu Confidence: 1.0 
Answer: Joss Whedon Confidence: 0.0 
Answer: Zhang Yimou Confidence: 0.0 
Answer: Akira Kurosawa Confidence: 0.0 
Answer: Wong Kar-wai Confidence: 0.0",Fei Mu,1.0,1.0,1,1
448,5a8a497655429930ff3c0d6d,"Alan MacDonald worked with with what Director on the 2006 film ""The Queen?""",Stephen Frears,bridge,medium,"Answer: Stephen Frears Confidence: 0.9 
Answer: Tom Hooper Confidence: 0.05 
Answer: Peter Morgan Confidence: 0.0 
Answer: Helen Mirren Confidence: 0.0 
Answer: Andy Harries Confidence: 0.05",Stephen Frears,0.9,1.0,1,1
449,5ae41e1455429970de88d901,"Shallow Water Absheron Peninsula (SWAP) is a PSA signed on which date, between SOCAR and BP?",22 December 2014,bridge,easy,"Answer: 1996 Confidence: 0.2 
Answer: 1997 Confidence: 0.3 
Answer: 1998 Confidence: 0.2 
Answer: 1999 Confidence: 0.1 
Answer: 1994 Confidence: 0.2",1997,0.3,0.0,0,0
450,5ae12ffa5542997b2ef7d120,Can the Circle Be Unbroken is a song that was reworked by what American musician and founding member of The Carter Family?,Alvin Pleasant Delaney Carter,bridge,medium,"Answer: A.P. Carter Confidence: 0.8 
Answer: June Carter Confidence: 0.2 
Answer: Sara Carter Confidence: 0.6 
Answer: Johnny Cash Confidence: 0.1 
Answer: Mother Maybelle Carter Confidence: 0.3",A.P. Carter,0.8,0.3333333333333333,0,1
451,5ade64c255429975fa854eba,A Danish film director directed a film based on a memoir of a British journalist that stars who?,Carey Mulligan,bridge,hard,"Answer: Mads Mikkelsen Confidence: 0.2 
Answer: Tom Hardy Confidence: 0.1 
Answer: Jamie Bell Confidence: 0.1 
Answer: Orlando Bloom Confidence: 0.1 
Answer: Carey Mulligan Confidence: 0.05",Mads Mikkelsen,0.2,0.0,0,0
452,5a80def4554299260e20a195, A novel by who is about a time traveler who attempts to prevent the assassination of President John F. Kennedy that has a a fictional town reappeared as late as his  novel?,Stephen King,bridge,easy,"Answer: Stephen King Confidence: 0.8 
Answer: James Ellroy Confidence: 0.1 
Answer: Don DeLillo Confidence: 0.5 
Answer: Philip K Dick Confidence: 0.2 
Answer: Ken Follett Confidence: 0.05",Stephen King,0.8,1.0,1,1
453,5a88ff8d5542993b751ca8e6,What award did a single from the first Foo Fighters album to feature Chris Shiflett win?,Grammy Award,bridge,hard,"Answer: Grammy Confidence: 0.8 
Answer: MTV Award Confidence: 0.1 
Answer: Kerrang Award Confidence: 0.05 
Answer: American Music Award Confidence: 0.05 
Answer: Billboard Award Confidence: 0.0",Grammy,0.8,0.6666666666666666,0,1
454,5a84ecf55542991dd0999e24,Looking Glass Rock is administered by who?,the United States Forest Service,bridge,easy,"Answer: USFS Confidence: 0.8 
Answer: NFS Confidence: 0.7 
Answer: USDA Confidence: 0.6 
Answer: NPS Confidence: 0.2 
Answer: BLM Confidence: 0.1",USFS,0.8,0.0,0,1
455,5a73a4bc55429908901be30a,What short and violent movement in 20th century art is attributed to photographer Friedl Kubelka?,Viennese Actionism,bridge,medium,"Answer: Viennese Actionism Confidence: 0.8 
Answer: Futurism Confidence: 0.2 
Answer: Surrealism Confidence: 0.1 
Answer: Dadaism Confidence: 0.1 
Answer: Abstract Expressionism Confidence: 0.0",Viennese Actionism,0.8,1.0,1,1
456,5ae5fa87554299546bf82ff2,Which American physician co found Charles Horace Mayo,Augustus W. Stinchfield,bridge,hard,"Answer: William Worrall Mayo Confidence: 0.9 
Answer: Charles Mayo Confidence: 0.0 
Answer: Will Confidence: 0.0 
Answer: Stinchfield Confidence: 0.0 
Answer: Plummer Confidence: 0.0",William Worrall Mayo,0.9,0.0,0,0
457,5ae1d71f5542997f29b3c14b,The player who averaged 24.2 points for the Minnesota Timberwolves in the 2003-04 season played for what high school?,Farragut Career Academy,bridge,medium,"Answer: Dominguez Confidence: 0.8 
Answer: Saint Vincent-St Mary Confidence: 0.1 
Answer: Eau Claire Confidence: 0.05 
Answer: Fresno High Confidence: 0.01 
Answer: Compton Confidence: 0.04",Dominguez,0.8,0.0,0,0
458,5a7fb7405542995d8a8ddefc,"The small resort of Porto Rafael was founded on the North Eastern coast of Sardinia, Italy, by Raphael Neville, Count of Berlanga de Duero, in the late 1950s, the son of Edgar Neville the Hollywood film director, playwright and novelist who became close friends with Sir Charles Spencer ""Charlie"" Chaplin, was an English comic actor, filmmaker, and composer who rose to fame in the era of what?",silent film,bridge,easy,"Answer: Silent film Confidence: 0.9 
Answer: Vaudeville Confidence: 0.05 
Answer: Talkies Confidence: 0.02 
Answer: Cinema Confidence: 0.01 
Answer: Theater Confidence: 0.02",Silent film,0.9,1.0,1,1
459,5a738285554299623ed4abc5,"Whose wife was housed by Ruth Hyde Paine until November 23,1963?",Lee Harvey Oswald,bridge,medium,"Answer: Marina Oswald Confidence: 0.9 
Answer: Lee Harvey Oswald Confidence: 0.0 
Answer: Mikhail Epstein Confidence: 0.0 
Answer: Nikolai Evans Confidence: 0.0 
Answer: Leon Trotsky Confidence: 0.0",Marina Oswald,0.9,0.4,0,1
460,5ae0e1d955429924de1b71c6,"Marino is a suburb in the south of Adelaide, it neighbours Seacliff, Kingston Park, and which coastal suburb in the south of Adelaide, South Australia, with a population of more than 12,000 people?",Hallett Cove,bridge,easy,"Answer: Brighton Confidence: 0.8 
Answer: Hallett Cove Confidence: 0.6 
Answer: Glenelg Confidence: 0.4 
Answer: Somerton Confidence: 0.2 
Answer: Mitcham Confidence: 0.1",Brighton,0.8,0.0,0,0
461,5addeccf5542997dc79070b4,"Which retailer specializes in name brand furniture, linens, cooking products, art and other home accessories and has a store in Frandor Shopping Center? ",HomeGoods,bridge,medium,"Answer: Bed Bath & Beyond Confidence: 0.8 
Answer: TJ Maxx Confidence: 0.2 
Answer: Marshalls Confidence: 0.1 
Answer: HomeGoods Confidence: 0.05 
Answer: Crate & Barrel Confidence: 0.05",Bed Bath & Beyond,0.8,0.0,0,0
462,5a8a99545542996c9b8d5f30,"""Going Under"" is a song by American rock band Evanescence recorded for their debut studio album, which 2003 album, after the group signed to Wind-up in January 2001?",Fallen,bridge,easy,"Answer: Fallen Confidence: 1.0 
Answer: Origin Confidence: 0.0 
Answer: The Open Door Confidence: 0.0 
Answer: Evanescence Confidence: 0.0 
Answer: Anywhere but Home Confidence: 0.0",Fallen,1.0,1.0,1,1
463,5a7ea81f5542994959419a47,"What bands album produced by Daniel Lanois and Brian Eno, and was released on 18 November 1991 on Island Records and second single eached the top ten of the singles charts in several countries, including the band's native Ireland?",U2,bridge,easy,"Answer: Achtung Baby Confidence: 0.9 
Answer: Rattle and Hum Confidence: 0.05 
Answer: The Joshua Tree Confidence: 0.03 
Answer: Zooropa Confidence: 0.01 
Answer: Pop Confidence: 0.01",Achtung Baby,0.9,0.0,0,0
464,5a8913f455429951533612b4,Ultimate Live Lounge ended with the Thirty Seconds to Mars cover of what Kanye West song as the winner?,Stronger,bridge,medium,"Answer: Stronger Confidence: 0.8 
Answer: Heartless Confidence: 0.6 
Answer: Jesus Walks Confidence: 0.4 
Answer: Love Lockdown Confidence: 0.2 
Answer: Gold Digger Confidence: 0.1",Stronger,0.8,1.0,1,1
465,5a7355e25542994cef4bc565,Which biblical figure is engraved upon the gem named for the son of King Lohair I?,Susanna,bridge,hard,"Answer: Saint Lothair Confidence: 0.0 
Answer: Lothair I Confidence: 0.0 
Answer: Saint Jerome Confidence: 0.0 
Answer: Balaam Confidence: 0.2 
Answer: King Solomon Confidence: 0.8",King Solomon,0.8,0.0,0,0
466,5ac4e1835542996feb3fe963,WCW Nitro Grill was located at a casino owned by what company?,MGM Resorts International,bridge,medium,"Answer: MGM Confidence: 0.8 
Answer: Mandalay Resort Group Confidence: 0.6 
Answer: Mirage Resorts Confidence: 0.4 
Answer: Harrah's Confidence: 0.2 
Answer: Caesars Confidence: 0.1",MGM,0.8,0.5,0,1
467,5ab212a5554299340b525486,"""Rumbly in My Tumbly"" is a song from the 1966 musical film featurette ""Winnie the Pooh and the Honey Tree"", is also incorporated into the 1977 musical film, ""The Many Adventures of Winnie the Pooh"" which is an amalgamation of the first three featurettes, of which fictional anthropomorphic teddy bear, created by English author A. A. Milne?",Winnie-the-Pooh,bridge,easy,"Answer: Winnie the Pooh Confidence: 1.0 
Answer: Pooh Confidence: 0.9 
Answer: Winnie Confidence: 0.8 
Answer: Winnie the Pooh Bear Confidence: 0.7 
Answer: Christopher Robin Confidence: 0.1",Winnie the Pooh,1.0,0.0,0,1
468,5ac2b3f7554299218029dafb,"The serial drama Bikhra Mera Naseeb, written by Saima Youmkus, made it's debut on what Pakastani television channel, which is owned by Geo Television Network?",Geo Entertainment,bridge,hard,"Answer: Geo Entertainment Confidence: 0.9 
Answer: Geo TV Confidence: 0.8 
Answer: Har Pal Geo Confidence: 0.6 
Answer: Geo Kahani Confidence: 0.4 
Answer: Geo News Confidence: 0.1",Geo Entertainment,0.9,1.0,1,1
469,5ab1dcd3554299340b525410,The company that sponsored the 2010 Sydney to Hobart Yacht Race makes what?,Swiss luxury watchmaker,bridge,medium,"Answer: Rolex Confidence: 0.9 
Answer: Audi Confidence: 0.05 
Answer: LG Confidence: 0.01 
Answer: Canon Confidence: 0.01 
Answer: Schneider Confidence: 0.03",Rolex,0.9,0.0,0,1
470,5a72d63f5542991f9a20c5b9,"Who was born First, Tayeb Salih or Elias Canetti?",Elias Canetti,comparison,medium,"Answer: Tayeb Salih Confidence: 0.6 
Answer: Elias Canetti Confidence: 0.4 
Answer: Neither Confidence: 0.0 
Answer: Unknown Confidence: 0.0 
Answer: Both Confidence: 0.0",Tayeb Salih,0.6,0.0,0,0
471,5a7598ce5542992d0ec05fc1,A Town Called Panic and The Princess and the Frog are both what?,animated,comparison,medium,"Answer: Animated Films Confidence: 0.9 
Answer: Cartoons Confidence: 0.8 
Answer: Movies Confidence: 0.7 
Answer: Comedies Confidence: 0.4 
Answer: Adventures Confidence: 0.3",Animated Films,0.9,0.6666666666666666,0,1
472,5ab2bc73554299545a2cfa41,Which of the groups Circa Survive and Oasis was founded first ?,Oasis,comparison,medium,"Answer: Oasis Confidence: 1.0 
Answer: Circa Survive Confidence: 0.0 
Answer: None Confidence: 0.0 
Answer: Both Confidence: 0.0 
Answer: Other Confidence: 0.0",Oasis,1.0,1.0,1,1
473,5a8cad08554299240d9c21d3,"Meinrad I, Prince of Hohenzollern-Sigmaringen was born in what German state?",Bavaria,bridge,medium,"Answer: Baden-Württemberg Confidence: 0.8 
Answer: Bavaria Confidence: 0.1 
Answer: Hohenzollern Confidence: 0.05 
Answer: Prussia Confidence: 0.03 
Answer: Württemberg Confidence: 0.02",Baden-Württemberg,0.8,0.0,0,0
474,5a7613075542994ccc9186ba,Which Franco Dragone created production is one of six resident Cirque du Soleil shows in Las Vegas ?,Mystère,bridge,hard,"Answer: O Confidence: 0.8 
Answer: Mystere Confidence: 0.6 
Answer: Alegria Confidence: 0.4 
Answer: Zumanity Confidence: 0.3 
Answer: Zarkana Confidence: 0.1",O,0.8,0.0,0,0
475,5a7e90fa5542994959419a0a,"What is a 1996 British drama film written and directed by Mike Leigh, that was produced by a man who formed the film production company Thin Man Films in 1988?",Secrets & Lies,bridge,easy,"Answer: Secrets & Lies Confidence: 0.9 
Answer: Career Girls Confidence: 0.05 
Answer: High Hopes Confidence: 0.03 
Answer: Life is Sweet Confidence: 0.01 
Answer: Naked Confidence: 0.01",Secrets & Lies,0.9,1.0,1,1
476,5a849d085542997175ce1efb,In what political party is Lady Dorothy Macmillan's husband?,Conservative Party,bridge,medium,"Answer: Conservative Confidence: 0.9 
Answer: Labour Confidence: 0.05 
Answer: Liberal Confidence: 0.03 
Answer: Tory Confidence: 0.02 
Answer: UKIP Confidence: 0.0",Conservative,0.9,0.6666666666666666,0,1
477,5ae0bf7755429906c02dab23,What is the seat of the county where Ronald Reagan Parkway is located?,Lawrenceville,bridge,medium,"Answer: Indianapolis Confidence: 0.2 
Answer: Danville Confidence: 0.6 
Answer: Lebanon Confidence: 0.1 
Answer: Kokomo Confidence: 0.05 
Answer: Brownsburg Confidence: 0.05",Danville,0.6,0.0,0,0
478,5ab514505542996a3a96a013,"In what film by director Sohn Young-sung did Kim Sung-ryung have a supporting role in before ""Mr. XXX-Kisser?""",The Client,bridge,medium,"Answer: Waikiki Brothers Confidence: 0.8 
Answer: My Lovely Week Confidence: 0.6 
Answer: The Day He Arrives Confidence: 0.4 
Answer: The Beast and the Beauty Confidence: 0.3 
Answer: The Cat Confidence: 0.1",Waikiki Brothers,0.8,0.0,0,0
479,5a730faf5542992359bc3222,What was formed by the largest entertainment company in South Korea?,Red Velvet,bridge,easy,"Answer: BTS Confidence: 0.6 
Answer: Blackpink Confidence: 0.4 
Answer: EXO Confidence: 0.3 
Answer: SM Entertainment Confidence: 0.2 
Answer: YG Entertainment Confidence: 0.1",BTS,0.6,0.0,0,0
480,5a72d88e5542992359bc31ab,"What British-Irish film star was born on February 9, 1945","""Mia"" Villiers Farrow",bridge,hard,"Answer: Tom Hiddleston Confidence: 0.0 
Answer: Ian MacDonald Confidence: 0.0 
Answer: Mia Farrow Confidence: 0.2 
Answer: Yoshio Harada Confidence: 0.0 
Answer: Mick Gallagher Confidence: 0.0",Mia Farrow,0.2,0.8,0,1
481,5a7795445542995d831811f9,What number Mughal emperor built the Kashmiri Gate?,fifth,bridge,hard,"Answer: Aurangzeb Confidence: 0.2 
Answer: Shah Jahan Confidence: 0.3 
Answer: Akbar Confidence: 0.1 
Answer: Bahadur Shah Zafar Confidence: 0.1 
Answer: Shah Alam II Confidence: 0.3",Shah Jahan,0.3,0.0,0,1
482,5ab82f7055429916710eb010,"In 1983, the Los Angeles Rams had which player as a running back?",Eric Dickerson,bridge,hard,"Answer: Eric Dickerson Confidence: 0.8 
Answer: Wendell Tyler Confidence: 0.6 
Answer: Barry Redden Confidence: 0.4 
Answer: Charles White Confidence: 0.2 
Answer: Greg Bell Confidence: 0.1",Eric Dickerson,0.8,1.0,1,1
483,5ab3885555429969a97a8175,"What naval officer took part in the battle, on what is now the grounds of the Blue Grass Army Depot?","William ""Bull"" Nelson",bridge,medium,"Answer: William Lewis Confidence: 0.2 
Answer: William Bailey Confidence: 0.1 
Answer: William Campbell Confidence: 0.1 
Answer: John Morgan Confidence: 0.4 
Answer: Richard Mentor Johnson Confidence: 0.2",John Morgan,0.4,0.0,0,0
484,5a903a4855429933b8a204a9,What era was the man associated with Fanny Talbot the leading art critic of?,Victorian era,bridge,hard,"Answer: Victorian Confidence: 0.8 
Answer: Edwardian Confidence: 0.1 
Answer: Georgian Confidence: 0.05 
Answer: Romantic Confidence: 0.03 
Answer: Modern Confidence: 0.02",Victorian,0.8,0.6666666666666666,0,1
485,5a7188ed5542994082a3e870,"Who was born earlier, Philippe Perrin or Sigmund Jähn?",Sigmund Werner Paul Jähn,comparison,medium,"Answer: Sigmund Jähn Confidence: 1.0 
Answer: Philippe Perrin Confidence: 0.0 
Answer: Not enough data Confidence: 0.0 
Answer: Sigmund Jähn Confidence: 0.0 
Answer: Philippe Perrin Confidence: 0.0",Sigmund Jähn,1.0,0.6666666666666666,0,1
486,5ab2d33e55429916697740f2,Are the film directors Miguel Littín and Carlos Saldanha both from Brazil?,no,comparison,medium,"Answer: No Confidence: 0.8 
Answer: Miguel Littín is from Chile Confidence: 0.9 
Answer: Carlos Saldanha is from Brazil Confidence: 0.7 
Answer: Miguel Littín is not from Brazil Confidence: 0.9 
Answer: Only Carlos Saldanha is from Brazil Confidence: 0.7",Miguel Littín is from Chile,0.9,0.0,0,1
487,5addfeb35542997dc7907110,"What is the name of the rapper who was featured by Goldie Loc on his album Eastsideridaz who died on MArch 15, 2011?",Nate Dogg,bridge,medium,"Answer: Nate Dogg Confidence: 0.9 
Answer: Big Syke Confidence: 0.05 
Answer: Tupac Confidence: 0.0 
Answer: Warren G Confidence: 0.0 
Answer: Daz Dillinger Confidence: 0.05",Nate Dogg,0.9,1.0,1,1
488,5abab0cd55429901930fa89c,Severus Snape becomes a double-agent for an order that was founded by whom?,Albus Dumbledore,bridge,medium,"Answer: Albus Dumbledore Confidence: 0.9 
Answer: Lord Voldemort Confidence: 0.0 
Answer: Minerva McGonagall Confidence: 0.05 
Answer: Rubeus Hagrid Confidence: 0.01 
Answer: Salazar Slytherin Confidence: 0.05",Albus Dumbledore,0.9,1.0,1,1
489,5a7631b155429976ec32bd51,What country does the region that is native to the genus coffea in the Indian Ocean belong to?,France,bridge,medium,"Answer: Madagascar Confidence: 0.8 
Answer: Mauritius Confidence: 0.1 
Answer: Seychelles Confidence: 0.05 
Answer: Comoros Confidence: 0.03 
Answer: Reunion Confidence: 0.02",Madagascar,0.8,0.0,0,0
490,5ae50fa955429908b6326504,Shannon Flynn worked with which actress while directing Instant Mom?,Tia Mowry-Hardrict,bridge,medium,"Answer: Tia Mowry Confidence: 0.8 
Answer: Cheri Oteri Confidence: 0.4 
Answer: Sydney Park Confidence: 0.3 
Answer: Danielle Bisutti Confidence: 0.2 
Answer: Sheryl Lee Ralph Confidence: 0.1",Tia Mowry,0.8,0.5,0,1
491,5a759b195542996c70cfaf0c,"Albert ""Ginger"" Baker, is a Northern Irish former loyalist and ex-British Army soldier, who was convicted of four murders, carried out by which loyalist paramilitary and vigilante group, in Northern Ireland?",Ulster Defence Association,bridge,easy,"Answer: UDA Confidence: 0.8 
Answer: UVF Confidence: 0.1 
Answer: UFF Confidence: 0.05 
Answer: LVF Confidence: 0.03 
Answer: Red Hand Commando Confidence: 0.02",UDA,0.8,0.0,0,1
492,5ae61c8355429929b0807ad2,Styrophone is often made from what type of closed-cell polystyrene?,Styrofoam,bridge,medium,"Answer: EPS Confidence: 0.8 
Answer: XPS Confidence: 0.1 
Answer: PSP Confidence: 0.05 
Answer: EPP Confidence: 0.03 
Answer: EPSF Confidence: 0.02",EPS,0.8,0.0,0,0
493,5ab5f156554299637185c62c,"Kim Joo-Hyuk starred in what film, based on the novel by Park Hyun-wook?",My Wife Got Married,bridge,medium,"Answer: Singles Confidence: 0.2 
Answer: My Lovely Girl Confidence: 0.1 
Answer: You Came From The Stars Confidence: 0.0 
Answer: Singles 1999 Confidence: 0.0 
Answer: Singles 2003 Confidence: 0.6",Singles 2003,0.6,0.0,0,0
494,5a83cc065542996488c2e4d2,In what year did Lasse Svan Hansen's national handball team win a silver medal in the European Championship?,2014,bridge,medium,"Answer: 2014 Confidence: 0.8 
Answer: 2012 Confidence: 0.1 
Answer: 2018 Confidence: 0.05 
Answer: 2020 Confidence: 0.05 
Answer: 2016 Confidence: 0.0",2014,0.8,1.0,1,1
495,5ab9121555429919ba4e238a,"Still Da Baddest is the fourth studio album by American rapper Trina, following the poor chart performance, ""I Got a Thang for You"" featuring which American singer/songwriter, record producer, business woman, and television personality, and was born in Oakland, California?",Keyshia Cole,bridge,easy,"Answer: Keyshia Cole Confidence: 0.8 
Answer: K. Michelle Confidence: 0.1 
Answer: Lil' Mo Confidence: 0.05 
Answer: Mýa Confidence: 0.05 
Answer: Christina Aguilera Confidence: 0.0",Keyshia Cole,0.8,1.0,1,1
496,5a8641ab554299211dda2ace,Renowned persons Lee Tamahori and Robert Gregson share what pop-culture profession?,filmmaker,comparison,medium,"Answer: Director Confidence: 0.8 
Answer: Actor Confidence: 0.1 
Answer: Producer Confidence: 0.05 
Answer: Screenwriter Confidence: 0.05 
Answer: Cinematographer Confidence: 0.0",Director,0.8,0.0,0,1
497,5abb69f25542996cc5e49fea,Which Italian port do many of the inhabitants of La Boca in Buenos Aires originate from?,Genoa,bridge,medium,"Answer: Genoa Confidence: 0.8 
Answer: Naples Confidence: 0.1 
Answer: Venice Confidence: 0.05 
Answer: Trieste Confidence: 0.03 
Answer: Livorno Confidence: 0.02",Genoa,0.8,1.0,1,1
498,5ab982b3554299753720f823,Square One Shopping Centre's size allows it to cater to discount retailers such as an American fast fashion retailer with more than 60% of its apperal made where?,China,bridge,medium,"Answer: China Confidence: 0.8 
Answer: USA Confidence: 0.1 
Answer: Bangladesh Confidence: 0.05 
Answer: Vietnam Confidence: 0.03 
Answer: Cambodia Confidence: 0.02",China,0.8,1.0,1,1
499,5abd7d405542993062266cad,Which female artist collaborated Pharrell Williams on G I R L and won multiple Grammy awards in 2005?,Alicia Keys,bridge,medium,"Answer: Gwen Stefani Confidence: 0.2 
Answer: Alicia Keys Confidence: 0.3 
Answer: Beyoncé Confidence: 0.1 
Answer: Norah Jones Confidence: 0.1 
Answer: Mariah Carey Confidence: 0.0",Alicia Keys,0.3,1.0,1,1
500,5abbe23e554299642a094bab," Stony Awards presented a posthumous award to what American cannabis rights activist and the author of ""The Emperor Wears No Clothes"",",Jack Herer,bridge,hard,"Answer: Jack Herer Confidence: 0.9 
Answer: Steve Hager Confidence: 0.0 
Answer: Keith Stroup Confidence: 0.1 
Answer: Marc Emery Confidence: 0.05 
Answer: Rick Cusick Confidence: 0.05",Jack Herer,0.9,1.0,1,1
501,5a73976055429978a71e9036,"Which American global medical device company is headquartered in Little Canada, Minnesota?",St. Jude Medical,bridge,medium,"Answer: St. Jude Medical Confidence: 0.8 
Answer: Medtronic Confidence: 0.9 
Answer: 3M Confidence: 0.4 
Answer: Boston Scientific Confidence: 0.2 
Answer: Smiths Medical Confidence: 0.1",Medtronic,0.9,0.0,0,0
502,5ab4f2245542990594ba9cb7,"What album recorded over a two-year period between 1989 and 1991 included Kevin Shields as the main composer, musician and producer? ",Loveless,bridge,medium,"Answer: Loveless Confidence: 0.9 
Answer: Isn't Anything Confidence: 0.05 
Answer: Souvlaki Confidence: 0.02 
Answer: MBV Confidence: 0.01 
Answer: TREMBLEEEEEE Confidence: 0.0",Loveless,0.9,1.0,1,1
503,5a8c3f0a5542996e8ac88a2e,Who is the co-star of the current co-president of the Actors Studio in the movie Youth?,Michael Caine,bridge,medium,"Answer: Harvey Keitel Confidence: 0.8 
Answer: Rachel Weisz Confidence: 0.6 
Answer: Paul Dano Confidence: 0.4 
Answer: Jane Fonda Confidence: 0.2 
Answer: Michael Caine Confidence: 0.1",Harvey Keitel,0.8,0.0,0,0
504,5ae7921855429952e35ea97a,Who is credited for The Internship role that corresponds to Akiva Schaffer's role for The Watch?,Shawn Levy,bridge,hard,"Answer: Shawn Levy Confidence: 0.8 
Answer: Vince Vaughn Confidence: 0.4 
Answer: Jared Stern Confidence: 0.2 
Answer: Hayden Schlossberg Confidence: 0.1 
Answer: David Dobkin Confidence: 0.1",Shawn Levy,0.8,1.0,1,1
505,5a7eea3c55429934daa2fc77,Great Limber is situated 8 miles east from a town with how many households according to the 2001 UK census ?,"2,213",bridge,medium,"Answer: Keelby Confidence: 0.8 
Answer: Great Limber itself Confidence: 0.1 
Answer: Brocklesby Confidence: 0.05 
Answer: Ulceby Confidence: 0.05 
Answer: Immingham Confidence: 0.0",Keelby,0.8,0.0,0,0
506,5a8c53d35542995e66a475c2,"In which county was this air force base located where Boeing B-29-100-BW Superfortress bomber crashed and killed all men aboard, known as 1948 Waycross B-29 crash?",Houston County,bridge,medium,"Answer: Ware County Confidence: 0.8 
Answer: Pierce County Confidence: 0.1 
Answer: Bacon County Confidence: 0.05 
Answer: Charlton County Confidence: 0.03 
Answer: Brantley County Confidence: 0.02",Ware County,0.8,0.5,0,0
507,5add27b95542990d50227e07,Are both Weifang and Nyingchi prefecture-level cities?,yes,comparison,medium,"Answer: Yes Confidence: 0.8 
Answer: No Confidence: 0.2 
Answer: Weifang yes, Nyingchi no Confidence: 0.5 
Answer: Weifang no, Nyingchi yes Confidence: 0.1 
Answer: Unknown Confidence: 0.0",Yes,0.8,1.0,1,1
508,5a72364555429971e9dc9359,"Which cocktail uses egg white as an ingredient, The Clover Club Cocktail or The U-Boot?",The Clover Club Cocktail,comparison,hard,"Answer: Clover Club Cocktail Confidence: 0.9 
Answer: Pisco Sour Confidence: 0.2 
Answer: Silver Fizz Confidence: 0.1 
Answer: Whiskey Sour Confidence: 0.05 
Answer: Ramos Gin Fizz Confidence: 0.05",Clover Club Cocktail,0.9,1.0,1,1
509,5ae7de09554299540e5a5674,Who distributed the 2013 superhero film in which Ken Yamamura plays the young Ichirō Yashida?,20th Century Fox,bridge,medium,"Answer: 20th Century Fox Confidence: 0.9 
Answer: Marvel Confidence: 0.05 
Answer: Universal Confidence: 0.03 
Answer: Warner Bros Confidence: 0.01 
Answer: Paramount Confidence: 0.01",20th Century Fox,0.9,1.0,1,1
510,5ae1d08f554299492dc91b91,"Which Disney film was released first, Meet the Robinsons or Peter Pan?",Peter Pan,comparison,hard,"Answer: Peter Pan Confidence: 1.0 
Answer: Meet the Robinsons Confidence: 0.0 
Answer: None Confidence: 0.0 
Answer: Both Confidence: 0.0 
Answer: Neither Confidence: 0.0",Peter Pan,1.0,1.0,1,1
511,5ae6269c5542996de7b71b74,"What actress played the role of Hillary Winston on ""The Royal Family"" at the age of 4 and was also in the Tina in the Sky with Diamonds episode of Glee?",Naya Rivera,bridge,easy,"Answer: Demi Lovato Confidence: 0.0 
Answer: Selena Gomez Confidence: 0.0 
Answer: Lindsey Lohan Confidence: 0.0 
Answer: Nia Long Confidence: 0.0 
Answer: Della Reese Confidence: 0.2",Della Reese,0.2,0.0,0,0
512,5a81a61b55429903bc27b991,When was the University founded that Thomas Caius was a Fellow and Master of?,1249,bridge,medium,"Answer: 1228 Confidence: 0.0 
Answer: 1511 Confidence: 0.0 
Answer: 1209 Confidence: 0.4 
Answer: Gonville and Caius College, 1348 Confidence: 0.6 
Answer: Gonville and Caius College, 1348, refounded 1557 Confidence: 0.8","Gonville and Caius College, 1348, refounded 1557",0.8,0.0,0,0
513,5ab610315542992aa134a40a,What was the birth name of the emperor under whom Naevius Sutorius Macro served as prefect of the Praetorian Guard?,Gaius Julius Caesar Germanicus,bridge,medium,"Answer: Lucius Calpurnius Piso Confidence: 0.2 
Answer: Tiberius Julius Caesar Confidence: 0.6 
Answer: Gaius Octavius Thurinus Confidence: 0.1 
Answer: Gaius Julius Caesar Confidence: 0.05 
Answer: Lucius Aelius Sejanus Confidence: 0.05",Tiberius Julius Caesar,0.6,0.5714285714285715,0,0
514,5a87427355429960ec39b77a,At what number largest executive search firm is Claudio Fernández-Aráoz a senior adviser?,third,bridge,medium,"Answer: Egon Zehnder Confidence: 0.9 
Answer: Spencer Stuart Confidence: 0.05 
Answer: Korn Ferry Confidence: 0.03 
Answer: Heidrick & Struggles Confidence: 0.01 
Answer: Russell Reynolds Confidence: 0.01",Egon Zehnder,0.9,0.0,0,0
515,5a7e4a225542994959419988,"What is the place with a total of 643135 sqft and 70 in-line stores, that is now the last of it's kind after the largest enclosed shopping center in Huntsville closed in early 2017?",shopping mall,bridge,easy,"Answer: Bridge Street Town Centre Confidence: 0.8 
Answer: Madison Square Mall Confidence: 0.6 
Answer: Decatur Mall Confidence: 0.4 
Answer: University Mall Confidence: 0.2 
Answer: Parkway Place Confidence: 0.1",Bridge Street Town Centre,0.8,0.0,0,0
516,5ac530e65542996feb3fea1a,What is the birthday of Gerald Strebendt's UFC 44 lightweight opponent?,"September 21, 1978",bridge,medium,"Answer: Din Thomas Confidence: 0.8 
Answer: Jens Pulver Confidence: 0.6 
Answer: Yves Edwards Confidence: 0.4 
Answer: Caol Uno Confidence: 0.2 
Answer: Matt Serra Confidence: 0.1",Din Thomas,0.8,0.0,0,0
517,5a89bf515542992e4fca83b4,Did Dick Crealy and Jack Sock play the same sport?,yes,comparison,medium,"Answer: Yes Confidence: 0.9 
Answer: Tennis Confidence: 0.8 
Answer: No Confidence: 0.1 
Answer: Basketball Confidence: 0.0 
Answer: Football Confidence: 0.0",Yes,0.9,1.0,1,1
518,5a794ebd554299029c4b5f50,"Who was born first, Michaël Llodra or Henri Leconte?",Henri Leconte,comparison,medium,"Answer: Henri Leconte Confidence: 1.0 
Answer: Michaël Llodra Confidence: 0.0 
Answer: Neither Confidence: 0.0 
Answer: Both Confidence: 0.0 
Answer: Unknown Confidence: 0.0",Henri Leconte,1.0,1.0,1,1
519,5abacbf35542996cc5e49e96,"Are both bands, The Colourist and Muse, from Ireland? ",no,comparison,medium,"Answer: No Confidence: 1.0 
Answer: False Confidence: 1.0 
Answer: Not both Confidence: 1.0 
Answer: No, Muse is from England Confidence: 0.9 
Answer: The Colourist is from US Confidence: 0.8",No,1.0,1.0,1,1
520,5ab9643d554299131ca42321, Are the Comx-35 and Sharp MZ both personal types of computers?,yes,comparison,easy,"Answer: Yes Confidence: 0.9 
Answer: No Confidence: 0.1 
Answer: Maybe Confidence: 0.0 
Answer: Possibly Confidence: 0.0 
Answer: Likely Confidence: 0.0",Yes,0.9,1.0,1,1
521,5ae05ec155429924de1b70c3,Mohamed Naguib Hamed is an athlete from what transcontinental country?,Egypt,bridge,medium,"Answer: Egypt Confidence: 0.9 
Answer: Russia Confidence: 0.05 
Answer: Turkey Confidence: 0.03 
Answer: Kazakhstan Confidence: 0.01 
Answer: Azerbaijan Confidence: 0.01",Egypt,0.9,1.0,1,1
522,5ac2c410554299218029db2f,"Who realeased this American comedy film  starring an American actress who played supporting roles in films including ""East of Eden"", ""Five Easy Pieces"", ""Resurrection""?",Magnolia Pictures,bridge,easy,"Answer: Karen Black Confidence: 0.2 
Answer: Jack Nicholson Confidence: 0.1 
Answer: Bob Rafelson Confidence: 0.3 
Answer: Henry Jaglom Confidence: 0.1 
Answer: John Cassavetes Confidence: 0.3",Bob Rafelson,0.3,0.0,0,0
523,5ac0220a5542996f0d89cb2e,an actress who appeared in a film directed by Kenneth Lonergan featured in which television series?,Rectify,bridge,medium,"Answer: Manchester by the Sea actress Confidence: 0.2 
Answer: The Handmaid's Tale Confidence: 0.3 
Answer: This Is Our Youth actress Confidence: 0.1 
Answer: Margaret actress Confidence: 0.2 
Answer: Elisabeth Moss Confidence: 0.6",Elisabeth Moss,0.6,0.0,0,0
524,5a74b7eb55429974ef308c44,"Which former IFK Hässleholm football player is older, Jon Jönsson or Peter Crouch?",Peter Crouch,bridge,easy,"Answer: Peter Crouch Confidence: 1.0 
Answer: Jon Jönsson Confidence: 0.0 
Answer: Unknown Confidence: 0.0 
Answer: None Confidence: 0.0 
Answer: Equal Confidence: 0.0",Peter Crouch,1.0,1.0,1,1
525,5ae44db55542995dadf24309,"Which of these is in the family Salicaceae, Calophyllum or Azara?",Azara,comparison,medium,"Answer: Salix Confidence: 0.0 
Answer: Azara Confidence: 0.0 
Answer: Calophyllum Confidence: 0.0 
Answer: Salix is not in question, Azara and Calophyllum are,  Azara Confidence: 0.6 
Answer: Azara Confidence: 0.6","Salix is not in question, Azara and Calophyllum are,  Azara",0.6,0.18181818181818182,0,1
526,5a9034bd55429933b8a20496,What year was the current star of Belarusian football born?,1981,bridge,medium,"Answer: 1994 Confidence: 0.2 
Answer: 1987 Confidence: 0.1 
Answer: 1998 Confidence: 0.3 
Answer: 1992 Confidence: 0.1 
Answer: 1984 Confidence: 0.3",1998,0.3,0.0,0,0
527,5ab851c655429916710eb039,"In what city did the band that included Romy and Oliver Sim, and Jamie xx record their first album?",London,bridge,medium,"Answer: London Confidence: 0.9 
Answer: New York Confidence: 0.05 
Answer: Paris Confidence: 0.02 
Answer: Berlin Confidence: 0.01 
Answer: Manchester Confidence: 0.02",London,0.9,1.0,1,1
528,5a7e29d85542995ed0d166b9,"California State University, Dominguez Hills and Ankara University, are which type of educational institutes?",public university,comparison,easy,"Answer: Universities Confidence: 1.0 
Answer: Colleges Confidence: 0.5 
Answer: Institutes Confidence: 0.2 
Answer: Academies Confidence: 0.1 
Answer: Schools Confidence: 0.1",Universities,1.0,0.0,0,1
529,5a74558c55429974ef308bda,Which actor played in both She Hate Me and Cocoon?,Brian Dennehy,bridge,medium,"Answer: Anthony Hopkins Confidence: 0.0 
Answer: Jack Nicholson Confidence: 0.0 
Answer: Brian Cox Confidence: 0.0 
Answer: Wilford Brimley Confidence: 0.0 
Answer: Brian Cox Confidence: 0.2",Brian Cox,0.2,0.5,0,0
530,5add50975542995b365fab09,"Which publication has run longest, Signs of the Times or Space Science Fiction?","Space Science Fiction was a science fiction magazine published by Space Publications, Inc. of New York and The Archer Press Ltd. of London that ran for eight issues from May 1952 to September 1953.",comparison,easy,"Answer: Signs of the Times Confidence: 0.8 
Answer: Space Science Fiction Confidence: 0.2 
Answer:Neither Confidence: 0.0 
Answer: Both Confidence: 0.0 
Answer: Unknown Confidence: 0.0",Signs of the Times,0.8,0.05714285714285714,0,1
531,5a771ef55542993569682cd0,In what sub-provincial city is the Affiliated High School of Sichuan University located?,Chengdu,bridge,easy,"Answer: Chengdu Confidence: 0.9 
Answer: Mianyang Confidence: 0.05 
Answer: Luzhou Confidence: 0.02 
Answer: Leshan Confidence: 0.01 
Answer: Nanchong Confidence: 0.01",Chengdu,0.9,1.0,1,1
532,5ababe7a554299232ef4a38d,"What was the population in the city where Sherman Day Thatcher founded a school, in 2010?","7,461",bridge,medium,"Answer: Yakima Confidence: 0.8 
Answer: Walla Walla Confidence: 0.6 
Answer: Seattle Confidence: 0.2 
Answer: Spokane Confidence: 0.2 
Answer: Olympia Confidence: 0.2",Yakima,0.8,0.0,0,0
533,5abc39445542993a06baf89c,Who was the Calder Memorial Trophy winner that played in the 2017 NHL Staduim Series game the day after the 2017 NHL winter classic?,Auston Matthews,bridge,medium,"Answer: Auston Matthews Confidence: 0.8 
Answer: Patrik Laine Confidence: 0.6 
Answer: Mitch Marner Confidence: 0.4 
Answer: Matthew Tkachuk Confidence: 0.2 
Answer: Zach Werenski Confidence: 0.0",Auston Matthews,0.8,1.0,1,1
534,5adfc63355429906c02daa38,"In Friday the 13th Part VII: The New Blood, a teenage girl uses a psychic ability to influence a physical system without interaction to unleash Jason, what is this ability called?",Psychokinesis,bridge,easy,"Answer: Telekinesis Confidence: 0.8 
Answer: Psychokinesis Confidence: 0.9 
Answer: Telepathy Confidence: 0.2 
Answer: Psychometry Confidence: 0.1 
Answer: Teleportation Confidence: 0.0",Psychokinesis,0.9,1.0,1,1
535,5abbe05b554299642a094b92,Adrian Molina worked with what director when making the movie The Good dinosaur?,Peter Sohn,bridge,medium,"Answer: Peter Sohn Confidence: 0.9 
Answer: Bob Peterson Confidence: 0.08 
Answer:expo John Lasseter Confidence: 0.01 
Answer: Lee Unkrich Confidence: 0.01 
Answer: Dean DeBlois Confidence: 0.01",Peter Sohn,0.9,1.0,1,1
536,5abffcf45542997d64295994,Is Air Traffic or Halestorm an American band?,Halestorm,comparison,hard,"Answer: Halestorm Confidence: 1.0 
Answer: Air Traffic Confidence: 0.0 
Answer: Foo Fighters Confidence: 0.0 
Answer: Nirvana Confidence: 0.0 
Answer: Van Halen Confidence: 0.0",Halestorm,1.0,1.0,1,1
537,5ab6e05f55429954757d339f,Which magazine was published first Prevention or Girlfriends ?,Prevention,comparison,medium,"Answer: Prevention Confidence: 0.9 
Answer: Girlfriends Confidence: 0.1 
Answer: Neither Confidence: 0.0 
Answer: Unknown Confidence: 0.0 
Answer: Prevention Confidence: 0.0",Prevention,0.9,1.0,1,1
538,5a762d4c554299109176e6a6,"Rolling Stone and Cinefantastique, are both types of what media?",magazine,comparison,easy,"Answer: Magazines Confidence: 0.9 
Answer: Journals Confidence: 0.05 
Answer: Newspapers Confidence: 0.03 
Answer: Online media Confidence: 0.01 
Answer: Books Confidence: 0.01",Magazines,0.9,0.0,0,1
539,5adf98f85542992d7e9f93af,Who directed the film which inspired the 2004 film Murder ? ,Adrian Lyne,bridge,medium,"Answer: Imtiaz Ali Confidence: 0.2 
Answer: Anurag Basu Confidence: 0.3 
Answer: Mahesh Bhatt Confidence: 0.4 
Answer: Ram Gopal Varma Confidence: 0.1 
Answer: Mohit Suri Confidence: 0.0",Mahesh Bhatt,0.4,0.0,0,0
540,5a7e79d055429934daa2fc2b,What was the first single released from Rufus Wainwright's fifth studio album?,Going to a Town,bridge,medium,"Answer: GoingToATown Confidence: 0.8 
Answer: Tiergarten Confidence: 0.1 
Answer: NobodyOwesMe Confidence: 0.05 
Answer: ReleaseTheStars Confidence: 0.03 
Answer: SpotlightConfidential Confidence: 0.02",GoingToATown,0.8,0.0,0,1
541,5a90209f55429916514e7418,"How many episodes were in the seventh season of the show that premiered September 20, 2010 on CBS?",25,bridge,medium,"Answer: Hawaii Five-0 Confidence: 0.8 
Answer: Blue Bloods Confidence: 0.9 
Answer: Mike & Molly Confidence: 0.6 
Answer: NCIS: Los Angeles Confidence: 0.4 
Answer: The Good Wife Confidence: 0.2",Blue Bloods,0.9,0.0,0,0
542,5a88349155429938390d3f06,What is the nationality of the composer of the Ukrainian entry for the 2008 Eurovision Song Contest?,Russian,bridge,easy,"Answer: Ukrainian Confidence: 0.7 
Answer: Russian Confidence: 0.2 
Answer: Belarusian Confidence: 0.05 
Answer: Polish Confidence: 0.03 
Answer: Georgian Confidence: 0.01",Ukrainian,0.7,0.0,0,0
543,5ab6bfbe55429953192ad373, Freddy Rodriguez played what character in the 2007 American zombie film directed by Robert Rodriguez?,El Wray,bridge,hard,"Answer: Wray Confidence: 0.9 
Answer: El Wray Confidence: 0.8 
Answer: Dr. Dakota Confidence: 0.2 
Answer: Tiny Confidence: 0.1 
Answer: Carlos Confidence: 0.1",Wray,0.9,0.6666666666666666,0,1
544,5ae4b76255429913cc2044e0,The composer of Prelude in F-sharp minor was born in what year?,1873,bridge,hard,"Answer: 1873 Confidence: 0.8 
Answer: 1882 Confidence: 0.1 
Answer: 1840 Confidence: 0.05 
Answer: 1853 Confidence: 0.02 
Answer: 1865 Confidence: 0.03",1873,0.8,1.0,1,1
545,5a7d2ced554299452d57bb46,"What American guitarist and songwriter claimed that one who wrote ""Rockaway Beach"", Dee Dee Ramone, was ""the only real beachgoer"" in the group?",Johnny Ramone,bridge,medium,"Answer: Joan Jett Confidence: 0.2 
Answer: Tom Verlaine Confidence: 0.1 
Answer: Johnny Ramone Confidence: 0.0 
Answer: Slash Confidence: 0.0 
Answer: Deborah Harry Confidence: 0.0",Joan Jett,0.2,0.0,0,0
546,5abbd42055429931dba1458f,Who is the current principal at the high school where John Lisnik taught?,Travis Barnes,bridge,medium,"Answer: Unknown Confidence: 0.0 
Answer: John Smith Confidence: 0.1 
Answer: Jane Doe Confidence: 0.1 
Answer: Michael Johnson Confidence: 0.1 
Answer: Emily Davis Confidence: 0.1",John Smith,0.1,0.0,0,0
547,5a89fcd755429946c8d6ea30,"Uzumaki, is a ""seinen"" horror manga series written and illustrated, by which Japanese horror manga artist?",Junji Ito,bridge,easy,"Answer: Junji Ito Confidence: 0.8 
Answer: Kazuo Umezu Confidence: 0.1 
Answer: Hideshi Hino Confidence: 0.05 
Answer: Tsutomu Nihei Confidence: 0.03 
Answer: Kentaro Miura Confidence: 0.02",Junji Ito,0.8,1.0,1,1
548,5a904ee35542995651fb511e,KWGB broadcasts from the county seat of what Kansas county?,Thomas County,bridge,medium,"Answer: Ford County Confidence: 0.8 
Answer: Sedgwick County Confidence: 0.1 
Answer: Finney County Confidence: 0.05 
Answer: Gray County Confidence: 0.05 
Answer: Hodgeman County Confidence: 0.0",Ford County,0.8,0.5,0,0
549,5ae1f14f554299492dc91bb4,Bob Acres is a character from a play by a satirist who passed away in which year ?,1816,bridge,hard,"Answer: 1773 Confidence: 0.8 
Answer: 1774 Confidence: 0.1 
Answer: 1779 Confidence: 0.05 
Answer: 1771 Confidence: 0.02 
Answer: 1775 Confidence: 0.03",1773,0.8,0.0,0,0
550,5ac537e25542996feb3fea3f,West Oaks Mall includes a theatre by the movie theatre chain founded in what year?,1920,bridge,medium,"Answer: 1920 Confidence: 0.2 
Answer: 1970 Confidence: 0.1 
Answer: 1995 Confidence: 0.05 
Answer: 1923 Confidence: 0.3 
Answer: 1986 Confidence: 0.35",1986,0.35,0.0,0,0
551,5a7272f15542991f9a20c47b,"Which place, Miquan or Kaohsiung, is a special municipality in Taiwan?",Kaohsiung,comparison,medium,"Answer: Kaohsiung Confidence: 1.0 
Answer: Miquan Confidence: 0.0 
Answer: Taipei Confidence: 0.0 
Answer: Taichung Confidence: 0.0 
Answer: Tainan Confidence: 0.0",Kaohsiung,1.0,1.0,1,1
552,5ab433c55542996a3a969f5b,Did the magazines Alt for Damerne and New England Offering have a similar focus?,yes,comparison,easy,"Answer: Yes Confidence: 0.6 
Answer: No Confidence: 0.4 
Answer: Women Confidence: 0.2 
Answer: Literature Confidence: 0.1 
Answer: Fashion Confidence: 0.1",Yes,0.6,1.0,1,1
553,5a7ca43555429935c91b527b,"What season was it that the Portland Trail Blazers acquired the identical twin brother of Horace Grant, the same season that Chris Dudley had an ankle injury? ",24th season,bridge,easy,"Answer: 1997-1998 Confidence: 0.2 
Answer: 1998-1999 Confidence: 0.3 
Answer: 1993-1994 Confidence: 0.1 
Answer: 2000-2001 Confidence: 0.1 
Answer: 1999-2000 Confidence: 0.2",1998-1999,0.3,0.0,0,1
554,5a74b79e55429929fddd84ce,"Which dog is larger, the Cirneco dell'Etna or the Siberian Husky?",Siberian Husky,comparison,medium,"Answer: Siberian Husky Confidence: 0.9 
Answer: Husky Confidence: 0.9 
Answer: Siberian Confidence: 0.8 
Answer: Etna Confidence: 0.1 
Answer: Husky dog Confidence: 0.8",Siberian Husky,0.9,1.0,1,1
555,5a755a015542996c70cfaee6,WIND ranks behind which Rome-based telecommunications company?,Telecom Italia,bridge,medium,"Answer: TIM Confidence: 0.8 
Answer: Vodafone Italy Confidence: 0.1 
Answer: Fastweb Confidence: 0.05 
Answer: Telecom Italia Confidence: 0.05 
Answer: Infostrada Confidence: 0.0",TIM,0.8,0.0,0,1
556,5abc5ae65542993a06baf8de,"The professional boxer, who held the WBO ligh-middleweight from 2015-2016, has a younger brother who is also a professional boxer; what is this brother's name?",Callum Smith,bridge,easy,"Answer: Liam Smith Confidence: 0.8 
Answer: Callum Smith Confidence: 0.9 
Answer: Stephen Smith Confidence: 0.7 
Answer: Paul Smith Confidence: 0.4 
Answer: Martin Murray Confidence: 0.1",Callum Smith,0.9,1.0,1,1
557,5a7b244755429931da12c9f4,"Which film starring Bob Hoskins, Christopher Lloyd, and others, spawned a series of short films from 1998 to 1993?",Who Framed Roger Rabbit,bridge,hard,"Answer: Who Framed Roger Rabbit Confidence: 0.9 
Answer: Roger Rabbit Confidence: 0.8 
Answer: Tummy Trouble Confidence: 0.2 
Answer: Fievel Confidence: 0.1 
Answer: Honey I Shrunk Confidence: 0.0",Who Framed Roger Rabbit,0.9,1.0,1,1
558,5a865f3b5542991e7718161e,"Who has been in more bands, Eddi Reader or Al Barr?",Alexander Martin Barr,comparison,medium,"Answer: Al Barr Confidence: 0.7 
Answer: Eddi Reader Confidence: 0.3 
Answer: Tie Confidence: 0.0 
Answer: Unknown Confidence: 0.0 
Answer: Neither Confidence: 0.0",Al Barr,0.7,0.4,0,1
559,5ab7bce85542993667793ff6,Which of the following is a women's magazine for African American women: Essence or New Zealand Woman's Weekly?,Essence,comparison,medium,"Answer: Essence Confidence: 1.0 
Answer: New Zealand Woman's Weekly Confidence: 0.0 
Answer: None Confidence: 0.0 
Answer: Both Confidence: 0.0 
Answer: Neither Confidence: 0.0",Essence,1.0,1.0,1,1
560,5a77b3165542997042120aec,Which video game required Hana Hayes to work with Naughty Dog?,The Last of Us,bridge,medium,"Answer: The Last of Us Confidence: 0.8 
Answer: Uncharted Confidence: 0.1 
Answer: God of War Confidence: 0.0 
Answer: Horizon Zero Dawn Confidence: 0.0 
Answer: Life is Strange Confidence: 0.1",The Last of Us,0.8,1.0,1,1
561,5a804b0a5542995d8a8ddf5b," Karl Templer is creative director of Interview and his work has appeared in publications internationally including Vogue Italia, Vogue Paris, and W, a monthly American fashion magazine published by who?",Condé Nast,bridge,easy,"Answer: Condé Nast Confidence: 0.9 
Answer: Hearst Corporation Confidence: 0.05 
Answer: Time Inc Confidence: 0.03 
Answer: Forbes Confidence: 0.01 
Answer: Advance Publications Confidence: 0.01",Condé Nast,0.9,1.0,1,1
562,5ade94c2554299728e26c73d,"What is the birthdate of this American actor, film director, producer, screenwriter, and singer, who starred in Nine Lives?","July 26, 1959",bridge,medium,"Answer: August 16, 1954 Confidence: 0.8 
Answer: October 26, 1979 Confidence: 0.1 
Answer: July 13, 1940 Confidence: 0.05 
Answer: January 24, 1949 Confidence: 0.05 
Answer: March 27, 1963 Confidence: 0.0","August 16, 1954",0.8,0.0,0,0
563,5abf697f5542997ec76fd3f2,"Are both musicians, Curt Smith and Les Taylor  , from the same country ?",no,comparison,medium,"Answer: Yes Confidence: 0.8 
Answer: No Confidence: 0.2 
Answer: United Kingdom Confidence: 0.6 
Answer: United States Confidence: 0.4 
Answer: England Confidence: 0.5",Yes,0.8,0.0,0,0
564,5a72a5d65542992359bc314f,"What is the name of the American Neoclassical new-age music group that released the ""Ambience"" collection in 2001?",Mannheim Steamroller,bridge,medium,"Answer: Tim Janis Confidence: 0.2 
Answer: Mannheim Steamroller Confidence: 0.3 
Answer: Enya Confidence: 0.1 
Answer: Max Corbacho Confidence: 0.1 
Answer: Eric Whitacre Confidence: 0.05",Mannheim Steamroller,0.3,1.0,1,1
565,5addf8035542995b365faba3,"When was the mountain building period, that ended 440 million years ago and affected most of modern-day New England, first described?",described it in the 1950s,bridge,easy,"Answer: 1840s Confidence: 0.6 
Answer: 1860s Confidence: 0.3 
Answer: 1850s Confidence: 0.4 
Answer: 1830s Confidence: 0.2 
Answer: 1870s Confidence: 0.1",1840s,0.6,0.0,0,0
566,5a87387855429960ec39b768,"What is this important historical, cultural, and economic region of Massachusetts that contains Salem and where Gabriel Frasca cooked at a young age?",North Shore,bridge,medium,"Answer: North Shore Confidence: 0.8 
Answer: Cape Ann Confidence: 0.4 
Answer: Essex County Confidence: 0.6 
Answer: Boston Harbor Confidence: 0.2 
Answer: Merrimack Valley Confidence: 0.1",North Shore,0.8,1.0,1,1
567,5ae1f8aa554299234fd0437a,Which  German professional racing driver won  2007 Masters of Formula 3 ,Nicolas Hülkenberg,bridge,hard,"Answer: Romain Dumas Confidence: 0.2 
Answer: Nico Hülkenberg Confidence: 0.6 
Answer: Paul di Resta Confidence: 0.1 
Answer: Sebastian Vettel Confidence: 0.05 
Answer: Nico Hülkenberg Confidence: 0.05",Nico Hülkenberg,0.6,0.5,0,1
568,5a8e1ad8554299068b959e60,"which magazine is most like Playboy, Woman's Day or Gallery? ",Gallery,comparison,medium,"Answer: Gallery Confidence: 0.9 
Answer: Playboy Confidence: 0.0 
Answer: Penthouse Confidence: 0.8 
Answer: Hustler Confidence: 0.7 
Answer: Maxim Confidence: 0.6",Gallery,0.9,1.0,1,1
569,5ade1a065542997c77aded44,are Better Homes and Gardens and Al Jamila from different countries?,yes,comparison,medium,"Answer: Yes Confidence: 0.9 
Answer: No Confidence: 0.1 
Answer: Yes Confidence: 0.9 
Answer: No Confidence: 0.1 
Answer: Yes Confidence: 0.9",Yes,0.9,1.0,1,1
570,5ab5eb8e5542997d4ad1f24e,What is the population of the capital city in which Para Wirra Conservation Park is located?,"1,326,354",bridge,medium,"Answer: Adelaide Confidence: 0.9 
Answer: Melbourne Confidence: 0.05 
Answer: Sydney Confidence: 0.02 
Answer: Brisbane Confidence: 0.01 
Answer: Perth Confidence: 0.02",Adelaide,0.9,0.0,0,0
571,5adcd75555429947343537ab,"Sir (Ernest) Llewellyn Woodward (1890–1971) was a British historian, and was educated at which British independent private day school for boys, originally located in the City of London, and since 1933 it has been located on 285 acre of grounds at Sandy Lodge in the Three Rivers district of Hertfordshire?",Merchant Taylors' School (MTS),bridge,easy,"Answer: Merchant Taylors' School Confidence: 0.8 
Answer: St Paul's School Confidence: 0.1 
Answer: Harrow School Confidence: 0.05 
Answer: Eton College Confidence: 0.03 
Answer: Winchester College Confidence: 0.02",Merchant Taylors' School,0.8,0.8571428571428571,0,1
572,5a8008ed5542992e7d278de9,"Which singer has been part of more bands, Richard Ashcroft or James Bourne?",James Elliot Bourne,comparison,medium,"Answer: Richard Ashcroft Confidence: 0.6 
Answer: James Bourne Confidence: 0.4 
Answer: Richard Ashcroft and James Bourne are equal Confidence: 0.0 
Answer: Bono Confidence: 0.0 
Answer: Freddie Mercury Confidence: 0.0",Richard Ashcroft,0.6,0.0,0,0
573,5a82c31455429940e5e1a930,Do Abigail Child and Nabil Ayouch both write media?,yes,comparison,medium,"Answer: Yes Confidence: 0.8 
Answer: No Confidence: 0.2 
Answer: Maybe Confidence: 0.0 
Answer: Unknown Confidence: 0.0 
Answer: Possibly Confidence: 0.0",Yes,0.8,1.0,1,1
574,5a8ba8945542997f31a41d9e,"Mathew Stuart Sinclair (born 9 November 1975) is an Australian-born New Zealand cricketer, he holds the equal world record for the highest Test score (214) by a number three batsman on debut when he opened his international career against West Indies in the 1999, Boxing Day Test match is a cricket Test match held in Melbourne, Victoria in which country?",Australia,bridge,easy,"Answer: Australia Confidence: 1.0 
Answer: New Zealand Confidence: 0.0 
Answer: West Indies Confidence: 0.0 
Answer: Victoria Confidence: 0.0 
Answer: Melbourne Confidence: 0.0",Australia,1.0,1.0,1,1
575,5a7b508e55429927d897bf84,"Worn throughout the Caribbean region, notably in Cuba and Jamaica as wedding attire, what upper-body form does the guayabera take for men?",bush jacket,bridge,hard,"Answer: Shirt Confidence: 0.9 
Answer: Jacket Confidence: 0.05 
Answer: Vest Confidence: 0.03 
Answer: Tunic Confidence: 0.01 
Answer: Blazer Confidence: 0.01",Shirt,0.9,0.0,0,1
576,5ab706aa554299110f219a98,In which year was this brand name founded on which Sony Ericsson K608i became available?,2002,bridge,medium,"Answer: 2001 Confidence: 0.2 
Answer: 2005 Confidence: 0.6 
Answer: 2003 Confidence: 0.1 
Answer: 2002 Confidence: 0.05 
Answer: 2004 Confidence: 0.05",2005,0.6,0.0,0,0
577,5abfabb55542994516f454e6,Name an American clothing and accessories retailer that short-lived spinoff Martin+Osa?,American Eagle Outfitters,bridge,medium,"Answer: American Eagle Confidence: 0.8 
Answer: Abercrombie Confidence: 0.1 
Answer: Gap Confidence: 0.05 
Answer: Banana Republic Confidence: 0.05 
Answer: J Crew Confidence: 0.0",American Eagle,0.8,0.8,0,1
578,5ac0ffec5542996f0d89cc50,"Sammy Hagar and Pierre Bouvier, share which mutual occupations?","singer, songwriter, musician",comparison,easy,"Answer: Musicians Confidence: 0.9 
Answer: Singers Confidence: 0.9 
Answer: Songwriters Confidence: 0.8 
Answer: Performers Confidence: 0.8 
Answer: Entertainers Confidence: 0.7",Musicians,0.9,0.0,0,1
579,5ae56bf15542993aec5ec1a7,Which Texas city is known for gambling and is home to the Texas Lottery?,Austin,bridge,medium,"Answer: Dallas Confidence: 0.2 
Answer: Austin Confidence: 0.6 
Answer: Houston Confidence: 0.1 
Answer: Lubbock Confidence: 0.05 
Answer: Fort Worth Confidence: 0.05",Austin,0.6,1.0,1,1
580,5a886fdd55429938390d3f5b,Where was Barbarossa Chandelier crowned Holy Roman Emperor?,Aachen,bridge,medium,"Answer: Aachen Confidence: 0.8 
Answer: Rome Confidence: 0.1 
Answer: Frankfurt Confidence: 0.05 
Answer: Charlemagne's Palace Confidence: 0.03 
Answer: Regensburg Confidence: 0.02",Aachen,0.8,1.0,1,1
581,5adeb0e955429939a52fe95c,"Liz Rose, is an American country music songwriter best known for her work with Taylor Swift, and  has co-written twenty of Swift's officially-released songs and singles, including which song was written by Swift and Liz Rose and produced by Nathan Chapman, with Swift's aid?",White Horse,bridge,easy,"Answer: Tim McGraw Confidence: 0.4 
Answer: Teardrops on My Guitar Confidence: 0.3 
Answer: Our Song Confidence: 0.2 
Answer: Picture to Burn Confidence: 0.1 
Answer: White Horse Confidence: 0.0",Tim McGraw,0.4,0.0,0,0
582,5a8c517e5542995e66a475b7,"What is the name of the home stadium of this team in the Federal Hockey League, which Adam McKenzie is currently a member of?",Hara Arena,bridge,medium,"Answer: Port Huron McMorran Place Confidence: 0.2 
Answer:Danbury Ice Arena Confidence: 0.3 
Answer: Watertown Municipal Arena Confidence: 0.1 
Answer: Fenton's Lakeview Arena Confidence: 0.1 
Answer: Hara Arena Confidence: 0.2",Danbury Ice Arena,0.3,0.4,0,0
583,5abdf05d55429933744ab830,What nationality are Ralph Tresvant and Chad Smith?,American,comparison,medium,"Answer: American Confidence: 1.0 
Answer: USA Confidence: 0.9 
Answer: US Confidence: 0.9 
Answer: American-English Confidence: 0.2 
Answer: English Confidence: 0.1",American,1.0,1.0,1,1
584,5a79253055429907847277cb,"Julien Duvivier and Andrew Adamson, have which occupation in common?",film director,comparison,easy,"Answer: Director Confidence: 0.9 
Answer: Producer Confidence: 0.05 
Answer: Actor Confidence: 0.02 
Answer: Writer Confidence: 0.03 
Answer: Editor Confidence: 0.01",Director,0.9,0.6666666666666666,0,1
585,5ac0d4d4554299294b21901f,C. Scott Vanderhoef was the running mate of the minority leader who is now part of which New York district?,19 congressional district,bridge,medium,"Answer: NY-18 Confidence: 0.2 
Answer: NY-19 Confidence: 0.15 
Answer: NY-17 Confidence: 0.1 
Answer: NY-20 Confidence: 0.05 
Answer: NY-22 Confidence: 0.05",NY-18,0.2,0.0,0,0
586,5a8f612b5542992414482a99,"The pop singer in the lead role in ""Tere Bin Laden"" received how many Lux Style Awards?",five,bridge,medium,"Answer: Ali Zafar Confidence: 0.8 
Answer: 4 Confidence: 0.6 
Answer: 2 Confidence: 0.4 
Answer: 1 Confidence: 0.3 
Answer: 5 Confidence: 0.2",Ali Zafar,0.8,0.0,0,0
587,5abe88cd55429976d4830b5a,How much did VMware pay to acquire the Atlanta-based provider of enterprise mobility management software?,$1.54 billion,bridge,medium,"Answer: $1.54 billion Confidence: 0.8 
Answer: $1.18 billion Confidence: 0.4 
Answer: $1.2 billion Confidence: 0.3 
Answer: $1.5 billion Confidence: 0.2 
Answer: $1.8 billion Confidence: 0.1",$1.54 billion,0.8,1.0,1,1
588,5adc85dc55429947ff173991,"What former Canadian MP and Senator named a community in Saskatchewan after a semi-ruined mid-14th-century fortress, located 5 km east of North Berwick, in East Lothian, Scotland?",James Moffat Douglas,bridge,easy,"Answer: Tantallon Confidence: 0.0 
Answer: Sir John A Macdonald Confidence: 0.0 
Answer: William Egerton Confidence: 0.0 
Answer: John Dowsley Confidence: 0.2 
Answer: Sir James Lougheed Confidence: 0.8",Sir James Lougheed,0.8,0.3333333333333333,0,0
589,5a8d072e554299585d9e3798,Are both the Ariegeois and the German Longhaired Pointer dogs that are breed in Europe?,yes,comparison,medium,"Answer: Yes Confidence: 1.0 
Answer: No Confidence: 0.0 
Answer: Maybe Confidence: 0.0 
Answer: Partially Confidence: 0.0 
Answer: Possibly Confidence: 0.0",Yes,1.0,1.0,1,1
590,5ac3154e554299741d48a1ba,Which of the owner of Portstewart Football Club is a former Northern Ireland international footballer and manager?,Harry Gregg,bridge,medium,"Answer: Sammy McIlroy Confidence: 0.8 
Answer: Billy Bingham Confidence: 0.4 
Answer: Lawrie Sanchez Confidence: 0.3 
Answer: Jimmy Nicholl Confidence: 0.2 
Answer: Nigel Worthington Confidence: 0.1",Sammy McIlroy,0.8,0.0,0,0
591,5a883c8a5542994846c1ce52,When did the location of The 2016 iHeartRadio Music Award open?,"December 30, 1967",bridge,medium,"Answer: April 3, 2016 Confidence: 0.8 
Answer: Inglewood Confidence: 0.4 
Answer: The Forum Confidence: 0.9 
Answer: California Confidence: 0.7 
Answer: June 2015 Confidence: 0.2",The Forum,0.9,0.0,0,0
592,5abc709f55429959677d6aba,Which has more acts Faust or Die schweigsame Frau?,Faust,comparison,medium,"Answer: Die schweigsame Frau Confidence: 0.6 
Answer: Faust Confidence: 0.4 
Answer: Tie Confidence: 0.0 
Answer: Neither Confidence: 0.0 
Answer: Unknown Confidence: 0.0",Die schweigsame Frau,0.6,0.0,0,0
593,5a89d8ab554299669944a5c5,"What is a 1986 Argentine drama-science fiction film written and directed by Eliseo Subiela, that has uncredited adaptations made from it to  a 2001 American science fiction-mystery film based on Gene Brewer's 1995 novel ?",Man Facing Southeast,bridge,easy,"Answer: Man Facing Southeast Confidence: 0.8 
Answer: Hombre mirando al sudeste Confidence: 0.7 
Answer: K-Pax Confidence: 0.6 
Answer: Man Facing Confidence: 0.4 
Answer: Hombre Confidence: 0.2",Man Facing Southeast,0.8,1.0,1,1
594,5a7e35295542997cc2c47533,"Two-man bobsleigh at the 1964 Winter Olympics took place on 31 January and 1 February at Bob und Rodelbahn Igls, Innsbruck, Austria, Innsbruck is the capital city of which city, in western Austria?",Tyrol,bridge,easy,"Answer: Tyrol Confidence: 1.0 
Answer: Vorarlberg Confidence: 0.0 
Answer: Salzburg Confidence: 0.0 
Answer: Carinthia Confidence: 0.0 
Answer: Styria Confidence: 0.0",Tyrol,1.0,1.0,1,1
595,5a774fb15542994aec3b7286,Which John Hughes' movie features Aleksander Krupa?,Home Alone 3,bridge,medium,"Answer: EuroTrip Confidence: 0.0 
Answer: WarGames Confidence: 0.0 
Answer: Bliss Confidence: 0.0 
Answer: Executive Decision Confidence: 0.4 
Answer: Home Alone Confidence: 0.0",Executive Decision,0.4,0.0,0,0
596,5ac07059554299294b218fdd,Are Patrick Tam and Wang Xiaoshuai both film directors?,yes,comparison,medium,"Answer: Yes Confidence: 1.0 
Answer: No Confidence: 0.0 
Answer: Maybe Confidence: 0.0 
Answer: Possibly Confidence: 0.0 
Answer: Likely Confidence: 0.0",Yes,1.0,1.0,1,1
597,5ae14b6855429920d52343ac,"What is the name of this air arm of the Indian armed forces, in which MP Anil Kumar was a MiG 21 pilot?",Indian Air Force,bridge,medium,"Answer: Indian Air Force Confidence: 1.0 
Answer: IAF Confidence: 0.9 
Answer: Bharatiya Vayu Sena Confidence: 0.8 
Answer: Indian Flying Corps Confidence: 0.1 
Answer: Royal Indian Air Force Confidence: 0.1",Indian Air Force,1.0,1.0,1,1
598,5a8cb6e0554299653c1aa0f7,What is the nationality of the athlete who created Go Dad Run ?,Welsh,bridge,medium,"Answer: British Confidence: 0.8 
Answer: American Confidence: 0.1 
Answer: Canadian Confidence: 0.05 
Answer: Australian Confidence: 0.03 
Answer: Irish Confidence: 0.02",British,0.8,0.0,0,1
599,5a74d96f5542996c70cfae12,"Which Icelandic TV cast performed on the album ""Nick Holiday""?",LazyTown,bridge,medium,"Answer: LazyTown Confidence: 0.8 
Answer: Noggin Confidence: 0.05 
Answer: Stardust Confidence: 0.05 
Answer: Disney Channel Confidence: 0.01 
Answer: Teletubbies Confidence: 0.01",LazyTown,0.8,1.0,1,1
600,5ae4056d55429970de88d859,Punta Gorda Airport offers numerous flights from the company that has headquarters in what city?,"Summerlin, Nevada",bridge,medium,"Answer: Atlanta Confidence: 0.4 
Answer: Miramar Confidence: 0.3 
Answer: Dallas Confidence: 0.2 
Answer: Chicago Confidence: 0.05 
Answer: Orlando Confidence: 0.05",Atlanta,0.4,0.0,0,0
601,5adc4a0555429944faac24c6,"Haruo Nakajima, was a Japanese actor, best known for portraying who, in twelve consecutive films, starting from the original ""Godzilla"" (1954) until ""Godzilla vs. Gigan"" (1972)?",Godzilla,bridge,easy,"Answer: Godzilla Confidence: 1.0 
Answer: King Ghidorah Confidence: 0.0 
Answer: Mothra Confidence: 0.0 
Answer: Gigan Confidence: 0.0 
Answer: Rodan Confidence: 0.0",Godzilla,1.0,1.0,1,1
602,5ab6321e55429953192ad295,"Stratton is a brand of powder compacts, lipstick holders and other devices and containers for cosmetics, made in a city that had a population of how many in 2014 ?","1,101,360",bridge,medium,"Answer: 18,719 Confidence: 0.2 
Answer: 115,000 Confidence: 0.1 
Answer: 7,035 Confidence: 0.1 
Answer: 15,443 Confidence: 0.1 
Answer: 12,105 Confidence: 0.5","12,105",0.5,0.0,0,0
603,5ab55ca55542992aa134a2c9, Krusty Gets Busted revolves around the heist of what marketplace?,Kwik-E-Mart,bridge,medium,"Answer: Kwik-E-Mart Confidence: 0.9 
Answer: Springfield Mall Confidence: 0.05 
Answer: Android's Dungeon Confidence: 0.02 
Answer: Moe's Tavern Confidence: 0.01 
Answer: Gilded Truffle Confidence: 0.02",Kwik-E-Mart,0.9,1.0,1,1
604,5a7f68d95542992097ad2f57,What is the name of the field located at the University of Oklahoma where Bob Stoops coached the university football team?,Owen Field,bridge,medium,"Answer: Gaylord Family Oklahoma Memorial Stadium Confidence: 0.9 
Answer: Oklahoma Memorial Stadium Confidence: 0.8 
Answer: Gaylord Stadium Confidence: 0.2 
Answer: Bob Stoops Field Confidence: 0.1 
Answer: Sooners Stadium Confidence: 0.1",Gaylord Family Oklahoma Memorial Stadium,0.9,0.0,0,1
605,5a7a02c45542990198eaf040,What  American young earth creationist and geophysicist was on  a research project conducted by the Creation Research Society and the Institute for Creation Research between 1997 and 2005?,John R. Baumgardner,bridge,easy,"Answer: Andrew Snelling Confidence: 0.7 
Answer: John Baumgardner Confidence: 0.8 
Answer: Steve Austin Confidence: 0.9 
Answer: Larry Vardiman Confidence: 0.6 
Answer: Russell Humphreys Confidence: 0.8",Steve Austin,0.9,0.0,0,0
606,5ae1f09a554299234fd04344,"Who has had a solo singing career, Ryan McCombs or Toshimitsu Deyama?",Toshimitsu Deyama,comparison,hard,"Answer: Ryan McCombs Confidence: 0.8 
Answer: Toshimitsu Deyama Confidence: 0.2 
Answer: Neither Confidence: 0.0 
Answer: Both Confidence: 0.0 
Answer: Unknown Confidence: 0.0",Ryan McCombs,0.8,0.0,0,0
607,5abb709d5542992ccd8e7f44,The school represented by the Tampa Spartans in the 1970 college football season offers how many master's degrees?,13,bridge,medium,"Answer: 24 Confidence: 0.8 
Answer: 30 Confidence: 0.6 
Answer: 20 Confidence: 0.4 
Answer: 26 Confidence: 0.3 
Answer: 28 Confidence: 0.2",24,0.8,0.0,0,0
608,5ae72cc75542991e8301cb94,Pabst Brewing Company is the holding company for the defunct Pacific Northwest company that was based in what city?,"Seattle, Washington",bridge,hard,"Answer: Portland Confidence: 0.6 
Answer: Seattle Confidence: 0.3 
Answer: Tacoma Confidence: 0.05 
Answer: Olympia Confidence: 0.02 
Answer: Vancouver Confidence: 0.03",Portland,0.6,0.0,0,0
609,5a77c7e75542992a6e59dfc8,"Where was the sport invented in 1891 by a Canadian-American physical educator, physician, chaplain, sports coach and innovator?","Springfield, Massachusetts",bridge,medium,"Answer: Springfield Confidence: 0.8 
Answer: Massachusetts Confidence: 0.7 
Answer: USA Confidence: 0.6 
Answer: Canada Confidence: 0.2 
Answer: YMCA Confidence: 0.1",Springfield,0.8,0.6666666666666666,0,1
610,5ae39bc15542991a06ce99f8,Who invented the cipher machine of which Typex was an adaptation ? ,Arthur Scherbius,bridge,medium,"Answer: Edward Hebern Confidence: 0.2 
Answer: Arthur Scherbius Confidence: 0.3 
Answer: William Friedman Confidence: 0.1 
Answer: Alexander Friedman Confidence: 0.1 
Answer: Arthur Scherbius and Arvid Gerhard Damm Confidence: 0.4",Arthur Scherbius and Arvid Gerhard Damm,0.4,0.5,0,0
611,5ae32f1455429928c4239657,Are Fairbanks International Airport and Deadhorse Airport both located on the North Slope of Alaska?,no,comparison,medium,"Answer: No Confidence: 0.8 
Answer: Yes Confidence: 0.2 
Answer: Partially Confidence: 0.5 
Answer: Only Deadhorse Confidence: 0.6 
Answer: Only Fairbanks Confidence: 0.1",No,0.8,1.0,1,1
612,5abf07b05542993fe9a41dc4,"James Shomate was particularly known for his work for which American operatic mezzo-soprano born June 11, 1913?",Risë Stevens,bridge,medium,"Answer: Marian Anderson Confidence: 0.8 
Answer: Shirley Verrett Confidence: 0.1 
Answer: Grace Bumbry Confidence: 0.05 
Answer: Janet Baker Confidence: 0.0 
Answer: Leontyne Price Confidence: 0.05",Marian Anderson,0.8,0.0,0,0
613,5ab7b85d55429928e1fe38a1,Odd Future is a collective that was on a television show in what genre,sketch comedy,bridge,hard,"Answer: Comedy Confidence: 0.7 
Answer: Reality Confidence: 0.2 
Answer: Drama Confidence: 0.05 
Answer: Animation Confidence: 0.03 
Answer: Documentary Confidence: 0.0",Comedy,0.7,0.6666666666666666,0,1
614,5a8cc8c9554299441c6b9efd,"The director of ""The Office"" episode ""Test the Store"" worked as an executive producer for what series?","""King of the Hill""",bridge,medium,"Answer: Parks and Recreation Confidence: 0.8 
Answer: Brooklyn Nine-Nine Confidence: 0.6 
Answer: Silicon Valley Confidence: 0.4 
Answer: The Good Place Confidence: 0.3 
Answer: Community Confidence: 0.2",Parks and Recreation,0.8,0.0,0,0
615,5ae17b9c55429901ffe4ae9d,What quantum physicist was featured in both Dalai Lama Awakening and  What the Bleep Do We Know!?,Amit Goswami,bridge,hard,"Answer: Amit Goswami Confidence: 0.8 
Answer: Fred Alan Wolf Confidence: 0.9 
Answer: Danah Zohar Confidence: 0.4 
Answer: John Hagelin Confidence: 0.6 
Answer: William Tiller Confidence: 0.2",Fred Alan Wolf,0.9,0.0,0,0
616,5a7cadfe5542996dd594b981,What was the birthdate of the composer who worked on A Bayou Legend with William Grant Still?,"February 16, 1910",bridge,medium,"Answer: 9-14-1895 Confidence: 0.8 
Answer: 5-11-1895 Confidence: 0.2 
Answer: 11-14-1895 Confidence: 0.0 
Answer: 9-11-1895 Confidence: 0.0 
Answer: 11-9-1889 Confidence: 0.0",9-14-1895,0.8,0.0,0,0
617,5abfbb6c5542990832d3a1d5,"which game played on January 1, 2007 did 2006 Boise State Broncos football team faced Oklahoma",The 2007 Tostitos,bridge,hard,"Answer: Fiesta Bowl Confidence: 1.0 
Answer: Orange Bowl Confidence: 0.0 
Answer: Sugar Bowl Confidence: 0.0 
Answer: Rose Bowl Confidence: 0.0 
Answer: Cotton Bowl Confidence: 0.0",Fiesta Bowl,1.0,0.0,0,1
618,5ac287aa55429963665199fb,"Who co-hosts a radio show on the KIIS Network with a radio announcer for the programme ""Breakfasters""?",Dave Hughes,bridge,medium,"Answer: Chris Gillies Confidence: 0.2 
Answer: Sarah Smith Confidence: 0.1 
Answer: Daniel Breins Confidence: 0.1 
Answer: Michael Koziol Confidence: 0.1 
Answer: Alex Dyson Confidence: 0.5",Alex Dyson,0.5,0.0,0,0
619,5a8a5acf55429970aeb702b0,"Austin Sowell plays a character in ""Bridge of Spies"" who was shot down in the airspace of what country?",Soviet Union,bridge,medium,"Answer: USSR Confidence: 0.8 
Answer: Germany Confidence: 0.1 
Answer: Poland Confidence: 0.05 
Answer: China Confidence: 0.05 
Answer: Russia Confidence: 0.0",USSR,0.8,0.0,0,1
620,5a8607aa55429960ec39b60a,Glyn Chamberlain last position was caretaker manager of a football club that plays in what league?,National League,bridge,medium,"Answer: National League Confidence: 0.4 
Answer: EFL Confidence: 0.3 
Answer: Premier League Confidence: 0.1 
Answer: Championship Confidence: 0.1 
Answer: League One Confidence: 0.1",National League,0.4,1.0,1,1
621,5a8712b755429960ec39b726,"After which world event, did retail establishments in the U.S. began to pursue a high-volume, low-profit-margin strategy in a type of store that sells products at prices that are lower than the typical market value and for example sells Scotsmac, an alcoholic drink consisting of a blend of wine and whisky flavouring, in 700ml bottles?",World War II,bridge,medium,"Answer: WWII Confidence: 0.2 
Answer: WWI Confidence: 0.1 
Answer: Great Depression Confidence: 0.3 
Answer: Cold War Confidence: 0.1 
Answer: Industrial Revolution Confidence: 0.3",Great Depression,0.3,0.0,0,0
622,5a891a6f55429951533612c3,"What other film, beside the American neo-noir dystopian science fiction action film directed by Alex Proyas was considered a blockbuster in 2004?",Ocean's Twelve,bridge,easy,"Answer: I, Robot Confidence: 0.8 
Answer: Blade Trinity Confidence: 0.4 
Answer: The Incredibles Confidence: 0.6 
Answer: National Treasure Confidence: 0.5 
Answer: Spider-Man 2 Confidence: 0.7","I, Robot",0.8,0.0,0,0
623,5a90212155429916514e741b,Are Hegang and Weihai in the same country?,yes,comparison,medium,"Answer: Yes Confidence: 1.0 
Answer: China Confidence: 1.0 
Answer: Asia Confidence: 0.9 
Answer: No Confidence: 0.0 
Answer: Maybe Confidence: 0.0",Yes,1.0,1.0,1,1
624,5a7708d25542993569682ca7,What show produced under Guroudev Bhalla production house stars actor Ritvik Arora?,Tu Aashiqui,bridge,hard,"Answer: Kumkum Bhagya Confidence: 0.2 
Answer: Yeh Vaada Raha Confidence: 0.0 
Answer: Paramavatar Shri Krishna Confidence: 0.0 
Answer: Kundali Bhagya Confidence: 0.6 
Answer: Tu Aashiqui Confidence: 0.2",Kundali Bhagya,0.6,0.0,0,0
625,5ab8030e55429936677940a2,"Rashtriya Swayamsevak Sangh, abbreviated as RSS, is an Indian right-wing, Hindu nationalist, paramilitary volunteer organisation that is widely regarded as the parent organisation of which ruling party of India, and is one of the two major political parties in India, along with the Indian National Congress?",Bharatiya Janata Party,bridge,easy,"Answer: BJP Confidence: 0.9 
Answer: Shiv Sena Confidence: 0.05 
Answer: Akali Dal Confidence: 0.03 
Answer: Jana Sangh Confidence: 0.02 
Answer: Bharatiya Jana Sangh Confidence: 0.01",BJP,0.9,0.0,0,1
626,5a7a688b5542990783324f43,The Arnold Air Force Base was named for a man who died in what year?,1950,bridge,medium,"Answer: 1943 Confidence: 0.8 
Answer: 1941 Confidence: 0.1 
Answer: 1945 Confidence: 0.05 
Answer: 1942 Confidence: 0.05 
Answer: 1944 Confidence: 0.0",1943,0.8,0.0,0,0
627,5ab29216554299545a2cf98d,When did the artist who released Truth Serum form Tremblebee?,2006,bridge,medium,"Answer: 2010 Confidence: 0.2 
Answer: 2008 Confidence: 0.1 
Answer: 2012 Confidence: 0.1 
Answer: 2006 Confidence: 0.05 
Answer: 2004 Confidence: 0.05",2010,0.2,0.0,0,0
628,5a73301e55429901807dafad,Pixie Geldof's mother died of what cause?,a heroin overdose,bridge,medium,"Answer: Heroin overdose Confidence: 0.8 
Answer: Drug overdose Confidence: 0.7 
Answer: Cancer Confidence: 0.1 
Answer: Heart attack Confidence: 0.05 
Answer: Accident Confidence: 0.05",Heroin overdose,0.8,1.0,1,1
629,5a77650c55429972597f151b,"What funk song, recorded by a man often referred to as the ""Godfather of Soul"" , was released as a two-part single?",I Don't Want Nobody to Give Me Nothing,bridge,easy,"Answer: Papa's Got a Brand New Bag Confidence: 0.8 
Answer: Cold Sweat Confidence: 0.6 
Answer: Get Up Confidence: 0.4 
Answer: I Got You Confidence: 0.3 
Answer: Think Confidence: 0.1",Papa's Got a Brand New Bag,0.8,0.0,0,0
630,5a85a79f5542997175ce1fea,What genre was the 1940 film starring an American film actor known for portaying the cowboy hero Hopalong Cassidy?,Western,bridge,easy,"Answer: Western Confidence: 0.9 
Answer: Action Confidence: 0.05 
Answer: Drama Confidence: 0.03 
Answer: Adventure Confidence: 0.02 
Answer: Comedy Confidence: 0.005",Western,0.9,1.0,1,1
631,5ab3a438554299233954ff6f,Diane Michelle voiced Daisy Duck in the 1999 Christmas anthology film produced by Walt Disney Home Video that won what award at the 5th Kecskemét Animation Film Festival in 1999?,Award for Best Animated Feature Film,bridge,easy,"Answer: Best Animated Feature Confidence: 0.2 
Answer: Golden Camera Confidence: 0.1 
Answer: Grand Prix Confidence: 0.3 
Answer: Best Film Confidence: 0.2 
Answer: Grand Prize Confidence: 0.2",Grand Prix,0.3,0.0,0,0
632,5a77d0be5542995d831812f4,"The 2000 Motor City Bowl was a National Collegiate Athletic Association bowl game, it was played on December 27, 2000 at which stadium in Pontiac, Michigan, United States?",Pontiac Silverdome,bridge,easy,"Answer: Pontiac Silverdome Confidence: 1.0 
Answer: Silverdome Confidence: 0.9 
Answer: Pontiac Stadium Confidence: 0.2 
Answer: Ford Field Confidence: 0.0 
Answer: Comerica Park Confidence: 0.0",Pontiac Silverdome,1.0,1.0,1,1
633,5a7d85c25542997cc2c4745a,What were the occupations of Mario Vargas Llosa and William March?,writer,comparison,medium,"Answer: Writer Confidence: 1.0 
Answer: Novelist Confidence: 0.9 
Answer: Author Confidence: 0.9 
Answer: Journalist Confidence: 0.5 
Answer: Professor Confidence: 0.4",Writer,1.0,1.0,1,1
634,5ac10599554299294b21906f,Which team did the second-most successful Indian pace bowler in Test cricket play?,Baroda,bridge,medium,"Answer: India Confidence: 1.0 
Answer: Delhi Confidence: 0.2 
Answer: Mumbai Confidence: 0.2 
Answer: Karnataka Confidence: 0.2 
Answer: Hyderabad Confidence: 0.2",India,1.0,0.0,0,0
635,5a7bbd06554299042af8f7d1,"What tour was Paul McCartney's first live performance since The Beatles 1966 US tour when the tour was plagued with backlash regarding the controversy of John Lennon's remark about the band being ""more popular than Jesus"", death threats, and the band's own dissatisfaction with the noise levels and their ability to perform live?",Wings Over the World tour,bridge,easy,"Answer: Wings Over America Confidence: 0.8 
Answer: Wings University Tour Confidence: 0.1 
Answer: Back to the Egg Confidence: 0.05 
Answer: Tug of War Tour Confidence: 0.05 
Answer: The Paul McCartney World Tour Confidence: 0.0",Wings Over America,0.8,0.5714285714285715,0,0
636,5a8b8dec55429949d91db5df,What country is both Foreign Affairs and Sojourners published in?,U.S.,comparison,hard,"Answer: USA Confidence: 0.9 
Answer: Canada Confidence: 0.05 
Answer: UK Confidence: 0.03 
Answer: Australia Confidence: 0.01 
Answer: Germany Confidence: 0.01",USA,0.9,0.0,0,1
637,5addca545542997dc790702b,What part did Rolls-Royce Holdings make for Sea Jet?,an underwater discharge water jet,bridge,easy,"Answer: MT30 Confidence: 0.8 
Answer: MT7 Confidence: 0.1 
Answer: Engine Confidence: 0.6 
Answer: Gas Turbine Confidence: 0.7 
Answer: Propulsion Confidence: 0.4",MT30,0.8,0.0,0,0
638,5a7397c755429908901be306,"What company headquartered in Hsinchu, Taiwan manufactures processors for the Asus ZenFone series?",MediaTek,bridge,medium,"Answer: MediaTek Confidence: 0.9 
Answer: Qualcomm Confidence: 0.05 
Answer: Intel Confidence: 0.01 
Answer: TSMC Confidence: 0.02 
Answer: VIA Confidence: 0.02",MediaTek,0.9,1.0,1,1
639,5ae524725542993aec5ec15a,The 2001 Webby Awards were held an an opera house located across from the rear facade of what government building?,City Hall,bridge,medium,"Answer: City Hall Confidence: 0.8 
Answer: Capitol Building Confidence: 0.1 
Answer: White House Confidence: 0.05 
Answer: Supreme Court Confidence: 0.05 
Answer: San Francisco City Hall Confidence: 0.0",City Hall,0.8,1.0,1,1
640,5ac2b35a5542996773102619,"Neal Stephenson and David McCullough had similar professions, but one received a prestigious award called what?",Presidential Medal of Freedom,comparison,medium,"Answer: Pulitzer Prize Confidence: 0.8 
Answer: National Book Award Confidence: 0.6 
Answer: National Medal of Arts Confidence: 0.4 
Answer: Presidential Medal of Freedom Confidence: 0.2 
Answer: Nobel Prize Confidence: 0.1",Pulitzer Prize,0.8,0.0,0,0
641,5ac1ab265542994ab5c67dc6,The founder of Long View Farm Studios was a professor at a school located adjacent to what park?,University Park,bridge,medium,"Answer: Walden Pond Confidence: 0.8 
Answer: Fenway Park Confidence: 0.05 
Answer: Central Park Confidence: 0.05 
Answer: Prospect Park Confidence: 0.05 
Answer: Boston Common Confidence: 0.05",Walden Pond,0.8,0.0,0,0
642,5ac526f855429924173fb614,Jimmy Bennett is known for a role in what 2005 American action thriller that was produced by and starred Bruce Willis?,Hostage,bridge,medium,"Answer: Hostage Confidence: 0.9 
Answer: Sin City Confidence: 0.05 
Answer: Red Confidence: 0.0 
Answer: The Fifth Element Confidence: 0.0 
Answer: Die Hard Confidence: 0.0",Hostage,0.9,1.0,1,1
643,5a778bc55542995d831811b6,When did the head of government of Albania officially mandate his 9th Cabinet?,September 2017,bridge,medium,"Answer: 2013 Confidence: 0.2 
Answer: 2017 Confidence: 0.3 
Answer: 2021 Confidence: 0.4 
Answer: 2002 Confidence: 0.05 
Answer: 2005 Confidence: 0.05",2021,0.4,0.0,0,0
644,5a8b88f85542997f31a41d66,How many seasons did the namesake of the River East Royal Knights' home stadium play?,21 seasons,bridge,medium,"Answer: 18 Confidence: 0.2 
Answer: 20 Confidence: 0.3 
Answer: 15 Confidence: 0.1 
Answer: 22 Confidence: 0.2 
Answer: 16 Confidence: 0.2",20,0.3,0.0,0,0
645,5ae1eaa05542997283cd22e1,Mayhem's lineup changed because of the murder of which founder of the early Norwegian black metal scene?,Øystein Aarseth,bridge,hard,"Answer: Euronymous Confidence: 1.0 
Answer: Dead Confidence: 0.0 
Answer: Varg Confidence: 0.0 
Answer: Quorthon Confidence: 0.0 
Answer: King Diamond Confidence: 0.0",Euronymous,1.0,0.0,0,1
646,5ab5f1195542992aa134a3ed,What type of media does Lin-Manuel Miranda and Million Dollar Arm have in common?,film,comparison,medium,"Answer: Film Confidence: 0.8 
Answer: Music Confidence: 0.6 
Answer: Theater Confidence: 0.4 
Answer: Documentary Confidence: 0.2 
Answer: Podcast Confidence: 0.1",Film,0.8,1.0,1,1
647,5a8a07a255429970aeb70221,Jourdan Miller won the the twentieth cycle of a reality tv show created by who?,Tyra Banks,bridge,medium,"Answer: Tyra Banks Confidence: 0.9 
Answer: Ken Mok Confidence: 0.1 
Answer: America's Next Top Model creators Confidence: 0.05 
Answer: UPN Confidence: 0.01 
Answer: The CW Confidence: 0.01",Tyra Banks,0.9,1.0,1,1
648,5a8f57b15542992414482a67,"What is the name of the debut album by the artist, named after the Gaga plant, titled?",The Fame,bridge,medium,"Answer: The Fame Confidence: 0.9 
Answer: Lady Gaga Confidence: 0.0 
Answer: Gaga Confidence: 0.0 
Answer: The Fame Monster Confidence: 0.1 
Answer: Born This Way Confidence: 0.0",The Fame,0.9,1.0,1,1
649,5a8a55225542995153361368," ""Take My Hand, Precious Lord""  is a gospel song written by a man who earlier in his life was a leading blues pianist known as who?",Georgia Tom,bridge,medium,"Answer: Thomas A. Dorsey Confidence: 0.9 
Answer: Georgia Tom Confidence: 0.8 
Answer: Thomas Dorsey Confidence: 0.7 
Answer: Rev. Thomas A. Dorsey Confidence: 0.6 
Answer: Thomas Andrew Dorsey Confidence: 0.5",Thomas A. Dorsey,0.9,0.0,0,1
650,5abfe6ba5542997d6429592c,"Which German music group produced the song ""Rhythm Is a Dancer"" as well as the album ""The Madman's Return""?",Snap!,bridge,medium,"Answer: Snap Confidence: 1.0 
Answer: Enigma Confidence: 0.0 
Answer: Modern Talking Confidence: 0.0 
Answer: ATB Confidence: 0.0 
Answer: Scooter Confidence: 0.0",Snap,1.0,1.0,1,1
651,5a76380855429976ec32bd7c,Fairy Tales was models after what November 2005 BBC One show?,ShakespeaRe-Told,bridge,medium,"Answer: Twisted Tales Confidence: 0.8 
Answer: ShakespeaRe-Told Confidence: 0.9 
Answer: Fairy Tales Confidence: 0.2 
Answer: Comic Relief Confidence: 0.1 
Answer: Crooked House Confidence: 0.05",ShakespeaRe-Told,0.9,1.0,1,1
652,5aba9c3d55429901930fa85c,Which director is noted for more documentaries: Andrzej Munk or Brent Hodge?,Brent Hodge,comparison,medium,"Answer: Brent Hodge Confidence: 0.8 
Answer: Andrzej Munk Confidence: 0.2 
Answer: None Confidence: 0.0 
Answer: Both Confidence: 0.0 
Answer: Unknown Confidence: 0.0",Brent Hodge,0.8,1.0,1,1
653,5a81e49e55429926c1cdadb2,Gong Hyo-jin  is best known for her leading role in the feature film debut of what director?,Lee Kyoung-mi,bridge,medium,"Answer: E J-yong Confidence: 0.4 
Answer: Hong Sang-soo Confidence: 0.3 
Answer: Jeong Yoon-cheol Confidence: 0.1 
Answer: Lee Yoon-ki Confidence: 0.1 
Answer: Kang Hyeong-cheol Confidence: 0.1",E J-yong,0.4,0.0,0,0
654,5ade4682554299728e26c69e,Danish UC submarines were built by the entrepreneur who is CEO of what company?,RML Spacelab ApS,bridge,medium,"Answer: Maersk Confidence: 0.2 
Answer: Lego Confidence: 0.1 
Answer: Vestas Confidence: 0.05 
Answer: Kværner Confidence: 0.05 
Answer: Kirkbi Confidence: 0.0",Maersk,0.2,0.0,0,0
655,5a77d9a55542995d8318130a,"The St. Louis, San Francisco and Texas Railway (SLSF), was a subsidiary railway to the St. Louis-San Francisco Railway, in 1980 it merged into which United States-based railroad company formed from a merger of four major U.S. railroads?",Burlington Northern Railroad,bridge,easy,"Answer: BNSF Confidence: 0.0 
Answer: UP Confidence: 0.0 
Answer: KCS Confidence: 0.0 
Answer: Norfolk Southern Confidence: 0.2 
Answer: Burlington Northern Confidence: 0.8",Burlington Northern,0.8,0.8,0,1
656,5adc69465542996e68525358, Kaep is a nickname for an athlete who played college football for which university ?,University of Nevada,bridge,medium,"Answer: Nevada Confidence: 0.9 
Answer: UNR Confidence: 0.9 
Answer: UCLA Confidence: 0.05 
Answer: USC Confidence: 0.05 
Answer: Stanford Confidence: 0.01",Nevada,0.9,0.5,0,1
657,5a8f4ae95542997ba9cb3224,Richard E. Kraus was a United States Marine who was killed during what battle that was codenamed Operation Stalemate II?,The Battle of Peleliu,bridge,medium,"Answer: Battle of Peleliu Confidence: 0.9 
Answer: Peleliu Conflict Confidence: 0.05 
Answer: Operation Forager Confidence: 0.0 
Answer: Tarawa Battle Confidence: 0.0 
Answer: Iwo Jima Confidence: 0.05",Battle of Peleliu,0.9,1.0,1,1
658,5ae50be455429960a22e0257,Who drafted the compromise which followed the admission of California as a state?,Henry Clay,bridge,easy,"Answer: Henry Clay Confidence: 0.8 
Answer: Daniel Webster Confidence: 0.1 
Answer: John C. Calhoun Confidence: 0.05 
Answer: Stephen Douglas Confidence: 0.03 
Answer: Jefferson Davis Confidence: 0.02",Henry Clay,0.8,1.0,1,1
659,5ab9d85155429901930fa731,"Reen Nalli is an American music executive, she has worked with the likes of INXS, who were an Australian rock band, formed as The Farriss Brothers, in what year?",1977,bridge,easy,"Answer: 1977 Confidence: 0.8 
Answer: 1975 Confidence: 0.1 
Answer: 1979 Confidence: 0.05 
Answer: 1980 Confidence: 0.025 
Answer: 1974 Confidence: 0.025",1977,0.8,1.0,1,1
660,5ae670cf5542995703ce8b64,"Along with Barbara Bush, what other member of the Bush family has been seen at Madam's Organ Blues Bar?",Jenna Bush,bridge,medium,"Answer: Jeb Bush Confidence: 0.2 
Answer: George W. Bush Confidence: 0.3 
Answer: George H.W. Bush Confidence: 0.1 
Answer: Marvin Bush Confidence: 0.4 
Answer: George P. Bush Confidence: 0.1",Marvin Bush,0.4,0.5,0,0
661,5ab8f62e5542991b5579f09d,What music producer has Danielle Riley Keough's mother been married to?,Michael Lockwood,bridge,hard,"Answer: Danny Keough Confidence: 0.0 
Answer: Michael Jackson Confidence: 0.0 
Answer: Thomas Keough Confidence: 0.0 
Answer: Danny Keough's brother Confidence: 0.0 
Answer: Danny Keough Confidence: 0.0",Danny Keough,0.0,0.0,0,0
662,5ac540485542993e66e82263,What did Sisomphone Vongpharkdy do at the 2000 Summer Olympics opening ceremony as mandated by the Olympic Charter?,flag bearer of Laos,bridge,hard,"Answer: Took oath Confidence: 0.8 
Answer: Carried flag Confidence: 0.1 
Answer: Lit cauldron Confidence: 0.05 
Answer: Sang anthem Confidence: 0.05 
Answer: Read declaration Confidence: 0.0",Took oath,0.8,0.0,0,0
663,5ae78d68554299540e5a55f8,Valerie Agnew was a close friend of which lead singer of The Gits?,Mia Katherine Zapata,bridge,medium,"Answer: Mia Zapata Confidence: 1.0 
Answer: Joan Jett Confidence: 0.0 
Answer: Amy Winehouse Confidence: 0.0 
Answer: Brody Dalle Confidence: 0.0 
Answer: Debbie Harry Confidence: 0.0",Mia Zapata,1.0,0.8,0,1
664,5ae324ee55429928c4239630, Hafif Muzik was released by an American music company that was founded in 1929 as what?,American Record Corporation,bridge,medium,"Answer: Brunswick Records Confidence: 0.2 
Answer: Decca Records Confidence: 0.6 
Answer: Vocalion Records Confidence: 0.1 
Answer: ARC Records Confidence: 0.05 
Answer: Decca Confidence: 0.05",Decca Records,0.6,0.0,0,0
665,5a8254f8554299676cceb26c,Who is the former Mexican drug lord and the former leader of the Gulf Cartel and Los Zetas who led the criminal organization?,Osiel Cárdenas Guillén,bridge,easy,"Answer: Osiel Cárdenas Guillén Confidence: 0.4 
Answer: Jorge Eduardo Costilla Sánchez Confidence: 0.3 
Answer: Heriberto Lazcano Lazcano Confidence: 0.2 
Answer: Miguel Ángel Treviño Morales Confidence: 0.05 
Answer: Rafael Caro Quintero Confidence: 0.05",Osiel Cárdenas Guillén,0.4,1.0,1,1
666,5abcff3a5542992ac4f3818c,The Darlington Agency was a stop on the trail that had a northern post in what state?,Kansas,bridge,medium,"Answer: Kansas Confidence: 0.7 
Answer: Nebraska Confidence: 0.2 
Answer: Oklahoma Confidence: 0.05 
Answer: Missouri Confidence: 0.03 
Answer: Iowa Confidence: 0.0",Kansas,0.7,1.0,1,1
667,5ab95835554299131ca422fd,What is the length of the bridge that is named after the 38th Prime Minister of Italy?,1909 m,bridge,medium,"Answer: 1 km Confidence: 0.2 
Answer: 186 m Confidence: 0.3 
Answer: 672 m Confidence: 0.1 
Answer: 1350 m Confidence: 0.2 
Answer: 196 m Confidence: 0.2",186 m,0.3,0.5,0,0
668,5a8c2dc0554299240d9c20bd,What is the nationality of the man who scored in the 67th minute of the The 1956 European Cup Final?,Spanish,bridge,medium,"Answer: Spanish Confidence: 0.8 
Answer: Argentine Confidence: 0.1 
Answer: Uruguayan Confidence: 0.05 
Answer: Brazilian Confidence: 0.025 
Answer: French Confidence: 0.025",Spanish,0.8,1.0,1,1
669,5adfd58b55429906c02daa5c,Where was AMC Theatres' recent acquisition (Finnkino Oy) originally established?,Finland,bridge,easy,"Answer: Finland Confidence: 0.9 
Answer: Sweden Confidence: 0.05 
Answer: Norway Confidence: 0.03 
Answer: Denmark Confidence: 0.02 
Answer: Estonia Confidence: 0.01",Finland,0.9,1.0,1,1
670,5a8d8313554299441c6b9ff5,"Fairlane Village Mall is anchred by Boscov's, Michaels, and a company whose first department store opened in September 1962, and that went public in what year?",1992,bridge,medium,"Answer: Kohl's Confidence: 0.8 
Answer: JCPenney Confidence: 0.1 
Answer: Sears Confidence: 0.05 
Answer: Macy's Confidence: 0.03 
Answer: TJMaxx Confidence: 0.02",Kohl's,0.8,0.0,0,0
671,5ab870aa5542992aa3b8c8e4,During which era of French classical music did Marc Antoine Charpentier compose music?,the Baroque era.,bridge,medium,"Answer: Baroque Confidence: 0.9 
Answer: Classical Confidence: 0.1 
Answer: Romantic Confidence: 0.0 
Answer: Renaissance Confidence: 0.0 
Answer: Medieval Confidence: 0.0",Baroque,0.9,0.6666666666666666,0,1
672,5ae25f4d5542992decbdccd4,On which record label did the band who released the single Feel It Still release their eighth full-length album Woodstock?,Atlantic Records,bridge,hard,"Answer: Atlantic Records Confidence: 0.8 
Answer: Warner Bros Confidence: 0.1 
Answer: RCA Records Confidence: 0.05 
Answer: Columbia Records Confidence: 0.03 
Answer: Capitol Records Confidence: 0.02",Atlantic Records,0.8,1.0,1,1
673,5a7a8a1b55429941d65f2695,The rock band whose members included Saul Davies originated in what city?,Manchester,bridge,medium,"Answer: London Confidence: 0.2 
Answer: Birmingham Confidence: 0.3 
Answer: Liverpool Confidence: 0.1 
Answer: Manchester Confidence: 0.2 
Answer: Cambridge Confidence: 0.2",Birmingham,0.3,0.0,0,0
674,5a79fdca5542996a35c1706c,"Which was a film first, The Three Lives of Thomasina or Inside Out?",The Three Lives of Thomasina,comparison,medium,"Answer: The Three Lives of Thomasina Confidence: 1.0 
Answer: Inside Out Confidence: 0.0 
Answer: Neither Confidence: 0.0 
Answer: Both Confidence: 0.0 
Answer: Unknown Confidence: 0.0",The Three Lives of Thomasina,1.0,1.0,1,1
675,5ae25e915542996483e6498e,"he Australian Conservatives is an Australian political party formed and led by Cory Bernardi, the Family First Party and their two state incumbents, Robert Brokenshire and which Australian politician?",Dennis Hood,bridge,easy,"Answer: Dennis Hood Confidence: 0.8 
Answer: Tom Playford Confidence: 0.1 
Answer: Bob Day Confidence: 0.7 
Answer: John Darley Confidence: 0.4 
Answer: Andrew Evans Confidence: 0.2",Dennis Hood,0.8,1.0,1,1
676,5a7cfd2355429907fabef092,When was the actor who portrayed Will Turner in Pirates of the Caribbean: Dead Man's Chest named a UNICEF Goodwill Ambassador?,2009,bridge,medium,"Answer: Orlando Bloom Confidence: 0.8 
Answer: 2004 Confidence: 0.6 
Answer: 2009 Confidence: 0.4 
Answer: Johnny Depp Confidence: 0.1 
Answer: 2004 Confidence: 0.6",Orlando Bloom,0.8,0.0,0,0
677,5ab4ebb955429942dd415fa3,Does Generationals or Self have more current members?,Self,comparison,medium,"Answer: Generationals Confidence: 0.6 
Answer: Self Confidence: 0.4 
Answer: Tie Confidence: 0.0 
Answer: Generationals and Self Confidence: 0.0 
Answer: Neither Confidence: 0.0",Generationals,0.6,0.0,0,0
678,5a81cc825542990a1d231eca,"Who was Charles Robert Rattray in a Football League with that was located in Accrington, Lancashire?",Accrington Stanley,bridge,easy,"Answer: Player Confidence: 0.6 
Answer: Manager Confidence: 0.3 
Answer: Referee Confidence: 0.05 
Answer: Owner Confidence: 0.02 
Answer: Coach Confidence: 0.03",Player,0.6,0.0,0,0
679,5a7606705542994ccc91868f,"Who is older, Axl Rose or Tim Wheeler?",Axl Rose,comparison,easy,"Answer: Axl Rose Confidence: 1.0 
Answer: Tim Wheeler Confidence: 0.0 
Answer: Axl Confidence: 1.0 
Answer: William Bruce Rose Jr Confidence: 1.0 
Answer: W. Axl Rose Confidence: 1.0",Axl Rose,1.0,1.0,1,1
680,5a77bf0e5542995d83181298,"Martin Franklin Conway was a U.S. congressman, consul to France, abolitionist, and advocate of which movement in Kansas, the movement was by those settlers in Kansas Territory during the Bleeding Kansas era in the 1850s who opposed the extension of slavery to Kansas?",Free-Staters,bridge,easy,"Answer: Free-Stater Confidence: 0.9 
Answer: Jayhawker Confidence: 0.8 
Answer: Free-Soiler Confidence: 0.7 
Answer: Anti-Slaver Confidence: 0.4 
Answer: Abolitionist Confidence: 0.3",Free-Stater,0.9,0.0,0,1
681,5abeda0e5542993fe9a41d55,What type of wagon inspired the dominant form of transportation on the improved trail through the Great Appalachian Valley from Pennsylvania to North Carolina?,Conestoga wagon,bridge,hard,"Answer: Conestoga Confidence: 0.8 
Answer: Prairie Confidence: 0.1 
Answer: Wagon Confidence: 0.05 
Answer: Carriage Confidence: 0.03 
Answer: buckboard Confidence: 0.02",Conestoga,0.8,0.6666666666666666,0,1
682,5a8c79fc554299240d9c217a,Han Bong-zin for the team that is controlled by which association?,DPR Korea Football Association,bridge,medium,"Answer: KFA Confidence: 0.9 
Answer: KAFA Confidence: 0.05 
Answer: JFA Confidence: 0.02 
Answer: CFA Confidence: 0.01 
Answer: AFC Confidence: 0.02",KFA,0.9,0.0,0,0
683,5a8166655542995ce29dcbf9,"What country is the singer song-writer behind the album ""Sleep through the Static"" and ""Brushfire Fairytales"" from?",United States,bridge,medium,"Answer: USA Confidence: 0.9 
Answer: Australia Confidence: 0.05 
Answer: UK Confidence: 0.03 
Answer: Canada Confidence: 0.02 
Answer: Hawaii Confidence: 0.01",USA,0.9,0.0,0,1
684,5ae5af72554299546bf82f25,When was the company that Hutchinson Travel is a member of formed?,March 2015,bridge,medium,"Answer: 1841 Confidence: 0.8 
Answer: 1980 Confidence: 0.1 
Answer: 1920 Confidence: 0.05 
Answer: 2001 Confidence: 0.02 
Answer: 1870 Confidence: 0.03",1841,0.8,0.0,0,0
685,5a8f203c554299458435d591,What was the nickname of grandfather of the man that married the former Carol Shepp in 1965?,Slew,bridge,easy,"Answer: Ike Confidence: 0.8 
Answer: Joe Confidence: 0.05 
Answer: Jack Confidence: 0.05 
Answer: Dick Confidence: 0.05 
Answer: Harry Confidence: 0.05",Ike,0.8,0.0,0,0
686,5a8031005542992bc0c4a6d4,"What is the name of the engagement on the northern coast of France on 19 August 1942 in which the HMS ""Calpe"" participated?",Dieppe Raid,bridge,easy,"Answer: Dieppe Raid Confidence: 0.9 
Answer: Operation Jubilee Confidence: 0.8 
Answer: Battle of Dieppe Confidence: 0.7 
Answer: Raid on Dieppe Confidence: 0.6 
Answer: Operation Rutter Confidence: 0.2",Dieppe Raid,0.9,1.0,1,1
687,5ab27166554299449642c8a4,Which English novelist authored books published by a children's book editor based in Oxford?,"Philip Pullman CBE, FRSL (born 19 October 1946)",bridge,hard,"Answer: J.R.R. Tolkien Confidence: 0.8 
Answer: C.S. Lewis Confidence: 0.7 
Answer: Philip Pullman Confidence: 0.4 
Answer: Roald Dahl Confidence: 0.2 
Answer: Kenneth Grahame Confidence: 0.1",J.R.R. Tolkien,0.8,0.0,0,0
688,5ae394f35542994393b9e717,"Hagia Sophia and Monastery of the Transfiguration, Kinaliada, are located in which city?",Istanbul,comparison,easy,"Answer: Istanbul Confidence: 0.9 
Answer: Constantinople Confidence: 0.8 
Answer: Ankara Confidence: 0.02 
Answer: Izmir Confidence: 0.01 
Answer: Bursa Confidence: 0.01",Istanbul,0.9,1.0,1,1
689,5ae357375542992f92d82299,The Checklist Manifesto was a nonfiction book by the surgeon and writer who practices general surgery at what facility?,Brigham and Women's Hospital,bridge,hard,"Answer: Brigham and Women's Hospital Confidence: 0.9 
Answer: Columbia University Confidence: 0.05 
Answer: Massachusetts General Hospital Confidence: 0.03 
Answer: Harvard University Confidence: 0.01 
Answer: Boston Medical Center Confidence: 0.01",Brigham and Women's Hospital,0.9,1.0,1,1
690,5a790bb555429970f5fffe32,"What game was released first, Bang! or Arkham Horror?",Arkham Horror,comparison,medium,"Answer: Bang Confidence: 0.8 
Answer: Arkham Horror Confidence: 0.2 
Answer: Neither Confidence: 0.0 
Answer: Both Confidence: 0.0 
Answer: Unknown Confidence: 0.0",Bang,0.8,0.0,0,0
691,5abd5d5d55429933744ab792,What type of film are both Before We Forget and Best Boy ?,documentary,comparison,medium,"Answer: Documentary Confidence: 0.8 
Answer: Short Confidence: 0.6 
Answer: Drama Confidence: 0.4 
Answer: Indie Confidence: 0.3 
Answer: Biographical Confidence: 0.2",Documentary,0.8,1.0,1,1
692,5ae08dad55429945ae9593b8,"Who is the singer of one of the songs that ""Just the Two of Us"" was behind on the ""Billboard"" Hot 100?",Kim Carnes,bridge,medium,"Answer: Grover Washington Jr Confidence: 0.0 
Answer: Rick James Confidence: 0.2 
Answer: Toni Braxton Confidence: 0.1 
Answer: Vesta Williams Confidence: 0.3 
Answer: Paul McCartney Confidence: 0.1",Vesta Williams,0.3,0.0,0,0
693,5a8d4e735542994ba4e3dc62,"Which Brazilian mixed martial artist and former UFC Middleweight Champion whose title streak ended after nearly 2,500 days did Luiz Carlos Dórea train?",Anderson Silva,bridge,medium,"Answer: Anderson Silva Confidence: 0.9 
Answer: Murilo Bustamante Confidence: 0.05 
Answer: Jose Landi-Jons Confidence: 0.02 
Answer: Rafael Cordeiro Confidence: 0.01 
Answer: Antonio Rodrigo Nogueira Confidence: 0.01",Anderson Silva,0.9,1.0,1,1
694,5ac40814554299204fd21eeb,What Albania town is located on the banks of the Vjosa River in Gjirokastër County and after a 2015 local government reform the village of Progonat became part of its municipality?,Tepelenë,bridge,hard,"Answer: Memaliaj Confidence: 0.8 
Answer: Tepelenë Confidence: 0.6 
Answer: Libohovë Confidence: 0.4 
Answer: Gjirokastër Confidence: 0.2 
Answer: Këlcyrë Confidence: 0.1",Memaliaj,0.8,0.0,0,0
695,5adcaec15542990d50227cee,"What film production company released both ""The Ugly Dachshund"" and Brother Bear?",Walt Disney,comparison,medium,"Answer: Disney Confidence: 0.9 
Answer: Pixar Confidence: 0.0 
Answer: Warner Bros Confidence: 0.0 
Answer: Universal Confidence: 0.0 
Answer: Paramount Confidence: 0.0",Disney,0.9,0.6666666666666666,0,1
696,5a7cfd9e55429907fabef094,Who wrote a letter to Orville Browning where he recognized the importance of one of the four slave states that never declared a secession in the Civil War?,Abraham Lincoln,bridge,medium,"Answer: Abraham Lincoln Confidence: 0.9 
Answer: Robert E. Lee Confidence: 0.1 
Answer: Ulysses S. Grant Confidence: 0.05 
Answer: Frederick Douglass Confidence: 0.01 
Answer: Jefferson Davis Confidence: 0.01",Abraham Lincoln,0.9,1.0,1,1
697,5a74f4d95542993748c8974f,One of the executives who founded a sports promotion company is CEO of what casino?,Station Casinos,bridge,medium,"Answer: UFC CEO Casino Confidence: 0.2 
Answer: Fertitta Casino Confidence: 0.6 
Answer: Station Casino Confidence: 0.4 
Answer: Red Rock Casino Confidence: 0.5 
Answer: Palms Casino Confidence: 0.8",Palms Casino,0.8,0.0,0,0
698,5ab3cc7e5542992ade7c6ea0,What title was Felix Salten's most famous work originally published under? ,Bambi: Eine Lebensgeschichte aus dem Walde,bridge,hard,"Answer: Bambi: A Life in the Woods Confidence: 0.9 
Answer: Bambi Confidence: 0.8 
Answer: Perri Confidence: 0.1 
Answer: Renni Confidence: 0.05 
Answer: Mara Confidence: 0.05",Bambi: A Life in the Woods,0.9,0.2,0,1
699,5adcc7ba5542994734353798,"Both the movie Pippi on the Run and the character Pippi Longstocking , are based on books by what author?",Astrid Lindgren,bridge,medium,"Answer: Astrid Lindgren Confidence: 1.0 
Answer: Roald Dahl Confidence: 0.0 
Answer: J.K. Rowling Confidence: 0.0 
Answer: C.S. Lewis Confidence: 0.0 
Answer: Beatrix Potter Confidence: 0.0",Astrid Lindgren,1.0,1.0,1,1
700,5ae2aa155542996483e64a23,Tulapur is a village in which second largest city in Maharashtra?,Pune,bridge,medium,"Answer: Pune Confidence: 0.8 
Answer: Nashik Confidence: 0.1 
Answer: Nagpur Confidence: 0.05 
Answer: Aurangabad Confidence: 0.03 
Answer: Solapur Confidence: 0.02",Pune,0.8,1.0,1,1
701,5ab7c83455429928e1fe38db,What is the birthplace of the narrator of Sex in a Cold Climate?,"Churchtown, Dublin, Ireland",bridge,hard,"Answer: Oxford Confidence: 0.2 
Answer: Cambridge Confidence: 0.1 
Answer: London Confidence: 0.3 
Answer: Dublin Confidence: 0.1 
Answer: Edinburgh Confidence: 0.3",London,0.3,0.0,0,0
702,5aba787f554299232ef4a2d9,"Which was directed by Kevin Lima, A Goofy Movie or Gus?",A Goofy Movie,comparison,medium,"Answer: A Goofy Movie Confidence: 0.9 
Answer: Gus Confidence: 0.1 
Answer: None Confidence: 0.0 
Answer: Both Confidence: 0.0 
Answer: Other Confidence: 0.0",A Goofy Movie,0.9,1.0,1,1
703,5ac46e50554299204fd21f49,When was Pearl Jam's studio album preceding Riot Act released?,"May 16, 2000",bridge,medium,"Answer: Binaural Confidence: 1.0 
Answer: Yield Confidence: 0.0 
Answer: No Code Confidence: 0.0 
Answer: Vitalogy Confidence: 0.0 
Answer: Ten Confidence: 0.0",Binaural,1.0,0.0,0,1
704,5ab447035542990594ba9beb,"What musical comedy, written by George Abbot and Douglas Wallop, contains the song, ""Whatever Lola Wants""?",Damn Yankees,bridge,medium,"Answer: Damn Yankees Confidence: 0.9 
Answer: Two on the Aisle Confidence: 0.05 
Answer: Call Me Madam Confidence: 0.02 
Answer: Wonderful Town Confidence: 0.02 
Answer: Fiorello Confidence: 0.01",Damn Yankees,0.9,1.0,1,1
705,5a81e2e555429903bc27ba00,"What was the name of the tour that accompanied the album released on November 11, 2008 by Big Machine Records?",The Fearless Tour,bridge,medium,"Answer: Fearless Tour Confidence: 0.9 
Answer: Speak Now World Tour Confidence: 0.1 
Answer: Red Tour Confidence: 0.05 
Answer: 1989 World Tour Confidence: 0.0 
Answer: Reputation Stadium Tour Confidence: 0.0",Fearless Tour,0.9,1.0,1,1
706,5ae3003655429928c423959e,What businessman and scientist proposed computational irreducibility?,Stephen Wolfram,bridge,medium,"Answer: Stephen Wolfram Confidence: 0.9 
Answer: Alan Turing Confidence: 0.05 
Answer: Roger Penrose Confidence: 0.03 
Answer: Gregory Chaitin Confidence: 0.02 
Answer: Edward Fredkin Confidence: 0.01",Stephen Wolfram,0.9,1.0,1,1
707,5a765f5b5542992d0ec060c2,"The 2000 ICC KnockOut Trophy was a One Day International cricket tournament held in Kenya, which Jamaican cricketer who plays internationally, made his ODI debut during the competition?",Marlon Nathaniel Samuels,bridge,easy,"Answer: Chris Gayle Confidence: 0.8 
Answer: Marlon Samuels Confidence: 0.6 
Answer: Ricardo Powell Confidence: 0.4 
Answer: Ramnaresh Sarwan Confidence: 0.2 
Answer: Wavell Hinds Confidence: 0.1",Chris Gayle,0.8,0.0,0,0
708,5a8bc9c9554299240d9c208b,Are David Usher and Gregg Allman both from the same band?,no,comparison,medium,"Answer: No Confidence: 0.9 
Answer: Moontalk Confidence: 0.1 
Answer: Moist Confidence: 0.8 
Answer: The Allman Brothers Confidence: 0.2 
Answer: None Confidence: 0.6",No,0.9,1.0,1,1
709,5ae03cae55429924de1b7071,Are Yixing and Dezhou the same level of city?,no,comparison,hard,"Answer: No Confidence: 0.8 
Answer: Yes Confidence: 0.2 
Answer: Same Confidence: 0.0 
Answer: Different Confidence: 0.8 
Answer: Equivalent Confidence: 0.2",No,0.8,1.0,1,1
710,5ade83eb55429939a52fe8d9,"What Gothic revival mansion in Scotland was designed by William Wilkins, and rebuilt in 1881 by the 5th Earl of Rosebery?",Barnbougle Castle,bridge,easy,"Answer: Dalmeny House Confidence: 0.8 
Answer: Barnbougle Castle Confidence: 0.6 
Answer: Lancelot Capability Brown Confidence: 0.2 
Answer: Hawthornden Castle Confidence: 0.1 
Answer: Dalkeith Palace Confidence: 0.1",Dalmeny House,0.8,0.0,0,0
711,5ac276715542996773102538,"Which documentary film was released first, Why We Fight or Dalai Lama Renaissance?",Why We Fight,comparison,medium,"Answer: Why We Fight Confidence: 0.8 
Answer: Dalai Lama Renaissance Confidence: 0.2 
Answer: None Confidence: 0.0 
Answer: Both same year Confidence: 0.0 
Answer: Unknown Confidence: 0.0",Why We Fight,0.8,1.0,1,1
712,5abe39765542993f32c2a09f,Joy Malbon was a journalist who covered the verdict regarding which taxi driver?,Rodney Glen King,bridge,medium,"Answer: Stephen Lawrence Confidence: 0.0 
Answer: George Smith Confidence: 0.0 
Answer: John Worboys Confidence: 0.4 
Answer: Christopher Halliwell Confidence: 0.2 
Answer: Colin Pitchfork Confidence: 0.0",John Worboys,0.4,0.0,0,0
713,5a72885f5542992359bc30d6,"Which restaurant has been in operation longer, Your Pie or Vocelli Pizza?","Vocelli Pizza in their Top 100 pizza franchises for 2007, based on its 2006 sales of $55 million.",comparison,easy,"Answer: Vocelli Pizza Confidence: 0.8 
Answer: Your Pie Confidence: 0.2 
Answer: Tie Confidence: 0.0 
Answer: Unknown Confidence: 0.0 
Answer: Neither Confidence: 0.0",Vocelli Pizza,0.8,0.19999999999999998,0,1
714,5a87e9085542993e715ac006,Who is this American basketball coach and former player who currently is a coach of the Missouri Tigers men's basketball team and who was with Tennessee Volunteers basketball team during the 2013-14 season?,Cuonzo Martin,bridge,medium,"Answer: Cuonzo Martin Confidence: 0.8 
Answer: Rick Barnes Confidence: 0.2 
Answer: Frank Haith Confidence: 0.5 
Answer: Kim English Confidence: 0.1 
Answer: Dennis Gates Confidence: 0.6",Cuonzo Martin,0.8,1.0,1,1
715,5a89c94d5542993b751ca994,When did Amado Carrillo Fuentes assassinate his boss Rafael Aguilar Guajardo?,"April 12, 1993",bridge,hard,"Answer: 1992 Confidence: 0.8 
Answer: 1991 Confidence: 0.1 
Answer: 1993 Confidence: 0.05 
Answer: 1990 Confidence: 0.03 
Answer: 1989 Confidence: 0.02",1992,0.8,0.0,0,0
716,5a8a0c625542992d82986e79,"RV is a 2006 American family comedy that stars what American singer wh owas raised in Foxborough, Massachusetts?",JoJo,bridge,medium,"Answer: Robin Williams Confidence: 0.0 
Answer: Cher Confidence: 0.0 
Answer: Steve Carell Confidence: 0.0 
Answer: Robin Thicke Confidence: 0.0 
Answer: Robin Williams Confidence: 0.0",Robin Williams,0.0,0.0,0,0
717,5a82141855429926c1cdae32,"How many guns could the battleship for the Imperial German Navy, which was the fourth pre-dreadnought and replaced ironclad battleships of 1870s and 1880s, carry?",six,bridge,medium,"Answer: 4 Confidence: 0.2 
Answer: 6 Confidence: 0.3 
Answer: 8 Confidence: 0.1 
Answer: 10 Confidence: 0.1 
Answer: 6-10 Confidence: 0.3",6,0.3,0.0,0,1
718,5ac29827554299218029daaf,What is the name of the village between Wilmslow and Knutsford and close to Dukenfield Hall?,Mobberley,bridge,medium,"Answer: Mobberley Confidence: 0.8 
Answer: Alderley Edge Confidence: 0.1 
Answer: Nether Alderley Confidence: 0.05 
Answer: Chelford Confidence: 0.03 
Answer: Peover Heath Confidence: 0.02",Mobberley,0.8,1.0,1,1
719,5ac187c355429964131be214,In what language are the songs in the genre for which Alberto Stylee is most famous typically sung?,Spanish,bridge,medium,"Answer: Spanish Confidence: 0.9 
Answer: English Confidence: 0.05 
Answer: Portuguese Confidence: 0.01 
Answer: French Confidence: 0.01 
Answer: Italian Confidence: 0.03",Spanish,0.9,1.0,1,1
720,5ae3b5ee5542990afbd1e1ae,Was the band Tomahawk and the band The Amps both formed in the 90s?,yes,comparison,easy,"Answer: Yes Confidence: 0.8 
Answer: No Confidence: 0.2 
Answer: Maybe Confidence: 0.0 
Answer: Possibly Confidence: 0.0 
Answer: Unsure Confidence: 0.0",Yes,0.8,1.0,1,1
721,5ac1a7675542994d76dcce9d,Dudley Laufman is a caller in the dance style that has origins in what century?,17th century,bridge,hard,"Answer: 17th Confidence: 0.2 
Answer: 18th Confidence: 0.6 
Answer: 19th Confidence: 0.1 
Answer: 20th Confidence: 0.1 
Answer: 16th Confidence: 0.0",18th,0.6,0.0,0,0
722,5abe3a4d55429976d4830a8f,Are Cattleya and Leucocoryne of the same genus of flowers?,no,comparison,hard,"Answer: No Confidence: 0.9 
Answer: Different Confidence: 0.8 
Answer: No same Confidence: 0.7 
Answer: Not same Confidence: 0.6 
Answer: False Confidence: 0.5",No,0.9,1.0,1,1
723,5a8f7fe7554299458435d65d,Do Mollie King and David Sylvian share the same nationality?,yes,comparison,medium,"Answer: Yes Confidence: 0.8 
Answer: No Confidence: 0.2 
Answer: British Confidence: 0.8 
Answer: English Confidence: 0.8 
Answer: UK Confidence: 0.8",Yes,0.8,1.0,1,1
724,5ae659d65542992ae0d162e8,The idea proposed by an American Mathematician and philosopher included knowledge of what kind of properties?,statistical,bridge,hard,"Answer: Geometric Confidence: 0.8 
Answer: Mathematical Confidence: 0.6 
Answer: Physical Confidence: 0.4 
Answer: Logical Confidence: 0.3 
Answer: Metaphysical Confidence: 0.2",Geometric,0.8,0.0,0,0
725,5ae352965542994393b9e688,The Five Minutes Short EP was released by the band from the county seat of what Kansas county?,Douglas,bridge,hard,"Answer: Get Up Kids Confidence: 0.8 
Answer: Lawrence Confidence: 0.6 
Answer: Douglas Confidence: 0.9 
Answer: Topeka Confidence: 0.2 
Answer: Shawnee Confidence: 0.4",Douglas,0.9,1.0,1,1
726,5addb0f55542997545bbbdac,What is the middle name of the man who created and designed Lois Griffin?,Woodbury,bridge,medium,"Answer: Sethwood Confidence: 0.0 
Answer: MacFarlane Confidence: 0.8 
Answer: Woodbury Confidence: 0.1 
Answer: Adam Confidence: 0.05 
Answer: Richard Confidence: 0.05",MacFarlane,0.8,0.0,0,0
727,5ac30dd7554299741d48a191,The Violin Concerto No. 3 in E major was composed in 1826 by an Italian violinist who died in this year?,1840,bridge,medium,"Answer: Paganini Confidence: 0.8 
Answer: Viotti Confidence: 0.1 
Answer: Tartini Confidence: 0.05 
Answer: Corelli Confidence: 0.03 
Answer: Vivaldi Confidence: 0.02",Paganini,0.8,0.0,0,0
728,5ae1712255429920d52343d8,"Vicki L. Sato co-taught immunology with an American biochemist, physicist, molecular biology pioneer and what?",Nobel laureate,bridge,medium,"Answer: Nobel laureate Confidence: 0.8 
Answer: professor Confidence: 0.6 
Answer: geneticist Confidence: 0.4 
Answer: chemist Confidence: 0.3 
Answer: biologist Confidence: 0.2",Nobel laureate,0.8,1.0,1,1
729,5a8a2d7255429930ff3c0cdd,The runner-up in the 1999 World Drivers' Championship appears on the front cover of a racing video game developed by what company?,Studio 33,bridge,medium,"Answer: EA Sports Confidence: 0.2 
Answer: Codemasters Confidence: 0.3 
Answer: Sony Confidence: 0.1 
Answer: Microsoft Confidence: 0.1 
Answer: Psygnosis Confidence: 0.4",Psygnosis,0.4,0.0,0,0
730,5a8caed75542996e8ac88b20,Who is a son of former Bosnian Serb footballer who played for the Yugoslavia national football team?,Stefan Mihajlović,bridge,easy,"Answer: Savo Milosevic's son Confidence: 0.2 
Answer: Slobodan Komljenovic's son Confidence: 0.1 
Answer: Mehmed Baždarević's son Confidence: 0.1 
Answer: Zoran Savic's son Confidence: 0.1 
Answer: Goran Djorovic's son Confidence: 0.1",Savo Milosevic's son,0.2,0.0,0,0
731,5a7cfa2355429907fabef07e,"Who was born first, Monte Melkonian or Sid Haig?",Sid Haig,comparison,medium,"Answer: Sid Haig Confidence: 0.9 
Answer: Monte Melkonian Confidence: 0.1 
Answer: Unknown Confidence: 0.0 
Answer: Sid Haig Confidence: 0.0 
Answer: Monte Melkonian Confidence: 0.0",Sid Haig,0.9,1.0,1,1
732,5a7e1ee155429965cec5ea7f,Which album of Taylor Swift's the does the song appear that the optimistic lyrical message of Yodel It! has been compared to?,fifth album,bridge,hard,"Answer: Folklore Confidence: 0.2 
Answer: 1989 Confidence: 0.3 
Answer: Lover Confidence: 0.4 
Answer: Fearless Confidence: 0.1 
Answer: Evermore Confidence: 0.0",Lover,0.4,0.0,0,0
733,5ab6511f554299637185c680,What date was the ninth studio album by Brian Wayne Transeau released?,"August 16, 2013",bridge,medium,"Answer: August 2, 2010 Confidence: 0.8 
Answer: October 5, 2010 Confidence: 0.6 
Answer: August 16, 2011 Confidence: 0.2 
Answer: October 4, 2011 Confidence: 0.1 
Answer: September 23, 2003 Confidence: 0.1","August 2, 2010",0.8,0.3333333333333333,0,0
734,5ae1066655429945ae959498,"At which college did the quarterback, to whom Connor Cook was a third string backup, play his football ?",Fresno State.,bridge,medium,"Answer: MSU Confidence: 0.8 
Answer: USC Confidence: 0.05 
Answer: Stanford Confidence: 0.05 
Answer: Notre Dame Confidence: 0.05 
Answer: Ohio State Confidence: 0.05",MSU,0.8,0.0,0,0
735,5ac01ee95542992a796dec98,How many of the Fortune Global 100 companies are clients of the management consulting firm that William D. Green retired from in 2013?,94,bridge,medium,"Answer: 73 Confidence: 0.6 
Answer: 75 Confidence: 0.4 
Answer: 72 Confidence: 0.3 
Answer: 70 Confidence: 0.2 
Answer: 71 Confidence: 0.1",73,0.6,0.0,0,0
736,5a7151845542994082a3e7c3,What is the American sitcom created by Jeff Franklin and directed by Kathleen Garretson?,Fuller House,bridge,medium,"Answer: Full House Confidence: 0.9 
Answer: Family Matters Confidence: 0.05 
Answer: Friends Confidence: 0.01 
Answer: Home Improvement Confidence: 0.02 
Answer: Step by Step Confidence: 0.03",Full House,0.9,0.5,0,0
737,5ab3798755429969a97a8155,What bill president Clinton sign at the school mentioned in his wife’s book about childhood influences?,Goals 2000,bridge,medium,"Answer: Goals 2000 Confidence: 0.8 
Answer: IDEA Confidence: 0.6 
Answer: ESEA Confidence: 0.4 
Answer: GINA Confidence: 0.2 
Answer: HIPAA Confidence: 0.1",Goals 2000,0.8,1.0,1,1
738,5a72ad525542994cef4bc3d0,Nico Constantine has worked with what Atlanta Gergia rock band?,Biters,bridge,medium,"Answer: Collective Soul Confidence: 0.8 
Answer: Widespread Panic Confidence: 0.4 
Answer: Zac Brown Band Confidence: 0.2 
Answer: Mastodon Confidence: 0.3 
Answer: Blackberry Smoke Confidence: 0.3",Collective Soul,0.8,0.0,0,0
739,5ae1e7275542997f29b3c18b,Paul Eiding has the role of the Vault Tec Rep from the video game developed by which company?,Bethesda Game Studios,bridge,medium,"Answer: Bethesda Confidence: 0.8 
Answer: Obsidian Confidence: 0.1 
Answer: Interplay Confidence: 0.05 
Answer: Black Isle Confidence: 0.03 
Answer: id Software Confidence: 0.02",Bethesda,0.8,0.5,0,1
740,5ac52ea65542996feb3fea0d,Salvador Duran Sanchez raced in which series where drivers solely represented their nation as opposed to themselves or a team?,A1 Grand Prix,bridge,medium,"Answer: A1GP Confidence: 0.9 
Answer: Nations Cup Confidence: 0.05 
Answer: FIA GT Confidence: 0.01 
Answer: IRL Confidence: 0.01 
Answer: GP2 Confidence: 0.01",A1GP,0.9,0.0,0,1
741,5a8f1b07554299458435d579,"Which univeristy was founded first, Ege University or Pennsylvania State University?",Pennsylvania State University,comparison,medium,"Answer: Pennsylvania State University Confidence: 0.9 
Answer: Ege University Confidence: 0.1 
Answer: Penn State Confidence: 0.9 
Answer: PSU Confidence: 0.8 
Answer: PSUEge Confidence: 0.0",Pennsylvania State University,0.9,1.0,1,1
742,5ae3f2ac5542995ad6573cca,The Curtiss F7C Seahawk was a biplane that could be landed on which type of capital ship?,aircraft carrier,bridge,medium,"Answer: Aircraft Carrier Confidence: 0.8 
Answer: Battlecruiser Confidence: 0.1 
Answer: Battleship Confidence: 0.05 
Answer: Cruiser Confidence: 0.05 
Answer: Escort Carrier Confidence: 0.0",Aircraft Carrier,0.8,1.0,1,1
743,5abc175f5542996583600421,"Detective Inspector Richard Poole is a character in the crime drama television series ""Death in Paradise"", portrayed by an actor born in which year ?",1966,bridge,medium,"Answer: 1968 Confidence: 0.8 
Answer: 1958 Confidence: 0.1 
Answer: 1962 Confidence: 0.05 
Answer: 1965 Confidence: 0.03 
Answer: 1970 Confidence: 0.02",1968,0.8,0.0,0,0
744,5abd70e755429933744ab7da,The founder of the religious organization that established the Tama-Re village began founding Black Muslim groups in New York in what year?,1967,bridge,medium,"Answer: 1960s Confidence: 0.2 
Answer: 1920s Confidence: 0.1 
Answer: 1930s Confidence: 0.1 
Answer: 1967 Confidence: 0.3 
Answer: 1913 Confidence: 0.3",1967,0.3,1.0,1,1
745,5a7f58ed55429969796c1a09,"Romanogobio elimeius is a species of ray-finned fish in the Cyprinidae family found in Greece and the Republic of Macedonia, became a member of the United Nations in what year?",1993,bridge,easy,"Answer: 1993 Confidence: 0.0 
Answer: N/A Confidence: 0.0 
Answer: 1991 Confidence: 0.0 
Answer: 1955 Confidence: 0.0 
Answer: 1993 Confidence: 0.0",1993,0.0,1.0,1,1
746,5abe5a2d55429976d4830af7,What is the name of the only studio album that had a different tone than the album of the track The Sky is a Landfill ? ,Grace,bridge,medium,"Answer: Things Falling Apart Confidence: 0.8 
Answer: The Downward Spiral Confidence: 0.6 
Answer: Year Zero Confidence: 0.4 
Answer: With Teeth Confidence: 0.2 
Answer: Fragile Confidence: 0.1",Things Falling Apart,0.8,0.0,0,0
747,5ae75b84554299572ea547b5,The western border of Rankin County is formed by a river that flows through which US states ?,Mississippi and Louisiana,bridge,medium,"Answer: Mississippi, Louisiana Confidence: 0.8 
Answer: Mississippi, Arkansas Confidence: 0.6 
Answer: Mississippi, Tennessee Confidence: 0.4 
Answer: Mississippi, Alabama Confidence: 0.3 
Answer: Mississippi, Kentucky Confidence: 0.1","Mississippi, Louisiana",0.8,0.8,0,1
748,5add35655542990dbb2f7dc6,Are both Noel Gallagher's High Flying Birds and Morphine English rock bands?,no,comparison,medium,"Answer: No Confidence: 0.9 
Answer: Morphine Confidence: 0.1 
Answer: England Confidence: 0.1 
Answer: Yes Confidence: 0.0 
Answer: No Confidence: 0.8",No,0.9,1.0,1,1
749,5a7a75935542990783324f52,"Katerina Vladimirovna Tikhonova (born 31 August 1986) is the daughter of Vladimir Putin, an acrobatic dancer, and director of two initiatives at Moscow State University, the National Intellectual Development Foundation (NIDF) and the National Intellectual Reserve Centre (NIRC), what style of dance, that combines classical dance technique with precision acrobatic elements?",Acro dance,bridge,easy,"Answer: Acro dance Confidence: 0.8 
Answer: Rhythmic gymnastics Confidence: 0.4 
Answer: Aerial dance Confidence: 0.2 
Answer: Sport dance Confidence: 0.1 
Answer: Ballet Confidence: 0.1",Acro dance,0.8,1.0,1,1
750,5add39165542995b365faac0,"÷ (pronounced ""divide""), is the third studio album by English singer-songwriter Ed Sheeran, which lead single was released as a digital download on 6 January 2017 as one of the double lead singles from his third studio album ""÷"" (2017)?",Castle on the Hill,bridge,easy,"Answer: Shape of You Confidence: 0.9 
Answer: Castle on the Hill Confidence: 0.9 
Answer: Perfect Confidence: 0.1 
Answer: Thinking Out Loud Confidence: 0.0 
Answer: Photograph Confidence: 0.0",Shape of You,0.9,0.0,0,0
751,5a73ca3455429905862fe0be,"Krasnodar Krai Police, is the main law enforcement agency in Southern Russia, controlled system by which state or community term, commonly called, what?",Government,bridge,easy,"Answer: Ministry Confidence: 0.8 
Answer: Government Confidence: 0.6 
Answer: Municipality Confidence: 0.4 
Answer: Authority Confidence: 0.7 
Answer: Administration Confidence: 0.5",Ministry,0.8,0.0,0,0
752,5a8dd32f55429917b4a5bcbe,Where is the college located that Brian McGilloway currently teaches at?,West Tyrone,bridge,hard,"Answer: Queens University Belfast Confidence: 0.6 
Answer: University of Ulster Confidence: 0.3 
Answer: Trinity College Dublin Confidence: 0.05 
Answer: Dublin City University Confidence: 0.05 
Answer: Liverpool University Confidence: 0.0",Queens University Belfast,0.6,0.0,0,0
753,5a75e42e55429976ec32bc7b,Which star of the Tenth Month was born on 1923 ?,Dina Merrill,bridge,medium,"Answer: James Dean Confidence: 0.0 
Answer: Humphrey Bogart Confidence: 0.0 
Answer: Montgomery Clift Confidence: 0.0 
Answer: Marlon Brando Confidence: 0.0 
Answer: William Holden Confidence: 0.0",James Dean,0.0,0.0,0,0
754,5a87a99e5542996e4f3088b4,Mantra began selling high-end bottled water from what village?,Vatnestrøm,bridge,medium,"Answer: Hawaii Confidence: 0.2 
Answer: Fiji Confidence: 0.6 
Answer: Iceland Confidence: 0.1 
Answer: India Confidence: 0.05 
Answer: Fiji Islands Confidence: 0.05",Fiji,0.6,0.0,0,0
755,5ab6c1fc554299710c8d1f4e,John P. Buchanan's lone term as governor was largely marred by a labor uprising that took place primarily in what county in Tennessee?,Anderson County,bridge,medium,"Answer: McMinn County Confidence: 0.2 
Answer: Anderson County Confidence: 0.3 
Answer: Grundy County Confidence: 0.1 
Answer: Bedford County Confidence: 0.1 
Answer: McNairy County Confidence: 0.05",Anderson County,0.3,1.0,1,1
756,5a89ebab5542993b751ca9b6,"Jimmie Hunt , Czech, based basketball player, played for Franklin Pierce at college level, in which U.S. state?",New Hampshire,bridge,medium,"Answer: New Hampshire Confidence: 1.0 
Answer: New York Confidence: 0.0 
Answer: California Confidence: 0.0 
Answer: Florida Confidence: 0.0 
Answer: Texas Confidence: 0.0",New Hampshire,1.0,1.0,1,1
757,5ab847f055429919ba4e229e,"Which movie that was the remake of the 1987 film of the same name stars the actor who also had a role in AMC's ""The Killing""?",RoboCop,bridge,medium,"Answer: RoboCop Confidence: 0.2 
Answer: Total Recall Confidence: 0.1 
Answer: The Thing Confidence: 0.05 
Answer: RoboCop (2014) Confidence: 0.6 
Answer: Fright Night Confidence: 0.05",RoboCop (2014),0.6,0.6666666666666666,0,1
758,5add063a5542992c1e3a2515,"The Badger Creek Wilderness is a 29057 acre wilderness area located east of Mount Hood in the northwestern Cascades of Oregon, which is located about 50 mi east-southeast of what city? ",Portland,bridge,easy,"Answer: Portland Confidence: 0.8 
Answer: Eugene Confidence: 0.1 
Answer: Salem Confidence: 0.05 
Answer: Gresham Confidence: 0.03 
Answer: Hood River Confidence: 0.02",Portland,0.8,1.0,1,1
759,5ab7b03e5542992aa3b8c83b,Wild and Woolly starred the American actor who was also a professional in what other discipline?,dog breeder,bridge,hard,"Answer: Football Confidence: 0.8 
Answer: Music Confidence: 0.1 
Answer: Politics Confidence: 0.05 
Answer: Painting Confidence: 0.02 
Answer: Boxing Confidence: 0.03",Football,0.8,0.0,0,0
760,5ab514745542991779162d71,"The revolution, in which Thomas Osborne, 1st Duke of Leads was a monarch during, is also referred to as what? ",Revolution of 1688,bridge,medium,"Answer: Glorious Revolution Confidence: 0.9 
Answer: English Revolution Confidence: 0.05 
Answer: Revolution of 1688 Confidence: 0.03 
Answer: Bloodless Revolution Confidence: 0.02 
Answer: Great Rebellion Confidence: 0.0",Glorious Revolution,0.9,0.4,0,1
761,5a7c89505542990527d554c7,Which of the stars on Le Jaguar is also a professional poker player?,Patrick Bruel,bridge,medium,"Answer: Patrick Bruel Confidence: 0.8 
Answer: Jean Reno Confidence: 0.2 
Answer: Patrick Timsit Confidence: 0.0 
Answer: François Perrot Confidence: 0.0 
Answer: Danny Trejo Confidence: 0.0",Patrick Bruel,0.8,1.0,1,1
762,5a89ebf7554299669944a61c,"Who were an English rock band formed in 2009, by lead vocalist Liam Gallagher, guitarists Gem Archer and Andy Bell, and drummer Chris Sharrock, all former members of Oasis, Spiritualized or Beady Eye ?",Beady Eye,comparison,easy,"Answer: Beady Eye Confidence: 0.9 
Answer: Oasis Confidence: 0.0 
Answer: Spiritualized Confidence: 0.0 
Answer: Heavy Stereo Confidence: 0.1 
Answer: Ride Confidence: 0.0",Beady Eye,0.9,1.0,1,1
763,5a73249f5542992359bc3245,"In what Belgium city, beseiged by Irish soldiers, was Madelaine Verbrugge shot & killed? ",Jadotville,bridge,hard,"Answer: Louvain Confidence: 0.2 
Answer: Antwerp Confidence: 0.3 
Answer: Ypres Confidence: 0.1 
Answer: Mons Confidence: 0.1 
Answer: Tournai Confidence: 0.3",Antwerp,0.3,0.0,0,0
764,5adfe75555429942ec259b7a,Bacon is a native of a city whose nickname is what?,Queen City of the Ozarks,bridge,medium,"Answer: Boston Confidence: 0.8 
Answer: Denver Confidence: 0.1 
Answer: Dallas Confidence: 0.05 
Answer: Chicago Confidence: 0.03 
Answer: Austin Confidence: 0.02",Boston,0.8,0.0,0,0
765,5ae49eaf55429970de88d9df,What is the miles of road which Kirkby la Thorpe village is near the start of ,62 miles,bridge,medium,"Answer: A17 Confidence: 0.8 
Answer: A46 Confidence: 0.6 
Answer: A1 Confidence: 0.4 
Answer: A607 Confidence: 0.2 
Answer: A52 Confidence: 0.1",A17,0.8,0.0,0,0
766,5adc9f2a5542994ed6169bb3,what was the nationality of both David Berman and Bugsy Siegel ? ,Jewish-American,bridge,medium,"Answer: American Confidence: 1.0 
Answer: Jewish-American Confidence: 0.8 
Answer: Israeli Confidence: 0.0 
Answer: Russian Confidence: 0.2 
Answer: Polish Confidence: 0.1",American,1.0,0.0,0,0
767,5ae4beb65542995ad6573e3b,Which  American vocal group is Emperors of Soul  a 1994 box set compilation for,The Temptations,bridge,medium,"Answer: The Temptations Confidence: 0.9 
Answer: The Platters Confidence: 0.05 
Answer: The Drifters Confidence: 0.03 
Answer: The Four Tops Confidence: 0.02 
Answer: The Spinners Confidence: 0.01",The Temptations,0.9,1.0,1,1
768,5a8ba093554299240d9c203f,The Colts' first ever draft pick was a halfback who won the Heisman Trophy in what year?,1952,bridge,medium,"Answer: 1965 Confidence: 0.2 
Answer: 1982 Confidence: 0.1 
Answer: 1964 Confidence: 0.3 
Answer: 1981 Confidence: 0.1 
Answer: 1965 Confidence: 0.2",1964,0.3,0.0,0,0
769,5a88e4815542993b751ca8b5,Steven Gilmore who has created promotional materials for the 2008 film The Dark Night is most known for his artwork in what other form?,album cover design,bridge,hard,"Answer: Music Confidence: 0.8 
Answer: Comics Confidence: 0.6 
Answer: Video Games Confidence: 0.4 
Answer: Literature Confidence: 0.2 
Answer: Animation Confidence: 0.1",Music,0.8,0.0,0,1
770,5abf0aa65542997719eab633,Kronk's New Groove is a sequel to a movie directed by whom?,Mark Dindal,bridge,medium,"Answer: Mark Dindal Confidence: 0.8 
Answer: Chris Sanders Confidence: 0.0 
Answer: Lee Unkrich Confidence: 0.0 
Answer: Dean DeBlois Confidence: 0.0 
Answer: Mark Dindal Confidence: 0.0",Mark Dindal,0.8,1.0,1,1
771,5a7dfcfb5542995f4f40236f,"Which film director was born earlier, Lewis Gilbert or Kiyoshi Kurosawa?",Lewis Gilbert,comparison,medium,"Answer: Lewis Gilbert Confidence: 0.8 
Answer: Kiyoshi Kurosawa Confidence: 0.2 
Answer: Neither Confidence: 0.0 
Answer: Both Confidence: 0.0 
Answer: Unknown Confidence: 0.0",Lewis Gilbert,0.8,1.0,1,1
772,5abf0ff25542993fe9a41dce,What kind of teaching does How I Got Over and Mahalia Jackson have in common?,Gospel,bridge,medium,"Answer: Gospel Confidence: 0.8 
Answer: Spiritual Confidence: 0.7 
Answer: Religious Confidence: 0.6 
Answer: Christian Confidence: 0.5 
Answer: Biblical Confidence: 0.4",Gospel,0.8,1.0,1,1
773,5adbd0845542996e6852524c,Which party did the Prime Minister of Norway belong to when the Tresfjord Bridge was opened to traffic?,Conservative Party,bridge,medium,"Answer: Labour Confidence: 0.7 
Answer: Conservative Confidence: 0.2 
Answer: Centre Confidence: 0.05 
Answer: Liberal Confidence: 0.03 
Answer: Christian Democratic Confidence: 0.01",Labour,0.7,0.0,0,0
774,5ade2dbe554299728e26c662,Mercy Drive has created entrance themes for the actor and wrestler who is currently signed to what company?,WWE,bridge,medium,"Answer: WWE Confidence: 0.8 
Answer: AEW Confidence: 0.2 
Answer: UFC Confidence: 0.0 
Answer: Impact Confidence: 0.0 
Answer: ROH Confidence: 0.0",WWE,0.8,1.0,1,1
775,5abf931e5542994516f454c4,Who was William Stephens Smith's wife named after?,her mother,bridge,hard,"Answer: Abigail Adams Confidence: 0.8 
Answer: Abigail Quincy Confidence: 0.1 
Answer: Nabby Adams Confidence: 0.05 
Answer: Martha Washington Confidence: 0.03 
Answer: Dolley Madison Confidence: 0.02",Abigail Adams,0.8,0.0,0,0
776,5a7d248b554299452d57bb1d,What country of origin does All I Want for Christmas Is You and Merry Christmas have in common?,American,bridge,medium,"Answer: USA Confidence: 0.8 
Answer: Japan Confidence: 0.1 
Answer: UK Confidence: 0.05 
Answer: Australia Confidence: 0.03 
Answer: Canada Confidence: 0.02",USA,0.8,0.0,0,1
777,5a77f67f55429949eeb29fc5,Which mountain is located mostly in America's longest linear park?,Tomkins Mountain,bridge,hard,"Answer: Mount Katahdin Confidence: 0.8 
Answer: Mount Washington Confidence: 0.6 
Answer: Mount Mitchell Confidence: 0.4 
Answer: Denali Confidence: 0.2 
Answer: Mount Rainier Confidence: 0.1",Mount Katahdin,0.8,0.0,0,0
778,5a867a1955429960ec39b6b2,What 1987 film was Danny devito's directorial debute?,Throw Momma from the Train,bridge,easy,"Answer: Throw Momma from the Train Confidence: 1.0 
Answer: Batman Confidence: 0.0 
Answer: Twins Confidence: 0.0 
Answer: Ruthless People Confidence: 0.0 
Answer: Man on the Moon Confidence: 0.0",Throw Momma from the Train,1.0,1.0,1,1
779,5adcfdb55542992c1e3a24e8,"The 2015 film ""Home"" included a song that premiered on BBC Radio by what artist?",Rihanna,bridge,medium,"Answer: Rihanna Confidence: 0.8 
Answer: Jennifer Lopez Confidence: 0.1 
Answer: Selena Gomez Confidence: 0.05 
Answer: Jessie J Confidence: 0.05 
Answer: Rihanna (feat. Kanye West and Paul McCartney) Confidence: 0.0",Rihanna,0.8,1.0,1,1
780,5a836b6b5542992ef85e22b7,"The Broadway Mob was headed by ""Joey A"" who was born with what given name?",Giuseppe Antonio Doto,bridge,medium,"Answer: Giuseppino Marino Confidence: 0.0 
Answer: Joseph Armone Confidence: 0.8 
Answer: Joey Amato Confidence: 0.1 
Answer: Joseph Andriacchi Confidence: 0.05 
Answer: Joseph Aiello Confidence: 0.05",Joseph Armone,0.8,0.0,0,0
781,5ae011cc554299025d62a3e0,"Varun Khaitan, an Indian entrepreneur and co-founder of UrbanClap, an e-commerce platform that connects local service providers with customers who are in need of their services, he was featured on a list of ""30 Under 30"", for which Indian edition of ""Forbes"" which is managed by the large Raghav Bahl-owned media conglomerate, Network 18?",Forbes India,bridge,easy,"Answer: 2018 Confidence: 0.2 
Answer: 2019 Confidence: 0.3 
Answer: 2020 Confidence: 0.2 
Answer: 2017 Confidence: 0.1 
Answer: 2016 Confidence: 0.2",2019,0.3,0.0,0,0
782,5abaaf68554299232ef4a372,"Where is the NCAA bowl, which made its debut in the 1935-36 season, held?","El Paso, Texas",bridge,medium,"Answer: Pasadena Confidence: 0.8 
Answer: Los Angeles Confidence: 0.7 
Answer: Rose Bowl Confidence: 0.9 
Answer: California Confidence: 0.6 
Answer: Miami Confidence: 0.1",Rose Bowl,0.9,0.0,0,0
783,5ae1083e554299422ee995d7,"Which singer also produced records, Eugene Hütz or Alex Chilton?",Alexander Chilton,comparison,hard,"Answer: Alex Chilton Confidence: 0.8 
Answer: Eugene Hütz Confidence: 0.2 
Answer: Both Confidence: 0.5 
Answer: Neither Confidence: 0.1 
Answer: Alex Chilton Confidence: 0.8",Alex Chilton,0.8,0.5,0,1
784,5a732b9e5542991f29ee2d2a,Which 2011 European drama film was directed by Italian film director and screenwriter Paolo Sorrentino?,This Must Be the Place,bridge,medium,"Answer: This Must Be the Place Confidence: 0.9 
Answer: The Family Friend Confidence: 0.05 
Answer: Il Divo Confidence: 0.03 
Answer: The Consequences of Love Confidence: 0.01 
Answer: Youth Confidence: 0.01",This Must Be the Place,0.9,1.0,1,1
785,5ab826fb55429934fafe6cf3,Jeremy J. Ford and Randal Kleiser are both what?,film director,comparison,medium,"Answer: Actors Confidence: 0.2 
Answer: Directors Confidence: 0.6 
Answer: Producers Confidence: 0.3 
Answer: Screenwriters Confidence: 0.1 
Answer: Filmmakers Confidence: 0.8",Filmmakers,0.8,0.0,0,1
786,5ae720455542996d980e7cb1,911 / Mr. Lonely features vocals by the Norwegian singer-songwriter from what city?,Gjøvik,bridge,hard,"Answer: Oslo Confidence: 0.8 
Answer: Bergen Confidence: 0.1 
Answer: Tromsø Confidence: 0.05 
Answer: Trondheim Confidence: 0.02 
Answer: Stavanger Confidence: 0.03",Oslo,0.8,0.0,0,0
787,5ab711595542993667793f26,"The Slender Man (also known as Slenderman) is a fictional supernatural character that originated as a creepypasta Internet meme, an activity, concept, catchphrase or piece of media which spreads, often as mimicry or for humorous purposes, from person to person via the Internet, created by which Something Awful forums user, also known as ""Victor Surge""?",Eric Knudsen,bridge,easy,"Answer: Eric Knudsen Confidence: 0.9 
Answer: Victor Surge Confidence: 0.8 
Answer: Slenderman Confidence: 0.0 
Answer: Jeff Confidence: 0.1 
Answer: Anonymous Confidence: 0.2",Eric Knudsen,0.9,1.0,1,1
788,5ab8740c55429934fafe6dcb,"In between Milky Chance and Jesus Jones which bands track is ""Right Here, Right Now"" ?",Jesus Jones,comparison,medium,"Answer: Jesus Jones Confidence: 1.0 
Answer: Milky Chance Confidence: 0.0 
Answer: Fatboy Slim Confidence: 0.0 
Answer: Foo Fighters Confidence: 0.0 
Answer: Oasis Confidence: 0.0",Jesus Jones,1.0,1.0,1,1
789,5ae0b22c55429924de1b712f,"Land of Silence and Darkness and Gates of Heaven, are films of which genre?",documentary,comparison,easy,"Answer: Documentary Confidence: 0.8 
Answer: Drama Confidence: 0.4 
Answer: Experimental Confidence: 0.6 
Answer: Art-house Confidence: 0.5 
Answer: Foreign Confidence: 0.3",Documentary,0.8,1.0,1,1
790,5a8ce1a8554299441c6b9f4f,Ulrich Wegener was a founding member of a counter-terrorist force that is a tactical unit of what police force?,German Federal Police,bridge,hard,"Answer: GSG-9 Confidence: 1.0 
Answer: Bundespolizei Confidence: 0.8 
Answer: SEK Confidence: 0.2 
Answer: SWAT Confidence: 0.1 
Answer: SCO19 Confidence: 0.0",GSG-9,1.0,0.0,0,1
791,5abdd2405542991f66106050,The attraction that replaced Twister... Ride It Out in 2017 was based on what show?,"""The Tonight Show""",bridge,medium,"Answer: Fallon Confidence: 0.8 
Answer: Tonight Show Confidence: 0.7 
Answer: SNL Confidence: 0.2 
Answer:ooter Confidence: 0.1 
Answer: Kimmel Confidence: 0.0",Fallon,0.8,0.0,0,1
792,5abcf0f355429959677d6b5a,The cast of Bulldog Drummond Comes Back included an English actor who as also an amateur champion of what sport?,boxing,bridge,medium,"Answer: Boxing Confidence: 0.8 
Answer: Fencing Confidence: 0.1 
Answer: Tennis Confidence: 0.05 
Answer: Golf Confidence: 0.04 
Answer: Cricket Confidence: 0.01",Boxing,0.8,1.0,1,1
793,5ac26d2955429951e9e685b6,Are Leping and Meixian District under the administration of the same city?,no,comparison,medium,"Answer: Yes Confidence: 0.8 
Answer: No Confidence: 0.2 
Answer: Guangzhou Confidence: 0.6 
Answer: Meizhou Confidence: 0.4 
Answer: Yes, Meizhou Confidence: 0.8",Yes,0.8,0.0,0,0
794,5ac422f0554299194317392d,"Which one of the original five members of the Mission Mountain Wood Band was born in January, 1948?",Rob Quist,bridge,medium,"Answer: Rob Quist Confidence: 0.8 
Answer: Steve Riddle Confidence: 0.1 
Answer: Greg Reischling Confidence: 0.05 
Answer: Terry Robinson Confidence: 0.05 
Answer: Rick Browning Confidence: 0.0",Rob Quist,0.8,1.0,1,1
795,5ab938415542996be2020451,"Which wind-instrument-heavy genre of music did Dolores Janney ""Jenni"" Rivera Saavedra play to garner the title of ""top Latin artist of 2013""?",Banda,bridge,medium,"Answer: Banda Confidence: 0.8 
Answer: Norteno Confidence: 0.6 
Answer: Tejano Confidence: 0.4 
Answer: Mariachi Confidence: 0.2 
Answer: Duranguense Confidence: 0.1",Banda,0.8,1.0,1,1
796,5ab9721155429970cfb8eaf9,When did the person Kosti Vehanen spend a decade accompanying die?,"April 8, 1993",bridge,medium,"Answer: 1920s Confidence: 0.2 
Answer: 1950s Confidence: 0.1 
Answer: 1930s Confidence: 0.3 
Answer: 1940s Confidence: 0.2 
Answer: 1925-1935 Confidence: 0.2",1930s,0.3,0.0,0,0
797,5abaf6fc5542996cc5e49f3e,"Peter Francese works with many non-profit organizations and major American corporations, such as one of  the largest global providers of insurance, annuities, and employee benefit programs with how many customers?",90 million,bridge,medium,"Answer: 90 million Confidence: 0.8 
Answer: 100 million Confidence: 0.6 
Answer: 80 million Confidence: 0.4 
Answer: 95 million Confidence: 0.2 
Answer: 85 million Confidence: 0.1",90 million,0.8,1.0,1,1
798,5adec8ef5542995ec70e8f11,"Which comedy series aired it's second to last season opener with the title ""11 Years Later""?",Will & Grace,bridge,medium,"Answer: How I Met Your Mother Confidence: 0.8 
Answer: Friends Confidence: 0.1 
Answer: The Big Bang Theory Confidence: 0.05 
Answer: Brooklyn Nine-Nine Confidence: 0.02 
Answer: Community Confidence: 0.03",How I Met Your Mother,0.8,0.0,0,0
799,5abde4c255429976d4830a19,"What Jennifer 8 star also appeared on the cover of ""Vogue""?",Uma Thurman,bridge,medium,"Answer: Uma Thurman Confidence: 0.8 
Answer: Sandra Bullock Confidence: 0.6 
Answer: Andy Garcia Confidence: 0.2 
Answer: Kathy Baker Confidence: 0.4 
Answer: John Malkovich Confidence: 0.1",Uma Thurman,0.8,1.0,1,1
800,5a7cc7cc554299683c1c6377,"Mital Sharipov (Russian: Митал Шарипов ; born April 13, 1972 in Bishkek) is a retired Kyrgyzstani weightlifter, Bishkek , formerly Pishpek and Frunze, is the capital and largest city of Kyrgyzstan, in which country ?",Kyrgyz Republic,bridge,easy,"Answer: Kyrgyzstan Confidence: 1.0 
Answer: Russia Confidence: 0.0 
Answer: Kazakhstan Confidence: 0.0 
Answer: Uzbekistan Confidence: 0.0 
Answer: Tajikistan Confidence: 0.0",Kyrgyzstan,1.0,0.0,0,1
801,5abcd14855429965836004b2,Are both The Kooks and The Deadly Syndrome from Los Angeles?,no,comparison,medium,"Answer: No Confidence: 0.9 
Answer: The Kooks Confidence: 0.8 
Answer: UK Confidence: 0.7 
Answer: Brighton Confidence: 0.6 
Answer: England Confidence: 0.5",No,0.9,1.0,1,1
802,5a73cd0255429908901be33b,"Which ""Outlaw"" star was nominated for an Emmy in 2013?",Rupert Friend,bridge,medium,"Answer: Walton Goggins Confidence: 0.2 
Answer: Timothy Olyphant Confidence: 0.3 
Answer: Margo Martindale Confidence: 0.4 
Answer: Nick Searcy Confidence: 0.1 
Answer: Natalie Zea Confidence: 0.0",Margo Martindale,0.4,0.0,0,0
803,5ae1ec5e554299492dc91bad,"Yuri Bondarev and Oscar Kurganov wrote the script for the sequel to this four-part 1977 film epic, starring who?",Mikhail Ulyanov,bridge,hard,"Answer: Sylvester Stallone Confidence: 0.2 
Answer: Robert De Niro Confidence: 0.1 
Answer: Al Pacino Confidence: 0.1 
Answer: Yuriy Solomin Confidence: 0.4 
Answer: Helmut Berger Confidence: 0.2",Yuriy Solomin,0.4,0.0,0,0
804,5adda1b55542997dc790700a,"The city in which Kannada University is based is recognised as what under the name of ""Group of Monuments at Hampi""?",UNESCO World Heritage Site,bridge,medium,"Answer: UNESCO World Heritage Site Confidence: 0.9 
Answer: Historical City Confidence: 0.05 
Answer: Tourist Destination Confidence: 0.03 
Answer: Archaeological Site Confidence: 0.02 
Answer: Cultural Heritage Site Confidence: 0.01",UNESCO World Heritage Site,0.9,1.0,1,1
805,5a7263995542997f82783996,Carl Theodor Dreyer and John Sturges have what career in common?,film director,comparison,easy,"Answer: Director Confidence: 0.9 
Answer: Filmmaker Confidence: 0.8 
Answer: Producer Confidence: 0.2 
Answer: Actor Confidence: 0.1 
Answer: Screenwriter Confidence: 0.1",Director,0.9,0.6666666666666666,0,1
806,5ae78eb95542994a481bbda0,"What quarterback, born in 1082, was acquired by the Buffalo Bills in 2015?",Matt Cassel,bridge,medium,"Answer: None Confidence: 1.0 
Answer: N/A Confidence: 1.0 
Answer: Unknown Confidence: 1.0 
Answer: No one Confidence: 1.0 
Answer: Doesn't exist Confidence: 1.0",None,1.0,0.0,0,0
807,5adf3be85542992d7e9f9300,The mother of Hillary Clinton's 2016 campaign vice chair is the director of what London-based institution?,Institute of Muslim Minority Affairs,bridge,medium,"Answer: British Museum Confidence: 0.2 
Answer: British Library Confidence: 0.3 
Answer: Tate Modern Confidence: 0.1 
Answer: National Gallery Confidence: 0.2 
Answer: V&A Museum Confidence: 0.2",British Library,0.3,0.0,0,0
808,5a7cf37d554299683c1c63ee,"The Micro-DVI port, is a proprietary video output port found in the original MacBook Air, it is smaller than the Mini-DVI port used by MacBook, the original model used a combination of polycarbonate and fiberglass casing, which was modeled after what?",iBook G4,bridge,easy,"Answer: Aluminum MacBook Confidence: 0.2 
Answer: Titanium PowerBook Confidence: 0.3 
Answer: iPod Confidence: 0.1 
Answer: Braun Appliances Confidence: 0.4 
Answer: Sony VAIO Confidence: 0.0",Braun Appliances,0.4,0.0,0,0
809,5ae73e3b5542997b22f6a62b,Michael O. Steinitz is the editor of a journal established in what year?,1951,bridge,medium,"Answer: 2006 Confidence: 0.2 
Answer: 2007 Confidence: 0.1 
Answer: 1996 Confidence: 0.1 
Answer: 2003 Confidence: 0.1 
Answer: 2001 Confidence: 0.1",2006,0.2,0.0,0,0
810,5a83292e5542990548d0b1b0,"Remember to Live was released by a band formed in Temple, Texas in what year?",2002,bridge,medium,"Answer: 2008 Confidence: 0.8 
Answer: 2006 Confidence: 0.1 
Answer: 2009 Confidence: 0.05 
Answer: 2007 Confidence: 0.05 
Answer: 2005 Confidence: 0.0",2008,0.8,0.0,0,0
811,5a831d6455429954d2e2ec20,Where is the English mathematician who described Twistor Space in the 1960's the  Emeritus Rouse Ball Professor of Mathematics?,Mathematical Institute of the University of Oxford,bridge,medium,"Answer: Cambridge Confidence: 0.9 
Answer: Oxford Confidence: 0.8 
Answer: London Confidence: 0.2 
Answer: Manchester Confidence: 0.1 
Answer: Edinburgh Confidence: 0.0",Cambridge,0.9,0.0,0,0
812,5a8d3ad75542994ba4e3dc28,"In which war did Ahsan Malik, a commander and captain defend Kamlpur during a conflict that lasted just 13 days concluding with the fall of Dacca?",Indo-Pakistani War of 1971,bridge,easy,"Answer: Bangladesh Liberation War Confidence: 0.9 
Answer: Indo-Pakistani War Confidence: 0.8 
Answer: Bangladesh War Confidence: 0.7 
Answer: Pakistani Civil War Confidence: 0.2 
Answer: Third Indo-Pakistani War Confidence: 0.1",Bangladesh Liberation War,0.9,0.28571428571428575,0,1
813,5a81de10554299676cceb116,"What restaurant chain with over 15,000 locations is a sister franchise to Wing Street?",Pizza Hut,bridge,medium,"Answer: Pizza Hut Confidence: 0.9 
Answer: KFC Confidence: 0.05 
Answer: Domino's Confidence: 0.02 
Answer: Papa John's Confidence: 0.01 
Answer: Little Caesars Confidence: 0.01",Pizza Hut,0.9,1.0,1,1
814,5a8e202b55429917b4a5bd38,Are Yushania and Eleutherococcus in the same family?,no,comparison,hard,"Answer: Yes Confidence: 0.8 
Answer: No Confidence: 0.2 
Answer: Poaceae Confidence: 0.0 
Answer: Araliaceae Confidence: 0.6 
Answer: Both in Araliaceae Confidence: 0.4",Yes,0.8,0.0,0,0
815,5abef6a05542993fe9a41db7,Who was the main character in Danny McBride's 2003 film?,Selene,bridge,easy,"Answer: Ricky Bobby Confidence: 0.0 
Answer: Allen Gamble Confidence: 0.0 
Answer: Fred Simmons Confidence: 0.0 
Answer: Kenny Powers Confidence: 0.4 
Answer: Neal Confidence: 0.6",Neal,0.6,0.0,0,0
816,5abef5c75542997ec76fd39b,Which National Basketall Association (NBA) team won the championship the year Rudy Tomjanovich's career ended?,the 1976–77 Portland Trail Blazers championship team,bridge,hard,"Answer: Houston Rockets Confidence: 0.8 
Answer: Chicago Bulls Confidence: 0.1 
Answer: San Antonio Spurs Confidence: 0.05 
Answer: Los Angeles Lakers Confidence: 0.025 
Answer: Detroit Pistons Confidence: 0.025",Houston Rockets,0.8,0.0,0,0
817,5a890db4554299669944a485,"Clark is the mascot of the Chicago Cubs, introduced on the same day along with the teams top prospect an American professional baseball third baseman who attended what university?",University of San Diego,bridge,medium,"Answer: LSU Confidence: 0.2 
Answer: Vanderbilt Confidence: 0.3 
Answer: UCLA Confidence: 0.1 
Answer: USC Confidence: 0.1 
Answer: Stanford Confidence: 0.3",Vanderbilt,0.3,0.0,0,0
818,5a8b4a885542995d1e6f1351,Which team one the oldest association football competition in the world in 2017?,Arsenal,bridge,medium,"Answer: Arsenal Confidence: 0.8 
Answer: Manchester United Confidence: 0.1 
Answer: Chelsea Confidence: 0.05 
Answer: Tottenham Confidence: 0.03 
Answer: Liverpool Confidence: 0.02",Arsenal,0.8,1.0,1,1
819,5a8e1ab855429917b4a5bd1e,In which enclaved microstate did voters pass two referendums on 29 October 2013?,San Marino,bridge,hard,"Answer: Monaco Confidence: 0.0 
Answer: Vatican City Confidence: 0.0 
Answer: San Marino Confidence: 0.2 
Answer: Andorra Confidence: 0.3 
Answer: Liechtenstein Confidence: 0.0",Andorra,0.3,0.0,0,0
820,5ae3499f5542992e3233c36f,Name the movie in which Cuba Gooding Jr as Doris Miller who has got Navy cross award fro US Navy ?,Pearl Harbor,bridge,medium,"Answer: Pearl Harbor Confidence: 0.9 
Answer: Tora Tora Tora Confidence: 0.1 
Answer: Men of Honor Confidence: 0.8 
Answer: Jerry Maguire Confidence: 0.0 
Answer: Radio Confidence: 0.0",Pearl Harbor,0.9,1.0,1,1
821,5abe85e855429965af743f2c,The D16 class is built for Australian Iron & Steel's in which suburb of Wollongong 8 km south of the CBD and part of the Illawarra region of New South Wales?,Port Kembla,bridge,medium,"Answer: Port Kembla Confidence: 0.9 
Answer: Cringila Confidence: 0.05 
Answer: Warrawong Confidence: 0.02 
Answer: Coniston Confidence: 0.01 
Answer: Kembla Grange Confidence: 0.01",Port Kembla,0.9,1.0,1,1
822,5ab5a48d554299637185c5cf,"Bayfront Avenue passes what resort that opened in 2010, and was billed as the world's most expensive standalone casino property?",Marina Bay Sands,bridge,medium,"Answer: Marina Bay Sands Confidence: 0.9 
Answer: Resorts World Confidence: 0.05 
Answer: Sentosa Resort Confidence: 0.03 
Answer: Gardens by the Bay Confidence: 0.01 
Answer: Singapore Flyer Confidence: 0.01",Marina Bay Sands,0.9,1.0,1,1
823,5ab5389b554299637185c517,George Kinard played college football for a team representing what?,University of Mississippi,bridge,medium,"Answer: University of Mississippi Confidence: 0.8 
Answer: Ole Miss Confidence: 0.8 
Answer: Rebels Confidence: 0.7 
Answer: Mississippi State Confidence: 0.2 
Answer: LSU Confidence: 0.1",University of Mississippi,0.8,1.0,1,1
824,5a8927b9554299669944a4cf,"Who is an American author and mother of film and television producer Bryan Spears, who wrote a novel based on Britney's life?",Lynne Irene Spears,bridge,easy,"Answer: Lynne Spears Confidence: 1.0 
Answer: Jamie Spears Confidence: 0.0 
Answer: Britney Spears Confidence: 0.0 
Answer: Alli Sims Confidence: 0.0 
Answer: Larry Rudolph Confidence: 0.0",Lynne Spears,1.0,0.8,0,1
825,5a81f77a55429926c1cdadc8,Casey Mitchum was portrayed by an American actor best known for his portrayal of which character in Grand Theft Auto IV?,Brucie Kibbutz,bridge,medium,"Answer: Niko Bellic Confidence: 0.8 
Answer: JohnnyGatt Confidence: 0.0 
Answer: Jason Michaels Confidence: 0.0 
Answer: Claude Confidence: 0.1 
Answer: Tommy Vercetti Confidence: 0.1",Niko Bellic,0.8,0.0,0,0
826,5abcf54e55429959677d6b71,The Ricks Must be Crazy is a reference to a South African comedy film that was written and directed by who? ,Jamie Uys,bridge,medium,"Answer: Leon Schuster Confidence: 0.8 
Answer: Jamie Uys Confidence: 0.6 
Answer: Charlie Vundla Confidence: 0.2 
Answer: Kagiso Lediga Confidence: 0.1 
Answer: Gray Hofmeyr Confidence: 0.1",Leon Schuster,0.8,0.0,0,0
827,5ae2eedf55429928c4239576,"What former Stone Temple Pilots frontman collaborated with members of Julien-K on the song ""Inside of Me""?",Chester Bennington,bridge,medium,"Answer: Chester Bennington Confidence: 0.8 
Answer: Scott Weiland Confidence: 0.1 
Answer: Corey Taylor Confidence: 0.05 
Answer: Ian Astbury Confidence: 0.025 
Answer: Richard Patrick Confidence: 0.025",Chester Bennington,0.8,1.0,1,1
828,5a81d57055429903bc27b9d5,Ngong Forest is home to which sole member of the genus Crocuta?,spotted hyena,bridge,hard,"Answer: Spotted hyena Confidence: 0.9 
Answer: Crocuta crocuta Confidence: 0.8 
Answer: Hyena Confidence: 0.7 
Answer: Crocuta Confidence: 0.6 
Answer: Hyaena Confidence: 0.5",Spotted hyena,0.9,1.0,1,1
829,5a72925f5542992359bc3107,"What was the name of the sister company of Lynx Aviation that operated out of Denver, Colorado?",Frontier Airlines,bridge,medium,"Answer: Frontier Airlines Confidence: 0.2 
Answer: Lynx Aviation doesn't exist Confidence: 0.3 
Answer: Go Jet Confidence: 0.1 
Answer: Mesa Airlines Confidence: 0.1 
Answer: Hyannis Air Confidence: 0.0",Lynx Aviation doesn't exist,0.3,0.0,0,0
830,5ae4740d55429913cc20446e,Which Australian rapper moved to the United States at the age of 16 to pursue a career in hip hop music and has at least one music video produced by Luti Fagbenle?,Iggy Azalea,bridge,easy,"Answer: Iggy Azalea Confidence: 0.8 
Answer: Manu Crook Confidence: 0.1 
Answer: Lil Yachty Confidence: 0.0 
Answer: Briggs Confidence: 0.05 
Answer: Haze Confidence: 0.05",Iggy Azalea,0.8,1.0,1,1
831,5abc0a0c55429959677d69ff,"Which place is more convenient for bathing, Stanley Hot Springs, Idaho or Selway-Bitterroot Wilderness?",primitive soaking pools,bridge,hard,"Answer: Stanley Hot Springs Confidence: 0.9 
Answer: Stanley Hot Springs, Idaho Confidence: 0.9 
Answer: Idaho Confidence: 0.7 
Answer: Stanley Confidence: 0.6 
Answer: Hot Springs Confidence: 0.5",Stanley Hot Springs,0.9,0.0,0,0
832,5ac1c60655429964131be285,The Father of Video Games Created What Game In 1978?,Simon,bridge,medium,"Answer: Asteroids Confidence: 0.2
Answer: Space Invaders Confidence: 0.3
Answer: Football Confidence: 0.1
Answer: Spacewar Confidence: 0.1
Answer: Asteroids was not it, Space Invaders was not created by him, the answer is Football Confidence: 0.3",Space Invaders,0.3,0.0,0,0
833,5ae7eabc5542993210983fbb,"In what year was the singer who wrote the song ""Tonight"" with Iggy Pop born?",1947,bridge,hard,"Answer: 1947 Confidence: 0.8 
Answer: 1969 Confidence: 0.1 
Answer: 1956 Confidence: 0.05 
Answer: 1959 Confidence: 0.03 
Answer: 1961 Confidence: 0.02",1947,0.8,1.0,1,1
834,5a74c67c55429974ef308c5c,"Which wrestler is older, Chuck Taylor or Ricohet?",Chuck Taylor,bridge,medium,"Answer: Chuck Taylor Confidence: 0.7 
Answer: Ricochet Confidence: 0.3 
Answer: Same age Confidence: 0.0 
Answer: Unknown Confidence: 0.0 
Answer: Ricohet Confidence: 0.0",Chuck Taylor,0.7,1.0,1,1
835,5adcba6a5542994ed6169bd8,Which American actor starred in Surrogates ,James Oliver Cromwell,bridge,easy,"Answer: Bruce Willis Confidence: 0.9 
Answer: Tom Selleck Confidence: 0.05 
Answer: Arnold Schwarzenegger Confidence: 0.03 
Answer: Sylvester Stallone Confidence: 0.02 
Answer: Kurt Russell Confidence: 0.01",Bruce Willis,0.9,0.0,0,0
836,5a80e0c055429938b614222d,"""New Arrangement"" the album by Jackie DeShannon contains which song written and composed by Donna Weiss and Jackie DeShannon?",Bette Davis Eyes,bridge,medium,"Answer: Bette Davis Eyes Confidence: 0.9 
Answer: What the World Needs Now Confidence: 0.1 
Answer: Put a Little Love in Your Heart Confidence: 0.05 
Answer: When You Walk in the Room Confidence: 0.05 
Answer: Come and Stay with Me Confidence: 0.0",Bette Davis Eyes,0.9,1.0,1,1
837,5a83d5135542996488c2e4f7,"Which institution is located in Turkey, Bahçeşehir University or Drexel University?",Bahçeşehir University,comparison,medium,"Answer: Bahçeşehir University Confidence: 1.0 
Answer: Drexel University Confidence: 0.0 
Answer: None Confidence: 0.0 
Answer: Both Confidence: 0.0 
Answer: Other Confidence: 0.0",Bahçeşehir University,1.0,1.0,1,1
838,5a7329765542994cef4bc486,"Len Wiseman and Ken Kwapis, are Americans, that have which occupation?",film director,comparison,easy,"Answer: Directors Confidence: 0.9 
Answer: Producers Confidence: 0.4 
Answer: Actors Confidence: 0.3 
Answer: Screenwriters Confidence: 0.2 
Answer: Editors Confidence: 0.1",Directors,0.9,0.0,0,1
839,5abc8328554299700f9d78dc,"Before the Ganghwa massacre, 140 people were executed in Ganghwa in what is known as which war crime against communists and suspected sympathizers that occured in the summer of 1950?",Bodo League massacre,bridge,medium,"Answer: Bodo League massacre Confidence: 0.9 
Answer: Ganghwa massacre Confidence: 0.05 
Answer: Korean War Confidence: 0.02 
Answer: Sinchon Massacre Confidence: 0.01 
Answer: No Gun Ri Massacre Confidence: 0.01",Bodo League massacre,0.9,1.0,1,1
840,5a75e054554299109176e5b3,"What mountain is a mountain in the Karakoram region of Pakistan, Malubiting or Chogolisa?",Chogolisa,comparison,easy,"Answer: Malubiting Confidence: 0.5 
Answer: Chogolisa Confidence: 0.5 
Answer: Rakaposhi Confidence: 0.0 
Answer: Nanga Parbat Confidence: 0.0 
Answer: K2 Confidence: 0.0",Malubiting,0.5,0.0,0,0
841,5a763d1c5542992db947374c,Which city in Ohio hosted the soccer competition for Gay Games 9?,Akron,bridge,medium,"Answer: Cleveland Confidence: 0.8 
Answer: Columbus Confidence: 0.1 
Answer: Cincinnati Confidence: 0.05 
Answer: Akron Confidence: 0.03 
Answer: Toledo Confidence: 0.02",Cleveland,0.8,0.0,0,0
842,5ae0500855429942ec259c69,Who directed the 2008 film where Lance E. Nichols played Larry Williams?,David Fincher,bridge,medium,"Answer: Jon Favreau Confidence: 0.2 
Answer: Adam McKay Confidence: 0.1 
Answer: Gavin O'Connor Confidence: 0.1 
Answer: Neil Burger Confidence: 0.1 
Answer: Clint Eastwood Confidence: 0.05",Jon Favreau,0.2,0.0,0,0
843,5ab9bbec554299131ca423e6,"The pepperoni roll is a snack popular in West Virginia and some nearby regions of the Appalachian Mountains such as Appalachian Ohio is a bioregion and political unit in the southeastern part of the state of Ohio, characterized by the western foothills of the Appalachian Mountains, and Appalachian Plateau, in which country?",U.S.,bridge,easy,"Answer: USA Confidence: 1.0 
Answer: United States Confidence: 1.0 
Answer: America Confidence: 1.0 
Answer: North America Confidence: 0.8 
Answer: United States of America Confidence: 1.0",USA,1.0,0.0,0,1
844,5ac41a705542991943173910,Dylan Moran worked on Shaun of the Dead what English actor who co-wrote and starred in the Three Flavours Cornetto trilogy of films?,Simon John Pegg,bridge,medium,"Answer: Simon Pegg, Confidence: 0.9 
Answer: Nick Frost, Confidence: 0.8 
Answer: Edgar Wright, Confidence: 0.7 
Answer: Bill Nighy, Confidence: 0.2 
Answer: Peter Serafinowicz, Confidence: 0.1","Simon Pegg,",0.9,0.8,0,1
845,5adfffa355429942ec259bcb,"The Merchant of Venice is a 16th-century play by William Shakespeare in which a merchant in Venice must default on a large loan provided by an abused Jewish moneylender, notable is Portia's speech about which titled quote by Portia in William Shakespeare's ""The Merchant of Venice""; it occurs during Act IV, Scene 1, set in a Venetian Court of Justice?",The quality of mercy,bridge,easy,"Answer: Quality of Mercy Confidence: 0.9 
Answer: The Quality of Mercy Confidence: 0.8 
Answer: Mercy Confidence: 0.2 
Answer: Mercy is Might Confidence: 0.1 
Answer: The Mercy Confidence: 0.1",Quality of Mercy,0.9,1.0,1,1
846,5adde43f5542997545bbbdc4,Are Epipactis and Gaillardia both genus of plants ?,yes,comparison,medium,"Answer: Yes Confidence: 1.0 
Answer: No Confidence: 0.0 
Answer: Maybe Confidence: 0.0 
Answer: Partially Confidence: 0.0 
Answer: Possibly Confidence: 0.0",Yes,1.0,1.0,1,1
847,5a909e9b5542995651fb51be,In what ballpark did the Ducks play against the Aberdeen Arsenal?,Bethpage Ballpark,bridge,medium,"Answer: Camden Yards Confidence: 0.2 
Answer: Duck Pond Confidence: 0.3 
Answer: Ripken Stadium Confidence: 0.2 
Answer: Leidos Field Confidence: 0.1 
Answer: Veterans Stadium Confidence: 0.1",Duck Pond,0.3,0.0,0,1
848,5a8dcbab554299441c6ba08c,What actor who was born and raised in London to Indian parents played Sonny in The Best Exotic Marigold Hotel?,Dev Patel,bridge,easy,"Answer: Dev Patel Confidence: 0.8 
Answer: Riz Ahmed Confidence: 0.1 
Answer: Naveen Andrews Confidence: 0.05 
Answer: Sendhil Ramamurthy Confidence: 0.03 
Answer: Nikesh Patel Confidence: 0.02",Dev Patel,0.8,1.0,1,1
849,5ae72d565542991e8301cb9c,"Steve Haworth did body modification on Dennis Avner, who underwent how many surgeries? ",14,bridge,medium,"Answer: 14 Confidence: 0.8 
Answer: 20 Confidence: 0.4 
Answer: 26 Confidence: 0.3 
Answer: 16 Confidence: 0.2 
Answer: 25 Confidence: 0.1",14,0.8,1.0,1,1
850,5a7b6a3d55429931da12ca9d,"Who appeared in 270 films between 1910 and 1952 and directed 38 silent films between 1915 and 1927, Richard Boleslawski or Howard M. Mitchell?",Howard M. Mitchell,comparison,easy,"Answer: Richard Boleslawski Confidence: 0.0 
Answer: Howard M. Mitchell Confidence: 0.0 
Answer: John Ford Confidence: 0.2 
Answer: Charlie Chaplin Confidence: 0.6 
Answer: Harold Lloyd Confidence: 0.2",Charlie Chaplin,0.6,0.0,0,0
851,5ae5156955429913cc204583,What is the middle name of the actress who portrayed the main character in the film based on the first full-length biography of Ayn Rand? ,Lydia,bridge,medium,"Answer: Brady Confidence: 0.8 
Answer: Brown Confidence: 0.1 
Answer: Brooke Confidence: 0.05 
Answer: Paige Confidence: 0.025 
Answer: Nicole Confidence: 0.025",Brady,0.8,0.0,0,0
852,5a78cbb6554299029c4b5e98,In what year was the star of a film dramatizing the manhunt for Osama bin Laden born?,1974,bridge,medium,"Answer: 1976 Confidence: 0.8 
Answer: 1981 Confidence: 0.1 
Answer: 1969 Confidence: 0.05 
Answer: 1980 Confidence: 0.03 
Answer: 1979 Confidence: 0.02",1976,0.8,0.0,0,0
853,5ab61a45554299488d4d9ab4,What Australian program featured the character of Tess Silverman McCleod?,McLeod's Daughters,bridge,medium,"Answer: McLeod's Daughters Confidence: 0.9 
Answer: Neighbours Confidence: 0.05 
Answer: Home and Away Confidence: 0.03 
Answer: A Country Practice Confidence: 0.01 
Answer: All Saints Confidence: 0.01",McLeod's Daughters,0.9,1.0,1,1
854,5a7d542f5542990b8f50397d,Which person on the Angel of Retribution album is gay?,Rob Halford,bridge,medium,"Answer: Rob Halford Confidence: 1.0 
Answer: None Confidence: 0.0 
Answer: K.K. Downing Confidence: 0.0 
Answer: Glenn Tipton Confidence: 0.0 
Answer: Ian Hill Confidence: 0.0",Rob Halford,1.0,1.0,1,1
855,5ab419455542996a3a969f33,Both Gaobeidian and Longhai City are located within what country?,People's Republic of China,comparison,hard,"Answer: China Confidence: 1.0 
Answer: Taiwan Confidence: 0.0 
Answer: Japan Confidence: 0.0 
Answer: Korea Confidence: 0.0 
Answer: Mongolia Confidence: 0.0",China,1.0,0.4,0,1
856,5adc1274554299438c868d36,Zsa Zsa Speck took part of his stage name from which mass murderer?,Richard Benjamin Speck,bridge,medium,"Answer: Richard Speck Confidence: 0.9 
Answer: Jack Speck Confidence: 0.0 
Answer: Speck not from murderer Confidence: 0.1 
Answer: Richard Ramirez Confidence: 0.0 
Answer: Charles Manson Confidence: 0.0",Richard Speck,0.9,0.8,0,1
857,5ae382bc5542991a06ce99d8,Who is the husband of the female star of the film Showdown ?,Alex Karras,bridge,medium,"Answer: Chad McQueen Confidence: 0.4 
Answer: Jean-Claude Van Damme Confidence: 0.2 
Answer: Bolo Yeung Confidence: 0.1 
Answer: Forest Whitaker Confidence: 0.1 
Answer: Billy Blanks Confidence: 0.2",Chad McQueen,0.4,0.0,0,0
858,5abb14185542996cc5e49f8d,For what theater does the narrator of the film A Ballerina's Tale dance for?,American Ballet Theatre,bridge,medium,"Answer: American Ballet Theatre Confidence: 0.9 
Answer: New York City Ballet Confidence: 0.05 
Answer: Alvin Ailey Confidence: 0.02 
Answer: Martha Graham Dance Confidence: 0.01 
Answer: Ballet Hispanico Confidence: 0.01",American Ballet Theatre,0.9,1.0,1,1
859,5ae0c76655429906c02dab44,How many universities are included with Zhejiang University in the official alliance which produces 20% of the nations academic publications and 30% of total citations in China?,an official alliance of nine elite and prestigious universities,bridge,easy,"Answer: 8 Confidence: 0.7 
Answer: 10 Confidence: 0.4 
Answer: 9 Confidence: 0.6 
Answer: 11 Confidence: 0.3 
Answer: 12 Confidence: 0.2",8,0.7,0.0,0,0
860,5ab5b95d554299637185c5f8,"ICarly starred which actress who got her start in ""School of Rock""?",Miranda Taylor Cosgrove,bridge,medium,"Answer: Miranda Cosgrove Confidence: 0.9 
Answer: Miranda Cosgrove Confidence: 0.9 
Answer: Jennie Garth Confidence: 0.0 
Answer: Hilary Duff Confidence: 0.0 
Answer: Miranda Cosgrove Confidence: 0.9",Miranda Cosgrove,0.9,0.8,0,1
861,5a790c6d55429970f5fffe34,Q: What year did Pauline Collins and her husband star in Thomas & Sarah for the first time?,1979,bridge,medium,"Answer: 1979 Confidence: 0.8 
Answer: 1978 Confidence: 0.1 
Answer: 1980 Confidence: 0.05 
Answer: 1977 Confidence: 0.03 
Answer: 1981 Confidence: 0.02",1979,0.8,1.0,1,1
862,5a724a4a5542990c210a40bf,What American actress and comedian studied alongside Doreen Cannon?,Anne Meara,bridge,medium,"Answer: Whoopi Goldberg Confidence: 0.8 
Answer: Tiffany Haddish Confidence: 0.2 
Answer: Melissa McCarthy Confidence: 0.1 
Answer: Maya Rudolph Confidence: 0.3 
Answer: Wanda Sykes Confidence: 0.6",Whoopi Goldberg,0.8,0.0,0,0
863,5ab4935955429942dd415f6d,Faline is a fictional character in two Disney films the first of which came out in what year?,1942,bridge,medium,"Answer: 1942 Confidence: 0.8 
Answer: 1946 Confidence: 0.1 
Answer: 1950 Confidence: 0.05 
Answer: 1937 Confidence: 0.03 
Answer: 1963 Confidence: 0.02",1942,0.8,1.0,1,1
864,5a7d25b25542995ed0d16605,Who currently holds the same title that Ian Gundry-White held in 1961?,Air Vice Maxwell Mantsebi-Tei Nagai,bridge,hard,"Answer: Lord Chamberlain Confidence: 0.8 
Answer: Private Secretary Confidence: 0.2 
Answer: Equerry Confidence: 0.1 
Answer: Gentleman of the Privy Chamber Confidence: 0.05 
Answer: Master of the Household Confidence: 0.05",Lord Chamberlain,0.8,0.0,0,0
865,5a7fbafc5542994857a767e1,What was the sport utility vehicle that was replaced by the Jeep Liberty originally marketed as?,Sportwagons,bridge,medium,"Answer: Cherokee Confidence: 0.9 
Answer: Wagoneer Confidence: 0.05 
Answer: Comanche Confidence: 0.02 
Answer: Grand Cherokee Confidence: 0.01 
Answer: Wrangler Confidence: 0.02",Cherokee,0.9,0.0,0,0
866,5a85c6c65542992a431d1b9d,"Patrick Reynolds is an American music executive, record producer and songwriter noted for working with prominent artists such as an American rapper and actor from where?","Queens, New York",bridge,hard,"Answer: Brooklyn Confidence: 0.8 
Answer: Chicago Confidence: 0.1 
Answer: Atlanta Confidence: 0.05 
Answer: Los Angeles Confidence: 0.03 
Answer: New York Confidence: 0.02",Brooklyn,0.8,0.0,0,0
867,5ab8fff25542991b5579f0bf,In what country did The Mission of Nahuel Huapi on the Nahuel Huapi Lake exist?,Argentina,bridge,easy,"Answer: Argentina Confidence: 0.8 
Answer: Chile Confidence: 0.2 
Answer: Peru Confidence: 0.0 
Answer: Bolivia Confidence: 0.0 
Answer: Uruguay Confidence: 0.0",Argentina,0.8,1.0,1,1
868,5adddafd5542992200553b5f,"Who was the father of the man who refused to grant Lower Lorraine to Henry II, Duke of Limburg?",Duke Frederick I,bridge,hard,"Answer: Henry III Confidence: 0.8 
Answer: Otto IV Confidence: 0.2 
Answer: Philip I Confidence: 0.0 
Answer: Godfrey III Confidence: 0.6 
Answer: Waleran Confidence: 0.4",Henry III,0.8,0.0,0,0
869,5a87b95c5542996e4f3088ed,"Which director was from England, Alan Parker or Peter Segal?",Sir Alan William Parker,comparison,medium,"Answer: Alan Parker Confidence: 1.0 
Answer: Peter Segal Confidence: 0.0 
Answer: None Confidence: 0.0 
Answer: Both Confidence: 0.0 
Answer: Either Confidence: 0.0",Alan Parker,1.0,0.6666666666666666,0,1
870,5ae31abf55429928c42395f1,Danziger Echo was a newspaper that was published in the city state that existed between which years?,1920 and 1939,bridge,medium,"Answer: Danzig Confidence: 0.9 
Answer: Gdańsk Confidence: 0.8 
Answer: Hamburg Confidence: 0.1 
Answer: Lübeck Confidence: 0.1 
Answer: Bremen Confidence: 0.1",Danzig,0.9,0.0,0,0
871,5ab32a48554299233954ff3b,Which Florence Reece Song was written during United Mine Workers Strike?,Which Side Are You On,bridge,medium,"Answer: Which Side Are You On Confidence: 0.9 
Answer: Coal Miner's Daughter Confidence: 0.0 
Answer: Harlan County USA Confidence: 0.0 
Answer: The Rebel Girl Confidence: 0.0 
Answer: Come All You Coal Miners Confidence: 0.1",Which Side Are You On,0.9,1.0,1,1
872,5a77d2b055429949eeb29f6d," In which state was the founder of the village of Boonesborough, Kentucky born?",Pennsylvania,bridge,medium,"Answer: Pennsylvania Confidence: 0.8 
Answer: Virginia Confidence: 0.15 
Answer: North Carolina Confidence: 0.03 
Answer: Maryland Confidence: 0.01 
Answer: New Jersey Confidence: 0.01",Pennsylvania,0.8,1.0,1,1
873,5ae8093e554299540e5a56f7,"Mennonites are traditionally multilingual with which Low Prussian dialect of East Low German, with Dutch influence language was their first?",Plautdietsch,bridge,easy,"Answer: Plautdietsch Confidence: 0.9 
Answer: Low German Confidence: 0.05 
Answer: Frisian Confidence: 0.02 
Answer: Alemannic Confidence: 0.01 
Answer: Hunsrik Confidence: 0.02",Plautdietsch,0.9,1.0,1,1
874,5adf6a305542993344016c87,Jack Twist was a character portrayed by which American actor who debuted in City Slickers?,Jacob Benjamin Gyllenhaal,bridge,medium,"Answer: Jake Gyllenhaal Confidence: 0.0 
Answer: Billy Crystal Confidence: 0.0 
Answer: Daniel Day-Lewis Confidence: 0.0 
Answer: Heath Ledger Confidence: 0.8 
Answer: Josh Hartnett Confidence: 0.0",Heath Ledger,0.8,0.0,0,0
875,5adfdff955429925eb1afae4,"Kansas vs. Darwin is a feature-length documentary film, released in which year, about the Kansas evolution hearings, were a series of hearings held in Topeka, Kansas, United States from May 5 to 12, 2005 by the Kansas State Board of Education and its State Board Science Hearing Committee to change how evolution and the origin of life would be taught in the state's public high school science classes?",2005,bridge,easy,"Answer: 2006 Confidence: 0.8 
Answer: 2007 Confidence: 0.1 
Answer: 2005 Confidence: 0.05 
Answer: 2008 Confidence: 0.05 
Answer: 2009 Confidence: 0.0",2006,0.8,0.0,0,0
876,5add23bd5542994734353870,"Paul Young and David Draiman, share which mutual occupation?",songwriter,comparison,easy,"Answer: Singer Confidence: 0.9 
Answer: Musician Confidence: 0.8 
Answer: Vocalist Confidence: 0.7 
Answer: Artist Confidence: 0.6 
Answer: Entertainer Confidence: 0.5",Singer,0.9,0.0,0,1
877,5a90637155429933b8a2050e,"Which drink was distributed first, Solo or Aquafina?",Solo,comparison,medium,"Answer: Aquafina Confidence: 0.8 
Answer: Solo Confidence: 0.2 
Answer: Water Confidence: 0.0 
Answer: Soda Confidence: 0.0 
Answer: Juice Confidence: 0.0",Aquafina,0.8,0.0,0,0
878,5a72190955429971e9dc9267,What British actress born in May started in a television series set in a fictional Sussex coastal town? ,Geraldine McEwan,bridge,medium,"Answer: Miranda Richardson Confidence: 0.2 
Answer: Vanessa Redgrave Confidence: 0.1 
Answer: Natalie Dormer Confidence: 0.1 
Answer: Emily Blunt Confidence: 0.3 
Answer: Gugu Mbatha-Raw Confidence: 0.3",Emily Blunt,0.3,0.0,0,0
879,5ab43c8c5542991779162c25,The song Please Send Me Someone to Love appeared in the soundtrack of a film directed by who ?,Jonathan Demme,bridge,medium,"Answer: Alan Parker Confidence: 0.4 
Answer: Spike Lee Confidence: 0.3 
Answer: John Landis Confidence: 0.2 
Answer: Robert Altman Confidence: 0.1 
Answer: Wim Wenders Confidence: 0.0",Alan Parker,0.4,0.0,0,0
880,5ac076ec5542996f0d89cbe3,Little Heath Pit is part of an estate situated in what Area of Outstanding Natural Beauty?,Chiltern Hills,bridge,medium,"Answer: Chilterns Confidence: 0.8 
Answer: Cotswolds Confidence: 0.1 
Answer: Surrey Hills Confidence: 0.05 
Answer: North Wessex Downs Confidence: 0.03 
Answer: North Downs Confidence: 0.02",Chilterns,0.8,0.0,0,1
881,5a77f09f5542992a6e59e010,"What industrial metal band formed in Sion, Switzerland in 1987, released an album named, ""Reign of Light""?",Samael,bridge,medium,"Answer: Samael Confidence: 0.9 
Answer: Rotten Truth Confidence: 0.0 
Answer: Sybreed Confidence: 0.0 
Answer: Apollyon Sun Confidence: 0.1 
Answer: Syrinx Confidence: 0.0",Samael,0.9,1.0,1,1
882,5a77666755429972597f1522,"Between the two writers Ferenc Molnár and Karen Joy Fowler, who was born earlier?",Ferenc Molnár,comparison,hard,"Answer: Ferenc Molnár Confidence: 1.0 
Answer: Karen Joy Fowler Confidence: 0.0 
Answer: Neither Confidence: 0.0 
Answer: Both Confidence: 0.0 
Answer: Unknown Confidence: 0.0",Ferenc Molnár,1.0,1.0,1,1
883,5a800e195542992e7d278df5,"Who directed the film inspired by the life and work of the Marquis de Sade, ""Quills"" re-imagines the last years of the Marquis's incarceration in the insane asylum at Charenton, who's costume designers work has been recognized in numerous films such as ""The Curious Case of Benjamin Button""?",Philip Kaufman,bridge,easy,"Answer: Philip Kaufman Confidence: 0.8 
Answer: Doug Jones Confidence: 0.0 
Answer: Geoffrey Rush Confidence: 0.0 
Answer: Joanna Johnston Confidence: 0.2 
Answer: Philip Kaufman and Joanna Johnston Confidence: 0.0",Philip Kaufman,0.8,1.0,1,1
884,5ac55e365542993e66e8236d,The Estonian Philharmonic Chamber Choir performs works by which Estonian classical and religious composer?,Arvo Pärt,bridge,medium,"Answer: Arvo Pärt Confidence: 0.9 
Answer: Cyrillus Kreek Confidence: 0.05 
Answer: Rudolf Tobias Confidence: 0.03 
Answer: Veljo Tormis Confidence: 0.02 
Answer: Heino Eller Confidence: 0.01",Arvo Pärt,0.9,1.0,1,1
885,5ae319555542991a06ce9926,How long was the reign of the king who criminalized Theftbote ?,50 years,bridge,medium,"Answer: 38 years Confidence: 0.8 
Answer: 24 years Confidence: 0.4 
Answer: 13 years Confidence: 0.2 
Answer: 10 years Confidence: 0.1 
Answer: 27 years Confidence: 0.3",38 years,0.8,0.5,0,0
886,5ac0b6c5554299012d1db61b,Sian Evans was known for being a Front woman and singer-songwriter of a band based in which city ?,Bristol,bridge,medium,"Answer: London Confidence: 0.4 
Answer: Cardiff Confidence: 0.3 
Answer: Swansea Confidence: 0.2 
Answer: Bristol Confidence: 0.1 
Answer: Manchester Confidence: 0.0",London,0.4,0.0,0,0
887,5a83594f5542996488c2e421,One of the actor's from Harm's way received his most praised role as a war veteran Fred Derry.  What was the name of the movie Fred Derry is from?,The Best Years of Our Lives,bridge,medium,"Answer: The Best Years of Our Lives Confidence: 0.9 
Answer: Saving Private Ryan Confidence: 0.0 
Answer: Apocalypse Now Confidence: 0.0 
Answer: Platoon Confidence: 0.0 
Answer: Glory Confidence: 0.0",The Best Years of Our Lives,0.9,1.0,1,1
888,5ae4f47355429960a22e0224,"Who has a wider scope of profession, Tom Forman or Richard Linklater?",Tom Forman,comparison,medium,"Answer: Richard Linklater Confidence: 0.8 
Answer: Tom Forman Confidence: 0.2 
Answer: Neither Confidence: 0.0 
Answer: Unknown Confidence: 0.0 
Answer: Both Confidence: 0.0",Richard Linklater,0.8,0.0,0,0
889,5a8e98f05542990e94052b69,"In Irish and Scottish mythology, Uathach was the daughter of a warrior woman associated with which Isle ?",Isle of Skye,bridge,hard,"Answer: Skye Confidence: 0.8 
Answer: Man Confidence: 0.1 
Answer: Mull Confidence: 0.05 
Answer: Iona Confidence: 0.05 
Answer: Arran Confidence: 0.0",Skye,0.8,0.5,0,1
890,5a743f7055429979e28828c0, The Göttingen Seven included what professor born on October 24 1804?,Wilhelm Eduard Weber,bridge,medium,"Answer: Jacob Grimm Confidence: 0.2 
Answer: Wilhelm Grimm Confidence: 0.8 
Answer: Friedrich Christoph Dahlmann Confidence: 0.6 
Answer: Heinrich Ewald Confidence: 0.4 
Answer: Georg Gottfried Gervinus Confidence: 0.2",Wilhelm Grimm,0.8,0.4,0,0
891,5abaa73a55429901930fa87a,The film Citizen Cohn follows the life of a man who was chief counsel to a Senator from which state?,Wisconsin,bridge,medium,"Answer: Wisconsin Confidence: 0.8 
Answer: New York Confidence: 0.1 
Answer: California Confidence: 0.05 
Answer: Texas Confidence: 0.03 
Answer: Florida Confidence: 0.02",Wisconsin,0.8,1.0,1,1
892,5ab5f68c554299110f21999a,What was the region that the music that Tut Taylor played was influenced by?,Appalachia,bridge,medium,"Answer: Appalachian Confidence: 0.8 
Answer: Southern Confidence: 0.6 
Answer: Bluegrass Confidence: 0.5 
Answer: Country Confidence: 0.4 
Answer: Celtic Confidence: 0.2",Appalachian,0.8,0.0,0,1
893,5a7908a8554299148911f9cc,Mark E. Mitchell was awarded the Distinguished Service Cross for his actions during a battle uncorrectly referred to as what?,Battle of Mazar-i-Sharif,bridge,medium,"Answer: Battle of the Bulge Confidence: 0.8 
Answer: Battle of Hürtgen Forest Confidence: 0.6 
Answer: Battle of the Hurtgen Confidence: 0.4 
Answer: Battle of Aachen Confidence: 0.2 
Answer: Operation Market Garden Confidence: 0.1",Battle of the Bulge,0.8,0.6666666666666666,0,0
894,5aba12e55542994dbf0198a8,"Who did the U.S. Representative for New York 's 19 congressional district since January 3, 2017 run against in the 2002 New York Comptroller election?",Alan G. Hevesi,bridge,hard,"Answer: John Faso Confidence: 0.0 
Answer: Antonio Delgado Confidence: 0.0 
Answer: Sean Patrick Maloney Confidence: 0.0 
Answer: Zephyr Teachout Confidence: 0.0 
Answer: John Faso did, he ran against Alan Hevesi Confidence: 0.8","John Faso did, he ran against Alan Hevesi",0.8,0.36363636363636365,0,1
895,5a7fa8475542992097ad2fad,"Which rock band was formed first, Classic Case or Panic! at the Disco?",Classic Case,comparison,medium,"Answer: Panic! at the Disco Confidence: 0.9 
Answer: Classic Case Confidence: 0.1 
Answer: None Confidence: 0.0 
Answer: Panic Confidence: 0.0 
Answer: Disco Confidence: 0.0",Panic! at the Disco,0.9,0.0,0,0
896,5ae7b03e5542993210983ef6,"Who owns a mall in Youngstown, Ohio with a BAM! store?",Cafaro Company,bridge,hard,"Answer: Washington Prime Group Confidence: 0.7 
Answer: Cafeo Properties Confidence: 0.4 
Answer: Simon Property Group Confidence: 0.3 
Answer: Zamias Services Confidence: 0.2 
Answer: CAKanos Confidence: 0.1",Washington Prime Group,0.7,0.0,0,0
897,5a8d12765542994ba4e3dbe1,The man Paul Livingstone discipled under composed what kind of music?,Hindustani classical music,bridge,medium,"Answer: Jazz Confidence: 0.8 
Answer: Classical Confidence: 0.1 
Answer: Gospel Confidence: 0.05 
Answer: Rock Confidence: 0.025 
Answer: Blues Confidence: 0.025",Jazz,0.8,0.0,0,0
898,5a7cfdda55429907fabef095,Which borough of New York City was the roller coaster the Texas Cyclone was modeled after located in?,Brooklyn,bridge,medium,"Answer: Coney Island Confidence: 0.8 
Answer: Brooklyn Confidence: 0.7 
Answer: Queens Confidence: 0.2 
Answer: Staten Island Confidence: 0.1 
Answer: Manhattan Confidence: 0.0",Coney Island,0.8,0.0,0,1
899,5a7e467d554299495941996d,What county is Cyhi the Prince from?,DeKalb County,bridge,medium,"Answer: Fulton County Confidence: 0.8 
Answer: Dekalb County Confidence: 0.1 
Answer: Gwinnett County Confidence: 0.05 
Answer: Cobb County Confidence: 0.03 
Answer: Clayton County Confidence: 0.02",Fulton County,0.8,0.5,0,0
900,5a832c8455429954d2e2ec42,Ock Joo-hyun participated in what musical based on a book by T.S. Eliot?,Cats,bridge,medium,"Answer: Cats Confidence: 0.8 
Answer: Jekyll & Hyde Confidence: 0.1 
Answer: Notre Dame de Paris Confidence: 0.05 
Answer: Rent Confidence: 0.05 
Answer: Chicago Confidence: 0.0",Cats,0.8,1.0,1,1
901,5a81a14f5542990a1d231e29,Scholar and educator  Isaac S.D. Sassoon is a member of the Sassoon family because of their great wealth they accumulated they are also called what?,"""Rothschilds of the East""",bridge,medium,"Answer: Rothschilds Confidence: 0.2 
Answer: Rockefellers Confidence: 0.2 
Answer: The Merchant Princes Confidence: 0.4 
Answer: The Sassoon Dynasty Confidence: 0.1 
Answer: The Baghdadi Jews Confidence: 0.1",The Merchant Princes,0.4,0.0,0,0
902,5ab46fd75542991751b4d771,"Anupam Kher starred in the thriller film ""Lust, Caution"" directed by whom?",Ang Lee,bridge,hard,"Answer: Ang Lee Confidence: 0.9 
Answer: Anurag Basu Confidence: 0.0 
Answer: Karan Johar Confidence: 0.0 
Answer: Sanjay Leela Bhansali Confidence: 0.0 
Answer: Vishal Bhardwaj Confidence: 0.1",Ang Lee,0.9,1.0,1,1
903,5ab5b0235542992aa134a38a,"Which dog comes from the Romagna sub-region of Italy, Lagotto Romagnolo or Magyar agár?",The Lagotto Romagnolo,comparison,medium,"Answer: Lagotto Romagnolo Confidence: 1.0 
Answer: Magyar agár Confidence: 0.0 
Answer: None Confidence: 0.0 
Answer: Both Confidence: 0.0 
Answer: Other Confidence: 0.0",Lagotto Romagnolo,1.0,1.0,1,1
904,5a7344945542991f9a20c6cd,"Chinses Artist Association of Hong Kong is a non-profit association of what type of traditional Chinese art form involving music, singing, martial arts, acrobatics, and acting?",Cantonese opera,bridge,medium,"Answer: Opera Confidence: 0.9 
Answer: Theater Confidence: 0.05 
Answer: Dance Confidence: 0.03 
Answer: Puppetry Confidence: 0.01 
Answer: Shadowplay Confidence: 0.01",Opera,0.9,0.6666666666666666,0,0
905,5a79dc6a5542994bb94570fb,When did the cat who was aboard the same ship as Commander Stuart Hett die?,28 November 1949,bridge,medium,"Answer: Unknown Confidence: 1.0 
Answer: No information Confidence: 1.0 
Answer: Not found Confidence: 1.0 
Answer: No data Confidence: 1.0 
Answer: Undetermined Confidence: 1.0",Unknown,1.0,0.0,0,0
906,5abd150e5542992ac4f381c4,"Which documentary came first, ""A Diary for Timothy"" or ""For Which We Stand""?",A Diary for Timothy,comparison,medium,"Answer: A Diary for Timothy Confidence: 0.8 
Answer: For Which We Stand Confidence: 0.2 
Answer: None Confidence: 0.0 
Answer: Both Confidence: 0.0 
Answer: Unknown Confidence: 0.0",A Diary for Timothy,0.8,1.0,1,1
907,5ab285e05542997061209650,"What is the name of large shopping centre and residential complex in Wood Green, north London where A105 road serves as the main route?",The Mall Wood Green,bridge,easy,"Answer: The Mall Wood Green Confidence: 0.8 
Answer: Wood Green Shopping City Confidence: 0.6 
Answer: The Mall Confidence: 0.4 
Answer: Shopping City Confidence: 0.3 
Answer: Haringey Mall Confidence: 0.1",The Mall Wood Green,0.8,1.0,1,1
908,5ac3525f554299741d48a24d,when was the Australian rules football club in which Greg Taube played for extablished ,in 1874,bridge,hard,"Answer: 1877 Confidence: 0.8 
Answer: 1858 Confidence: 0.6 
Answer: 1860 Confidence: 0.4 
Answer: 1874 Confidence: 0.2 
Answer: 1880 Confidence: 0.1",1877,0.8,0.0,0,0
909,5ac40398554299076e296d2e,Where was the game Velocity developed?,Japan,bridge,easy,"Answer: UK Confidence: 0.8 
Answer: US Confidence: 0.1 
Answer: Japan Confidence: 0.05 
Answer: Canada Confidence: 0.03 
Answer: Australia Confidence: 0.02",UK,0.8,0.0,0,0
910,5a78f49c55429970f5fffdf3,Worker: Billy McFarland was charged with fraud involving a music festival set to take place on what Bahamian island?,Great Exuma,bridge,medium,"Answer: Great Exuma Confidence: 0.9 
Answer: Grand Bahama Confidence: 0.05 
Answer: Nassau Confidence: 0.03 
Answer: Eleuthera Confidence: 0.01 
Answer: Abaco Confidence: 0.01",Great Exuma,0.9,1.0,1,1
911,5a85f9625542994775f606d3,What company was established as part of the Great Norther Railway Act of 1846 and has a first station west of Louth?,Great Northern Railway,bridge,hard,"Answer: Great Northern Railway Confidence: 0.8 
Answer: Manchester Sheffield & Lincolnshire Railway Confidence: 0.1 
Answer: North Eastern Railway Confidence: 0.05 
Answer: Midland Railway Confidence: 0.05 
Answer: East Lincolnshire Railway Confidence: 0.0",Great Northern Railway,0.8,1.0,1,1
912,5a7ca81955429907fabeefed,Heartsounds was made into a 1984 film starring an actor who died in what year?,2014,bridge,medium,"Answer: 1985 Confidence: 0.2 
Answer: 1994 Confidence: 0.3 
Answer: 1988 Confidence: 0.1 
Answer: 1998 Confidence: 0.1 
Answer: 1990 Confidence: 0.3",1994,0.3,0.0,0,0
913,5a7e892555429949594199f8,"Who had Five of his films nominated for the ""Palme d'Or"" at the Cannes Film Festival, Károly Makk or Robert Stevenson?",Károly Makk,comparison,easy,"Answer: Károly Makk Confidence: 0.8 
Answer: Robert Stevenson Confidence: 0.2 
Answer: Béla Tarr Confidence: 0.0 
Answer: Miklós Jancsó Confidence: 0.0 
Answer: István Szabó Confidence: 0.0",Károly Makk,0.8,1.0,1,1
914,5ac31c2e554299741d48a1fe,Avon Saxon created the role of Friar Tuck in the opera by which English composer?,Sir Arthur Seymour Sullivan MVO,bridge,medium,"Answer: Elgar Confidence: 0.2 
Answer: Sullivan Confidence: 0.3 
Answer: Britten Confidence: 0.1 
Answer: Vaughan Williams Confidence: 0.1 
Answer: Holst Confidence: 0.1",Sullivan,0.3,0.33333333333333337,0,1
915,5ae749b35542997b22f6a67e,What is the nickname of Gairy St. Clair's hometown?,Garden City of the Caribbean,bridge,hard,"Answer: Georgetown Confidence: 0.1 
Answer: The Garden City Confidence: 0.3 
Answer: Roseau Confidence: 0.2 
Answer: Bay Town Confidence: 0.1 
Answer: The City Confidence: 0.3",The Garden City,0.3,0.6666666666666666,0,1
916,5a8b524555429950cd6afca1,What company is headquartered at a casino formerly known as Vegas World?,American Casino & Entertainment Properties,bridge,medium,"Answer: Strat Hotel Confidence: 0.2 
Answer: Golden Steer Confidence: 0.1 
Answer: Sahara Las Vegas Confidence: 0.1 
Answer: Vegas World Confidence: 0.4 
Answer: Strat Hotel, Casino and SkyPod Confidence: 0.2",Vegas World,0.4,0.0,0,0
917,5ab26a00554299449642c894,What progressive American magazine did a review of the 2009 LP of the Mirrors?,Mother Jones,bridge,easy,"Answer: Pitchfork Confidence: 0.6 
Answer: Rolling Stone Confidence: 0.4 
Answer: The Nation Confidence: 0.3 
Answer: Mother Jones Confidence: 0.2 
Answer: Spin Confidence: 0.1",Pitchfork,0.6,0.0,0,0
918,5a7e25495542995ed0d166ac,"The double Irish arrangement is a tax strategy, that some multinational corporations used to lower their corporate tax liability, it relies on the fact that Irish tax law does not include transfer pricing rules as does the United States and those of many other jurisdictions, the standard rate of corporation tax is among the lowest in the world at 12.5%, in Ireland there is an income tax, a value added tax (VAT), and various other taxes, is called?",Irish tax law,bridge,easy,"Answer: Double Irish arrangement Confidence: 1.0 
Answer: Irish tax haven Confidence: 0.8 
Answer: Corporate tax avoidance Confidence: 0.6 
Answer: Tax loophole Confidence: 0.4 
Answer: International tax strategy Confidence: 0.2",Double Irish arrangement,1.0,0.3333333333333333,0,0
919,5a8a032655429970aeb70200,Lady Amelia Spencer is the daughter of a British nobleman born in which year ?,1964,bridge,hard,"Answer: 1992 Confidence: 0.8 
Answer: 1990 Confidence: 0.1 
Answer: 1991 Confidence: 0.05 
Answer: 1989 Confidence: 0.04 
Answer: 1993 Confidence: 0.01",1992,0.8,0.0,0,0
920,5a8b3d275542997f31a41cc0,"Which band came first, Moose or Quix*o*tic?",Moose,comparison,medium,"Answer: Quix*o*tic Confidence: 0.6 
Answer: Moose Confidence: 0.4 
Answer: Neither Confidence: 0.0 
Answer: Both Confidence: 0.6 
Answer: Unknown Confidence: 0.4",Quix*o*tic,0.6,0.0,0,0
921,5ae1d147554299492dc91b93,When was Sonam Dechan Wangchuck's half brother born?,21 February 1980,bridge,hard,"Answer: 1982 Confidence: 0.2 
Answer: 1980 Confidence: 0.1 
Answer: 1979 Confidence: 0.1 
Answer: Jigme Singye Confidence: 0.6 
Answer: 1989 Confidence: 0.0",Jigme Singye,0.6,0.0,0,0
922,5a8d802555429941ae14dfe4,What former Miss Massachusetts book was made into a made-for-TV film?,Lisa Kleypas,bridge,medium,"Answer: Still Life Confidence: 0.8 
Answer: To Kill a Mockingbird Confidence: 0.2 
Answer: A Stolen Life Confidence: 0.3 
Answer: Drop Dead Diva Confidence: 0.1 
Answer: A Perfect Life Confidence: 0.1",Still Life,0.8,0.0,0,0
923,5add14175542990d50227db7,So Fly was a song co-produced by the rapper who began her career with what R&B group?,Sista,bridge,medium,"Answer: City Girls Confidence: 0.2 
Answer: TLC Confidence: 0.1 
Answer: Destiny's Child Confidence: 0.1 
Answer: Total Confidence: 0.3 
Answer: 702 Confidence: 0.2",Total,0.3,0.0,0,0
924,5ab449f95542990594ba9bf6,The birthplace of Valerie Brisco-Hooks is located in which county?,Leflore County,bridge,medium,"Answer: Green County Confidence: 0.4 
Answer: Boone County Confidence: 0.3 
Answer: Greenwood County Confidence: 0.2 
Answer: Greene County Confidence: 0.5 
Answer: Grant County Confidence: 0.1",Greene County,0.5,0.5,0,0
925,5ab70c385542993667793f18,How many Primetime Emmy Awards did Susan Silverman's sister win?,two,bridge,medium,"Answer: 3 Confidence: 0.2 
Answer: 4 Confidence: 0.1 
Answer: 0 Confidence: 0.3 
Answer: 1 Confidence: 0.1 
Answer: 2 Confidence: 0.3",0,0.3,0.0,0,0
926,5ae6047a55429929b0807a5a,"In music, an ostinato, is a motif or phrase that persistently repeats in the same musical voice, usually at the same pitch, well-known ostinato-based pieces include both classical compositions such as Donna Summer, was an American singer, songwriter, and painter, and she gained prominence during the disco era of which late era?",1970s,bridge,easy,"Answer: 1970s Confidence: 0.9 
Answer: 1980s Confidence: 0.1 
Answer: 1960s Confidence: 0.0 
Answer: 1990s Confidence: 0.0 
Answer: 2000s Confidence: 0.0",1970s,0.9,1.0,1,1
927,5ab5416e5542997d4ad1f0df,"In the screenplay Sweethearts, Victor Herbert's play was was used. What type of performance was this?",“play within a play”,bridge,hard,"Answer: Opera Confidence: 0.8 
Answer: Musical Confidence: 0.9 
Answer: Play Confidence: 0.4 
Answer: Ballet Confidence: 0.2 
Answer: Operetta Confidence: 0.6",Musical,0.9,0.0,0,0
928,5a8ddbda5542995a26add428,Academy for Advanced Academics is located in a Florida school district founded in what year?,1885,bridge,medium,"Answer: 1830 Confidence: 0.2 
Answer: 1915 Confidence: 0.3 
Answer: 1962 Confidence: 0.1 
Answer: 1887 Confidence: 0.1 
Answer: 1920 Confidence: 0.3",1915,0.3,0.0,0,0
929,5a8af98e55429971feec45b7,Which star of the film Tamango was nominated for a Gold Globe Award in 1959 ?,Dorothy Jean Dandridge,bridge,hard,"Answer: Dorothy Dandridge Confidence: 0.8 
Answer: Curd Jürgens Confidence: 0.2 
Answer: Alex Cressan Confidence: 0.0 
Answer: Jean Servais Confidence: 0.0 
Answer: Roger Hanin Confidence: 0.0",Dorothy Dandridge,0.8,0.8,0,1
930,5abc2f6f55429959677d6a2b,What was the name of one of the actors in one of Nick Love's films?,Danny Dyer,bridge,medium,"Answer: Danny Dyer Confidence: 0.8 
Answer: Paul Bettany Confidence: 0.4 
Answer: Sean Bean Confidence: 0.3 
Answer: Bob Hoskins Confidence: 0.2 
Answer: Ray Winstone Confidence: 0.1",Danny Dyer,0.8,1.0,1,1
931,5ac29c96554299218029dabf,What year did the band who had a top 40 hit in the UK and a promotional video directed by Spike Jonze have a reunion tour?,2010,bridge,hard,"Answer: 1997 Confidence: 0.2 
Answer: 2009 Confidence: 0.3 
Answer: 2011 Confidence: 0.4 
Answer: 1996 Confidence: 0.1 
Answer: 2013 Confidence: 0.0",2011,0.4,0.0,0,0
932,5a7c4e8e55429935c91b5153,"This 2009 computer-animated science film, starring the voice of Elijah Wood is an adaption of a 2005 student project from which University?",UCLA,bridge,hard,"Answer: 9 Confidence: 0.0 
Answer: Harvard Confidence: 0.0 
Answer: Carnegie Mellon Confidence: 0.2 
Answer: UCLA Confidence: 0.1 
Answer: USC Confidence: 0.0",Carnegie Mellon,0.2,0.0,0,0
933,5a7926db55429907847277cd,"Edward Keonjian and Edward Avedisian, have what in common?",Edward,comparison,easy,"Answer: Armenian heritage Confidence: 0.8 
Answer: Inventor Confidence: 0.4 
Answer: Engineer Confidence: 0.6 
Answer: Artist Confidence: 0.2 
Answer: Scientist Confidence: 0.8",Armenian heritage,0.8,0.0,0,0
934,5ac250155542992f1f2b384a,In which stadium does the defender Jack Hobbs play his home football matches in the Championship?,the City Ground,bridge,medium,"Answer: Bramall Lane Confidence: 0.4 
Answer: Riverside Stadium Confidence: 0.2 
Answer: City Ground Confidence: 0.2 
Answer: Loftus Road Confidence: 0.1 
Answer: Ewood Park Confidence: 0.1",Bramall Lane,0.4,0.0,0,0
935,5aba52c155429939ce03dc93,The star of the film I Love Lee Tae-ri made his television debut in which Korean television drama?,April Kiss,bridge,medium,"Answer: Dream High Confidence: 0.2 
Answer: Reply 1997 Confidence: 0.3 
Answer: Dream High 2 Confidence: 0.1 
Answer: To the Beautiful You Confidence: 0.4 
Answer: Dream High 2 Confidence: 0.0",To the Beautiful You,0.4,0.0,0,0
936,5ab3b107554299753aec59a2,The ancestral home of George Henry Moore was burned down during a conflict that ended on what date?,24 May 1923,bridge,hard,"Answer: 1691 Confidence: 0.7 
Answer: 1798 Confidence: 0.2 
Answer: 1922 Confidence: 0.05 
Answer: 1745 Confidence: 0.03 
Answer: 1653 Confidence: 0.01",1691,0.7,0.0,0,0
937,5a8471065542992ef85e23fb,"Howard Harris was a comedy writer whose credits included what show starring Groucho Marx, known as a master of quick wit and is widely considered one of the best comedians of the modern era?","""Copacabana""",bridge,easy,"Answer: You Bet Your Life Confidence: 0.9 
Answer: The Marx Brothers Show Confidence: 0.05 
Answer: At the Circus Confidence: 0.01 
Answer: Duck Soup Confidence: 0.01 
Answer: A Night at the Opera Confidence: 0.01",You Bet Your Life,0.9,0.0,0,0
938,5adf3e945542992d7e9f930f,The Visitors was directed by a man that died in what year?,2003,bridge,medium,"Answer: 1982 Confidence: 0.2 
Answer: 1980 Confidence: 0.1 
Answer: 1979 Confidence: 0.1 
Answer: 1986 Confidence: 0.2 
Answer: 1977 Confidence: 0.1",1982,0.2,0.0,0,0
939,5a8f62b45542992414482aa2,What is character for which the ballet dancer who appeared in a 1946 American romantic comedy directed by Alfred Green was known?,Daniel Pontipee,bridge,medium,"Answer: Giselle Confidence: 0.7 
Answer: Odette Confidence: 0.6 
Answer: Swan Confidence: 0.5 
Answer: Cinderella Confidence: 0.4 
Answer: Sugar Confidence: 0.3",Giselle,0.7,0.0,0,0
940,5a8cc5b4554299653c1aa119,What Company manufactured The Riddler's Revenge and the Green Lantern?,Bolliger & Mabillard,bridge,medium,"Answer: Six Flags Confidence: 0.8 
Answer: B&M Confidence: 0.6 
Answer: Intamin Confidence: 0.4 
Answer: Premier Rides Confidence: 0.2 
Answer: Chance Rides Confidence: 0.1",Six Flags,0.8,0.0,0,0
941,5a90bc5155429933b8a205cc,"""Hunger Strike"" is a song by a band that formed in which city ?",Seattle,bridge,medium,"Answer: Seattle Confidence: 0.8 
Answer: Los Angeles Confidence: 0.1 
Answer: New York Confidence: 0.05 
Answer: Chicago Confidence: 0.03 
Answer: London Confidence: 0.02",Seattle,0.8,1.0,1,1
942,5ae3d2ee5542992f92d82384,What state is Cape Cod located in?,MA,bridge,easy,"Answer: Massachusetts Confidence: 1.0 
Answer: Maine Confidence: 0.0 
Answer: New York Confidence: 0.0 
Answer: New Hampshire Confidence: 0.0 
Answer: Rhode Island Confidence: 0.0",Massachusetts,1.0,0.0,0,1
943,5ae469bc55429970de88d94e,Who wrote the novel from which the 2015 British romantic drama was adapted where Matthias Schoenaerts plays Gabriel Oak?,Thomas Hardy,bridge,medium,"Answer: Thomas Hardy Confidence: 0.9 
Answer: Jane Austen Confidence: 0.05 
Answer: Charlotte Bronte Confidence: 0.03 
Answer: Emily Bronte Confidence: 0.02 
Answer: Charles Dickens Confidence: 0.01",Thomas Hardy,0.9,1.0,1,1
944,5ab86abb55429934fafe6db0,When did an actor in the live action remake of Timon and Pumbaa win a Daytime Emmy Award?,2013,bridge,medium,"Answer: 2008 Confidence: 0.2 
Answer: 2017 Confidence: 0.3 
Answer: 2019 Confidence: 0.2 
Answer: 2020 Confidence: 0.1 
Answer: 2022 Confidence: 0.2",2017,0.3,0.0,0,0
945,5a8f61fd5542997ba9cb323d,"What type of shoe did Tokuko Takagi wear that evolved o enable dancers to dance ""en pointe"" (on the tips of their toes) for extended periods of time?",Pointe shoes,bridge,easy,"Answer: Pointe shoe Confidence: 0.9 
Answer: Ballet slipper Confidence: 0.05 
Answer: Dance sneaker Confidence: 0.01 
Answer: Toe shoe Confidence: 0.02 
Answer: Soft block shoe Confidence: 0.01",Pointe shoe,0.9,0.5,0,1
946,5addfd095542992200553bcb,Isla Fisher had a comedic role in the 2008 romantic-comedy film directed by whom?,Adam Brooks,bridge,medium,"Answer: Adam Shankman Confidence: 0.8 
Answer: Nick Hurran Confidence: 0.1 
Answer: Roger Kumble Confidence: 0.05 
Answer: Peyton Reed Confidence: 0.05 
Answer: Marc Silverstein Confidence: 0.0",Adam Shankman,0.8,0.5,0,0
947,5a84808b5542997175ce1ecc,"Which company which is split into three major industry areas, is headquartered in Wattens? ",Swarovski,bridge,medium,"Answer: Swarovski Confidence: 0.9 
Answer: Swarovski Optik Confidence: 0.05 
Answer: Tiroler Unternehmen Confidence: 0.01 
Answer: Wattens Company Confidence: 0.01 
Answer: Tyrolean Company Confidence: 0.01",Swarovski,0.9,1.0,1,1
948,5ae6477b5542995703ce8b4d,What nationality is the scientist who along with Antony Hewish discovered PSR B1919+21 ?,Northern Irish,bridge,medium,"Answer: British Confidence: 0.8 
Answer: Irish Confidence: 0.1 
Answer: American Confidence: 0.05 
Answer: Australian Confidence: 0.025 
Answer: Polish Confidence: 0.025",British,0.8,0.0,0,1
949,5a7754c55542993569682d50,"Which American poet was born first, Grace Paley or Edwin Arlington Robinson?",Edwin Arlington Robinson,comparison,medium,"Answer: Edwin Arlington Robinson Confidence: 1.0 
Answer: Grace Paley Confidence: 0.0 
Answer: Robert Frost Confidence: 0.0 
Answer: Edgar Allan Poe Confidence: 0.0 
Answer: Emily Dickinson Confidence: 0.0",Edwin Arlington Robinson,1.0,1.0,1,1
950,5ae6506e5542992ae0d162d1,"The John N. and Mary L. (Rankin) Irwin House in Keokuk, Iowa, is a historic house that was listed on the National Register of Historic Places in 1999, John N. Irwin, who bought the house and raised his family there with his wife Mary, was a five-term mayor of Keokuk who went on to serve as the territorial governor of the Idaho Territory and the Arizona Territory, are in which country?",United States,bridge,easy,"Answer: USA Confidence: 1.0 
Answer: America Confidence: 0.9 
Answer: United States Confidence: 0.9 
Answer: North America Confidence: 0.4 
Answer: Idaho Confidence: 0.1",USA,1.0,0.0,0,1
951,5ae280a55542996483e649ca,What is the name of a movie that the subject of a documentary by Lada Negrul produced?,Spetsnaz,bridge,easy,"Answer: Everything Is Illuminated Confidence: 0.4
Answer: Cold Mountain Confidence: 0.2
Answer: Eastern Promises Confidence: 0.2
Answer: The Grand Budapest Hotel Confidence: 0.1
Answer: The Pianist Confidence: 0.1",Everything Is Illuminated,0.4,0.0,0,0
952,5adc343d55429947ff17390b,"What game has more illustrators, Colt Express or Kill Doctor Lucky?",Colt Express,comparison,medium,"Answer: Colt Express Confidence: 0.7 
Answer: Kill Doctor Lucky Confidence: 0.3 
Answer: Neither Confidence: 0.0 
Answer: Both Confidence: 0.0 
Answer: Lucky Confidence: 0.0",Colt Express,0.7,1.0,1,1
953,5a89f31255429970aeb701a4,"What fungus, which is widely distributed across the Northern Hemisphere is related to the fungus Bloetus austroedulis?",Boletus edulis,bridge,medium,"Answer: Boletus edulis Confidence: 0.8 
Answer: Boletus badius Confidence: 0.4 
Answer: Leccinum aurantiacum Confidence: 0.2 
Answer: Boletus luridus Confidence: 0.1 
Answer: Xerocomus subtomentosus Confidence: 0.1",Boletus edulis,0.8,1.0,1,1
954,5ade0e8155429975fa854e25,Who created the TV series in which Isaac Dumford has the role of Cory Schluter ?,J. J. Johnson.,bridge,medium,"Answer: Jason Katims Confidence: 0.4 
Answer: Mitchell Hurwitz Confidence: 0.2 
Answer: J.J. Abrams Confidence: 0.1 
Answer: Ryan Murphy Confidence: 0.1 
Answer: Greg Daniels Confidence: 0.2",Jason Katims,0.4,0.0,0,0
955,5a824ee855429940e5e1a83f,"El Retiro is a historic site in Lake Wales, Florida, that since 1970 has been part of a national historic landmark that consists of how many acres of garden?",250,bridge,medium,"Answer: 50 Confidence: 0.2 
Answer: 205 Confidence: 0.3 
Answer: 55 Confidence: 0.1 
Answer: 205 (Bok Tower Gardens, including El Retiro) Confidence: 0.6 
Answer: 60 Confidence: 0.1","205 (Bok Tower Gardens, including El Retiro)",0.6,0.0,0,0
956,5a72f6915542992359bc31ed,Grealeaf is a television series exexutive produced by the queen of what?,All Media,bridge,hard,"Answer: Soul Confidence: 0.8 
Answer: HipHop Confidence: 0.1 
Answer: Funk Confidence: 0.05 
Answer: Opera Confidence: 0.0 
Answer: Country Confidence: 0.05",Soul,0.8,0.0,0,0
957,5a806e9d5542996402f6a50e,"What was a secret program of the Joint Intelligence Objectives Agency, that was connected to a German scientist who's field of expertise was guided missiles?",Operation Paperclip,bridge,easy,"Answer: Operation Paperclip Confidence: 0.8 
Answer: Operation Overcast Confidence: 0.6 
Answer: Project Paperclip Confidence: 0.4 
Answer: Operation Alsos Confidence: 0.2 
Answer: HYDRA Confidence: 0.1",Operation Paperclip,0.8,1.0,1,1
958,5ae758c65542991e8301cc68,The winner of America's Got Talent wins the chance to headline a show on a strip of land that is approximately how many miles long?,4.2,bridge,medium,"Answer: 4.2 Confidence: 0.8 
Answer: 4 Confidence: 0.1 
Answer: 3.8 Confidence: 0.05 
Answer: 2.5 Confidence: 0.05 
Answer: 4.5 Confidence: 0.0",4.2,0.8,1.0,1,1
959,5a7e0a3e5542995f4f4023bd,In what year was the notorious troublemaker captured by the 2007–08 U.C. Sampdoria team born?,1982,bridge,medium,"Answer: 1987 Confidence: 0.2 
Answer: 1990 Confidence: 0.1 
Answer: 1985 Confidence: 0.2 
Answer: 1992 Confidence: 0.1 
Answer: 1988 Confidence: 0.2",1987,0.2,0.0,0,0
960,5adfc53b55429906c02daa33,"Lakeshore General Hospital is located in the 2nd-most populous province in Canada, which is?",Quebec,bridge,easy,"Answer: Quebec Confidence: 0.9 
Answer: Ontario Confidence: 0.1 
Answer: British Columbia Confidence: 0.0 
Answer: Alberta Confidence: 0.0 
Answer: Manitoba Confidence: 0.0",Quebec,0.9,1.0,1,1
961,5ab9cc6f55429955dce3ed85,What CD music retailer operates in the most densely populated borough of New York City?,Other Music,bridge,medium,"Answer: Tower Records Confidence: 0.2 
Answer: HMV Confidence: 0.1 
Answer: Sam Goody Confidence: 0.3 
Answer: Virgin Megastore Confidence: 0.2 
Answer: J&R Music World Confidence: 0.8",J&R Music World,0.8,0.4,0,0
962,5add8b905542992200553b4e,Where did the actor who plays Ross Geller attend college?,Northwestern University,bridge,medium,"Answer: Harvard Confidence: 0.8 
Answer: MIT Confidence: 0.1 
Answer: Yale Confidence: 0.05 
Answer: Princeton Confidence: 0.03 
Answer: Northwestern Confidence: 0.02",Harvard,0.8,0.0,0,0
963,5a8d9f8d554299441c6ba01a,Are Pingdingshan and Huadu District both located in China?,yes,comparison,medium,"Answer: Yes Confidence: 1.0 
Answer: No Confidence: 0.0 
Answer: Maybe Confidence: 0.0 
Answer: Possibly Confidence: 0.0 
Answer: Likely Confidence: 0.0",Yes,1.0,1.0,1,1
964,5a90bf715542995651fb51d8,"In November 2006, Ivan Foster challenged a politician that was born in what year ?",1926,bridge,medium,"Answer: 1960 Confidence: 0.2 
Answer: 1959 Confidence: 0.1 
Answer: 1961 Confidence: 0.1 
Answer: 1950 Confidence: 0.1 
Answer: 1949 Confidence: 0.1",1960,0.2,0.0,0,0
965,5abc327c55429959677d6a3d,"The American actress, who made her acting debut in the 2009 film ""Precious"" and also starred in American Horror Story: Hotel, the fifth season of the anthology television series ""American Horror Story"" also starred in the Showtime series ""The Big C"" from when to when?",2010 to 2013,bridge,easy,"Answer: 2010-2013 Confidence: 0.9 
Answer: 2009-2012 Confidence: 0.2 
Answer: 2011-2014 Confidence: 0.1 
Answer: 2012-2015 Confidence: 0.05 
Answer: 2013-2016 Confidence: 0.05",2010-2013,0.9,0.0,0,1
966,5addcfb15542990dbb2f7e8e,In which country is the Dreieckiger Pfahl and the former Kingdom of Hanover?,Germany,bridge,medium,"Answer: Germany Confidence: 1.0 
Answer: UK Confidence: 0.0 
Answer: France Confidence: 0.0 
Answer: Italy Confidence: 0.0 
Answer: Austria Confidence: 0.0",Germany,1.0,1.0,1,1
967,5ae4ab4e55429970de88d9fe,Which 2006 British fictional drama film did Peter Morgan wrote ,The Queen,bridge,hard,"Answer: The Queen Confidence: 0.9 
Answer: Last King of Scotland Confidence: 0.05 
Answer: Venus Confidence: 0.01 
Answer: Notes on a Scandal Confidence: 0.02 
Answer: Longford Confidence: 0.03",The Queen,0.9,1.0,1,1
968,5aba985e554299232ef4a35a,The 2006 FIFA World Cup Final featured a headbutt of which future manager of Chennaiyin?,Marco Materazzi,bridge,medium,"Answer: Marco Materazzi Confidence: 0.9 
Answer: Zinedine Zidane Confidence: 0.8 
Answer: Marcel Desailly Confidence: 0.1 
Answer: Patrick Vieira Confidence: 0.1 
Answer: Thierry Henry Confidence: 0.0",Marco Materazzi,0.9,1.0,1,1
969,5abc5572554299700f9d7872,Marcia A. Karrow succeeded the congressman who has served his district in the US House since what year?,2009,bridge,medium,"Answer: 1985 Confidence: 0.2 
Answer: 1981 Confidence: 0.1 
Answer: 1987 Confidence: 0.1 
Answer: 1983 Confidence: 0.2 
Answer: 1989 Confidence: 0.1",1985,0.2,0.0,0,0
970,5abcebd6554299114383a196,In what war did Werner Schröer and Hans-Joachim Marseille fly?,World War II,bridge,medium,"Answer: WW2 Confidence: 1.0 
Answer: WWII Confidence: 1.0 
Answer: World War 2 Confidence: 1.0 
Answer: Second World War Confidence: 1.0 
Answer: World War II Confidence: 1.0",WW2,1.0,0.0,0,1
971,5ae1e6205542997f29b3c183,The National Education Goals Panel discontinued their reports by the Act that reauthorized which piece of legislation?,Elementary and Secondary Education Act,bridge,medium,"Answer: NCLB Confidence: 0.8 
Answer: ESEA Confidence: 0.7 
Answer: HEA Confidence: 0.2 
Answer: IDEA Confidence: 0.1 
Answer: Perkins Confidence: 0.1",NCLB,0.8,0.0,0,1
972,5a8e207955429917b4a5bd3c,Since when has the dish required to be made in the first round of Time Machine Chefs been prepared?,the imperial era,bridge,medium,"Answer: 1884 Confidence: 0.2 
Answer: 1590 Confidence: 0.15 
Answer: 1820 Confidence: 0.1 
Answer: 1750 Confidence: 0.05 
Answer: 1515 Confidence: 0.0",1884,0.2,0.0,0,0
973,5abb09a45542996cc5e49f69,LinkBike has a station at the largest mall in what Malaysian city?,Penang,bridge,medium,"Answer: Kuala Lumpur Confidence: 0.8 
Answer: Petaling Jaya Confidence: 0.1 
Answer: Subang Jaya Confidence: 0.05 
Answer: Johor Bahru Confidence: 0.03 
Answer: George Town Confidence: 0.02",Kuala Lumpur,0.8,0.0,0,0
974,5a8b821b5542997f31a41d55,at what age did Vivienne Haigh-Wood Eliot's husband renounce his American citizenship?,39,bridge,medium,"Answer: 39 Confidence: 0.8 
Answer: 38 Confidence: 0.6 
Answer: 40 Confidence: 0.4 
Answer: 41 Confidence: 0.2 
Answer: 37 Confidence: 0.1",39,0.8,1.0,1,1
975,5ade49ed5542997c77adedd3,"The raid of the Po Valley in 203 BC was the culmination of a major war, carried out by the Carthaginian commander Mago, son of Hamilcar Barca, at the end of the Second Punic war between Rome and which location, that was a Phoenician city-state, during the 7th to 3rd centuries BC?",Carthage,bridge,easy,"Answer: Carthage Confidence: 1.0 
Answer: Tyre Confidence: 0.2 
Answer: Sidon Confidence: 0.1 
Answer: Byblos Confidence: 0.05 
Answer: Utica Confidence: 0.05",Carthage,1.0,1.0,1,1
976,5abc457f55429959677d6a6e,Shin Eun-kyung is best known for her leading role in a South Korean film about a female gang boss who needs to get married to fulfill what?,her dying sister's wishes,bridge,medium,"Answer: a family obligation Confidence: 0.8 
Answer: a curse Confidence: 0.6 
Answer: a debt Confidence: 0.4 
Answer: a tradition Confidence: 0.7 
Answer: a condition Confidence: 0.5",a family obligation,0.8,0.0,0,0
977,5add07eb5542990d50227d9c,Are Samira Makhmalbaf 's father and Alfred Hitchcock both directors ?,yes,comparison,medium,"Answer: Yes Confidence: 1.0 
Answer: No Confidence: 0.0 
Answer: Maybe Confidence: 0.0 
Answer: Probably Confidence: 0.0 
Answer: Possibly Confidence: 0.0",Yes,1.0,1.0,1,1
978,5ae227b65542996483e6490b,"A Nightmare on Elm Street 3: Dream Warriors is a 1987 American slasher film, the film stars which American actor, playwright, director and producer, best known for playing Morpheus in ""The Matrix trilogy""?",Larry Fishburne,bridge,easy,"Answer: Laurence Fishburne Confidence: 0.8 
Answer: Johnny Depp Confidence: 0.2 
Answer: Robert Englund Confidence: 0.0 
Answer: Wes Craven Confidence: 0.0 
Answer: Heather Langenkamp Confidence: 0.0",Laurence Fishburne,0.8,0.5,0,1
979,5abff4425542997ec76fd481,"This is a list of NFL Draft selections by the Indianapolis Colts, the first draft that the current incarnation of the Colts franchise participated in was 1953, in which they made which gridiron football player, of Oklahoma their first ever selection?",Billy Dale Vessels,bridge,easy,"Answer: Billy Vessels Confidence: 0.9 
Answer: Johnny Lattner Confidence: 0.05 
Answer: Jim Owens Confidence: 0.03 
Answer: Kyle Rote Confidence: 0.01 
Answer: Bobby Marlow Confidence: 0.01",Billy Vessels,0.9,0.8,0,1
980,5a8c993b5542995e66a47636,"Does The Island at the Top of the World have more computer animated characters than Monsters, Inc.?",no,comparison,medium,"Answer: No Confidence: 0.9 
Answer: Yes Confidence: 0.1 
Answer: Tie Confidence: 0.0 
Answer: N/A Confidence: 0.0 
Answer: Unknown Confidence: 0.0",No,0.9,1.0,1,1
981,5ae1157e55429920d52342c5,Are the genus Chasmanthium and Cosmos both members of the sunflower family,no,comparison,medium,"Answer: Yes Confidence: 0.8 
Answer: No Confidence: 0.2 
Answer: Yes Confidence: 0.8 
Answer: No Confidence: 0.1 
Answer: Yes Confidence: 0.9",Yes,0.9,0.0,0,0
982,5ae3279b5542990afbd1e0b7,What song by Jessi Colter did Erika Jo sing?,"""I'm Not Lisa""",bridge,medium,"Answer: Why Me Confidence: 0.8 
Answer: I'm Not Lisa Confidence: 0.6 
Answer: You Ain't Never Confidence: 0.2 
Answer: Suspicious Minds Confidence: 0.1 
Answer: Dirty Hands Confidence: 0.1",Why Me,0.8,0.0,0,0
983,5ae331de55429928c423966d,The Anna Louise Inn is a contributing building to which Cincinnati historic district?,Lytle Park Historic District,bridge,medium,"Answer: Lytle Park Historic District Confidence: 0.8 
Answer: Over-the-Rhine Confidence: 0.1 
Answer: Findlay Market Confidence: 0.05 
Answer: Betts-Longworth Historic District Confidence: 0.03 
Answer: Pendleton Confidence: 0.02",Lytle Park Historic District,0.8,1.0,1,1
984,5a81e76c554299676cceb14e," In the 2012–13 season, Sion competes in the Swiss Super League and the Swiss Cup, in the summer transfer window, they brought in Italian World Cup winner, Gennaro Ivan ""Rino"" Gattuso, an Italian football manager in charge of which organization, and a former footballer?",A.C. Milan Primavera,bridge,easy,"Answer: Valencia Confidence: 0.4 
Answer: Napoli Confidence: 0.3 
Answer: AC Milan Confidence: 0.2 
Answer: Rangers Confidence: 0.05 
Answer: Tottenham Confidence: 0.05",Valencia,0.4,0.0,0,0
985,5ac1645a5542994d76dcce08,Who created the series in which Gary Cole voiced the title character? ,Michael Ouweleen and Erik Richter,bridge,medium,"Answer: Harvey Birdman Confidence: 0.8 
Answer: Mike Lazzo Confidence: 0.6 
Answer: Erik Richter Confidence: 0.4 
Answer: Michael Ouweleen Confidence: 0.4 
Answer: Keith Crofford Confidence: 0.2",Harvey Birdman,0.8,0.0,0,0
986,5a83a500554299123d8c2180,"Godric is a novel published in 1981, written by Frederick Buechner, that tells the semi-fictionalised life story of medieval Catholic unofficial saint, or Saint Goderic, c. 1065 – 21 May 1170, was an English hermit, merchant and popular medieval saint, although he was never formally canonised?",Godric of Finchale,bridge,easy,"Answer: Godric Confidence: 0.9 
Answer: Frederick Buechner Confidence: 0.8 
Answer: Saint Goderic Confidence: 0.7 
Answer: England Confidence: 0.6 
Answer: 1170 Confidence: 0.5",Godric,0.9,0.5,0,1
987,5a8ce8e4554299585d9e3762,What state in Somalia does Taleh belong?,Somaliland,bridge,hard,"Answer: Sool Confidence: 0.9 
Answer: Sanaag Confidence: 0.05 
Answer: Nugaal Confidence: 0.02 
Answer: Bari Confidence: 0.01 
Answer: Mudug Confidence: 0.01",Sool,0.9,0.0,0,0
988,5abc5bc4554299700f9d7889,The Maine Guides were an American minor league baseball franchise that played in a town with a population at the 2010 census of what?,"8,624",bridge,medium,"Answer: 67,111 Confidence: 0.8 
Answer: Old Orchard Beach Confidence: 0.1 
Answer: 15,076 Confidence: 0.05 
Answer: Portland Confidence: 0.05 
Answer: 64,249 Confidence: 0.0","67,111",0.8,0.0,0,0
989,5a7523e55542993748c897ca,Who is older Mike Patton or Eric Bazilian?,Eric M. Bazilian,comparison,medium,"Answer: Mike Patton Confidence: 0.6 
Answer: Eric Bazilian Confidence: 0.4 
Answer: Mike Patton Confidence: 0.0 
Answer: Eric Bazilian Confidence: 0.0 
Answer: Eric Bazilian Confidence: 0.0",Mike Patton,0.6,0.0,0,0
990,5a8d763b554299441c6b9fe9,Francesco Dominici played a role in what Wagner opera that lasts about four and a half hours?,"""Die Meistersinger von Nürnberg""",bridge,medium,"Answer: Parsifal Confidence: 0.2 
Answer: Tristan Confidence: 0.3 
Answer: Lohengrin Confidence: 0.1 
Answer: Siegfried Confidence: 0.1 
Answer: Götterdämmerung Confidence: 0.3",Tristan,0.3,0.0,0,0
991,5a8f75ee5542997ba9cb3276,Are both  Moist and Plain White T's opera groups?,no,comparison,hard,"Answer: No Confidence: 0.9 
Answer: Plain White T's Confidence: 0.8 
Answer: Moist Confidence: 0.7 
Answer: Rock Confidence: 0.2 
Answer: No to both Confidence: 0.6",No,0.9,1.0,1,1
992,5a83c6f2554299334474608e,Jeffry Fortes is a Dutch-born professional footballer who currently plays as a defensive midfielder for a football club founded on what date?,23 July 1902,bridge,medium,"Answer: 1 July 1911 Confidence: 0.6 
Answer: 1 May 1905 Confidence: 0.2 
Answer: 11 November 1880 Confidence: 0.1 
Answer: 26 February 1895 Confidence: 0.05 
Answer: 14 March 1908 Confidence: 0.05",1 July 1911,0.6,0.3333333333333333,0,0
993,5ae5397655429960a22e0275,Jaina Proudmoore is currently voiced by the voice actress who started out in what roles on Dragon Ball Z?,Kid Trunks and Kid Dende,bridge,medium,"Answer: Android 18 Confidence: 0.8 
Answer: Bulma Confidence: 0.7 
Answer: Videl Confidence: 0.4 
Answer: Chi-Chi Confidence: 0.3 
Answer: Trunks Confidence: 0.1",Android 18,0.8,0.0,0,0
994,5a7cfbe955429907fabef088,When was the national park Mount Le Conte is located in chartered by Congress?,1934,bridge,hard,"Answer: 1934 Confidence: 0.8 
Answer: 1916 Confidence: 0.1 
Answer: 1899 Confidence: 0.05 
Answer: 1900 Confidence: 0.02 
Answer: 1910 Confidence: 0.03",1934,0.8,1.0,1,1
995,5a7f8a675542992097ad2f98,"Which school has undergone more name changes, Kettering University or The College of New Jersey?",The College of New Jersey,comparison,medium,"Answer: Kettering University Confidence: 0.8 
Answer: The College of New Jersey Confidence: 0.2 
Answer: Kettering Confidence: 0.6 
Answer: TCNJ Confidence: 0.1 
Answer: GMI Confidence: 0.4",Kettering University,0.8,0.0,0,0
996,5a77af405542992a6e59df84,"The 2022 FIFA World Cup will be held in Qatar, what is the next quadrennial international men's football championship called that will take place in 2026?",23rd FIFA World Cup,bridge,easy,"Answer: 2026 FIFA World Cup Confidence: 1.0 
Answer: FIFA World Cup 2026 Confidence: 0.9 
Answer: FIFA 2026 Confidence: 0.8 
Answer: 2026 World Cup Confidence: 0.8 
Answer: World Cup 2026 Confidence: 0.7",2026 FIFA World Cup,1.0,0.75,0,1
997,5a78b93d55429974737f7863,"What theme park has a land area of 25 ha, which is home to a flight motion simulation attraction?",Enchanted Kingdom,bridge,medium,"Answer: Europa-Park Confidence: 0.4 
Answer: Efteling Confidence: 0.3 
Answer: Alton Towers Confidence: 0.2 
Answer: PortAventura Confidence: 0.1 
Answer: Liseberg Confidence: 0.0",Europa-Park,0.4,0.0,0,0
998,5a79098355429970f5fffe2a,"Q: Who is older, Wayne Black or Byron Black?",Byron Black,comparison,medium,"Answer: Byron Black Confidence: 0.8 
Answer: Wayne Black Confidence: 0.2 
Answer: They are twins Confidence: 0.0 
Answer: Byron Confidence: 0.8 
Answer: Wayne Confidence: 0.2",Byron Black,0.8,1.0,1,1
999,5a7cb12f5542996dd594b98a,What audience were Young Woman's Journal and the publication published by Naj for?,women,comparison,easy,"Answer: Young women Confidence: 0.8 
Answer: Girls Confidence: 0.7 
Answer: Women Confidence: 0.6 
Answer: Teenagers Confidence: 0.5 
Answer: Mormons Confidence: 0.4",Young women,0.8,0.6666666666666666,0,1
