,id,question,answer,response,prediction,confidence,f1,em,gpt_eval
0,2hop__44815_494136,Who is the spouse of the actor of Ethan in A Dog's Purpose?,Meg Ryan,"Answer: Emma Stone Confidence: 0.3
Answer: Bryce Dallas Howard Confidence: 0.25 
Answer: Mackenzie Vega Confidence: 0.2 
Answer: Britt Robertson Confidence: 0.15 
Answer: Sigourney Weaver Confidence: 0.1",Emma Stone,0.3,0.0,0,0
1,2hop__640262_122868,What university did the author of 1967: The Last Good Year attend?,University of British Columbia,"Answer: Harvard University Confidence: 0.8  
Answer: Columbia University Confidence: 0.7  
Answer: Yale University Confidence: 0.6  
Answer: Princeton University Confidence: 0.5  
Answer: University of Toronto Confidence: 0.4",Harvard University,0.8,0.3333333333333333,0,0
2,2hop__370564_71701,What year did the japanese get to the current administrative territorial entity of the Century Lotus Stadium and the rest of the guangdong province?,November 5,"Answer: 1938 Confidence: 0.7  
Answer: 1937 Confidence: 0.6  
Answer: 1941 Confidence: 0.4  
Answer: 1945 Confidence: 0.3  
Answer: 1939 Confidence: 0.2",1938,0.7,0.0,0,0
3,2hop__6827_79845,How many atms does the bank that bought FleetBoston Financial has are there?,"15,900","Answer: 16,000 Confidence: 0.6  
Answer: 18,000 Confidence: 0.5  
Answer: 15,000 Confidence: 0.4  
Answer: 20,000 Confidence: 0.3  
Answer: 12,000 Confidence: 0.2","16,000",0.6,0.0,0,1
4,3hop2__90098_156850_10557,"What was the form of the language that the last name Sylvester comes from, used in the era of Fastrada's spouse, later known as?",Medieval Latin,"Answer: Old High German Confidence: 0.8  
Answer: Latin Confidence: 0.6  
Answer: Old French Confidence: 0.5  
Answer: Frankish Confidence: 0.7  
Answer: Proto-Germanic Confidence: 0.4",Old High German,0.8,0.0,0,0
5,2hop__488811_30110,What happened to the Curonians who lived in the area where Erich Zakowski was born?,expelled by the Soviet Union,"Answer: assimilated into neighboring cultures Confidence: 0.6  
Answer: migrated to other regions Confidence: 0.7  
Answer: displaced by wars or conflicts Confidence: 0.5  
Answer: integrated into later Baltic tribes Confidence: 0.8  
Answer: extinct as a distinct group Confidence: 0.4",integrated into later Baltic tribes,0.8,0.0,0,0
6,2hop__17827_54024,Which king sold part of the Crown Freehold and commissioned a bible translation?,King James I of England,"Answer: James I Confidence: 0.8
Answer: Charles I Confidence: 0.1
Answer: Henry VIII Confidence: 0.05
Answer: James II Confidence: 0.03
Answer: Charles II Confidence: 0.02",James I,0.8,0.5714285714285715,0,1
7,2hop__752214_639679,Who is the spouse of the author of Queen of the Elephants?,Clio Goldsmith,"Answer: Mark Shand Confidence: 0.6
Answer: Mick Jagger Confidence: 0.2
Answer: Charles Saatchi Confidence: 0.1
Answer: Rupert Everett Confidence: 0.05
Answer: James Goldsmith Confidence: 0.05",Mark Shand,0.6,0.0,0,0
8,2hop__810884_22402,How many students attend the university that Edith Humphrey was educated?,"nearly 25,000","Answer: University of Cambridge Confidence: 0.7
Answer: University of Oxford Confidence: 0.6  
Answer: Imperial College London Confidence: 0.5  
Answer: University of Bristol Confidence: 0.4  
Answer: University of Manchester Confidence: 0.3",University of Cambridge,0.7,0.0,0,0
9,4hop1__341777_508773_85832_745702,"Who was the child of the Italian navigator who sailed for England, and explored the eastern coast of the continent where the birthplace of Eduardo Cuervo is found?",Sebastian Cabot,"Answer: Richard Hakluyt Confidence: 0.7  
Answer: Sebastian Cabot Confidence: 0.6  
Answer: John Cabot Confidence: 0.5  
Answer: Matthew Cabot Confidence: 0.4  
Answer: Ludovico Cabot Confidence: 0.3",Richard Hakluyt,0.7,0.0,0,0
10,3hop2__132957_222979_40768,"When did Nissan, the Acura Legend maker and the Scion owner open US assembly plants?",1981,"Answer: 1980s Confidence: 0.7  
Answer: 1990s Confidence: 0.6  
Answer: 2000s Confidence: 0.5  
Answer: 1970s Confidence: 0.4  
Answer: 2010s Confidence: 0.3",1980s,0.7,0.0,0,1
11,2hop__62311_62279,When did Germany launch an air attack on the country the U.S. fought during the American Revolution?,10 July -- 31 October 1940,"Answer: 1940 Confidence: 0.7
Answer: 1939 Confidence: 0.6
Answer: 1941 Confidence: 0.5
Answer: 1942 Confidence: 0.4
Answer: 1938 Confidence: 0.3",1940,0.7,0.33333333333333337,0,1
12,3hop1__365934_87694_124169,What date did the Governor of the city where the basilica named after the same saint as the one that Mantua Cathedral is dedicated to end?,1952,"Answer: 14th century Confidence: 0.3
Answer: 15th century Confidence: 0.2
Answer: 13th century Confidence: 0.2
Answer: 12th century Confidence: 0.1
Answer: 16th century Confidence: 0.1",14th century,0.3,0.0,0,0
13,2hop__409166_152023,"What record label is responsible for the performer of ""Sanctuary""?",Kicking Mule Records,"Answer: Atlantic Records Confidence: 0.8  
Answer: Def Jam Recordings Confidence: 0.6  
Answer: Sony Music Entertainment Confidence: 0.5  
Answer: Warner Music Group Confidence: 0.4  
Answer: Universal Music Group Confidence: 0.3",Atlantic Records,0.8,0.4,0,0
14,3hop1__857_846_7821,How many miles of highways are in the city where the Yongle emperor greeted the person to whom the edict was addressed?,140 mi,"Answer: 600 Confidence: 0.3
Answer: 300 Confidence: 0.2
Answer: 900 Confidence: 0.15
Answer: 1200 Confidence: 0.1
Answer: 150 Confidence: 0.25",600,0.3,0.0,0,0
15,3hop1__19768_19788_10117,"Widely practiced in the region having the second largest rain-forest in the world, how long ago did this religion arrive in Zhejiang?","1,400 years","Answer: 4th century Confidence: 0.7  
Answer: 5th century Confidence: 0.6  
Answer: 3rd century Confidence: 0.5  
Answer: 6th century Confidence: 0.4  
Answer: 2nd century Confidence: 0.3",4th century,0.7,0.0,0,0
16,2hop__703767_37168,Where does the employer of Hasan Hanafi rank according to QS World University Rankings?,551-600,"Answer: 1 Confidence: 0.6  
Answer: 100 Confidence: 0.2  
Answer: 50 Confidence: 0.1  
Answer: 10 Confidence: 0.05  
Answer: 5 Confidence: 0.05",1,0.6,0.0,0,0
17,2hop__56851_343058,Who is the spouse of the actress who played the fairy god mother in Shrek 2?,Adrian Edmondson,"Answer: Danny Huston Confidence: 0.6
Answer: John Corbett Confidence: 0.5
Answer: Bruce Willis Confidence: 0.4
Answer: Jeff Bridges Confidence: 0.3
Answer: David Spade Confidence: 0.2",Danny Huston,0.6,0.0,0,0
18,3hop2__30152_105395_20999,"How were the people that the Somali Muslim Ajuran Empire made coins to proclaim independence from, expelled from the country where Star Cola is produced?",The dynasty regrouped and defeated the Portuguese,"Answer: Portuguese Confidence: 0.4
Answer: British Confidence: 0.3
Answer: Ottoman Confidence: 0.2
Answer: Italian Confidence: 0.05
Answer: Dutch Confidence: 0.05",Portuguese,0.4,0.33333333333333337,0,1
19,2hop__42747_83837,Who sings Home Alone Tonight with the singer of Light It Up?,Karen Fairchild,"Answer: Luke Bryan Confidence: 0.7
Answer: Jason Aldean Confidence: 0.6
Answer: Florida Georgia Line Confidence: 0.5
Answer: Thomas Rhett Confidence: 0.4
Answer: Blake Shelton Confidence: 0.3",Luke Bryan,0.7,0.0,0,0
20,2hop__511176_22458,What does the acronym of the organization Danish Football Union is part of stand for?,International Federation of Association Football,"Answer: UEFA Confidence: 0.9  
Answer: FIFA Confidence: 0.5  
Answer: UEFA Confidence: 0.8  
Answer: European Football Association Confidence: 0.3  
Answer: Danmarks Boldspil-Union Confidence: 0.2",UEFA,0.9,0.0,0,0
21,2hop__83800_747874,Who's the sibling of the player who won the men's wimbledon championship 2016?,Jamie Murray,"Answer: Andy Murray Confidence: 0.8  
Answer: Jamie Murray Confidence: 0.6  
Answer: Judy Murray Confidence: 0.3  
Answer: Serena Williams Confidence: 0.1  
Answer: Novak Djokovic Confidence: 0.05",Andy Murray,0.8,0.5,0,0
22,2hop__83257_19033,Where did the inventor of the Money in the Bank ladder match win in 2008?,Great American Bash,"Answer: WWE Championship Confidence: 0.5  
Answer: World Heavyweight Championship Confidence: 0.3  
Answer: ECW Championship Confidence: 0.1  
Answer: Intercontinental Championship Confidence: 0.05  
Answer: United States Championship Confidence: 0.05",WWE Championship,0.5,0.0,0,0
23,2hop__55966_162341,What kind of recognition did the actor who played the game maker in hunger games receive?,nominated for an Academy Award for Best Supporting Actor,"Answer: Academy Award Confidence: 0.3  
Answer: Emmy Award Confidence: 0.2  
Answer: Golden Globe Confidence: 0.2  
Answer: SAG Award Confidence: 0.2  
Answer: BAFTA Confidence: 0.1",Academy Award,0.3,0.4,0,0
24,2hop__754753_57816,What is the U.S. News ranking of the law school at Carlos Alvarez's employer?,100,"Answer: University of Miami Confidence: 0.8
Answer: Florida International University Confidence: 0.6
Answer: University of Florida Confidence: 0.5
Answer: Florida State University Confidence: 0.4
Answer: Nova Southeastern University Confidence: 0.3",University of Miami,0.8,0.0,0,0
25,3hop1__127837_157828_239539,Where is the headquarters of the Radio Television of the country that has a co-official language in the language that Kuhinjica is in?,Pristina,"Answer: Ljubljana Confidence: 0.8  
Answer: Zagreb Confidence: 0.6  
Answer: Belgrade Confidence: 0.4  
Answer: Sarajevo Confidence: 0.3  
Answer: Skopje Confidence: 0.2",Ljubljana,0.8,0.0,0,0
26,3hop1__102461_24918_24991,What went down after the Soviet President visiting the the birth country of Andrey Dashkov while the protests were taking place departed from the Kremlin?,Soviet flag,"Answer: Berlin Wall Confidence: 0.8  
Answer: Soviet Union Confidence: 0.7  
Answer: Cold War Confidence: 0.6  
Answer: Communist regime Confidence: 0.5  
Answer: Mikhail Gorbachev Confidence: 0.4",Berlin Wall,0.8,0.0,0,0
27,2hop__612719_6455,What was the resulting browser of the group that owns Mozilla Messaging?,Firefox,"Answer: Firefox Confidence: 0.9
Answer: Thunderbird Confidence: 0.7
Answer: SeaMonkey Confidence: 0.5
Answer: Mozilla Suite Confidence: 0.3
Answer: Netscape Confidence: 0.2",Firefox,0.9,1.0,1,1
28,2hop__30905_189318,Where did the person who sponsored the resolution to reopen trade with Vietnam along with Kerry go to college?,National War College,"Answer: Yale Confidence: 0.8  
Answer: Harvard Confidence: 0.7  
Answer: Georgetown Confidence: 0.5  
Answer: Princeton Confidence: 0.4  
Answer: Columbia Confidence: 0.3",Yale,0.8,0.0,0,0
29,2hop__776377_857193,What is the mouth of watercourse for the body of water where Bartram's Covered Bridge is located?,Delaware River,"Answer: Schuylkill River Confidence: 0.7  
Answer: Cocalico Creek Confidence: 0.6  
Answer: Susquehanna River Confidence: 0.5  
Answer: Brandywine Creek Confidence: 0.4  
Answer: Perkiomen Creek Confidence: 0.3",Schuylkill River,0.7,0.5,0,0
30,2hop__411091_625230,In which county is Mark Dismore's birthplace located?,Hancock County,"Answer: Indiana Confidence: 0.3  
Answer: Ohio Confidence: 0.25  
Answer: Kentucky Confidence: 0.2  
Answer: Pennsylvania Confidence: 0.15  
Answer: Illinois Confidence: 0.1",Indiana,0.3,0.0,0,0
31,4hop2__160585_14670_8987_8529,"A country's military branch, which in the US contains the Air Defense Artillery, was unprepared for the invasion of Hana Mandlikova's birth country. When was the word ""Slavs"" used in the national anthem of the unprepared country?",1943–1992,"Answer: 1944 Confidence: 0.3  
Answer: 1977 Confidence: 0.25  
Answer: 1918 Confidence: 0.2  
Answer: 1936 Confidence: 0.15  
Answer: 1955 Confidence: 0.1",1944,0.3,0.0,0,0
32,3hop1__28404_160713_77246,What is the meaning of the word that is also a majority religion in what became India when the country that disavowed the Taliban was created in the Arabic dictionary?,the country of India,"Answer: Hinduism Confidence: 0.8  
Answer: Islam Confidence: 0.6  
Answer: Sikhism Confidence: 0.4  
Answer: Buddhism Confidence: 0.3  
Answer: Jainism Confidence: 0.2",Hinduism,0.8,0.0,0,0
33,2hop__8496_21567,Who introduced a system of musical notation used during the 14th century in the place where there is no evidence of a Slavic settlement before c. 600 AD?,John Kukuzelis,"Answer: Guido d'Arezzo Confidence: 0.4  
Answer: Philippe de Vitry Confidence: 0.6  
Answer: Johannes de Muris Confidence: 0.3  
Answer: Francesco Landini Confidence: 0.2  
Answer: Marchetto da Padova Confidence: 0.2",Philippe de Vitry,0.6,0.0,0,0
34,2hop__70338_36240,"What specific part of the book where the quote ""by the skin of your teeth"" comes from document reference for Mary?",Genesis 3:15,"Answer: Job 19:20 Confidence: 0.9
Answer: Job 19:20 (KJV) Confidence: 0.8
Answer: Job 19:20 (NIV) Confidence: 0.7
Answer: Job 19 Confidence: 0.6
Answer: Book of Job, Chapter 19, Verse 20 Confidence: 0.5",Job 19:20,0.9,0.0,0,0
35,2hop__275891_55984,Who wrote the song The Story that is sung by the performer of Rhapsody Originals?,Phil Hanseroth,"Answer: Brandi Carlile Confidence: 0.9  
Answer: Brandi Carlisle Confidence: 0.7  
Answer: Tanya Donelly Confidence: 0.5  
Answer: Phil Hanseroth Confidence: 0.3  
Answer: Tim Hanseroth Confidence: 0.2",Brandi Carlile,0.9,0.0,0,0
36,3hop1__136129_87694_124169,What year did the Governor of the city where the basilica named after the same saint as the one that Mantua Cathedral is dedicated to die?,1952,"Answer: 1595 Confidence: 0.6
Answer: 1610 Confidence: 0.2
Answer: 1620 Confidence: 0.1
Answer: 1605 Confidence: 0.05
Answer: 1630 Confidence: 0.05",1595,0.6,0.0,0,0
37,4hop3__373866_5189_38229_86687,A group of nations of which the People's Socialist Republic of Albania was a member was controlled by one country. When did that country agree to a unified Germany inside of the organization Eisenhower would not discuss during the campaign?,May 1990,"Answer: 1990 Confidence: 0.8
Answer: 1989 Confidence: 0.7
Answer: 1991 Confidence: 0.6
Answer: 1975 Confidence: 0.4
Answer: 1985 Confidence: 0.3",1990,0.8,0.6666666666666666,0,1
38,2hop__455158_247871,What county is the NRHEG High School located in?,Waseca County,"Answer: Waseca County Confidence: 0.5
Answer: Steele County Confidence: 0.3
Answer: Freeborn County Confidence: 0.1
Answer: Blue Earth County Confidence: 0.05
Answer: Nicollet County Confidence: 0.05",Waseca County,0.5,1.0,1,1
39,3hop1__131783_131926_13165,What treaty ceded territory to the US extending west to the body of water by the location of the Minikahda Club?,Treaty of Paris,"Answer: Treaty of Paris 1783 Confidence: 0.6  
Answer: Louisiana Purchase Confidence: 0.3  
Answer: Treaty of Guadalupe Hidalgo Confidence: 0.2  
Answer: Oregon Treaty Confidence: 0.1  
Answer: Adams-Onís Treaty Confidence: 0.1",Treaty of Paris 1783,0.6,0.8571428571428571,0,1
40,2hop__123214_22402,How many students attend Daniel Thürer's university?,"nearly 25,000","Answer: 20,000 Confidence: 0.3  
Answer: 25,000 Confidence: 0.2  
Answer: 15,000 Confidence: 0.2  
Answer: 10,000 Confidence: 0.1  
Answer: 30,000 Confidence: 0.1","20,000",0.3,0.0,0,0
41,3hop1__358853_339990_15538,"When did the state, that contains the county where Raven Creek is located, reinstate the death penalty?",1984,"Answer: 1976 Confidence: 0.8
Answer: 1977 Confidence: 0.7
Answer: 1978 Confidence: 0.6
Answer: 1982 Confidence: 0.5
Answer: 1981 Confidence: 0.4",1976,0.8,0.0,0,0
42,2hop__552546_70131,Who constituted the free corps in the country that the Free State of Mecklenburg-Schwerin is located in?,consisting largely of World War I veterans,"Answer: Former soldiers and volunteers Confidence: 0.8  
Answer: Veterans of World War I Confidence: 0.7  
Answer: Nationalist and anti-communist militants Confidence: 0.6  
Answer: Paramilitary groups Confidence: 0.5  
Answer: Monarchists and conservative factions Confidence: 0.4",Former soldiers and volunteers,0.8,0.0,0,1
43,2hop__67956_463572,What record label does the artist who sang you belong to me belong to?,MGM Records,"Answer: Columbia Records Confidence: 0.8
Answer: RCA Records Confidence: 0.7
Answer: Warner Music Group Confidence: 0.5
Answer: Universal Music Group Confidence: 0.4
Answer: Atlantic Records Confidence: 0.3",Columbia Records,0.8,0.5,0,0
44,2hop__418360_67370,When does real time with the author of The New New Rules start again in 2018,"January 19, 2018","Answer: January 2, 2018 Confidence: 0.8
Answer: January 1, 2018 Confidence: 0.6
Answer: January 15, 2018 Confidence: 0.5
Answer: February 1, 2018 Confidence: 0.4
Answer: January 3, 2018 Confidence: 0.3","January 2, 2018",0.8,0.6666666666666666,0,0
45,2hop__73921_807969,The BBC Footballer of the Year is a member of which team?,Egypt national football team,"Answer: Manchester United Confidence: 0.3  
Answer: Liverpool Confidence: 0.25  
Answer: Arsenal Confidence: 0.2  
Answer: Chelsea Confidence: 0.15  
Answer: Manchester City Confidence: 0.1",Manchester United,0.3,0.0,0,0
46,3hop1__139787_88110_77129,What was the first OS to support Hyper-V from the company the letters MS stands for in the network that broadcasts Buchanan & Press?,Windows 8,"Answer: Windows Server 2008 Confidence: 0.8
Answer: Windows Server 2008 R2 Confidence: 0.7
Answer: Windows 10 Confidence: 0.3
Answer: Windows Server 2012 Confidence: 0.2
Answer: Windows 7 Confidence: 0.1",Windows Server 2008,0.8,0.4,0,0
47,2hop__141456_6455,What was the resulting browser for the company Mozilla Messaging is a part of?,Firefox,"Answer: Firefox Confidence: 0.9
Answer: Thunderbird Confidence: 0.7
Answer: SeaMonkey Confidence: 0.5
Answer: Waterfox Confidence: 0.3
Answer: Pale Moon Confidence: 0.1",Firefox,0.9,1.0,1,1
48,3hop2__326964_7855_7713,How long had the city considered to be a place that is popular with tourists been the capital city of the location of the Yaxing Coach headquarters?,about 400 years,"Answer: 8 years Confidence: 0.6
Answer: 10 years Confidence: 0.5
Answer: 5 years Confidence: 0.4
Answer: 12 years Confidence: 0.3
Answer: 15 years Confidence: 0.2",8 years,0.6,0.4,0,0
49,4hop1__436202_765799_282674_759393,What is the seat of the county sharing a border with the county in which J. P. Hayes was born?,Green Bay,"Answer: Oconto Confidence: 0.7  
Answer: Green Bay Confidence: 0.6  
Answer: Sheboygan Confidence: 0.5  
Answer: Manitouoc Confidence: 0.4  
Answer: Appleton Confidence: 0.3",Oconto,0.7,0.0,0,0
50,3hop1__389069_132457_47686,"Where do greyhound buses depart from, in the city where the performer of Sleep Is the Enemy was formed?",Toronto Coach Terminal,"Answer: Ottawa Coach Terminal Confidence: 0.7  
Answer: Toronto Union Station Confidence: 0.6  
Answer: Montreal Central Station Confidence: 0.5  
Answer: London Greyhound Station Confidence: 0.4  
Answer: Vancouver Pacific Central Station Confidence: 0.3",Ottawa Coach Terminal,0.7,0.6666666666666666,0,0
51,2hop__90773_715759,What was the inventor of the atomic bomb trigger a participant in?,Manhattan Project,"Answer: Manhattan Project Confidence: 0.9  
Answer: Nuclear weapons development Confidence: 0.8  
Answer: WWII Confidence: 0.7  
Answer: Quantum mechanics research Confidence: 0.5  
Answer: Cold War arms race Confidence: 0.4",Manhattan Project,0.9,1.0,1,1
52,2hop__135652_669373,Who is the employer of the physicist who Mach number is named after?,Charles University,"Answer: University of Vienna Confidence: 0.4  
Answer: University of Prague Confidence: 0.3  
Answer: Charles University Confidence: 0.2  
Answer: Imperial Academy, Vienna Confidence: 0.05  
Answer: German University in Prague Confidence: 0.01",University of Vienna,0.4,0.4,0,0
53,2hop__6736_6733,To what division does the place where the most speakers are found belong?,Eastern block,"Answer: Indo-European Confidence: 0.6  
Answer: Sino-Tibetan Confidence: 0.2  
Answer: Niger-Congo Confidence: 0.1  
Answer: Afro-Asiatic Confidence: 0.05  
Answer: Austronesian Confidence: 0.05",Indo-European,0.6,0.0,0,0
54,4hop1__58323_375563_161848_83118,When does daylight savings end in the country near the country where the author of The Book Thief is from?,the first Sunday in April,"Answer: November Confidence: 0.7  
Answer: October Confidence: 0.8  
Answer: April Confidence: 0.5  
Answer: March Confidence: 0.6  
Answer: September Confidence: 0.3",October,0.8,0.0,0,0
55,4hop3__524186_219173_862998_72134,When did the city where Hillcrest High School is located become capitol of the state where the screenwriter of The Poor Boob was born?,1839,"Answer: 1790 Confidence: 0.3  
Answer: 1802 Confidence: 0.25  
Answer: 1788 Confidence: 0.2  
Answer: 1798 Confidence: 0.15  
Answer: 1810 Confidence: 0.1",1790,0.3,0.0,0,0
56,3hop1__354480_834494_34109,What is the administrative territorial entity that contains the location of Eric Marcus Municipal Airport PBS station?,KUAT-TV 6,"Answer: Saskatchewan Confidence: 0.6  
Answer: Alberta Confidence: 0.5  
Answer: Manitoba Confidence: 0.4  
Answer: British Columbia Confidence: 0.3  
Answer: Ontario Confidence: 0.2",Saskatchewan,0.6,0.0,0,0
57,2hop__354635_174222,What company succeeded the owner of Empire Sports Network?,Time Warner Cable,"Answer: MSG Network Confidence: 0.7  
Answer: YES Network Confidence: 0.6  
Answer: SNY Confidence: 0.5  
Answer: Spectrum Sports Confidence: 0.4  
Answer: NESN Confidence: 0.3",MSG Network,0.7,0.0,0,0
58,4hop3__678814_466199_695123_72134,When did the town WIZE is licensed in become capitol of the state where Stoney Creek Township is located?,1839,"Answer: 1867 Confidence: 0.5  
Answer: 1847 Confidence: 0.3  
Answer: 1816 Confidence: 0.2  
Answer: 1901 Confidence: 0.1  
Answer: 1825 Confidence: 0.1",1867,0.5,0.0,0,0
59,2hop__83405_158262,When did the president of the Confederate States of America end his fight in the Mexican-American war?,1848,"Answer: 1848 Confidence: 0.7  
Answer: 1847 Confidence: 0.6  
Answer: 1846 Confidence: 0.5  
Answer: 1849 Confidence: 0.4  
Answer: 1845 Confidence: 0.3",1848,0.7,1.0,1,1
60,2hop__60001_512508,What did the person who discovered that all atoms of an element have the same number of protons participate in?,Manhattan Project,"Answer: Manhattan Project Confidence: 0.8  
Answer: Nobel Prize ceremony Confidence: 0.6  
Answer: Discovery of atomic structure Confidence: 0.7  
Answer: Development of periodic table Confidence: 0.5  
Answer: First nuclear reactor Confidence: 0.4",Manhattan Project,0.8,1.0,1,1
61,2hop__403712_793210,"Who is the father of Edward Baring, 1st Baron Revelstoke's father?","Sir Francis Baring, 1st Baronet","Answer: Johann Baring Confidence: 0.7
Answer: Francis Baring Confidence: 0.6  
Answer: John Baring Confidence: 0.5  
Answer: Henry Baring Confidence: 0.4  
Answer: Thomas Baring Confidence: 0.3",Johann Baring,0.7,0.28571428571428575,0,0
62,3hop1__409517_547811_80702,What is the name of the famous bridge in the birth city of the composer of Scanderbeg?,Rialto Bridge,"Answer: Millennium Bridge Confidence: 0.3
Answer: Stone Bridge Confidence: 0.2
Answer: Ura e Mesit Confidence: 0.2
Answer: Bridge of Flowers Confidence: 0.1
Answer: Rainbow Bridge Confidence: 0.1",Millennium Bridge,0.3,0.5,0,0
63,4hop1__433767_32392_823060_610794,In what county is located the city that shares a border with the capital of the state where Mike Dow was born?,Richland County,"Answer: Mobile County Confidence: 0.6
Answer: Baldwin County Confidence: 0.2
Answer: Jefferson County Confidence: 0.1
Answer: Montgomery County Confidence: 0.05
Answer: Tuscaloosa County Confidence: 0.05",Mobile County,0.6,0.5,0,0
64,4hop2__567956_39078_8987_8974,Normalization occurred in Country A that invaded Country B because the military branch was unprepared. Country B was the only communist country to have an embassy where?,Alfredo Stroessner's Paraguay,"Answer: Washington D.C. Confidence: 0.8
Answer: United States Confidence: 0.7
Answer: Soviet Union Confidence: 0.5
Answer: China Confidence: 0.4
Answer: Cuba Confidence: 0.3",Washington D.C.,0.8,0.0,0,0
65,2hop__689472_52835,Who wrote the song turn me on that is performed by performer of Feelin' the Same Way?,John D. Loudermilk,"Answer: John Shanks Confidence: 0.3  
Answer: Linda Perry Confidence: 0.2  
Answer: Max Martin Confidence: 0.1  
Answer: Norah Jones Confidence: 0.2  
Answer: Jesse Harris Confidence: 0.2",John Shanks,0.3,0.4,0,0
66,2hop__820739_250752,Who is the sibling of the screenwriter of War of the Coprophages?,Glen Morgan,"Answer: Sam Raimi Confidence: 0.8
Answer: Ivan Raimi Confidence: 0.6
Answer: Aldous Huxley Confidence: 0.1
Answer: Joss Whedon Confidence: 0.05
Answer: Steven Spielberg Confidence: 0.01",Sam Raimi,0.8,0.0,0,0
67,2hop__21104_16254,"By 1931, what percentage of the world's Jews were the group that represents at least 70% of Jews worldwide?",92 percent,"Answer: 60% Confidence: 0.5
Answer: 65% Confidence: 0.4
Answer: 55% Confidence: 0.3
Answer: 70% Confidence: 0.2
Answer: 50% Confidence: 0.1",60%,0.5,0.0,0,0
68,4hop1__726391_153080_33952_34053,What was the wettest year in the second largest city of the state where the Oh Yeah performer is from?,1905,"Answer: 1994 Confidence: 0.3
Answer: 2005 Confidence: 0.2
Answer: 1982 Confidence: 0.2
Answer: 2011 Confidence: 0.2
Answer: 1973 Confidence: 0.1",1994,0.3,0.0,0,0
69,2hop__374767_152023,What label is responsible for the performer of One Night in America?,Kicking Mule Records,"Answer: 50 Cent Confidence: 0.8  
Answer: G-Unit Confidence: 0.7  
Answer: Aftermath Entertainment Confidence: 0.6  
Answer: Interscope Records Confidence: 0.5  
Answer: Shady Records Confidence: 0.4",50 Cent,0.8,0.0,0,0
70,4hop3__426860_88460_30152_20999,How were the same people who the Somali Muslim Ajuran Empire declared independence from expelled from the natural boundary between Thailand and the country where That Dam is found?,The dynasty regrouped and defeated the Portuguese,"Answer: Portuguese Confidence: 0.3
Answer: Dutch Confidence: 0.25
Answer: British Confidence: 0.2
Answer: French Confidence: 0.15
Answer: Spanish Confidence: 0.1",Portuguese,0.3,0.33333333333333337,0,1
71,3hop1__79462_91850_685675,What team is the person who hit the first home run at the new stadium where the american league Wildcard game will be played a member of?,New York Yankees,"Answer: New York Yankees Confidence: 0.8  
Answer: Boston Red Sox Confidence: 0.7  
Answer: Tampa Bay Rays Confidence: 0.6  
Answer: Toronto Blue Jays Confidence: 0.5  
Answer: Baltimore Orioles Confidence: 0.4",New York Yankees,0.8,1.0,1,1
72,2hop__289517_139339,What was the cast member in After Hours nominated for?,Academy Award for Best Live Action Short Film,"Answer: Emmy Award Confidence: 0.8  
Answer: Golden Globe Confidence: 0.6  
Answer: Oscar Confidence: 0.4  
Answer: SAG Award Confidence: 0.5  
Answer: Critics' Choice Award Confidence: 0.3",Emmy Award,0.8,0.2,0,0
73,4hop1__129721_32392_823060_610794,What county is the city that shares a border with the state capital of the state where Zubly Cemetery is located in?,Richland County,"Answer: Chatham County Confidence: 0.6  
Answer: Effingham County Confidence: 0.2  
Answer: Bryan County Confidence: 0.1  
Answer: Liberty County Confidence: 0.05  
Answer: Glynn County Confidence: 0.05",Chatham County,0.6,0.5,0,0
74,2hop__142842_68489,Who did the performer of Night Rocker play on Young and Restless?,Snapper Foster,"Answer: Michael Damien Confidence: 0.8  
Answer: Danny Romalotti Confidence: 0.6  
Answer: Michael Bauer Confidence: 0.3  
Answer: Paul Williams Confidence: 0.2  
Answer: Jack Abbott Confidence: 0.1",Michael Damien,0.8,0.0,0,0
75,2hop__80546_75184,Who played the girlfriend of the actor who played Marlene McFly in Back to the Future?,Claudia Wells,"Answer: Claudia Wells Confidence: 0.3  
Answer: Lea Thompson Confidence: 0.2  
Answer: Elizabeth Shue Confidence: 0.2  
Answer: Melora Hardin Confidence: 0.2  
Answer: Mary Steenburgen Confidence: 0.1",Claudia Wells,0.3,1.0,1,1
76,2hop__323534_810083,Where was the author of Marcinkus born?,Scranton,"Answer: Lithuania Confidence: 0.6  
Answer: Italy Confidence: 0.2  
Answer: United States Confidence: 0.1  
Answer: Poland Confidence: 0.05  
Answer: Argentina Confidence: 0.05",Lithuania,0.6,0.0,0,0
77,2hop__829474_123956,On what date was the battle where Muhammad Shobran was born?,15 February 1942,"Answer: 1920-01-01 Confidence: 0.2  
Answer: 1915-03-15 Confidence: 0.1  
Answer: 1918-11-11 Confidence: 0.1  
Answer: 1923-05-20 Confidence: 0.05  
Answer: 1910-07-04 Confidence: 0.05",1920-01-01,0.2,0.0,0,0
78,4hop1__94201_642284_131926_90707,Where does the river by the city where the Southeast Library designer died and the Ohio River meet?,"at the city of Cairo, Illinois","Answer: Cairo, Illinois Confidence: 0.8  
Answer: Paducah, Kentucky Confidence: 0.6  
Answer: Metropolis, Illinois Confidence: 0.5  
Answer: Evansville, Indiana Confidence: 0.3  
Answer: Wheeling, West Virginia Confidence: 0.2","Cairo, Illinois",0.8,0.5714285714285715,0,1
79,4hop1__629520_49925_13759_736921,In what region of Germany is the district where a sermon on Marian devotion was preached by the man who wanted to reform the religion of Victor Razafimahatratra?,Saxony-Anhalt,"Answer: Bavaria Confidence: 0.8  
Answer: Rhineland-Palatinate Confidence: 0.7  
Answer: Baden-Württemberg Confidence: 0.6  
Answer: Hesse Confidence: 0.5  
Answer: Saxony Confidence: 0.4",Bavaria,0.8,0.0,0,0
80,3hop1__540585_568433_47686,Where do greyhound buses leave from in the location of the headquarters of the production company of Miss Spider's Sunny Patch Kids?,Toronto Coach Terminal,"Answer: New York City Confidence: 0.7  
Answer: Los Angeles Confidence: 0.2  
Answer: Chicago Confidence: 0.05  
Answer: Toronto Confidence: 0.03  
Answer: Vancouver Confidence: 0.02",New York City,0.7,0.0,0,0
81,2hop__56307_604644,"What is the record label of the Hey Now, You're A Rockstar singer?",429 Records,"Answer: RCA Records Confidence: 0.7
Answer: Hollywood Records Confidence: 0.6
Answer: Capitol Records Confidence: 0.5
Answer: Universal Music Group Confidence: 0.4
Answer: Sony Music Entertainment Confidence: 0.3",RCA Records,0.7,0.5,0,0
82,2hop__507528_139339,What was the director of Lisa Picard is Famous nominated for?,Academy Award for Best Live Action Short Film,"Answer: Independent Spirit Award Confidence: 0.6  
Answer: Sundance Film Festival award Confidence: 0.5  
Answer: Cannes Film Festival award Confidence: 0.3  
Answer: Emmy Award Confidence: 0.2  
Answer: Academy Award Confidence: 0.1",Independent Spirit Award,0.6,0.18181818181818182,0,0
83,2hop__44259_747874,Who is the sibling of the player who won the 2012 U.S. Open Men's Singles final?,Jamie Murray,"Answer: Andy Murray Confidence: 0.4
Answer: Jamie Murray Confidence: 0.3
Answer: Judy Murray Confidence: 0.1
Answer: Novak Djokovic Confidence: 0.1
Answer: Roger Federer Confidence: 0.1",Andy Murray,0.4,0.5,0,0
84,2hop__428940_135373,After what is the body of water Partridge Lake is part of named?,Vitus Bering,"Answer: Lake Huron Confidence: 0.7
Answer: Great Lakes Confidence: 0.6  
Answer: Mississippi River Confidence: 0.2  
Answer: Hudson Bay Confidence: 0.1  
Answer: Atlantic Ocean Confidence: 0.05",Lake Huron,0.7,0.0,0,0
85,3hop1__147225_30587_83479,What was Germany's goal in the Battle of the ocean adjacent to the city Herbert Saffir died in?,to stem the flow of merchant shipping that enabled Britain to keep fighting,"Answer: Control of the Atlantic Ocean Confidence: 0.8  
Answer: Disrupt Allied shipping Confidence: 0.7  
Answer: Blockade the UK Confidence: 0.6  
Answer: Secure naval dominance Confidence: 0.5  
Answer: Destroy Allied convoys Confidence: 0.4",Control of the Atlantic Ocean,0.8,0.125,0,1
86,2hop__642686_7292,"Along with Kenny G and the performer of Hello Tomorrow, what artist was featured on Smooth Jazz Stations?",George Benson,"Answer: Dave Koz Confidence: 0.7  
Answer: Boney James Confidence: 0.6  
Answer: Grover Washington Jr. Confidence: 0.5  
Answer: George Benson Confidence: 0.4  
Answer: David Sanborn Confidence: 0.3",Dave Koz,0.7,0.0,0,0
87,3hop1__107540_720914_27537,Why did Roncalli leave the place of death of the maker of The Gozzi Altarpiece?,for the conclave in Rome,"Answer: To attend his papal duties Confidence: 0.7  
Answer: Due to safety concerns Confidence: 0.4  
Answer: To avoid political unrest Confidence: 0.3  
Answer: For a scheduled diplomatic mission Confidence: 0.2  
Answer: Because of a religious obligation Confidence: 0.1",To attend his papal duties,0.7,0.0,0,1
88,3hop1__161433_33952_33939,"In 1900, what was the population of the second largest city, in the state that the cross-border transactions committee focuses on?","7,531","Answer: Chicago Confidence: 0.4
Answer: St. Louis Confidence: 0.3
Answer: Detroit Confidence: 0.1
Answer: Cleveland Confidence: 0.1
Answer: Milwaukee Confidence: 0.1",Chicago,0.4,0.0,0,0
89,2hop__71871_494136,Who is the spouse of the actor playing Bart's father in I can only imagine?,Meg Ryan,"Answer: Sherri Mariano Confidence: 0.8  
Answer: Lauren Graham Confidence: 0.6  
Answer: Jami Gertz Confidence: 0.5  
Answer: Candace Cameron Bure Confidence: 0.4  
Answer: Julie Warner Confidence: 0.3",Sherri Mariano,0.8,0.0,0,0
90,4hop1__310029_153080_33897_81096,Who won the Indy car race in the largest populated city in the state where the Jazz Portraits: Mingus in Wonderland performer is from?,Mario Andretti,"Answer: Simon Pagenaud Confidence: 0.3
Answer: Scott Dixon Confidence: 0.3
Answer: Will Power Confidence: 0.2
Answer: Josef Newgarden Confidence: 0.1
Answer: Alexander Rossi Confidence: 0.1",Simon Pagenaud,0.3,0.0,0,0
91,2hop__620853_22458,What does the name of the organization the Haiti national football team belongs to stand for?,International Federation of Association Football,"Answer: Fédération Haïtienne de Football Confidence: 0.9
Answer: Fédération Haïtienne de Football Association Confidence: 0.7
Answer: Haitian Football Federation Confidence: 0.8
Answer: FHF Confidence: 0.6
Answer: Haiti Football Association Confidence: 0.5",Fédération Haïtienne de Football,0.9,0.22222222222222224,0,0
92,2hop__865828_377862,Which city is in the same county as Gmina Jordanow?,Sucha Beskidzka,"Answer: Krakow Confidence: 0.7
Answer: Warsaw Confidence: 0.3
Answer: Wroclaw Confidence: 0.2
Answer: Gdansk Confidence: 0.1
Answer: Poznan Confidence: 0.1",Krakow,0.7,0.0,0,0
93,4hop3__630723_88460_30152_20999,How were people from whom new coins were a proclamation of independence by the Somali Muslim Ajuran Empire expelled from the natural boundary between Thailand and Phommathat's country of citizenship?,The dynasty regrouped and defeated the Portuguese,"Answer: British Confidence: 0.3  
Answer: Portuguese Confidence: 0.2  
Answer: Dutch Confidence: 0.2  
Answer: Ottoman Empire Confidence: 0.1  
Answer: French Confidence: 0.1",British,0.3,0.0,0,0
94,4hop3__719125_132409_371500_35031,Where does the city where Veoh's headquarters is located rank in the top five largest urban areas of the state where Scars' performers were formed?,third-largest,"Answer: Los Angeles; 1 Confidence: 0.9  
Answer: San Francisco; 2 Confidence: 0.7  
Answer: San Diego; 3 Confidence: 0.6  
Answer: San Jose; 4 Confidence: 0.5  
Answer: Sacramento; 5 Confidence: 0.4",Los Angeles; 1,0.9,0.0,0,0
95,4hop1__105688_17130_70784_79935,When was the region that lies to the north of where Eyal Golan is located and the Persian Gulf created?,1930,"Answer: 1967 Confidence: 0.6  
Answer: 1971 Confidence: 0.5  
Answer: 1948 Confidence: 0.4  
Answer: 1980 Confidence: 0.3  
Answer: 1956 Confidence: 0.2",1967,0.6,0.0,0,0
96,3hop1__376309_160713_77246,"In the Arabic dictionary, what's the meaning of the word for the majority religion in the area of British India that became India when Garlat's country was created?",the country of India,"Answer: Islam Confidence: 0.8
Answer: Hinduism Confidence: 0.7
Answer: Sikhism Confidence: 0.5
Answer: Buddhism Confidence: 0.4
Answer: Christianity Confidence: 0.3",Islam,0.8,0.0,0,0
97,4hop1__525129_315334_131926_87157,"What is the direction of flow of the river by the city where the Lots More Blues, Rags and Hollers performer was formed?",rises in northern Minnesota and meanders slowly southwards,"Answer: Mississippi River Confidence: 0.8  
Answer: Minnesota River Confidence: 0.2  
Answer: Ohio River Confidence: 0.1  
Answer: Red River Confidence: 0.05  
Answer: Missouri River Confidence: 0.05",Mississippi River,0.8,0.0,0,0
98,3hop1__140554_2053_52946,"When is Celebrity Big Brother coming to the network which, along with ABC and the network which hosts Westinghouse Playhouse, is the other major broadcaster based in NY?","February 7, 2018","Answer: February 2024 Confidence: 0.7  
Answer: January 2024 Confidence: 0.6  
Answer: March 2024 Confidence: 0.5  
Answer: Fall 2024 Confidence: 0.4  
Answer: Summer 2024 Confidence: 0.3",February 2024,0.7,0.4,0,0
99,3hop1__347858_503371_21711,When was the Palau de la Generalitat constructed in the city where Martin of the place where Castiliscar is located died?,built in the 15th century,"Answer: 1403 Confidence: 0.8
Answer: 1416 Confidence: 0.7
Answer: 1425 Confidence: 0.6 
Answer: 1390 Confidence: 0.5
Answer: 1430 Confidence: 0.4",1403,0.8,0.0,0,1
100,2hop__709357_136043,The Move Ya Body song's band is named after who?,Natalie Albino,"Answer: Nina Sky Confidence: 0.7  
Answer: Nina Skeete Confidence: 0.6  
Answer: Nina Simone Confidence: 0.5  
Answer: Nina Persson Confidence: 0.4  
Answer: Nina Hagen Confidence: 0.3",Nina Sky,0.7,0.0,0,1
101,3hop1__516535_834494_34109,"What is the PBS station in the city that shares a county with Allen, Arizona?",KUAT-TV 6,"Answer: KAET Confidence: 0.5  
Answer: KUAT Confidence: 0.4  
Answer: KPBS Confidence: 0.3  
Answer: KAET-TV Confidence: 0.2  
Answer: KUAT-TV Confidence: 0.1",KAET,0.5,0.0,0,0
102,3hop1__639955_834494_34109,What is the PBS station of the city in the same county as Helvetia?,KUAT-TV 6,"Answer: WVPB Confidence: 0.7  
Answer: WQED Confidence: 0.6  
Answer: WPSU Confidence: 0.5  
Answer: WYES Confidence: 0.4  
Answer: WNET Confidence: 0.3",WVPB,0.7,0.0,0,0
103,3hop1__786067_228453_86925,What is the symbol of the Saints from the city where the headquarters of the manufacturer of McAfee's Benchmark called?,fleur - de-lis,"Answer: Fleur de lis; Confidence: 0.8
Answer: New Orleans Saints logo; Confidence: 0.7
Answer: Crescent moon; Confidence: 0.5
Answer: Pelican; Confidence: 0.4
Answer: Cross; Confidence: 0.3",Fleur de lis;,0.8,0.4,0,1
104,3hop1__506062_792411_51423,What is the name of the castle in the place of birth of the performer of When I Was a Boy?,Casa Loma,"Answer: Neuschwanstein Confidence: 0.3
Answer: Nuremberg Castle Confidence: 0.2
Answer: Hohenzollern Castle Confidence: 0.2
Answer: Lichtenstein Castle Confidence: 0.15
Answer: Eltz Castle Confidence: 0.15",Neuschwanstein,0.3,0.0,0,0
105,4hop1__60000_59747_211319_557671,What county borders the county with the largest city in the state where Birth of a Nation was filmed?,Presque Isle County,"Answer: Fulton County Confidence: 0.4
Answer: DeKalb County Confidence: 0.3
Answer: Cobb County Confidence: 0.2
Answer: Gwinnett County Confidence: 0.1
Answer: Clayton County Confidence: 0.1",Fulton County,0.4,0.4,0,0
106,3hop1__17192_78396_54865,"When were the American colonies lost by the country that owned the region that secured southern Lebanon in 1978, before it achieved country status?",1776,"Answer: 1783 Confidence: 0.9  
Answer: 1776 Confidence: 0.7  
Answer: 1812 Confidence: 0.3  
Answer: 1763 Confidence: 0.2  
Answer: 1791 Confidence: 0.1",1783,0.9,0.0,0,1
107,3hop2__36852_326964_7713,How long had the city the Qing lost in 1853 been the capitol city of Yaxing Coach's headquarters location?,about 400 years,"Answer: 5 years Confidence: 0.3  
Answer: 10 years Confidence: 0.25  
Answer: 3 years Confidence: 0.2  
Answer: 15 years Confidence: 0.15  
Answer: 7 years Confidence: 0.1",5 years,0.3,0.4,0,0
108,2hop__179149_396277,What other notable work did the creator of Shrek make?,Doctor De Soto,"Answer: Madagascar Confidence: 0.8  
Answer: Kung Fu Panda Confidence: 0.7  
Answer: How to Train Your Dragon Confidence: 0.6  
Answer: The Prince of Egypt Confidence: 0.5  
Answer: Antz Confidence: 0.4",Madagascar,0.8,0.0,0,0
109,2hop__145203_34088,Where does Ulysses Kay's birth city hold NASCAR races?,Tucson Raceway Park,"Answer: Daytona Confidence: 0.7
Answer: Talladega Confidence: 0.6
Answer: Indianapolis Confidence: 0.5
Answer: Phoenix Confidence: 0.4
Answer: Charlotte Confidence: 0.3",Daytona,0.7,0.0,0,0
110,3hop1__295815_40769_64047,When did the luxury division of the company that manufactures Toyopet Master change the body style of the RX 350?,Sales began worldwide in April 2012,"Answer: 2015 Confidence: 0.5
Answer: 2016 Confidence: 0.4
Answer: 2017 Confidence: 0.3
Answer: 2014 Confidence: 0.2
Answer: 2018 Confidence: 0.1",2015,0.5,0.0,0,0
111,3hop1__747772_514761_594810,What record label does the spouse of Heart Like Mine's performer belong to?,Warner Bros. Records,"Answer: RCA Records Confidence: 0.6  
Answer: Sony Music Entertainment Confidence: 0.5  
Answer: Warner Music Group Confidence: 0.4  
Answer: Universal Music Group Confidence: 0.3  
Answer: Capitol Records Confidence: 0.2",RCA Records,0.6,0.4,0,0
112,4hop3__439878_88460_30152_20999,How were people from whom new coins were a proclamation of independence by the Somali Muslim Ajuran Empire expelled from the natural boundary between Thailand and Ban Kenpha's country?,The dynasty regrouped and defeated the Portuguese,"Answer: Portuguese traders Confidence: 0.6  
Answer: Ottoman Empire Confidence: 0.5  
Answer: British colonists Confidence: 0.4  
Answer: Dutch merchants Confidence: 0.3  
Answer: Omani sailors Confidence: 0.2",Portuguese traders,0.6,0.28571428571428575,0,0
113,2hop__35136_35117,What's the life span of the scholar who theorized about pulmonary circulation?,1213–1288,"Answer: 65 Confidence: 0.5
Answer: 70 Confidence: 0.3
Answer: 60 Confidence: 0.2
Answer: 75 Confidence: 0.1
Answer: 55 Confidence: 0.1",65,0.5,0.0,0,1
114,3hop1__559908_42197_18397,Yagutil Mishiev is a citizen of a country that someone had argued had become an imperialist power. Where did this someone declare that he would intervene in the Korean conflict?,the Politburo,"Answer: Vietnam Confidence: 0.3  
Answer: China Confidence: 0.25  
Answer: Soviet Union Confidence: 0.2  
Answer: United States Confidence: 0.15  
Answer: Laos Confidence: 0.1",Vietnam,0.3,0.0,0,0
115,4hop1__105401_17130_70784_61381,When was the region immediately north of the region of the country in Strangers No More and the Persian Gulf established?,1932,"Answer: 1960 Confidence: 0.3
Answer: 1971 Confidence: 0.4  
Answer: 1980 Confidence: 0.2  
Answer: 1990 Confidence: 0.1  
Answer: 1950 Confidence: 0.1",1971,0.4,0.0,0,0
116,2hop__157376_643670,Of which watercourse is the river the Willemsbrug crosses over the mouth?,Het Scheur,"Answer: Nieuwe Maas Confidence: 0.9  
Answer: Beneden Merwede Confidence: 0.6  
Answer: Noord Confidence: 0.5  
Answer: Beneden Meuse Confidence: 0.4  
Answer: Lek Confidence: 0.3",Nieuwe Maas,0.9,0.0,0,0
117,3hop1__823336_228453_86925,What is the symbol of the Saints from the headquarters location of Ten High's manufacturer called?,fleur - de-lis,"Answer: Fleur-de-lis Confidence: 0.8  
Answer: Saint symbol Confidence: 0.6  
Answer: Saints logo Confidence: 0.5  
Answer: Ten High symbol Confidence: 0.3  
Answer: Bourbon symbol Confidence: 0.2",Fleur-de-lis,0.8,0.0,0,1
118,2hop__59612_42352,How many people were in British Colonies where does the london broil cut come from ?,2 million,"Answer: 2.5 million Confidence: 0.4  
Answer: 10 million Confidence: 0.3  
Answer: 1 million Confidence: 0.2  
Answer: 5 million Confidence: 0.1  
Answer: 500,000 Confidence: 0.05",2.5 million,0.4,0.5,0,0
119,3hop1__768500_730460_70315,Where did Katrina hit the hardest in the Toussaint performer's birthplace?,the city of New Orleans,"Answer: New Orleans Confidence: 0.8  
Answer: Louisiana Confidence: 0.7  
Answer: Mississippi Confidence: 0.5  
Answer: Gulf Coast Confidence: 0.4  
Answer: Alabama Confidence: 0.3",New Orleans,0.8,0.6666666666666666,0,1
120,3hop1__127821_157828_162309,When did the country using Olivera Marković's native language as one of its official languages first have its own Olympic team?,2016,"Answer: 1992 Confidence: 0.8
Answer: 1996 Confidence: 0.7
Answer: 2000 Confidence: 0.6
Answer: 2008 Confidence: 0.5
Answer: 1988 Confidence: 0.4",1992,0.8,0.0,0,0
121,4hop1__15567_59747_211319_557671,Which county shares a border with the county where the most populous city in the state that sentenced Demarcus Sears to death is located?,Presque Isle County,"Answer: Chambers County Confidence: 0.8
Answer: Walker County Confidence: 0.7
Answer: Jefferson County Confidence: 0.6
Answer: Montgomery County Confidence: 0.5
Answer: Harris County Confidence: 0.4",Chambers County,0.8,0.4,0,0
122,2hop__96096_78606,Who plays the wife of the Real Rob cast member in Grown Ups?,Joyce Van Patten,"Answer: Maria Bello Confidence: 0.7
Answer: Salma Hayek Confidence: 0.6
Answer: Maya Rudolph Confidence: 0.5
Answer: Joyce Van Patten Confidence: 0.4
Answer: Di Quon Confidence: 0.3",Maria Bello,0.7,0.0,0,0
123,4hop1__58323_375563_161848_61344,What continent is the country located near the country of citizenship of The Book Thief's author part of?,submerged continent of Zealandia,"Answer: Europe Confidence: 0.9  
Answer: Australia Confidence: 0.7  
Answer: North America Confidence: 0.3  
Answer: Asia Confidence: 0.2  
Answer: Africa Confidence: 0.1",Europe,0.9,0.0,0,0
124,2hop__776637_87295,Who does the cast member from Julie play in Princess Diaries?,Queen dowager Clarisse Renaldi,"Answer: Anne Hathaway Confidence: 0.9  
Answer: Julie Andrews Confidence: 0.8  
Answer: Mia Thermopolis Confidence: 0.7  
Answer: Hector Elizondo Confidence: 0.1  
Answer: Mandy Moore Confidence: 0.1",Anne Hathaway,0.9,0.0,0,0
125,4hop1__752321_153080_159767_81096,The largest city in the state the performer of Pithecanthropus Erectus was from is also the state capital. Who won the indy car race in that city?,Mario Andretti,"Answer: Will Power Confidence: 0.7  
Answer: Scott Dixon Confidence: 0.6  
Answer: Helio Castroneves Confidence: 0.5  
Answer: Simon Pagenaud Confidence: 0.4  
Answer: Josef Newgarden Confidence: 0.3",Will Power,0.7,0.0,0,0
126,3hop1__161507_160713_77246,What is the meaning of the word that is also a majority religion in the area that became India when the country where Masherbrum is located was created in the Arabic dictionary?,the country of India,"Answer: Islam Confidence: 0.8
Answer: Hindu Confidence: 0.7
Answer: Muslim Confidence: 0.6
Answer: Hinduism Confidence: 0.5
Answer: Sanskrit Confidence: 0.4",Islam,0.8,0.0,0,0
127,2hop__84937_21969,When was Q1 who was impeached in england for acts committed as governor general of india impeached?,1786,"Answer: 1788 Confidence: 0.7  
Answer: 1787 Confidence: 0.6  
Answer: 1789 Confidence: 0.5  
Answer: 1790 Confidence: 0.4  
Answer: 1786 Confidence: 0.3",1788,0.7,0.0,0,0
128,4hop1__130623_32392_823060_610794,What county has a city that is adjacent to the capital city of Erskine College's state?,Richland County,"Answer: Richland County Confidence: 0.8
Answer: Lexington County Confidence: 0.6
Answer: Greenville County Confidence: 0.3
Answer: Charleston County Confidence: 0.2
Answer: Columbia County Confidence: 0.1",Richland County,0.8,1.0,1,1
129,3hop2__132957_483843_40768,"When did the maker of the Acura Legend, the manufacturer of Scion bbX and Nissan open US assembly plants?",1981,"Answer: 1986 Confidence: 0.8  
Answer: 1985 Confidence: 0.7  
Answer: 1987 Confidence: 0.6  
Answer: 1984 Confidence: 0.5  
Answer: 1988 Confidence: 0.4",1986,0.8,0.0,0,0
130,2hop__198650_84856,When does the new season start for the show starring the author of True Story: A Novel?,"January 20, 2017","Answer: Fall 2023 Confidence: 0.7  
Answer: Spring 2024 Confidence: 0.6  
Answer: Winter 2024 Confidence: 0.5  
Answer: September 2023 Confidence: 0.4  
Answer: January 2024 Confidence: 0.3",Fall 2023,0.7,0.0,0,0
131,2hop__631139_75487,Who is the federal leader of the party in which John Lynch-Staunton held a position?,Andrew Scheer,"Answer: Stephen Harper Confidence: 0.9  
Answer: Andrew Scheer Confidence: 0.7  
Answer: Erin O'Toole Confidence: 0.6  
Answer: Pierre Poilievre Confidence: 0.5  
Answer: Joe Clark Confidence: 0.4",Stephen Harper,0.9,0.0,0,0
132,2hop__223823_29898,Which affiliate left the owner of Canadian Broadcasting Centre due to an agreement with CHBC?,CFJC-TV in Kamloops,"Answer: CKPG-TV Confidence: 0.6  
Answer: CHAT-TV Confidence: 0.2  
Answer: CJDC-TV Confidence: 0.1  
Answer: CFTK-TV Confidence: 0.05  
Answer: CHKL-TV Confidence: 0.05",CKPG-TV,0.6,0.0,0,0
133,3hop2__607269_223623_162182,In what region of the country containing Hạ Hòa is John Phan's birthplace found?,South Central Coast,"Answer: Vietnam Confidence: 0.8
Answer: Asia Confidence: 0.6
Answer: Southeast Asia Confidence: 0.7
Answer: Phú Thọ Province Confidence: 0.5
Answer: Hạ Hòa District Confidence: 0.4",Vietnam,0.8,0.0,0,0
134,2hop__189094_612080,What league does the team that occupies the Rabat Ajax Football Ground belong to?,Maltese Premier League,"Answer: Botola Pro Confidence: 0.5  
Answer: Moroccan Throne Cup Confidence: 0.3  
Answer: Botola 2 Confidence: 0.4  
Answer: CAF Champions League Confidence: 0.2  
Answer: Mohammed VI Football Academy League Confidence: 0.1",Botola Pro,0.5,0.0,0,0
135,3hop1__84887_538202_84283,Who is the owner of the record label that the singer of I just got started lovin you belongs to?,Warner Music Group,"Answer: Jim Reeves Confidence: 0.8
Answer: Justin Moore Confidence: 0.6
Answer: Valory Music Group Confidence: 0.4
Answer: Scott Borchetta Confidence: 0.3
Answer: Big Machine Records Confidence: 0.2",Jim Reeves,0.8,0.0,0,0
136,3hop1__305282_282081_10972,When did the city where Ill's performer was born elect its first black mayor?,1970s,"Answer: 1983 Confidence: 0.7
Answer: 1987 Confidence: 0.6
Answer: 1979 Confidence: 0.5
Answer: 1991 Confidence: 0.4
Answer: 1989 Confidence: 0.3",1983,0.7,0.0,0,0
137,2hop__199513_801817,What is the birthplace of the person after whom São José dos Campos was named?,Nazareth,"Answer: São Paulo Confidence: 0.6  
Answer: Portugal Confidence: 0.2  
Answer: Bahia Confidence: 0.1  
Answer: Rio de Janeiro Confidence: 0.05  
Answer: Minas Gerais Confidence: 0.05",São Paulo,0.6,0.0,0,0
138,2hop__80637_19033,Where did the wrestler who created the Money in the Bank Ladder Match win in 2008?,Great American Bash,"Answer: WrestleMania XXIV Confidence: 0.7  
Answer: SummerSlam 2008 Confidence: 0.1  
Answer: Royal Rumble 2008 Confidence: 0.1  
Answer: Survivor Series 2008 Confidence: 0.05  
Answer: No Mercy 2008 Confidence: 0.05",WrestleMania XXIV,0.7,0.0,0,0
139,3hop1__133292_40769_64047,When did the RX 350 from The Hino Dutro creator's luxury division change body style?,Sales began worldwide in April 2012,"Answer: 2015 Confidence: 0.7  
Answer: 2016 Confidence: 0.6  
Answer: 2014 Confidence: 0.5  
Answer: 2017 Confidence: 0.4  
Answer: 2013 Confidence: 0.3",2015,0.7,0.0,0,0
140,3hop1__857_846_7810,What was where the Yongle emperor greeted who the edict addressed GDP per person in 2013?,"RMB 98,174(US$16041)","Answer: Beijing Confidence: 0.5
Answer: Nanjing Confidence: 0.3
Answer: Forbidden City Confidence: 0.2
Answer: Yuan Dynasty Confidence: 0.1
Answer: Ming Dynasty Confidence: 0.1",Beijing,0.5,0.0,0,0
141,4hop2__161602_426860_88460_126088,Who was in charge in the country that is the natural boundary between the country that hosted the tournament and the country where That Dam is located?,Thein Sein,"Answer: King Norodom Sihamoni Confidence: 0.7
Answer: Hun Sen Confidence: 0.6
Answer: Prime Minister Hun Sen Confidence: 0.5
Answer: Norodom Sihamoni Confidence: 0.4
Answer: King Sihamoni Confidence: 0.3",King Norodom Sihamoni,0.7,0.0,0,0
142,2hop__669160_139339,What was the director of Addicted to Love nominated for?,Academy Award for Best Live Action Short Film,"Answer: Academy Award Confidence: 0.3  
Answer: Golden Globe Confidence: 0.2  
Answer: Emmy Award Confidence: 0.1  
Answer: BAFTA Confidence: 0.1  
Answer: Independent Spirit Award Confidence: 0.1",Academy Award,0.3,0.4,0,1
143,2hop__734582_74481,Who was played by the director of The Good Shepherd in The Godfather Part II?,Vito Corleone,"Answer: Frank Pentangeli Confidence: 0.7  
Answer: Hyman Roth Confidence: 0.2  
Answer: Tom Hagen Confidence: 0.05  
Answer: Fredo Corleone Confidence: 0.03  
Answer: Michael Corleone Confidence: 0.02",Frank Pentangeli,0.7,0.0,0,0
144,2hop__156085_436709,Who is the creator of Mickey Mouse's spouse?,Walt Disney,"Answer: Walt Disney Confidence: 0.7  
Answer: Ub Iwerks Confidence: 0.6  
Answer: Carl Barks Confidence: 0.4  
Answer: Floyd Gottfredson Confidence: 0.3  
Answer: Les Clark Confidence: 0.2",Walt Disney,0.7,1.0,1,1
145,2hop__137061_45752,Why does the place where Step Up Revolution takes place have a duck for a mascot?,when the school's yearbook chose its name to be ``The Ibis,"Answer: Miami has wild peacocks Confidence: 0.7  
Answer: A local artist created the mascot Confidence: 0.5  
Answer: Reference to a famous Miami legend Confidence: 0.4  
Answer: Tribute to the city's wildlife Conservation efforts Confidence: 0.3  
Answer: Random choice by filmmakers Confidence: 0.2",Miami has wild peacocks,0.7,0.0,0,0
146,2hop__67660_67223,Who married the narrator of How I Met Your Mother?,Tracy Mosby,"Answer: Tracy McConnell Confidence: 0.9  
Answer: Robin Scherbatsky Confidence: 0.7  
Answer: Victoria Confidence: 0.5  
Answer: Stella Zinman Confidence: 0.3  
Answer: Zoey Pierson Confidence: 0.2",Tracy McConnell,0.9,0.5,0,1
147,2hop__252521_80650,Who played the character in the Santa Clause 3 that has a series named after it that includes Frost at Christmas?,Martin Short,"Answer: Martin Short Confidence: 0.8
Answer: Tim Allen Confidence: 0.6
Answer: Jack Frost Confidence: 0.5
Answer: Chris Kattan Confidence: 0.4
Answer: Alan Arkin Confidence: 0.3",Martin Short,0.8,1.0,1,1
148,2hop__58691_192417,The league playing in the Thursday night football game is a type of what?,sports league,"Answer: NFL Confidence: 0.9
Answer: American football Confidence: 0.8
Answer: Professional sports league Confidence: 0.7
Answer: Football league Confidence: 0.6
Answer: Gridiron football league Confidence: 0.5",NFL,0.9,0.0,0,1
149,3hop2__304722_203717_63959,When was the last time the sports team Alan O'Neil was a member of beat the winner of the 1894-95 FA cup?,1 December 2010,"Answer: 1894-95 Confidence: 0.3
Answer: 1895-96 Confidence: 0.25
Answer: 1894 Confidence: 0.2
Answer: 1895 Confidence: 0.15
Answer: 1893-94 Confidence: 0.1",1894-95,0.3,0.0,0,0
150,2hop__450600_158262,When did the author of The Rise and Fall of the Confederate Government end his fight in the Mexican-American War?,1848,"Answer: 1847 Confidence: 0.3  
Answer: 1848 Confidence: 0.4  
Answer: 1846 Confidence: 0.2  
Answer: 1845 Confidence: 0.05  
Answer: 1849 Confidence: 0.05",1848,0.4,1.0,1,1
151,2hop__194532_57594,What gun does the director of Pollock use in Westworld?,LeMat revolver,"Answer: Colt Single Action Army Confidence: 0.7  
Answer: Winchester Model 1873 Confidence: 0.6  
Answer: Remington Model 1858 Confidence: 0.5  
Answer: Schofield Revolver Confidence: 0.4  
Answer: Derringer Confidence: 0.3",Colt Single Action Army,0.7,0.0,0,0
152,4hop1__9002_698949_157828_239539,The language of a film titled and about the city where Tito was interred is the co-official language of a county. In what city is the national Radio and Television broadcaster for that country?,Pristina,"Answer: Belgrade Confidence: 0.7  
Answer: Zagreb Confidence: 0.2  
Answer: Ljubljana Confidence: 0.05  
Answer: Sarajevo Confidence: 0.03  
Answer: Skopje Confidence: 0.02",Belgrade,0.7,0.0,0,0
153,3hop1__374018_160713_77246,What is the meaning of the word that is also the majority religion in India when the country where Dubbi is located was created in the Arabic dictionary?,the country of India,"Answer: Hinduism Confidence: 0.6
Answer: Islam Confidence: 0.2
Answer: Buddhism Confidence: 0.1
Answer: Sikhism Confidence: 0.05
Answer: Jainism Confidence: 0.05",Hinduism,0.6,0.0,0,0
154,2hop__268084_78303,"What was the name of the star of Forced Vengeance in Walter, Texas Ranger?",Cordell Walker,"Answer: Chuck Norris Confidence: 0.9  
Answer: James Mitchum Confidence: 0.05  
Answer: David Carradine Confidence: 0.03  
Answer: Bruce Lee Confidence: 0.01  
Answer: Clint Eastwood Confidence: 0.01",Chuck Norris,0.9,0.0,0,0
155,4hop3__661103_698586_1926_54362,Who burned down the city where Dunn Dunn's artist died in the war after which black people declined living in NYC?,Confederate Gen. John Bell Hood,"Answer: Robert E. Lee Confidence: 0.2  
Answer: British troops Confidence: 0.3  
Answer: Sherman Confidence: 0.4  
Answer: Nazis Confidence: 0.1  
Answer: Confederate soldiers Confidence: 0.2",Sherman,0.4,0.0,0,0
156,4hop3__373573_132409_146285_35031,Where does the city where Alexander Golitzen died rank in the top five largest urban areas of the state where Still Swingin's performers were formed?,third-largest,"Answer: 4 Confidence: 0.7  
Answer: 3 Confidence: 0.6  
Answer: 5 Confidence: 0.5  
Answer: 2 Confidence: 0.4  
Answer: 1 Confidence: 0.3",4,0.7,0.0,0,0
157,3hop1__104996_160713_77246,What is the meaning of the word that is also a majority religion in the area that became India when the country that release Ankahi was created in Arabic dictionary?,the country of India,"Answer: Islam Confidence: 0.7
Answer: Hinduism Confidence: 0.6
Answer: Urdu Confidence: 0.5
Answer: Hindi Confidence: 0.4
Answer: Punjab Confidence: 0.3",Islam,0.7,0.0,0,0
158,2hop__10017_18974,Who led the military expedition in the province that borders Zhejiang to the south?,Chen Zheng,"Answer: Zhu De Confidence: 0.3  
Answer: Peng Dehuai Confidence: 0.2  
Answer: Lin Biao Confidence: 0.2  
Answer: Chen Yi Confidence: 0.2  
Answer: Nie Rongzhen Confidence: 0.1",Zhu De,0.3,0.0,0,0
159,3hop1__120881_2053_52946,"When is Celebrity Big Brother coming to the network which, along with ABC and the network which released Stand Against Fear, is the other major broadcaster based in NY?","February 7, 2018","Answer: CBS Confidence: 0.8
Answer: NBC Confidence: 0.7
Answer: FOX Confidence: 0.6
Answer: The CW Confidence: 0.5
Answer: Paramount Network Confidence: 0.4",CBS,0.8,0.0,0,0
160,2hop__735014_83837,"Who sings Home Alone Tonight with the singer of ""I Don't Want This Night to End""?",Karen Fairchild,"Answer: Luke Bryan Confidence: 0.8  
Answer: Jason Aldean Confidence: 0.6  
Answer: Blake Shelton Confidence: 0.4  
Answer: Florida Georgia Line Confidence: 0.3  
Answer: Thomas Rhett Confidence: 0.2",Luke Bryan,0.8,0.0,0,0
161,2hop__596188_297986,What administrative territorial entity contains the place where Mycenae House is located?,Royal Borough of Greenwich,"Answer: Greece Confidence: 0.3  
Answer: Athens Confidence: 0.2  
Answer: Peloponnese Confidence: 0.2  
Answer: Argolis Confidence: 0.1  
Answer: Mycenae Confidence: 0.1",Greece,0.3,0.0,0,0
162,4hop3__700962_88460_30152_20999,How were the same people who the Somali Muslim Ajuran Empire declared independence from expelled from the natural boundary between Thailand and the country where Ban Pakpo is found?,The dynasty regrouped and defeated the Portuguese,"Answer: Portuguese Confidence: 0.3
Answer: Dutch Confidence: 0.2
Answer: British Confidence: 0.2
Answer: French Confidence: 0.2
Answer: Omanis Confidence: 0.1",Portuguese,0.3,0.33333333333333337,0,1
163,3hop1__145427_106426_157788,What is one railway line in the country the produced The Longest Night in the city where You Wenhui was born?,Yamanote Line loop,"Answer: Beijing–Shanghai Railway Confidence: 0.7  
Answer: Jingbao Railway Confidence: 0.6  
Answer: Jingjiu Railway Confidence: 0.5  
Answer: Shanghai–Kunming Railway Confidence: 0.4  
Answer: Hangzhou–Nanchang Railway Confidence: 0.3",Beijing–Shanghai Railway,0.7,0.0,0,0
164,2hop__857493_17335,When did the spouse of Parysatis II die?,323 BC,"Answer: 424 BC Confidence: 0.5
Answer: 423 BC Confidence: 0.3
Answer: 425 BC Confidence: 0.2
Answer: 422 BC Confidence: 0.1
Answer: 426 BC Confidence: 0.1",424 BC,0.5,0.5,0,0
165,2hop__123104_77615,When did the military instruction start in the university that Paulo Manalo attended?,1912,"Answer: 1905 Confidence: 0.3  
Answer: 1910 Confidence: 0.2  
Answer: 1920 Confidence: 0.2  
Answer: 1898 Confidence: 0.1  
Answer: 1935 Confidence: 0.1",1905,0.3,0.0,0,0
166,4hop2__9988_685934_70784_61381,"When was the country established that lies north of the region that prevailed with the disgrace of the ""Near East"" and the body of water containing The World islands?",1932,"Answer: 1971 Confidence: 0.8  
Answer: 1972 Confidence: 0.6  
Answer: 1970 Confidence: 0.5  
Answer: 1965 Confidence: 0.3  
Answer: 1980 Confidence: 0.2",1971,0.8,0.0,0,0
167,2hop__788087_150107,Who published the Communication of the association that Deborah Estrin is a member of?,Association for Computing Machinery,"Answer: ACM Confidence: 0.8
Answer: IEEE Confidence: 0.6
Answer: Springer Confidence: 0.4
Answer: Elsevier Confidence: 0.3
Answer: Nature Publishing Group Confidence: 0.2",ACM,0.8,0.0,0,1
168,4hop1__73810_32392_823060_610794,In what county is located the city that shares a border with the capital of the state that won the 2017 NCAA Basketball Tournament?,Richland County,"Answer: Mecklenburg County Confidence: 0.8  
Answer: Wake County Confidence: 0.6  
Answer: Durham County Confidence: 0.5  
Answer: Orange County Confidence: 0.3  
Answer: Guilford County Confidence: 0.2",Mecklenburg County,0.8,0.5,0,0
169,4hop1__749065_698949_157828_239539,"Where are the headquarters of the Radio Television, of the country whose co-official language was used in the film named after the city where Slavko Šurdonja?",Pristina,"Answer: Zagreb Confidence: 0.7
Answer: Belgrade Confidence: 0.1
Answer: Ljubljana Confidence: 0.1
Answer: Sarajevo Confidence: 0.05
Answer: Podgorica Confidence: 0.05",Zagreb,0.7,0.0,0,0
170,3hop1__222380_443779_52195,Who is the president of the newly declared independent country that is part of the Commission of Truth and Friendship with the country where Buru is located?,Francisco Guterres,"Answer: José Ramos-Horta Confidence: 0.7  
Answer: Xanana Gusmão Confidence: 0.6  
Answer: Mari Alkatiri Confidence: 0.5  
Answer: Taur Matan Ruak Confidence: 0.4  
Answer: Francisco Guterres Confidence: 0.3",José Ramos-Horta,0.7,0.0,0,0
171,2hop__530579_13529,When was the father of Diego Sinagra signed by Barcelona?,June 1982,"Answer: 1982 Confidence: 0.8  
Answer: 1984 Confidence: 0.7  
Answer: 1980 Confidence: 0.6  
Answer: 1986 Confidence: 0.5  
Answer: 1978 Confidence: 0.4",1982,0.8,0.6666666666666666,0,1
172,4hop2__161602_426860_88460_20988,What major conflict is the country between the country that hosted the tournament and the country where That Dam is from known for?,one of the world's longest-running ongoing civil wars.,"Answer: Vietnam War Confidence: 0.7  
Answer: Cold War Confidence: 0.5  
Answer: Indochina War Confidence: 0.4  
Answer: Korean War Confidence: 0.3  
Answer: Gulf War Confidence: 0.2",Vietnam War,0.7,0.0,0,0
173,3hop1__622497_160088_49779,Who is the host of Who Wants to be a Millionaire in the country that the producer of The Wild Women of Chastity Gulch is from?,Chris Harrison,"Answer: Chris Tarrant Confidence: 0.3
Answer: Jeremy Clarkson Confidence: 0.2
Answer: Paul O'Grady Confidence: 0.2
Answer: Amanda Holden Confidence: 0.1
Answer: Phillip Schofield Confidence: 0.1",Chris Tarrant,0.3,0.5,0,0
174,2hop__14_59409,Who was Beyonce's husband talking about in the the song Cry?,three different relationships he had in the past,"Answer: Jay-Z Confidence: 0.3  
Answer: Solange Confidence: 0.2  
Answer: Blue Ivy Confidence: 0.1  
Answer: Tina Knowles Confidence: 0.1  
Answer: Kelly Rowland Confidence: 0.05",Jay-Z,0.3,0.0,0,0
175,4hop1__51465_53706_795904_580996,What shares a border with the city where the person who went to the state where most billionaires in America live during the gold rush works?,Rio Linda,"Answer: Nevada Confidence: 0.6  
Answer: California Confidence: 0.5  
Answer: Colorado Confidence: 0.4  
Answer: Arizona Confidence: 0.3  
Answer: Utah Confidence: 0.2",Nevada,0.6,0.0,0,0
176,2hop__5658_25002,How long did the pact last between Kravchuk and the person who signed the decree suspending the Communist Party of the Russian SFSR?,10-year,"Answer: 1 year Confidence: 0.3  
Answer: 2 years Confidence: 0.4  
Answer: 6 months Confidence: 0.2  
Answer: 3 years Confidence: 0.05  
Answer: 5 years Confidence: 0.05",2 years,0.4,0.0,0,0
177,2hop__66167_88526,Who was picked before the player who has the most points in an NBA season in the NBA draft?,Greg Oden,"Answer: Olajuwon Confidence: 0.9
Answer: Sam Bowie Confidence: 0.8
Answer: Ralph Sampson Confidence: 0.6
Answer: Michael Jordan Confidence: 0.5
Answer: Bill Russell Confidence: 0.2",Olajuwon,0.9,0.0,0,0
178,2hop__485221_544917,What body of water includes the terrain feature where Coffee Swamp is located?,Lake Superior,"Answer: Atlantic Ocean Confidence: 0.7  
Answer: Gulf of Mexico Confidence: 0.6  
Answer: Caribbean Sea Confidence: 0.5  
Answer: Lake Okeechobee Confidence: 0.4  
Answer: Everglades Confidence: 0.3",Atlantic Ocean,0.7,0.0,0,0
179,3hop1__622497_160088_73916,What is the average yearly income for someone with the same nationality as the producer of The Wild Women of Chastity Gulch?,"$72,641","Answer: $31,133 Confidence: 0.6  
Answer: $53,129 Confidence: 0.5  
Answer: $45,000 Confidence: 0.4  
Answer: $60,000 Confidence: 0.3  
Answer: $40,000 Confidence: 0.2","$31,133",0.6,0.0,0,0
180,2hop__35566_17873,What happened to Buckingham after the departure of the queen who Martha Ann Ricks presented the famed Liberian coffee tree to?,"palace was seldom used, even neglected","Answer: Executed Confidence: 0.7
Answer: Died in exile Confidence: 0.6
Answer: Fled the country Confidence: 0.5
Answer: Imprisoned Confidence: 0.4
Answer: Pardoned Confidence: 0.3",Executed,0.7,0.0,0,0
181,3hop2__326964_263934_7713,How long had the place of birth of Tang Jinhua been the capital city of the Yaxing Coach headquarters location?,about 400 years,"Answer: 8 years Confidence: 0.4  
Answer: 5 years Confidence: 0.3  
Answer: 10 years Confidence: 0.2  
Answer: 3 years Confidence: 0.05  
Answer: 15 years Confidence: 0.05",8 years,0.4,0.4,0,0
182,3hop1__145427_106426_77199,When did the USA declare war on the country that produced The Longest Night in the city where You Wenhui was born?,"December 8, 1941","Answer: 1941 Confidence: 0.8  
Answer: 1942 Confidence: 0.1  
Answer: 1939 Confidence: 0.05  
Answer: 1943 Confidence: 0.03  
Answer: 1940 Confidence: 0.02",1941,0.8,0.5,0,1
183,4hop2__71753_729371_70784_61381,When was the region immediately north of the region home to Israel and the location of Operation Earnest Will established?,1932,"Answer: 1921 Confidence: 0.6  
Answer: 1918 Confidence: 0.5  
Answer: 1920 Confidence: 0.4  
Answer: 1923 Confidence: 0.3  
Answer: 1919 Confidence: 0.2",1921,0.6,0.0,0,0
184,2hop__13539_13493,"In 2009, what series of wins did the team who won the first match in the 1943 Copa del Generalissimo achieve?",continental treble,"Answer: 31-game unbeaten streak Confidence: 0.7  
Answer: 11-game winning streak Confidence: 0.5  
Answer: 16-game unbeaten streak Confidence: 0.4  
Answer: 10-game winning streak Confidence: 0.3  
Answer: 15-game unbeaten streak Confidence: 0.2",31-game unbeaten streak,0.7,0.0,0,0
185,3hop1__796649_720914_27537,Why did Roncalli leave the city where the creator of Flora died?,for the conclave in Rome,"Answer: To become Pope John XXIII Confidence: 0.7  
Answer: To attend a Vatican meeting Confidence: 0.6  
Answer: To avoid political unrest Confidence: 0.5  
Answer: To study theology elsewhere Confidence: 0.4  
Answer: To start a new church Confidence: 0.2",To become Pope John XXIII,0.7,0.0,0,0
186,2hop__9285_42311,What's the largest med school in what was the nobilities commonwealth?,Medical University of Warsaw,"Answer: Harvard Confidence: 0.3  
Answer: Oxford Confidence: 0.2  
Answer: Cambridge Confidence: 0.2  
Answer: Edinburgh Confidence: 0.15  
Answer: London Confidence: 0.15",Harvard,0.3,0.0,0,0
187,4hop1__9007_698949_157828_239539,The original language of the film titled and about the city of Tito's final resting place is the co-official language of a country. Where are the headquarters for that country's national radio and TV broadcaster?,Pristina,"Answer: Belgrade Confidence: 0.7
Answer: Zagreb Confidence: 0.6  
Answer: Ljubljana Confidence: 0.5  
Answer: Sarajevo Confidence: 0.4  
Answer: Podgorica Confidence: 0.3",Belgrade,0.7,0.0,0,0
188,2hop__497191_129669,In which district was Alhandra born?,Lisbon District,"Answer: Lisboa Confidence: 0.3  
Answer: Santarém Confidence: 0.2  
Answer: Porto Confidence: 0.15  
Answer: Setúbal Confidence: 0.1  
Answer: Faro Confidence: 0.05",Lisboa,0.3,0.0,0,1
189,3hop1__131110_39743_24526,"In the state that includes Walnut Spring, what's the typical winter daytime temperature range in the region of Richmond?",upper 40s–lower 50s °F,"Answer: 30-50°F Confidence: 0.7  
Answer: 25-45°F Confidence: 0.6  
Answer: 35-55°F Confidence: 0.5  
Answer: 20-40°F Confidence: 0.4  
Answer: 40-60°F Confidence: 0.3",30-50°F,0.7,0.0,0,0
190,3hop1__9285_5188_23307,"What month did the Tripartite discussions begin between Britain, France, and the country where, despite being headquartered in the nation called the nobilities commonwealth, the top-ranking Warsaw Pact operatives originated?",mid-June,"Answer: February Confidence: 0.5  
Answer: March Confidence: 0.3  
Answer: April Confidence: 0.1  
Answer: January Confidence: 0.05  
Answer: May Confidence: 0.05",February,0.5,0.0,0,0
191,2hop__16844_42173,When was the ruler that was dissolved after the Indian Rebellion of 1857 established?,1599,"Answer: 1600 Confidence: 0.6  
Answer: 1617 Confidence: 0.5  
Answer: 1599 Confidence: 0.4  
Answer: 1625 Confidence: 0.3  
Answer: 1588 Confidence: 0.2",1600,0.6,0.0,0,0
192,3hop1__671542_665330_47686,Where do greyhound buses leave from in the city where the performer of Darlings formed?,Toronto Coach Terminal,"Answer: Atlanta Greyhound Bus Station Confidence: 0.6  
Answer: Chennai Mofussil Bus Terminus Confidence: 0.4  
Answer: Mumbai Central Bus Station Confidence: 0.3  
Answer: MSRTC Bus Stand Confidence: 0.2  
Answer: Bangalore Kempegowda Bus Station Confidence: 0.1",Atlanta Greyhound Bus Station,0.6,0.0,0,0
193,3hop1__672543_503371_21711,"When was the Palau de la Generalitat built in the place of death of Martin, of the region containing Piedratajada?",built in the 15th century,"Answer: 1403 Confidence: 0.7  
Answer: 1425 Confidence: 0.6  
Answer: 1396 Confidence: 0.5  
Answer: 1416 Confidence: 0.4  
Answer: 1430 Confidence: 0.3",1403,0.7,0.0,0,1
194,4hop2__161602_426860_88460_21062,Are there any cruise travel destinations for the country lying between the country hosting the tournament and the country having That Dam?,It is not possible for foreigners to go to/from Myanmar by sea or river.,"Answer: Vietnam Confidence: 0.6
Answer: Cambodia Confidence: 0.7
Answer: Laos Confidence: 0.8
Answer: Thailand Confidence: 0.5
Answer: Myanmar Confidence: 0.4",Laos,0.8,0.0,0,0
195,3hop1__404541_629431_124169,When did the Governorship end of the city where the author of Paenitentiam Agere died?,1952,"Answer: 1963 Confidence: 0.7
Answer: 1965 Confidence: 0.6
Answer: 1958 Confidence: 0.5
Answer: 1970 Confidence: 0.4
Answer: 1961 Confidence: 0.3",1963,0.7,0.0,0,0
196,2hop__648648_173389,The city which contains Broadhurst Park shares a border with what town?,Middleton,"Answer: Manchester Confidence: 0.9  
Answer: Salford Confidence: 0.7  
Answer: Oldham Confidence: 0.6  
Answer: Stockport Confidence: 0.5  
Answer: Rochdale Confidence: 0.4",Manchester,0.9,0.0,0,0
197,2hop__32441_522949,Who is the spouse of the other president Jenkins Orphanage played for that wasn't Taft?,Edith Roosevelt,"Answer: Helen Herron Taft Confidence: 0.3  
Answer: Edith Bolling Galt Wilson Confidence: 0.25  
Answer: Florence Harding Confidence: 0.2  
Answer: Grace Coolidge Confidence: 0.15  
Answer: Lou Henry Hoover Confidence: 0.1",Helen Herron Taft,0.3,0.0,0,0
198,3hop1__662413_42197_18397,Where did the arguer that Kirill Eskov's country of citizenship had become an imperialist power declare he would intervene in the Korean conflict?,the Politburo,"Answer: North Korea Confidence: 0.3
Answer: South Korea Confidence: 0.2
Answer: Vietnam Confidence: 0.1
Answer: China Confidence: 0.2
Answer: United States Confidence: 0.2",North Korea,0.3,0.0,0,0
199,3hop1__140855_2053_52946,"When is Celebrity Big Brother coming to the network that, along with the original network of Then Came Bronson and ABC, is based in New York?","February 7, 2018","Answer: February 12, 2024 Confidence: 0.8
Answer: February 5, 2024 Confidence: 0.6
Answer: January 29, 2024 Confidence: 0.5
Answer: March 4, 2024 Confidence: 0.3
Answer: January 22, 2024 Confidence: 0.2","February 12, 2024",0.8,0.3333333333333333,0,0
200,2hop__93230_319887,What institute did the actor playing the voice of John Smith in Pocahontas attend?,National Institute of Dramatic Art,"Answer: Juilliard Confidence: 0.4  
Answer: Yale Confidence: 0.3  
Answer: Harvard Confidence: 0.2  
Answer: UCLA Confidence: 0.1  
Answer: NYU Confidence: 0.1",Juilliard,0.4,0.0,0,0
201,4hop3__323121_88460_30152_20999,How were people from whom new coins were a proclamation of independence by the Somali Muslim Ajuran Empire expelled from the natural boundary between Thailand and A Magne's country?,The dynasty regrouped and defeated the Portuguese,"Answer: By the Portuguese Confidence: 0.6  
Answer: By maritime trade conflicts Confidence: 0.5  
Answer: Through military campaigns Confidence: 0.4  
Answer: Due to religious tensions Confidence: 0.3  
Answer: By regional rivalries Confidence: 0.2",By the Portuguese,0.6,0.28571428571428575,0,0
202,2hop__517145_367341,Who is the child of the cast member of Green Ice?,Tatum O'Neal,"Answer: Sean Connery's child Confidence: 0.4  
Answer: Michael Douglas's child Confidence: 0.3  
Answer: Anne Archer's child Confidence: 0.2  
Answer: Omar Sharif's child Confidence: 0.1  
Answer: Anthony Quinn's child Confidence: 0.1",Sean Connery's child,0.4,0.0,0,0
203,2hop__29893_29898,Which affiliate left the company that owns and operates most of the CBC television stations due to an agreement with CHBC?,CFJC-TV in Kamloops,"Answer: CHBC-TV Confidence: 0.8  
Answer: CBC Television Confidence: 0.6  
Answer: CTV Television Network Confidence: 0.4  
Answer: Global Television Network Confidence: 0.3  
Answer: Citytv Confidence: 0.2",CHBC-TV,0.8,0.0,0,0
204,3hop1__109422_720914_27537,Why did Roncalli leave the place of death of The Punishment of Tythus' creator?,for the conclave in Rome,"Answer: To attend the conclave Confidence: 0.7
Answer: To escape danger Confidence: 0.6
Answer: For a new assignment Confidence: 0.5
Answer: Due to illness Confidence: 0.3
Answer: Personal reasons Confidence: 0.2",To attend the conclave,0.7,0.28571428571428575,0,1
205,4hop1__145422_698949_157828_162309,"When did the country, that has the original language of the film named after Vladimir Karalić's birthplace as a co-official language, first attend the Olympics as an independent team?",2016,"Answer: 1948 Confidence: 0.7  
Answer: 1952 Confidence: 0.6  
Answer: 1920 Confidence: 0.4  
Answer: 1992 Confidence: 0.3  
Answer: 1936 Confidence: 0.2",1948,0.7,0.0,0,0
206,2hop__754021_20057,Who started the organization that founded Defective by Design?,Richard Stallman,"Answer: Richard Stallman Confidence: 0.9  
Answer: Free Software Foundation Confidence: 0.8  
Answer: GNU Project Confidence: 0.6  
Answer: Eben Moglen Confidence: 0.4  
Answer: Linus Torvalds Confidence: 0.1",Richard Stallman,0.9,1.0,1,1
207,2hop__29191_59955,What country is between Lithuania and Frederic Chopin's home country?,Kaliningrad Oblast,"Answer: Poland Confidence: 0.9  
Answer: Belarus Confidence: 0.7  
Answer: Latvia Confidence: 0.5  
Answer: Ukraine Confidence: 0.3  
Answer: Germany Confidence: 0.2",Poland,0.9,0.0,0,0
208,2hop__35989_623159,In what oblast is the oldest city in the northeast located?,Yaroslavl Oblast,"Answer: Kharkiv Oblast Confidence: 0.8  
Answer: Sumy Oblast Confidence: 0.6  
Answer: Chernihiv Oblast Confidence: 0.5  
Answer: Luhansk Oblast Confidence: 0.4  
Answer: Donetsk Oblast Confidence: 0.3",Kharkiv Oblast,0.8,0.5,0,0
209,2hop__62823_654855,"What political party was the candidate who garnered a million votes during the 1920 election despite being in prison, a member of?",Socialist Party of America,"Answer: Socialist Party Confidence: 0.8
Answer: Communist Party Confidence: 0.7
Answer: Progressive Party Confidence: 0.5
Answer: Democratic Party Confidence: 0.2
Answer: Republican Party Confidence: 0.1",Socialist Party,0.8,0.6666666666666666,0,1
210,2hop__839126_472799,Which competition did the performer of Cadore 33 participated?,Eurovision Song Contest 1991,"Answer: Eurovision Song Contest Confidence: 0.8  
Answer: Sanremo Music Festival Confidence: 0.6  
Answer: Festival di Castrocaro Confidence: 0.5  
Answer: X Factor Italy Confidence: 0.4  
Answer: Amici di Maria De Filippi Confidence: 0.3",Eurovision Song Contest,0.8,0.8571428571428571,0,1
211,3hop1__857_846_7701,When did the city where the Yongle emperor greeted the person to whom the edict was addressed become the Chinese national capital?,Jin dynasty,"Answer: 1420 Confidence: 0.8 
Answer: 1403 Confidence: 0.6 
Answer: 1406 Confidence: 0.5 
Answer: 1421 Confidence: 0.4 
Answer: 1415 Confidence: 0.3",1420,0.8,0.0,0,0
212,3hop1__497845_629431_64412,When did the place where the author of Princeps Pastorum died become its own country?,11 February 1929,"Answer: 1830 Confidence: 0.3
Answer: 1822 Confidence: 0.25
Answer: 1810 Confidence: 0.2
Answer: 1845 Confidence: 0.15
Answer: 1808 Confidence: 0.1",1830,0.3,0.0,0,0
213,2hop__556426_9237,When did the first mosque open where Air Marshall Islands is headquartered?,September 2012,"Answer: 1990 Confidence: 0.3  
Answer: 1985 Confidence: 0.2  
Answer: 1995 Confidence: 0.2  
Answer: 2000 Confidence: 0.15  
Answer: 1980 Confidence: 0.15",1990,0.3,0.0,0,0
214,4hop1__31333_59747_211319_557671,Which county shares a border with the county where the most populous city in the other state that sent Tennessee the most tourists in 2013 is located?,Presque Isle County,"Answer: Clark County Confidence: 0.3
Answer: Multnomah County Confidence: 0.25
Answer: Los Angeles County Confidence: 0.2
Answer: King County Confidence: 0.15
Answer: Fairfax County Confidence: 0.1",Clark County,0.3,0.4,0,0
215,2hop__593866_80026,"In Willy Wonka and the Chocolate Factory, who played the character that the group who performs MMXIV was named after?",Julie Dawn Cole,"Answer: Gene Wilder Confidence: 0.9
Answer: Johnny Depp Confidence: 0.3
Answer: Roald Dahl Confidence: 0.2
Answer: Timothée Chalamet Confidence: 0.1
Answer: Hugh Grant Confidence: 0.05",Gene Wilder,0.9,0.0,0,0
216,3hop1__857_846_7795,"In 2011, what was the estimated population of the city where the Yongle emperor greeted the person to whom the edict was addressed?",8.11 million,"Answer: Beijing Confidence: 0.8
Answer: Nanjing Confidence: 0.6
Answer: Shanghai Confidence: 0.3
Answer: Guangzhou Confidence: 0.2
Answer: Xi'an Confidence: 0.1",Beijing,0.8,0.0,0,0
217,3hop1__469478_15840_36002,What were the Genesis's advantages over the platform that plays Sunman?,built on 16-bit architectures and offered improved graphics and sound,"Answer: Better graphics Confidence: 0.7  
Answer: More games Confidence: 0.6  
Answer: Better sound chip Confidence: 0.5  
Answer: Larger user base Confidence: 0.4  
Answer: More advanced hardware Confidence: 0.8",More advanced hardware,0.8,0.0,0,1
218,2hop__747306_72813,"In The Wire, who is played by the Go for Broke cast member?",a Western District uniformed officer,"Answer: Idris Elba Confidence: 0.8
Answer: Dominic West Confidence: 0.7
Answer: Michael K. Williams Confidence: 0.6
Answer: Lance Reddick Confidence: 0.5
Answer: Wendell Pierce Confidence: 0.4",Idris Elba,0.8,0.0,0,0
219,4hop1__58323_375563_161848_53331,When was the death penalty abolished in the country near the country where the writer of The Book Thief is a citizen of?,1989,"Answer: 1985 Confidence: 0.7
Answer: 1987 Confidence: 0.6
Answer: 1973 Confidence: 0.5
Answer: 1990 Confidence: 0.4
Answer: 1969 Confidence: 0.3",1985,0.7,0.0,0,0
220,2hop__283298_22402,How many students attend the university employing Marie Theres Fögen?,"nearly 25,000","Answer: 20,000 Confidence: 0.7
Answer: 25,000 Confidence: 0.6
Answer: 15,000 Confidence: 0.5
Answer: 30,000 Confidence: 0.4
Answer: 10,000 Confidence: 0.3","20,000",0.7,0.0,0,0
221,2hop__998_25855,What does dell call the feature letting the interface replacing FireWire in later iterations of the iPod drives to remain powered when the computer is off?,PowerShare,"Answer: USB On-The-Go Confidence: 0.7
Answer: Sleep-and-Charge Confidence: 0.6
Answer: USB PowerShare Confidence: 0.8
Answer: FireWire Alternative Mode Confidence: 0.5
Answer: Always-On USB Confidence: 0.4",USB PowerShare,0.8,0.6666666666666666,0,1
222,3hop1__408237_400692_51423,What is the name of the castle in the birthplace of Harmony's performer?,Casa Loma,"Answer: Greifenstein Castle Confidence: 0.7
Answer: Wartburg Castle Confidence: 0.6
Answer: Altenburg Castle Confidence: 0.5
Answer: Ehrenstein Castle Confidence: 0.4
Answer: Leuchtenburg Castle Confidence: 0.3",Greifenstein Castle,0.7,0.0,0,0
223,2hop__72487_510545,Who is the spouse of the actor that plays vision in avengers age of ultron?,Jennifer Connelly,"Answer: Jennifer Connelly Confidence: 0.9  
Answer: Paul Bettany Confidence: 0.8  
Answer: Elizabeth Olsen Confidence: 0.3  
Answer: Scarlett Johansson Confidence: 0.2  
Answer: Chris Evans Confidence: 0.1",Jennifer Connelly,0.9,1.0,1,1
224,3hop1__351696_42197_18397,Where did the person who argued that the country where Ural Oblast is located had become an imperialist power declare he would intervene in the Korean conflict?,the Politburo,"Answer: Pyongyang Confidence: 0.7  
Answer: Moscow Confidence: 0.6  
Answer: Beijing Confidence: 0.5  
Answer: Seoul Confidence: 0.4  
Answer: Washington Confidence: 0.3",Pyongyang,0.7,0.0,0,0
225,3hop1__579562_629431_124169,What year did the Governor of the city where Pacem in Terris' author died end?,1952,"Answer: 1963 Confidence: 0.7  
Answer: 1965 Confidence: 0.6  
Answer: 1967 Confidence: 0.5  
Answer: 1961 Confidence: 0.4  
Answer: 1968 Confidence: 0.3",1963,0.7,0.0,0,0
226,4hop1__161765_53706_795904_580996,What city shares a border with the city where the person who went to the state where Englebart died during the gold rush works?,Rio Linda,"Answer: San Francisco Confidence: 0.4  
Answer: Sacramento Confidence: 0.3  
Answer: Oakland Confidence: 0.2  
Answer: Los Angeles Confidence: 0.05  
Answer: San Jose Confidence: 0.05",San Francisco,0.4,0.0,0,0
227,2hop__71294_494136,Who is the spouse of the actor who plays the father on I Can Only Imagine?,Meg Ryan,"Answer: Kelly Pardekooper Confidence: 0.5
Answer: Mila Kunis Confidence: 0.3
Answer: Jennifer Aniston Confidence: 0.2
Answer: Nicole Kidman Confidence: 0.1
Answer: Angelina Jolie Confidence: 0.1",Kelly Pardekooper,0.5,0.0,0,0
228,2hop__657913_88628,Who did the producer of Big Jim McLain play in True Grit?,U.S. Marshal Rooster Cogburn,"Answer: John Wayne Confidence: 0.8
Answer: Robert Duvall Confidence: 0.1
Answer: James Stewart Confidence: 0.05
Answer: Glenn Ford Confidence: 0.03
Answer: Lee Marvin Confidence: 0.02",John Wayne,0.8,0.0,0,1
229,2hop__699172_141338,What company is the school where Lawrence Landweber was educated a part of?,City University of New York,"Answer: University of Wisconsin-Madison Confidence: 0.8
Answer: University of Wisconsin Confidence: 0.7
Answer: University of California Confidence: 0.3
Answer: MIT Confidence: 0.2
Answer: Harvard University Confidence: 0.1",University of Wisconsin-Madison,0.8,0.5,0,0
230,2hop__613779_55984,"Who wrote the song ""The Story"" that is sung by the performer of ""That Wasn't Me""?",Phil Hanseroth,"Answer: Brandi Carlile Confidence: 0.9
Answer: Phil Hanseroth Confidence: 0.8
Answer: Tim Hanseroth Confidence: 0.8
Answer: Tanya Tucker Confidence: 0.1
Answer: Lori McKenna Confidence: 0.1",Brandi Carlile,0.9,0.0,0,0
231,2hop__747667_52835,Who wrote Turn Me On by the Thinking About You performer?,John D. Loudermilk,"Answer: David Guetta Confidence: 0.8  
Answer: Nicki Minaj Confidence: 0.6  
Answer: David Guetta featuring Nicki Minaj Confidence: 0.7  
Answer: Giorgio Tuinfort Confidence: 0.5  
Answer: Afrojack Confidence: 0.4",David Guetta,0.8,0.0,0,0
232,3hop1__604797_443779_52195,who is the president of newly declared independent country which is the country of the country of Alabio –Timor Leste Commission of Truth and Friendship?,Francisco Guterres,"Answer: José Ramos-Horta Confidence: 0.7
Answer: Xanana Gusmão Confidence: 0.6
Answer: Kay Rala Xanana Gusmão Confidence: 0.5
Answer: Francisco Guterres Confidence: 0.4
Answer: Taur Matan Ruak Confidence: 0.3",José Ramos-Horta,0.7,0.0,0,0
233,3hop2__802066_223623_162182,"In what region of the country where Châu Đức is found, is the birthplace of John Phan?",South Central Coast,"Answer: Vietnam Confidence: 0.8
Answer: Southeast Asia Confidence: 0.7
Answer: Ho Chi Minh City Confidence: 0.6
Answer: Southern Vietnam Confidence: 0.5
Answer: Mekong Delta Confidence: 0.4",Vietnam,0.8,0.0,0,0
234,4hop1__236903_153080_159767_81096,Who won the Indy Car Race in the largest city and state of the state where the performer of East Coasting is from?,Mario Andretti,"Answer: Scott Dixon Confidence: 0.6
Answer: Will Power Confidence: 0.5
Answer: Josef Newgarden Confidence: 0.4
Answer: Simon Pagenaud Confidence: 0.3
Answer: Alexander Rossi Confidence: 0.2",Scott Dixon,0.6,0.0,0,0
235,2hop__2683_577502,Who married the governor who passed a law in honor of Donda West?,Maria Shriver,"Answer: Kim Kardashian Confidence: 0.9  
Answer: Kanye West Confidence: 0.85  
Answer: Kris Jenner Confidence: 0.3  
Answer: North West Confidence: 0.2  
Answer: Arnold Schwarzenegger Confidence: 0.1",Kim Kardashian,0.9,0.0,0,0
236,3hop2__304722_781203_63959,When was the last time the team who Bernard Lowe was a member of beat the winner of the 1894-95 FA Cup?,1 December 2010,"Answer: 1894 Confidence: 0.3  
Answer: 1895 Confidence: 0.3  
Answer: 1896 Confidence: 0.2  
Answer: 1893 Confidence: 0.1  
Answer: 1897 Confidence: 0.1",1894,0.3,0.0,0,0
237,3hop2__49541_121067_51068,The queen of england in 1890 is portrayed on the network that broadcast The Pacific Century by whom?,Jenna - Louise Coleman,"Answer: Netflix Confidence: 0.1  
Answer: BBC Confidence: 0.2  
Answer: HBO Confidence: 0.5  
Answer: PBS Confidence: 0.8  
Answer: Discovery Channel Confidence: 0.3",PBS,0.8,0.0,0,0
238,2hop__55552_158105,What two features of Windows 98 were highlighted by the man who announced Windows in 1983?,ease of use and enhanced support for Plug and Play,"Answer: Plug and Play; Active Desktop Confidence: 0.6  
Answer: Plug and Play; Internet Explorer Confidence: 0.4  
Answer: Active Desktop; FAT32 Confidence: 0.3  
Answer: Internet Explorer; Start Menu Confidence: 0.2  
Answer: Taskbar; System Tray Confidence: 0.1",Plug and Play; Active Desktop,0.6,0.4,0,0
239,2hop__124933_653666,Who is the mother of the father of Julia Murdock Smith?,Lucy Mack Smith,"Answer: Lucy Mack Smith Confidence: 0.9
Answer: Emma Smith Confidence: 0.7
Answer: Joseph Smith Sr. Confidence: 0.5
Answer: Hyrum Smith Confidence: 0.3
Answer: Joseph Smith Jr. Confidence: 0.1",Lucy Mack Smith,0.9,1.0,1,1
240,2hop__848156_130869,What state contains the place where Fatata te Miti is displayed?,"Washington, D.C.","Answer: New York Confidence: 0.8
Answer: California Confidence: 0.2
Answer: Hawaii Confidence: 0.1
Answer: Illinois Confidence: 0.05
Answer: Massachusetts Confidence: 0.05",New York,0.8,0.0,0,0
241,3hop1__79039_131926_13165,What treaty ceded territory to the US extending west to the river next to the city that's the home of the Juicy Lucy?,Treaty of Paris,"Answer: Louisiana Purchase Confidence: 0.7
Answer: Treaty of Guadalupe Hidalgo Confidence: 0.6
Answer: Adams-Onset Treaty Confidence: 0.5 
Answer: Treaty of Paris 1783 Confidence: 0.4
Answer: Oregon Treaty Confidence: 0.3",Louisiana Purchase,0.7,0.0,0,0
242,2hop__527400_159673,"This cast member in ""Search for the Gods"" also plays a character in which film?",The Hateful Eight,"Answer: Stargate Confidence: 0.6  
Answer: Independence Day Confidence: 0.5  
Answer: The Patriot Confidence: 0.4  
Answer: Men in Black Confidence: 0.3  
Answer: The Rock Confidence: 0.2",Stargate,0.6,0.0,0,0
243,4hop3__279362_88460_30152_20999,How were people from whom new coins were a proclamation of independence by the Somali Muslim Ajuran Empire expelled from the natural boundary between Thailand and Vat Yotkeo's country?,The dynasty regrouped and defeated the Portuguese,"Answer: British Confidence: 0.3  
Answer: French Confidence: 0.2  
Answer: Portuguese Confidence: 0.2  
Answer: Dutch Confidence: 0.2  
Answer: Ethiopian Confidence: 0.1",British,0.3,0.0,0,0
244,3hop1__57186_237521_291682,Who's married to the man who produced a documentary about the singer of She's Out of My Life?,Liza Minnelli,"Answer: Lisa Marie Presley Confidence: 0.7  
Answer: Debbie Rowe Confidence: 0.2  
Answer: Katherine Jackson Confidence: 0.05  
Answer: Diana Ross Confidence: 0.03  
Answer: Madonna Confidence: 0.02",Lisa Marie Presley,0.7,0.0,0,0
245,3hop2__132957_593597_40768,"When did the maker of Acura Legend, the manufacturer of Scion Fuse and Nissan open US assembly plants?",1981,"Answer: 1982 Confidence: 0.7  
Answer: 1986 Confidence: 0.6  
Answer: 1989 Confidence: 0.5  
Answer: 1984 Confidence: 0.4  
Answer: 1988 Confidence: 0.3",1982,0.7,0.0,0,0
246,3hop1__198276_709625_84283,Who is the owner of the record label of the performer of What Kind of Love?,Warner Music Group,"Answer: Clive Davis Confidence: 0.7  
Answer: L.A. Reid Confidence: 0.6  
Answer: David Geffen Confidence: 0.5  
Answer: Scooter Braun Confidence: 0.4  
Answer: Jimmy Iovine Confidence: 0.3",Clive Davis,0.7,0.0,0,0
247,2hop__35445_22458,What is the full name of the organization that publishes he Laws of the Game?,International Federation of Association Football,"Answer: FIFA Confidence: 0.9  
Answer: International Football Association Board Confidence: 0.8  
Answer: The International Football Association Board Confidence: 0.7  
Answer: IFAB Confidence: 0.6  
Answer: Fédération Internationale de Football Association Confidence: 0.5",FIFA,0.9,0.0,0,1
248,3hop2__668732_467331_162182,"In what region of the country containing An Phú, is the city with the Zone 5 Military Museum located?",South Central Coast,"Answer: Mekong Delta Confidence: 0.8
Answer: Ho Chi Minh City Confidence: 0.6
Answer: Hanoi Confidence: 0.4
Answer: Central Highlands Confidence: 0.2
Answer: Da Nang Confidence: 0.1",Mekong Delta,0.8,0.0,0,0
249,2hop__89403_122023,Which university educated the scientist who developed an explanation for the photoelectric effect?,Luitpold Gymnasium,"Answer: University of Zurich Confidence: 0.6  
Answer: ETH Zurich Confidence: 0.4  
Answer: Humboldt University of Berlin Confidence: 0.3  
Answer: University of Bern Confidence: 0.2  
Answer: Charles University in Prague Confidence: 0.1",University of Zurich,0.6,0.0,0,0
250,2hop__133241_33564,In what era was the company known as the manufacturer of Agni-V founded?,From the 1950s to the 1970s,"Answer: 1980s Confidence: 0.5
Answer: 1990s Confidence: 0.4
Answer: 2000s Confidence: 0.3
Answer: 1970s Confidence: 0.2
Answer: 2010s Confidence: 0.1",1980s,0.5,0.0,0,0
251,2hop__822965_165304,Who is the child of the actor who is a cast member of Love in Pawn?,Kim Braden,"Answer: Brooklyn Beckham Confidence: 0.4  
Answer: Romeo Beckham Confidence: 0.3  
Answer: Cruz Beckham Confidence: 0.2  
Answer: Harper Beckham Confidence: 0.1  
Answer: Jaden Smith Confidence: 0.0",Brooklyn Beckham,0.4,0.0,0,0
252,4hop3__129318_29339_508306_70744,University of the state having Fort Hill or university of the state whose primary was won by Edwards besides the state having James B. Simmons House has more national championships?,University of South Carolina,"Answer: Clemson Confidence: 0.7  
Answer: University of South Carolina Confidence: 0.2  
Answer: University of Michigan Confidence: 0.05  
Answer: University of Alabama Confidence: 0.03  
Answer: University of Georgia Confidence: 0.02",Clemson,0.7,0.0,0,0
253,2hop__38030_23241,"According to Pew, in 2010, what percent of Nigeria's population practiced the religion dominant in the countries surrounding Armenia?",48.8 percent,"Answer: 48% Confidence: 0.8  
Answer: 45% Confidence: 0.7  
Answer: 50% Confidence: 0.6  
Answer: 42% Confidence: 0.5  
Answer: 55% Confidence: 0.4",48%,0.8,0.0,0,1
254,2hop__150866_11402,"According to the agency that published U.S. and World Population Clock, what is the total area in square miles?",17.037 square miles,"Answer: 3,796,742 Confidence: 0.3
Answer: 3,531,905 Confidence: 0.2
Answer: 3,717,813 Confidence: 0.2
Answer: 3,618,783 Confidence: 0.2
Answer: 3,855,000 Confidence: 0.1","3,796,742",0.3,0.0,0,0
255,2hop__132969_417697,What model of car was Mohammed Atta's vehicle that is from the company that makes Datsun Sports?,Nissan Altima,"Answer: Nissan Altima Confidence: 0.3  
Answer: Nissan Maxima Confidence: 0.25  
Answer: Nissan Sentra Confidence: 0.2  
Answer: Datsun 240Z Confidence: 0.15  
Answer: Nissan Versa Confidence: 0.1",Nissan Altima,0.3,1.0,1,1
256,2hop__96414_159054,What was the story of the character from The Bourne Ultimatum based on?,the novel of the same name by Robert Ludlum,"Answer: Robert Ludlum's novel Confidence: 0.9
Answer: Jason Bourne's amnesia and CIA involvement Confidence: 0.7
Answer: Cold War espionage themes Confidence: 0.6
Answer: Government conspiracy and rogue agents Confidence: 0.5
Answer: Real-life spy stories Confidence: 0.4",Robert Ludlum's novel,0.9,0.4,0,1
257,2hop__304852_758385,What administrative territorial entity contains the place where KPRM is licensed to broadcast to?,Hubbard County,"Answer: California Confidence: 0.8
Answer: United States Confidence: 0.7
Answer: Los Angeles Confidence: 0.6
Answer: San Bernardino County Confidence: 0.5
Answer: Riverside County Confidence: 0.4",California,0.8,0.0,0,0
258,2hop__88906_55840,"In the King's Speech, who played the person who was the King of England in 1950?",Colin Firth,"Answer: Colin Firth Confidence: 0.9
Answer: Geoffrey Rush Confidence: 0.1
Answer: Guy Pearce Confidence: 0.05
Answer: Michael Gambon Confidence: 0.05
Answer: Derek Jacobi Confidence: 0.05",Colin Firth,0.9,1.0,1,1
259,2hop__147260_623159,What territorial entity does the town where John the Hairy lived belong to?,Yaroslavl Oblast,"Answer: Spain Confidence: 0.7  
Answer: Portugal Confidence: 0.2  
Answer: France Confidence: 0.05  
Answer: Andorra Confidence: 0.03  
Answer: Gibraltar Confidence: 0.02",Spain,0.7,0.0,0,0
260,4hop2__161602_474028_88460_21074,Who runs the school system in the country on the natural boundary between the country that hosted the tournament and the country where A Don is from?,the Ministry of Education,"Answer: Mexico Confidence: 0.4
Answer: United States Confidence: 0.3
Answer: Canada Confidence: 0.2
Answer: Brazil Confidence: 0.05
Answer: Argentina Confidence: 0.05",Mexico,0.4,0.0,0,0
261,2hop__697729_576069,Adolf Overweg died in what geological area?,Chad Basin,"Answer: Lake Chad Confidence: 0.8
Answer: Sahara Desert Confidence: 0.7
Answer: Tibesti Mountains Confidence: 0.6
Answer: Niger River Delta Confidence: 0.5
Answer: Aïr Mountains Confidence: 0.4",Lake Chad,0.8,0.5,0,1
262,4hop2__160585_14670_8987_8974,Hana Mandlikova was born in Country A that invaded Country B because the military branch the Air Defense Artillery is part of was unprepared. Country B was the only communist country to have an embassy where?,Alfredo Stroessner's Paraguay,"Answer: Israel Confidence: 0.7
Answer: Vatican Confidence: 0.6
Answer: United States Confidence: 0.5
Answer: China Confidence: 0.4
Answer: South Africa Confidence: 0.3",Israel,0.7,0.0,0,0
263,2hop__95970_152907,What city is the star of Sous les pieds des femmes from?,La Goulette,"Answer: Algiers Confidence: 0.8  
Answer: Paris Confidence: 0.1  
Answer: Marseille Confidence: 0.05  
Answer: Casablanca Confidence: 0.03  
Answer: Tunis Confidence: 0.02",Algiers,0.8,0.0,0,0
264,2hop__82051_7298,"Along with the subject of The One That Got Away, what notable pop artist started out his career on adult contemporary radio?",Michael Bublé,"Answer: Bruno Mars Confidence: 0.85
Answer: Katy Perry Confidence: 0.70
Answer: Ed Sheeran Confidence: 0.60
Answer: Justin Bieber Confidence: 0.50
Answer: John Mayer Confidence: 0.40",Bruno Mars,0.85,0.0,0,0
265,2hop__96812_130869,The Small Cowper Madonna painting is displayed in what state?,"Washington, D.C.","Answer: Washington, D.C. Confidence: 0.9  
Answer: Virginia Confidence: 0.6  
Answer: Maryland Confidence: 0.5  
Answer: New York Confidence: 0.3  
Answer: California Confidence: 0.1","Washington, D.C.",0.9,1.0,1,1
266,2hop__95687_577502,Who is the spouse of the leading actor in the film The 6th Day?,Maria Shriver,"Answer: Arnold Schwarzenegger Confidence: 1.0
Answer: Maria Shriver Confidence: 0.9
Answer: Bridget Moynahan Confidence: 0.7
Answer: Kennedy family Confidence: 0.5
Answer: action hero Confidence: 0.3",Arnold Schwarzenegger,1.0,0.0,0,0
267,2hop__87589_362941,Where was the founder of the National Women's Party born?,Mount Laurel Township,"Answer: Mount Laurel, New Jersey Confidence: 0.8
Answer: Chicago, Illinois Confidence: 0.6
Answer: Boston, Massachusetts Confidence: 0.5
Answer: Philadelphia, Pennsylvania Confidence: 0.4
Answer: New York, New York Confidence: 0.3","Mount Laurel, New Jersey",0.8,0.5714285714285715,0,1
268,2hop__160292_23241,"According to Pew, in 2010, what percent of Nigeria's population practiced the religion of most of the workers?",48.8 percent,"Answer: 50.8% Confidence: 0.8  
Answer: 50.4% Confidence: 0.7  
Answer: 49.2% Confidence: 0.6  
Answer: 51.3% Confidence: 0.5  
Answer: 48.7% Confidence: 0.4",50.8%,0.8,0.0,0,0
269,4hop1__813171_153080_159767_81096,Who won the Indy car race in the largest city and capitol of the state where the Changes Two performer is from?,Mario Andretti,"Answer: Josef Newgarden Confidence: 0.6  
Answer: Scott Dixon Confidence: 0.5  
Answer: Will Power Confidence: 0.4  
Answer: Simon Pagenaud Confidence: 0.3  
Answer: Alexander Rossi Confidence: 0.2",Josef Newgarden,0.6,0.0,0,0
270,4hop1__88342_49853_128008_46894,Who has the lowest batting average in the league that the team that has won the most titles from the competition they give out MVP awards plays for?,Bill Bergen,"Answer: Chris Davis Confidence: 0.7
Answer: Miguel Cabrera Confidence: 0.1
Answer: Joey Gallo Confidence: 0.1
Answer: Aaron Judge Confidence: 0.05
Answer: Mike Trout Confidence: 0.05",Chris Davis,0.7,0.0,0,0
271,3hop1__76377_40769_64047,When did the luxury division of the top selling car brand change the body style of the rx 350?,Sales began worldwide in April 2012,"Answer: 2015 Confidence: 0.8
Answer: 2016 Confidence: 0.7
Answer: 2014 Confidence: 0.6
Answer: 2017 Confidence: 0.5
Answer: 2013 Confidence: 0.4",2015,0.8,0.0,0,0
272,2hop__552607_126089,Who was in charge of the province which contains Zeevang?,Johan Remkes,"Answer: King Willem-Alexander Confidence: 0.3  
Answer: Mark Rutte Confidence: 0.4  
Answer: Noord-Holland provincial executive Confidence: 0.7  
Answer: Dutch government Confidence: 0.5  
Answer: Kommissaris van de Koning Confidence: 0.8",Kommissaris van de Koning,0.8,0.0,0,1
273,4hop3__668721_132409_146285_35031,"In the top five largest urban areas in the state where the performer of The Paramour Sessions was from, where does the place of death for Alexander Golitzen rank?",third-largest,"Answer: 1 Confidence: 0.3  
Answer: 2 Confidence: 0.25  
Answer: 3 Confidence: 0.2  
Answer: 4 Confidence: 0.15  
Answer: 5 Confidence: 0.1",1,0.3,0.0,0,0
274,3hop2__89854_38738_76291,When did the party that holds the majority in the House of Representatives take control of the branch that gives regulators discretion to prohibit proprietary trades?,January 2015,"Answer: 2010 Confidence: 0.7  
Answer: 2011 Confidence: 0.6  
Answer: 2009 Confidence: 0.5  
Answer: 2012 Confidence: 0.4  
Answer: 2008 Confidence: 0.3",2010,0.7,0.0,0,0
275,2hop__62951_64006,"As a result of the Black Death, how much was the population reduced in the place that the US helped with the Marshall Plan?",30% to 65%,"Answer: 30% Confidence: 0.7
Answer: 50% Confidence: 0.6
Answer: 40% Confidence: 0.5
Answer: 25% Confidence: 0.4
Answer: 20% Confidence: 0.3",30%,0.7,0.5,0,1
276,2hop__611178_131968,Which is the body of water by the village which borders Long Ditton?,River Thames,"Answer: Thames Confidence: 0.7  
Answer: Mole Confidence: 0.5  
Answer: Wey Confidence: 0.3  
Answer: Ember Confidence: 0.4  
Answer: Hogsmill Confidence: 0.2",Thames,0.7,0.6666666666666666,0,1
277,2hop__3131_3300,Which season was the runner up of the third season of American Idol on?,season three,"Answer: Season 3 Confidence: 0.7
Answer: Season 2 Confidence: 0.5
Answer: Season 4 Confidence: 0.4
Answer: Season 1 Confidence: 0.3
Answer: Season 5 Confidence: 0.2",Season 3,0.7,0.5,0,1
278,3hop1__662618_339990_54675,What mountain can you see from Portland in the state where Fishing Creek Confederacy is located?,Tualatin Mountains,"Answer: Mount Hood Confidence: 0.9  
Answer: Mount St. Helens Confidence: 0.7  
Answer: Mount Adams Confidence: 0.6  
Answer: Mount Jefferson Confidence: 0.5  
Answer: Mount Rainier Confidence: 0.4",Mount Hood,0.9,0.0,0,0
279,4hop1__56270_53706_795904_580996,What shares a border with the city where the person who went to the state where the 951 area code is used during the gold rush works?,Rio Linda,"Answer: California Confidence: 0.8  
Answer: Nevada Confidence: 0.6  
Answer: Arizona Confidence: 0.5  
Answer: Oregon Confidence: 0.4  
Answer: Baja California Confidence: 0.3",California,0.8,0.0,0,0
280,2hop__126306_396277,What is another notable work by the illustrator of Sylvester and the Magic Pebble?,Doctor De Soto,"Answer: Amos & Boris Confidence: 0.8
Answer: The Amazing Bone Confidence: 0.7
Answer: Doctor De Soto Confidence: 0.6
Answer: Abel's Island Confidence: 0.5
Answer: Frederick Confidence: 0.4",Amos & Boris,0.8,0.0,0,1
281,4hop1__56635_49925_13759_736921,"The German priest, who wanted to reform the religious denomination now the largest in the US, preached a sermon on Marian devotion soon before his death in which German state?",Saxony-Anhalt,"Answer: Saxony Confidence: 0.8  
Answer: Thuringia Confidence: 0.6  
Answer: Bavaria Confidence: 0.4  
Answer: Hesse Confidence: 0.3  
Answer: Brandenburg Confidence: 0.2",Saxony,0.8,0.0,0,0
282,2hop__506035_325512,In which county was Larkin I. Smith born?,Pearl River County,"Answer: Harrison County Confidence: 0.3  
Answer: Jackson County Confidence: 0.2  
Answer: Hancock County Confidence: 0.2  
Answer: Pearl River County Confidence: 0.2  
Answer: Stone County Confidence: 0.1",Harrison County,0.3,0.4,0,0
283,2hop__663184_57816,What is the U.S. News ranking of the law school at Bruce Nissen's employer?,100,"Answer: University of Miami - 60 Confidence: 0.8
Answer: University of Miami - 70 Confidence: 0.7 
Answer: University of Miami - 50 Confidence: 0.6 
Answer: University of Miami - 80 Confidence: 0.5 
Answer: University of Miami - 90 Confidence: 0.4",University of Miami - 60,0.8,0.0,0,0
284,2hop__41158_22946,Who said one of the greatest thinkers was the person who proposed explanations for the origins of earthquakes and the formation of mountains?,George Sarton,"Answer: Aristotle Confidence: 0.8  
Answer: Charles Lyell Confidence: 0.3  
Answer: James Hutton Confidence: 0.3  
Answer: Thales Confidence: 0.2  
Answer: Anaximander Confidence: 0.1",Aristotle,0.8,0.0,0,0
285,3hop1__584774_131926_87157,What is the direction of flow of the body of water by the city where Uni-Systems is headquartered?,rises in northern Minnesota and meanders slowly southwards,"Answer: West Confidence: 0.7  
Answer: South Confidence: 0.6  
Answer: East Confidence: 0.5  
Answer: North Confidence: 0.4  
Answer: Southeast Confidence: 0.3",West,0.7,0.0,0,0
286,2hop__6827_88924,Who is the chairman of the company that bought FleetBoston Financial?,Brian Thomas Moynihan,"Answer: Jamie Dimon Confidence: 0.8
Answer: James Dimon Confidence: 0.1
Answer: Warren Buffett Confidence: 0.05
Answer: Larry Fink Confidence: 0.03
Answer: Brian Moynihan Confidence: 0.02",Jamie Dimon,0.8,0.0,0,0
287,3hop1__169494_42197_18397,Where did the arguer that Dmitry Okhotsimsky's country of citizenship had become an imperialist power declare he would intervene in the Korean conflict?,the Politburo,"Answer: Soviet Union Confidence: 0.8  
Answer: Russia Confidence: 0.7  
Answer: China Confidence: 0.5  
Answer: United States Confidence: 0.3  
Answer: North Korea Confidence: 0.2",Soviet Union,0.8,0.0,0,0
288,2hop__80375_90181,what is the deepest part of the ocean off the east coast of the united states?,Milwaukee Deep,"Answer: Puerto Rico Trench Confidence: 0.9  
Answer: Milwaukee Deep Confidence: 0.8  
Answer: Sigsbee Deep Confidence: 0.6  
Answer: Hatteras Abyss Confidence: 0.5  
Answer: Blake Basin Confidence: 0.4",Puerto Rico Trench,0.9,0.0,0,1
289,3hop2__104979_23308_28343,When did the troops of the country blamed for the stagnation and failure of the Tripartite discussion leave the country known for Afghan bread?,February 1989,"Answer: 1979 Confidence: 0.6  
Answer: 1989 Confidence: 0.7  
Answer: 2001 Confidence: 0.5  
Answer: 1980 Confidence: 0.4  
Answer: 1981 Confidence: 0.3",1989,0.7,0.6666666666666666,0,1
290,3hop1__587540_514761_594810,What record label does the spouse of Mama's Broken Heart's performer belong to?,Warner Bros. Records,"Answer: Columbia Records Confidence: 0.85  
Answer: Capitol Records Confidence: 0.75  
Answer: RCA Records Confidence: 0.65  
Answer: Warner Bros. Records Confidence: 0.55  
Answer: Big Machine Records Confidence: 0.45",Columbia Records,0.85,0.4,0,0
291,2hop__96411_159054,What was the story of the character from The Bourne Deception based on?,the novel of the same name by Robert Ludlum,"Answer: Jason Bourne, amnesia, espionage Confidence: 0.8  
Answer: CIA, black ops, memory loss Confidence: 0.7  
Answer: Treadstone, assassin, identity crisis Confidence: 0.6  
Answer: Robert Ludlum, spy, conspiracy Confidence: 0.5  
Answer: amnesiac agent, covert operations, revenge Confidence: 0.4","Jason Bourne, amnesia, espionage",0.8,0.0,0,0
292,4hop1__836115_49925_13759_736921,Where is the district that the person who wanted to reform and address Vincentas Sladkevičius' religion preached a sermon on Marian devotion before his death located?,Saxony-Anhalt,"Answer: Kaišiadorys District Confidence: 0.7  
Answer: Vilnius District Confidence: 0.5  
Answer: Kaunas District Confidence: 0.4  
Answer: Utena District Confidence: 0.3  
Answer: Panevėžys District Confidence: 0.2",Kaišiadorys District,0.7,0.0,0,0
293,3hop1__108062_720914_27537,Why did Roncalli leave the city where La Bella's creator died?,for the conclave in Rome,"Answer: To become pope Confidence: 0.6
Answer: For a new job Confidence: 0.4
Answer: Due to political reasons Confidence: 0.3
Answer: Family reasons Confidence: 0.2
Answer: Health reasons Confidence: 0.1",To become pope,0.6,0.0,0,1
294,3hop1__136129_87694_64412,When did the place where the head of the catholic region named after the same saint as the Dakovo Cathedral become its own country?,11 February 1929,"Answer: 1991 Confidence: 0.8
Answer: 1992 Confidence: 0.6
Answer: 1990 Confidence: 0.5
Answer: 1989 Confidence: 0.3
Answer: 1993 Confidence: 0.2",1991,0.8,0.0,0,0
295,4hop3__152056_698586_1926_54362,Who burned down the death city of the artist responsible for Dunn Dunn in the war after which the first time black people declined in living in NYC?,Confederate Gen. John Bell Hood,"Answer: Sherman Confidence: 0.3  
Answer: Union Army Confidence: 0.2  
Answer: Confederates Confidence: 0.1  
Answer: British Confidence: 0.05  
Answer: Native Americans Confidence: 0.02",Sherman,0.3,0.0,0,0
296,3hop2__782397_467331_162182,"In what region of the country that contains Phu Luong, is the city that has the Zone 5 Military Museum located?",South Central Coast,"Answer: Northern Vietnam Confidence: 0.8  
Answer: North Central Vietnam Confidence: 0.7  
Answer: Central Vietnam Confidence: 0.6  
Answer: Red River Delta Confidence: 0.5  
Answer: Southeast Vietnam Confidence: 0.3",Northern Vietnam,0.8,0.0,0,0
297,3hop2__304722_526346_63959,When was the last time the sports team having Trevor Dark as a member beat the winner of 1894–95 FA Cup?,1 December 2010,"Answer: 1895 Confidence: 0.3
Answer: 1896 Confidence: 0.2
Answer: 1894 Confidence: 0.2
Answer: 1897 Confidence: 0.1
Answer: 1893 Confidence: 0.1",1895,0.3,0.0,0,0
298,2hop__463884_807572,What county is the Ira C. Allen Mansion located in?,Monmouth County,"Answer: Middlesex County Confidence: 0.6  
Answer: Essex County Confidence: 0.2  
Answer: Suffolk County Confidence: 0.1  
Answer: Franklin County Confidence: 0.05  
Answer: Worcester County Confidence: 0.05",Middlesex County,0.6,0.5,0,0
299,2hop__458131_174974,Who is the spouse of the Rabbit Hole's producer?,Keith Urban,"Answer: Lana Wachowski Confidence: 0.6  
Answer: Lilly Wachowski Confidence: 0.6  
Answer: Keanu Reeves Confidence: 0.3  
Answer: Carrie-Anne Moss Confidence: 0.3  
Answer: Hugo Weaving Confidence: 0.2",Lana Wachowski,0.6,0.0,0,0
300,3hop1__222497_309482_89834,When did the merchant of the city where the composer of Al gran sole carico d'amore takes place?,16th - century,"Answer: 1607 Confidence: 0.6  
Answer: 1874 Confidence: 0.4  
Answer: 1896 Confidence: 0.3  
Answer: 1900 Confidence: 0.2  
Answer: 1920 Confidence: 0.1",1607,0.6,0.0,0,0
301,3hop2__106842_30645_84681,When did the people who first settled the Delaware Valley come to the country which produced the show @Seven?,13 December 1642,"Answer: 1600s Confidence: 0.6  
Answer: 1700s Confidence: 0.3  
Answer: 1500s Confidence: 0.1  
Answer: 1800s Confidence: 0.05  
Answer: 1400s Confidence: 0.05",1600s,0.6,0.0,0,1
302,4hop3__474028_88460_30152_20999,How were people from whom new coins were a proclamation of independence by the Somali Muslim Ajuran Empire expelled from the natural boundary between Thailand and A Don's country?,The dynasty regrouped and defeated the Portuguese,"Answer: By force Confidence: 0.5  
Answer: Through treaties Confidence: 0.3  
Answer: Military campaigns Confidence: 0.4  
Answer: Negotiations Confidence: 0.2  
Answer: Economic sanctions Confidence: 0.1",By force,0.5,0.0,0,0
303,2hop__37353_23241,"According to Pew in 2010, what percent of Nigeria's population was the people who conquered the Eastern provinces of the Byzantine empire?",48.8 percent,"Answer: 50% Confidence: 0.2
Answer: 40% Confidence: 0.2
Answer: 30% Confidence: 0.2
Answer: 60% Confidence: 0.2
Answer: 70% Confidence: 0.2",50%,0.2,0.0,0,1
304,4hop1__726675_508773_85832_745702,Who is the child of the Italian navigator who explored the eastern coast of the continent César Gaytan was born in for the English?,Sebastian Cabot,"Answer: Christopher Columbus Confidence: 0.5  
Answer: Amerigo Vespucci Confidence: 0.3  
Answer: John Cabot Confidence: 0.4  
Answer: Ferdinand Magellan Confidence: 0.2  
Answer: Hernán Cortés Confidence: 0.1",Christopher Columbus,0.5,0.0,0,0
305,4hop1__88342_49853_128008_54974,What is the longest home run hit in the league where the team with the most titles from the event after which the MLB MVP is awarded plays?,about 575 feet,"Answer: 505 feet Confidence: 0.7  
Answer: 500 feet Confidence: 0.6  
Answer: 495 feet Confidence: 0.5  
Answer: 510 feet Confidence: 0.4  
Answer: 520 feet Confidence: 0.3",505 feet,0.7,0.4,0,0
306,2hop__47712_25719,At the end of which year did tribes from the place where the Celts are said to have migrated from invade the Roman empire?,406,"Answer: 390 BC Confidence: 0.7  
Answer: 387 BC Confidence: 0.6  
Answer: 400 BC Confidence: 0.5  
Answer: 386 BC Confidence: 0.4  
Answer: 391 BC Confidence: 0.3",390 BC,0.7,0.0,0,0
307,2hop__332453_139339,What was the director of The Accidental Husband nominated for?,Academy Award for Best Live Action Short Film,"Answer: Golden Globe Confidence: 0.7  
Answer: Emmy Award Confidence: 0.5  
Answer: Oscar Confidence: 0.3  
Answer: BAFTA Confidence: 0.2  
Answer: Independent Spirit Award Confidence: 0.1",Golden Globe,0.7,0.0,0,0
308,2hop__435184_67370,When does real time with the pizza man cast member start again in 2018?,"January 19, 2018","Answer: January 2018 Confidence: 0.7  
Answer: February 2018 Confidence: 0.6  
Answer: March 2018 Confidence: 0.5  
Answer: Spring 2018 Confidence: 0.4  
Answer: Fall 2018 Confidence: 0.3",January 2018,0.7,0.8,0,1
309,2hop__16581_16525,When did the person who first brought a postal service into Umayyad lands become caliph?,661,"Answer: 685 Confidence: 0.5  
Answer: 661 Confidence: 0.3  
Answer: 705 Confidence: 0.3  
Answer: 715 Confidence: 0.2  
Answer: 692 Confidence: 0.1",685,0.5,0.0,0,0
310,2hop__403580_37168,"According to QS World University Rankings, what is the ranking of the place that employed Said Ashour?",551-600,"Answer: University of Cambridge Confidence: 0.5
Answer: University of Oxford Confidence: 0.3
Answer: Harvard University Confidence: 0.1
Answer: MIT Confidence: 0.05
Answer: Stanford University Confidence: 0.05",University of Cambridge,0.5,0.0,0,0
311,2hop__389778_78303,"What was the cast member of Missing in Action's name in Walker, Texas Ranger?",Cordell Walker,"Answer: Chuck Norris Confidence: 1.0  
Answer: Jim Kelly Confidence: 0.8  
Answer: M. Emmet Walsh Confidence: 0.6  
Answer: David Essex Confidence: 0.4  
Answer: William Smith Confidence: 0.2",Chuck Norris,1.0,0.0,0,0
312,2hop__424294_19033,Where did the author of A Lion's Tale: Around the World in Spandex win in 2008?,Great American Bash,"Answer: WWE Hall of Fame Confidence: 0.7  
Answer: World Heavyweight Championship Confidence: 0.6  
Answer: Money in the Bank Confidence: 0.5  
Answer: Royal Rumble Confidence: 0.4  
Answer: ECW Championship Confidence: 0.3",WWE Hall of Fame,0.7,0.0,0,0
313,2hop__107548_124896,Who is the father of the artist who painted Head I?,Nicholas Bacon,"Answer: Francis Bacon Confidence: 0.7
Answer: Lucian Freud Confidence: 0.2
Answer: Charles Darwin Confidence: 0.05
Answer: Winston Churchill Confidence: 0.03
Answer: Pablo Picasso Confidence: 0.02",Francis Bacon,0.7,0.5,0,0
314,3hop1__761225_831637_91775,"What does seal stand for in the branch of the U.S. military that operates a list of destroyer classes, as well as containing the rank O-1?","Sea, Air, and Land","Answer: SEa, Air, Land Confidence: 0.9
Answer: Navy SEALs Confidence: 0.8
Answer: Special Warfare Confidence: 0.7
Answer: Naval Special Forces Confidence: 0.6
Answer: Combat Divers Confidence: 0.5","SEa, Air, Land",0.9,0.8571428571428571,0,1
315,2hop__75714_21969,When was the first governor general of India impeached?,1786,"Answer: 1788 Confidence: 0.7  
Answer: 1787 Confidence: 0.6  
Answer: 1785 Confidence: 0.5  
Answer: 1790 Confidence: 0.4  
Answer: 1789 Confidence: 0.3",1788,0.7,0.0,0,0
316,4hop1__860115_798482_131926_87157,What is the direction of flow of the body of water by the city sharing a border with Elizabeth Berg's birthplace?,rises in northern Minnesota and meanders slowly southwards,"Answer: Mississippi River Confidence: 0.8
Answer: Ohio River Confidence: 0.7
Answer: Missouri River Confidence: 0.6
Answer: Red River Confidence: 0.5
Answer: Illinois River Confidence: 0.4",Mississippi River,0.8,0.0,0,1
317,2hop__536283_67465,When did the performer of Watching Movies release Best Day Ever?,"March 11, 2011","Answer: 2011 Confidence: 0.8
Answer: 2010 Confidence: 0.7
Answer: 2012 Confidence: 0.6
Answer: 2009 Confidence: 0.5
Answer: 2013 Confidence: 0.4",2011,0.8,0.5,0,1
318,3hop2__127483_156850_10557,What was the language Auctor comes from during the era of Fastrada's spouse later known as?,Medieval Latin,"Answer: Latin Confidence: 0.8  
Answer: Old High German Confidence: 0.6  
Answer: Frankish Confidence: 0.5  
Answer: Old French Confidence: 0.4  
Answer: Gothic Confidence: 0.3",Latin,0.8,0.6666666666666666,0,1
319,4hop1__364476_439408_131976_90181,"What is the deepest part of the ocean, near the state, where the county that holds the city of Winchester is found?",Milwaukee Deep,"Answer: Mariana Trench Confidence: 0.9  
Answer: Puerto Rico Trench Confidence: 0.2  
Answer: Tonga Trench Confidence: 0.1  
Answer: Philippine Trench Confidence: 0.1  
Answer: Kermadec Trench Confidence: 0.05",Mariana Trench,0.9,0.0,0,0
320,3hop2__304722_330033_63959,When was the last time Tony Richard's team beat the 1894-95 FA Cup Winner?,1 December 2010,"Answer: 1900 Confidence: 0.3
Answer: 1896 Confidence: 0.25
Answer: 1898 Confidence: 0.2
Answer: 1902 Confidence: 0.15
Answer: 1899 Confidence: 0.1",1900,0.3,0.0,0,0
321,4hop1__88342_49853_128008_48717,"Who was the second pick in the 1999 draft of the organization, that includes the team with the most titles, in the event preceding the awarding of the MLB MVP?",Josh Beckett,"Answer: Steve Francis Confidence: 0.7  
Answer: Baron Davis Confidence: 0.6  
Answer: Elton Brand Confidence: 0.5  
Answer: Lamar Odom Confidence: 0.4  
Answer: Wally Szczerbiak Confidence: 0.3",Steve Francis,0.7,0.0,0,0
322,4hop1__152146_5274_458768_33632,What day is the Feast held in the city where the headquarters of the only group larger than Långa nätter's record label is located?,May 4,"Answer: June 23 Confidence: 0.8
Answer: June 24 Confidence: 0.7
Answer: Midsummer Confidence: 0.6
Answer: May 30 Confidence: 0.4
Answer: July 4 Confidence: 0.3",June 23,0.8,0.0,0,0
323,3hop2__60649_90098_10557,What was the language from which the last name Sylvester originated during the era of the Frankish king who formed the Holy Roman Empire later known as?,Medieval Latin,"Answer: Latin Confidence: 0.7
Answer: Frankish Confidence: 0.6
Answer: Germanic Confidence: 0.5
Answer: Old French Confidence: 0.4
Answer: Greek Confidence: 0.3",Latin,0.7,0.6666666666666666,0,1
324,3hop2__304722_747004_63959,When was the last time George Hollis's team beat the 1894-95 FA Cup winner?,1 December 2010,"Answer: 1894 Confidence: 0.4  
Answer: 1895 Confidence: 0.3  
Answer: 1893 Confidence: 0.15  
Answer: 1896 Confidence: 0.1  
Answer: 1892 Confidence: 0.05",1894,0.4,0.0,0,0
325,2hop__725233_150107,Who published Communications of the publisher of the Mobile Computing and Communications Review?,Association for Computing Machinery,"Answer: ACM Confidence: 0.7
Answer: IEEE Confidence: 0.2
Answer: Springer Confidence: 0.05
Answer: Elsevier Confidence: 0.03
Answer: USENIX Confidence: 0.02",ACM,0.7,0.0,0,1
326,3hop1__222497_737465_93723,"Who played Spyder, from the ""Once Upon a Time"" film set in the place of death of the composer of Al gran sole carico d'amore?",Jason Momoa,"Answer: Tom Hanks, Confidence: 0.7  
Answer: Leonardo DiCaprio, Confidence: 0.6  
Answer: Will Smith, Confidence: 0.5  
Answer: John Travolta, Confidence: 0.4  
Answer: Brad Pitt, Confidence: 0.3","Tom Hanks,",0.7,0.0,0,0
327,4hop1__88342_49853_128008_87812,When is the opening day of the league of the team with the most titles from the event after which they give out the MLB MVP award?,"Thursday, March 29","Answer: October Confidence: 0.7  
Answer: November Confidence: 0.6  
Answer: September Confidence: 0.5  
Answer: March Confidence: 0.4  
Answer: April Confidence: 0.3",October,0.7,0.0,0,0
328,4hop2__161602_426860_88460_63559,When was Burma's name changed to that of the country on the natural boundary between the country that hosted the tournament and the country where That Dam is from?,1235,"Answer: 1989 Confidence: 0.7  
Answer: 1975 Confidence: 0.2  
Answer: 1990 Confidence: 0.1  
Answer: 1985 Confidence: 0.05  
Answer: 2000 Confidence: 0.01",1989,0.7,0.0,0,0
329,2hop__35137_22940,What is the Book of Healing by the writer of The Canon of Medicine referred to in Arabic?,Kitab al-shifa,"Answer: Kitab al-Shifa Confidence: 0.9
Answer: Al-Shifa Confidence: 0.85
Answer: Kitab ash-Shifa Confidence: 0.8
Answer: Al-Shifa' Confidence: 0.75
Answer: The Book of Healing Confidence: 0.7",Kitab al-Shifa,0.9,1.0,1,1
330,2hop__681463_402641,Who is the sibling of Chiang Hsiao-wen?,Chiang Hsiao-wu,"Answer: Chiang Hsiao-wu Confidence: 0.7
Answer: Chiang Hsiao-chang Confidence: 0.6
Answer: Chiang Hsiao-yen Confidence: 0.5
Answer: Chiang Hsiao-lung Confidence: 0.4
Answer: Chiang Hsiao-hsiang Confidence: 0.3",Chiang Hsiao-wu,0.7,1.0,1,1
331,3hop2__6989_37759_74563,"When did the religious order that founded Harvard College, arrive in the region of the U.S. served by the Rainbow Times?",1630,"Answer: 1630 Confidence: 0.7  
Answer: 1620 Confidence: 0.6  
Answer: 1640 Confidence: 0.5  
Answer: 1650 Confidence: 0.4  
Answer: 1610 Confidence: 0.3",1630,0.7,1.0,1,1
332,2hop__71755_463572,What is the record label for the singer who originally sang You Belong To Me.,MGM Records,"Answer: Capitol Records Confidence: 0.8
Answer: Columbia Records Confidence: 0.7
Answer: Decca Records Confidence: 0.6
Answer: RCA Victor Confidence: 0.5
Answer: Mercury Records Confidence: 0.4",Capitol Records,0.8,0.5,0,0
333,2hop__170823_120171,What year did the publisher of Labyrinth end?,1986,"Answer: 2005 Confidence: 0.4  
Answer: 2004 Confidence: 0.3  
Answer: 2006 Confidence: 0.2  
Answer: 2007 Confidence: 0.05  
Answer: 2003 Confidence: 0.05",2005,0.4,0.0,0,0
334,4hop1__814776_765799_282674_759393,What is the seat of the county sharing a border with the county where Western Islands is headquartered?,Green Bay,"Answer: Stornoway Confidence: 0.7  
Answer: Inverness Confidence: 0.6  
Answer: Portree Confidence: 0.5  
Answer: Lochgilphead Confidence: 0.4  
Answer: Dunoon Confidence: 0.3",Stornoway,0.7,0.0,0,0
335,4hop1__152028_141441_458768_33633,When did the explorer reach the headquarters location of the group Con-Test's record label is part of?,"August 3, 1769","Answer: 1492 Confidence: 0.2  
Answer: 1776 Confidence: 0.15  
Answer: 1969 Confidence: 0.1  
Answer: 1995 Confidence: 0.05  
Answer: 2005 Confidence: 0.03",1492,0.2,0.0,0,0
336,3hop1__222497_309482_80702,What is the name of the famous bridge in the place where Al gran sole carico d'amore's composer worked?,Rialto Bridge,"Answer: Rialto Bridge Confidence: 0.7  
Answer: Ponte Vecchio Confidence: 0.6  
Answer: Ponte di Castelvecchio Confidence: 0.5  
Answer: Ponte della Costituzione Confidence: 0.4  
Answer: Ponte Sant'Angelo Confidence: 0.3",Rialto Bridge,0.7,1.0,1,1
337,3hop1__516535_834494_33939,"In 1900, what was the population of the city in the same county as Allen?","7,531","Answer: 3,875 Confidence: 0.3
Answer: 4,200 Confidence: 0.2
Answer: 3,500 Confidence: 0.2
Answer: 5,000 Confidence: 0.2
Answer: 2,950 Confidence: 0.1","3,875",0.3,0.0,0,0
338,2hop__562154_69048,Who is the Chief Judge in the place where DeltaWomen's headquarters in located?,Honorable Justice Abiodun Smith,"Answer: John G. Roberts Jr. Confidence: 0.4  
Answer: Marsha J. Pechman Confidence: 0.3  
Answer: Richard A. Jones Confidence: 0.2  
Answer: James L. Robart Confidence: 0.1  
Answer: Barbara Jacobs Rothstein Confidence: 0.1",John G. Roberts Jr.,0.4,0.0,0,0
339,3hop1__103662_443779_52195,Who is the president of the newly declared independent country that is part of the Commission of Truth and Friendship with Radiansyah's birth country?,Francisco Guterres,"Answer: Radiansyah Confidence: 0.2  
Answer: Joko Widodo Confidence: 0.15  
Answer: Prabowo Subianto Confidence: 0.1  
Answer: Susilo Bambang Yudhoyono Confidence: 0.08  
Answer: Megawati Sukarnoputri Confidence: 0.05",Radiansyah,0.2,0.0,0,0
340,2hop__785711_63853,What is the source of the body of water where Augrabies Falls is located?,Thaba Putsoa,"Answer: Orange River Confidence: 0.9  
Answer: Gariep River Confidence: 0.7  
Answer: Vaal River Confidence: 0.5  
Answer: Zambezi River Confidence: 0.2  
Answer: Limpopo River Confidence: 0.1",Orange River,0.9,0.0,0,0
341,3hop1__106042_64399_62676,"When did the city that spread Christianity to Rome, Egypt, Judea, and the country where Vasilopita originates, become the capital city of the Hebrews?",c. 1000 BCE,"Answer: 1000 BCE Confidence: 0.7  
Answer: 950 BCE Confidence: 0.6  
Answer: 1200 BCE Confidence: 0.5  
Answer: 800 BCE Confidence: 0.4  
Answer: 1050 BCE Confidence: 0.3",1000 BCE,0.7,0.8,0,1
342,2hop__846844_47134,What is the mascot of the school that owns Goss Stadium at Coleman Field?,Benny Beaver,"Answer: Beavers Confidence: 0.8
Answer: Ducks Confidence: 0.1
Answer: Cougars Confidence: 0.05
Answer: Huskies Confidence: 0.03
Answer: Bruins Confidence: 0.02",Beavers,0.8,0.0,0,1
343,3hop2__132957_433432_40768,"When did the maker of Acura Legend, the manufacturer of Lexus RX and Nissan open US assembly plants?",1981,"Answer: 1980s Confidence: 0.7
Answer: 1990s Confidence: 0.6
Answer: 1986 Confidence: 0.5
Answer: 1982 Confidence: 0.4
Answer: 2000s Confidence: 0.3",1980s,0.7,0.0,0,1
344,3hop2__30152_107291_20999,"How were the people that the Somali Muslim Ajuran Empire made coins to proclaim independence from, expelled from the country where Mohinga is eaten?",The dynasty regrouped and defeated the Portuguese,"Answer: Portuguese Confidence: 0.7
Answer: British Confidence: 0.5
Answer: Italians Confidence: 0.4
Answer: Ottomans Confidence: 0.3
Answer: French Confidence: 0.2",Portuguese,0.7,0.33333333333333337,0,1
345,2hop__345_59409,Who was the person who purchased Tidal's parent company in 2015 talking about in the song 'Cry?',three different relationships he had in the past,"Answer: Kanye West Confidence: 0.8
Answer: Jay-Z Confidence: 0.7
Answer: Rihanna Confidence: 0.5
Answer: Beyoncé Confidence: 0.4
Answer: Drake Confidence: 0.3",Kanye West,0.8,0.0,0,0
346,3hop1__135794_87694_64412,When did the city where the Basilica that is named after the same saint as the one in San Pietro in Montorio located in become a country?,11 February 1929,"Answer: 1861 Confidence: 0.8
Answer: 1870 Confidence: 0.7
Answer: 1848 Confidence: 0.6
Answer: 1946 Confidence: 0.5
Answer: 1929 Confidence: 0.4",1861,0.8,0.0,0,0
347,4hop1__373866_5186_10659_23296,"The People's Socialist Republic of Albania was a member of an organization which was dissolved in Country A. Who invaded the country where many expelled French Jews relocated, other than Country A?",Soviet,"Answer: Nazi Germany Confidence: 0.9
Answer: Germany Confidence: 0.85
Answer: Axis powers Confidence: 0.7
Answer: Italy Confidence: 0.6
Answer: Vichy France Confidence: 0.5",Nazi Germany,0.9,0.0,0,0
348,2hop__204146_850295,Who is the sibling of the author of Kapalkundala?,Sanjib Chandra,"Answer: Bankim Chandra Chatterjee Confidence: 0.8  
Answer: Sanjib Chandra Chatterjee Confidence: 0.7  
Answer: Dwijendranath Tagore Confidence: 0.3  
Answer: Rabindranath Tagore Confidence: 0.2  
Answer: Sharat Chandra Chattopadhyay Confidence: 0.1",Bankim Chandra Chatterjee,0.8,0.4,0,0
349,4hop3__238811_88460_30152_20999,New coins by the Somali Muslim Ajuran Empire were a proclamation of independence from a nation. How were the people of that nation expelled from country that borders Thailand and Ban Nampo village's country?,The dynasty regrouped and defeated the Portuguese,"Answer: By military force Confidence: 0.3  
Answer: Through diplomatic negotiations Confidence: 0.2  
Answer: By economic sanctions Confidence: 0.1  
Answer: By treaty agreements Confidence: 0.1  
Answer: Through popular uprising Confidence: 0.1",By military force,0.3,0.0,0,1
350,3hop1__273571_834494_34109,What's the PBS station located in the city contained within the county where Summit is also located?,KUAT-TV 6,"Answer: WNET Confidence: 0.4  
Answer: WGBH Confidence: 0.3  
Answer: WNET-13 Confidence: 0.2  
Answer: WETA Confidence: 0.1  
Answer: WHYY Confidence: 0.1",WNET,0.4,0.0,0,0
351,3hop1__66872_709625_84283,Who owns the record label of the Till I Can Gain Control Again songwriter?,Warner Music Group,"Answer: Elton John Confidence: 0.6  
Answer: Bob Dylan Confidence: 0.5  
Answer: Willie Nelson Confidence: 0.4  
Answer: Sony Music Confidence: 0.3  
Answer: Universal Music Group Confidence: 0.2",Elton John,0.6,0.0,0,0
352,3hop1__564628_42197_18397,Where did the person who argued that the country where Autograph formed had become an imperialist power declare he would intervene in the Korean conflict?,the Politburo,"Answer: China Confidence: 0.7
Answer: Russia Confidence: 0.2
Answer: United States Confidence: 0.05
Answer: Japan Confidence: 0.03
Answer: North Korea Confidence: 0.02",China,0.7,0.0,0,0
353,4hop3__507819_88460_30152_20999,How were the same people who the Somali Muslim Ajuran Empire declared independence from expelled from the natural boundary between Thailand and the country where Route 3 is found?,The dynasty regrouped and defeated the Portuguese,"Answer: Portuguese Confidence: 0.3
Answer: Dutch Confidence: 0.25
Answer: British Confidence: 0.2
Answer: French Confidence: 0.15
Answer: Spanish Confidence: 0.1",Portuguese,0.3,0.33333333333333337,0,1
354,4hop1__707078_378185_282674_759393,What is the capital of the county that shares a border with the county that contains the birthplace of Erik Jensen?,Green Bay,"Answer: Copenhagen Confidence: 0.7
Answer: Odense Confidence: 0.6  
Answer: Aarhus Confidence: 0.5  
Answer: Aalborg Confidence: 0.4  
Answer: Roskilde Confidence: 0.3",Copenhagen,0.7,0.0,0,0
355,4hop1__163763_49925_13759_736921,Where is the district that the person who wanted to reform and address Jesus Varela's religion preached a sermon on Marian devotion before his death located?,Saxony-Anhalt,"Answer: Barcelona Confidence: 0.3  
Answer: Madrid Confidence: 0.2  
Answer: Seville Confidence: 0.2  
Answer: Valencia Confidence: 0.15  
Answer: Bilbao Confidence: 0.15",Barcelona,0.3,0.0,0,0
356,4hop1__152562_5274_458768_33637,How many ethnic minorities were looked at differently in the city where the headquarters of the only group larger than Vilaiyaadu Mankatha's record label is located?,two,"Answer: 1 Confidence: 0.3
Answer: 2 Confidence: 0.2
Answer: 3 Confidence: 0.2
Answer: 5 Confidence: 0.1
Answer: 4 Confidence: 0.1",1,0.3,0.0,0,0
357,4hop2__161602_474028_88460_21062,Can foreign tourists cruise to the country between the nation that hosted 2020 AFC U-23 Championship qualification and the one that contains A Don.?,It is not possible for foreigners to go to/from Myanmar by sea or river.,"Answer: Thailand Confidence: 0.7  
Answer: Laos Confidence: 0.6  
Answer: Myanmar Confidence: 0.5  
Answer: Cambodia Confidence: 0.4  
Answer: Vietnam Confidence: 0.3",Thailand,0.7,0.0,0,0
358,2hop__32541_85460,What is the median household income for people today of the same country as the witness to the Blitz?,"$59,039","Answer: £31,400 Confidence: 0.7  
Answer: £30,000 Confidence: 0.6  
Answer: £32,000 Confidence: 0.5  
Answer: £29,500 Confidence: 0.4  
Answer: £33,000 Confidence: 0.3","£31,400",0.7,0.0,0,0
359,2hop__25788_990,In which generation did iPod start providing compatibility with the object designed to standardize connection of computer peripherals?,third generation,"Answer: 3rd generation Confidence: 0.8
Answer: 4th generation Confidence: 0.6
Answer: 2nd generation Confidence: 0.4
Answer: 5th generation Confidence: 0.2
Answer: 1st generation Confidence: 0.1",3rd generation,0.8,0.5,0,1
360,4hop1__152562_5274_458768_33633,When did the explorer reach the city where the headquarters of the only group larger than Vilaiyaadu Mankatha's record label is located?,"August 3, 1769","Answer: 1492 Confidence: 0.3  
Answer: 1500 Confidence: 0.2  
Answer: 1607 Confidence: 0.2  
Answer: 1776 Confidence: 0.1  
Answer: 1947 Confidence: 0.1",1492,0.3,0.0,0,0
361,2hop__695364_513121,Who is the child of the male star of the 1921 film Money?,Anthony Ainley,"Answer: Douglas Fairbanks Jr. Confidence: 0.7  
Answer: Mary Pickford Confidence: 0.5  
Answer: Charlie Chaplin Jr. Confidence: 0.3  
Answer: John Barrymore Jr. Confidence: 0.2  
Answer: Gloria Swanson Jr. Confidence: 0.1",Douglas Fairbanks Jr.,0.7,0.0,0,0
362,3hop2__304722_667199_63959,When was the last time the team that Malcolm Briggs was a member of beat the 1894-95 FA cup winner?,1 December 2010,"Answer: Never Confidence: 0.8  
Answer: 1895 Confidence: 0.6  
Answer: 1894 Confidence: 0.5  
Answer: 1896 Confidence: 0.4  
Answer: 1893 Confidence: 0.3",Never,0.8,0.0,0,0
363,2hop__159146_120065,What year did the region where Leuna was located come to an end?,1738,"Answer: 1945 Confidence: 0.8  
Answer: 1990 Confidence: 0.7  
Answer: 1918 Confidence: 0.5  
Answer: 1933 Confidence: 0.4  
Answer: 1871 Confidence: 0.2",1945,0.8,0.0,0,0
364,2hop__238499_431914,What administrative territorial entity includes the arrondissement that contains the Digne Cathedral?,Alpes-de-Haute-Provence,"Answer: Alpes-de-Haute-Provence Confidence: 0.8
Answer: Provence-Alpes-Côte d'Azur Confidence: 0.7
Answer: Digne-les-Bains Confidence: 0.6
Answer: France Confidence: 0.5
Answer: Bouches-du-Rhône Confidence: 0.3",Alpes-de-Haute-Provence,0.8,1.0,1,1
365,3hop2__326964_789654_7713,How long had Mao Yushi's birthplace been the capitol city of Yaxing Coach's headquarters location?,about 400 years,"Answer: 5 years Confidence: 0.4  
Answer: 10 years Confidence: 0.3  
Answer: 15 years Confidence: 0.2  
Answer: 20 years Confidence: 0.05  
Answer: 25 years Confidence: 0.05",5 years,0.4,0.4,0,0
366,2hop__73615_42173,When was the company that abolished the dual system of government in Bengal established?,1599,"Answer: 1600 Confidence: 0.7  
Answer: 1757 Confidence: 0.3  
Answer: 1858 Confidence: 0.2  
Answer: 1784 Confidence: 0.1  
Answer: 1615 Confidence: 0.05",1600,0.7,0.0,0,0
367,4hop3__312119_132409_371500_35031,"Among the top five largest urban areas in the state where Getting Away with Murder's performer was formed, where does Veoh's headquarters city rank?",third-largest,"Answer: Los Angeles Confidence: 0.8
Answer: San Diego Confidence: 0.1
Answer: San Jose Confidence: 0.05
Answer: San Francisco Confidence: 0.03
Answer: Fresno Confidence: 0.02",Los Angeles,0.8,0.0,0,1
368,3hop1__637555_339990_15538,When did the state where Copake Lake is located reinstate the death penalty?,1984,"Answer: 1995 Confidence: 0.8  
Answer: 1982 Confidence: 0.6  
Answer: 1976 Confidence: 0.5  
Answer: 2004 Confidence: 0.3  
Answer: 1967 Confidence: 0.2",1995,0.8,0.0,0,0
369,4hop3__160230_470287_862998_72134,When did the city where Hillcrest High School is located become capitol of the state in which a statue of a Latin mother goddess is located?,1839,"Answer: 1845 Confidence: 0.6  
Answer: 1812 Confidence: 0.5  
Answer: 1839 Confidence: 0.4  
Answer: 1861 Confidence: 0.3  
Answer: 1825 Confidence: 0.2",1845,0.6,0.0,0,0
370,2hop__486314_544665,Who followed the father of Menucha Rochel Slonim?,Menachem Mendel Schneersohn,"Answer: Shneur Zalman of Liadi Confidence: 0.9
Answer: Dovber Schneuri Confidence: 0.7
Answer: Menachem Mendel Schneersohn Confidence: 0.5
Answer: Levi Yitzchak of Berdichev Confidence: 0.3
Answer: Aharon of Karlin Confidence: 0.2",Shneur Zalman of Liadi,0.9,0.0,0,0
371,2hop__567588_67465,When did the performer of Goosebumpz release best day ever?,"March 11, 2011","Answer: 2010 Confidence: 0.3  
Answer: 2011 Confidence: 0.25  
Answer: 2009 Confidence: 0.2  
Answer: 2012 Confidence: 0.15  
Answer: 2008 Confidence: 0.1",2010,0.3,0.0,0,0
372,2hop__525581_161450,Where is the province of Aqqala County located?,in the north-east of the country south of the Caspian Sea,"Answer: Iran Confidence: 0.9  
Answer: Afghanistan Confidence: 0.05  
Answer: Pakistan Confidence: 0.03  
Answer: Iraq Confidence: 0.01  
Answer: Turkmenistan Confidence: 0.01",Iran,0.9,0.0,0,1
373,3hop1__92251_34179_23375,"What year saw the publication of the version of the Molotov–Ribbentrop Pact, engineered by the politician who succeeded the leader of the Bolsheviks in the November Revolution?",1948,"Answer: 1939 Confidence: 0.9  
Answer: 1940 Confidence: 0.1  
Answer: 1938 Confidence: 0.0  
Answer: 1941 Confidence: 0.0  
Answer: 1937 Confidence: 0.0",1939,0.9,0.0,0,0
374,3hop2__304722_466316_63959,When was the last time the team that Arthur James was a member of beat the 1894-95 FA cup winner?,1 December 2010,"Answer: 1890 Confidence: 0.3  
Answer: 1892 Confidence: 0.2  
Answer: 1891 Confidence: 0.15  
Answer: 1889 Confidence: 0.1  
Answer: 1893 Confidence: 0.05",1890,0.3,0.0,0,0
375,2hop__463353_66723,Who was the first black student admitted to the school that owns Swayze Field?,James Howard Meredith,"Answer:  James Meredith Confidence: 0.9  
Answer:  Autherine Lucy Confidence: 0.8  
Answer:  Vivian Malone Confidence: 0.7  
Answer:  Charlayne Hunter-Gault Confidence: 0.6  
Answer:  Ernest Green Confidence: 0.5",James Meredith,0.9,0.8,0,1
376,2hop__136067_160249,Between which years did war with the person for whom Pyrrhic victory is named occur?,323–272 BC,"Answer: 280-275 BC Confidence: 0.9 
Answer: 280-272 BC Confidence: 0.8 
Answer: 281-272 BC Confidence: 0.7 
Answer: 279-275 BC Confidence: 0.6 
Answer: 282-272 BC Confidence: 0.5",280-275 BC,0.9,0.5,0,0
377,2hop__34495_85544,How many games does the team play that had the most champion league wins between 1992 and 2013?,38,"Answer: Real Madrid 38 Confidence: 0.8  
Answer: Real Madrid 40 Confidence: 0.6  
Answer: Barcelona 38 Confidence: 0.3  
Answer: Bayern Munich 34 Confidence: 0.2  
Answer: AC Milan 36 Confidence: 0.1",Real Madrid 38,0.8,0.5,0,0
378,4hop2__5206_39078_8987_8974,Where is the embassy in the only communist country whose military branch helping the Old West's inadequate local police was unprepared for invasion of the country conquered by the Pact?,Alfredo Stroessner's Paraguay,"Answer: China Confidence: 0.7
Answer: North Korea Confidence: 0.6
Answer: Cuba Confidence: 0.5
Answer: Vietnam Confidence: 0.4
Answer: Laos Confidence: 0.3",China,0.7,0.0,0,0
379,2hop__78766_461854,Who is the spouse of the actor who played Scarlet in Gone with the wind?,Laurence Olivier,"Answer: Mamie Eisenhower Confidence: 0.3 
Answer: Anne Bancroft Confidence: 0.2 
Answer: Vivian Leigh Confidence: 0.1 
Answer: Janet Leigh Confidence: 0.1 
Answer: Olivia de Havilland Confidence: 0.05",Mamie Eisenhower,0.3,0.0,0,0
380,4hop1__625463_229349_66759_54221,Storm of the Century filmed in state A based on the book by the author who wrote a story featuring the author of The Hope. When do alcohol sales start in state A?,5am,"Answer: 6AM Confidence: 0.6
Answer: 7AM Confidence: 0.5
Answer: 8AM Confidence: 0.4
Answer: 9AM Confidence: 0.3
Answer: 10AM Confidence: 0.2",6AM,0.6,0.0,0,0
381,2hop__107238_64918,Who was president when congress declared war on the country where Glumpers was filmed?,President McKinley,"Answer: Franklin D. Roosevelt Confidence: 0.8  
Answer: Harry S. Truman Confidence: 0.6  
Answer: Woodrow Wilson Confidence: 0.5  
Answer: Dwight D. Eisenhower Confidence: 0.3  
Answer: Lyndon B. Johnson Confidence: 0.2",Franklin D. Roosevelt,0.8,0.0,0,0
382,3hop1__36497_78276_68042,When did the majority party of the branch of government that the President calls to support appointments to the USAF gain control in the House?,the 2010 election,"Answer: 2011 Confidence: 0.5  
Answer: 2015 Confidence: 0.3  
Answer: 2009 Confidence: 0.2  
Answer: 2013 Confidence: 0.15  
Answer: 2017 Confidence: 0.1",2011,0.5,0.0,0,1
383,2hop__269766_43945,Common Sense which was written by the author of The Age of Reason was an important work because?,crystallized the rebellious demand for independence from Great Britain,"Answer: promoting Enlightenment ideals Confidence: 0.8  
Answer: advocating rationalism Confidence: 0.7  
Answer: criticizing organized religion Confidence: 0.6  
Answer: influencing political thought Confidence: 0.5  
Answer: emphasizing individual reason Confidence: 0.4",promoting Enlightenment ideals,0.8,0.0,0,0
384,3hop1__536452_15840_36002,What were the Genesis's advantages over the platform of Pinball Quest?,built on 16-bit architectures and offered improved graphics and sound,"Answer: More levels Confidence: 0.8  
Answer: Better graphics Confidence: 0.7  
Answer: Improved sound quality Confidence: 0.6  
Answer: More gameplay modes Confidence: 0.5  
Answer: Stronger narrative Confidence: 0.4",More levels,0.8,0.0,0,0
385,2hop__311931_417706,What record label does the performer of Emotional Rain belong to?,Attic Records,"Answer: Def Jam Confidence: 0.5
Answer: Atlantic Records Confidence: 0.4
Answer: Sony Music Confidence: 0.3
Answer: Warner Music Group Confidence: 0.2
Answer: Universal Music Group Confidence: 0.1",Def Jam,0.5,0.0,0,0
386,4hop1__88342_75218_128008_48717,Who was second pick in the 1999 draft of the league that has a competition where they give out the MLB MVP award after it?,Josh Beckett,"Answer: Steve Francis Confidence: 0.7
Answer: Elton Brand Confidence: 0.6
Answer: Baron Davis Confidence: 0.5
Answer: Lamar Odom Confidence: 0.4
Answer: Wally Szczerbiak Confidence: 0.3",Steve Francis,0.7,0.0,0,0
387,4hop2__71753_685934_70784_79935,When was the region that lies to the north of the region Israel is located and where The World is located created?,1930,"Answer: 1943 Confidence: 0.4  
Answer: 1948 Confidence: 0.3  
Answer: 1967 Confidence: 0.2  
Answer: 1923 Confidence: 0.05  
Answer: 1950 Confidence: 0.05",1943,0.4,0.0,0,0
388,2hop__131818_161450,Where is the Voshmgir District located?,in the north-east of the country south of the Caspian Sea,"Answer: Iran Confidence: 0.8
Answer: Afghanistan Confidence: 0.6
Answer: Pakistan Confidence: 0.3
Answer: Tajikistan Confidence: 0.2
Answer: Uzbekistan Confidence: 0.1",Iran,0.8,0.0,0,1
389,2hop__60686_229757,Who is the spouse of the actress that plays leslie knope on parks and recreation?,Will Arnett,"Answer: Nick Offerman Confidence: 0.9  
Answer: Will Arnett Confidence: 0.1  
Answer: John Krasinski Confidence: 0.05  
Answer: Ben Wyatt Confidence: 0.0  
Answer: Chris Pratt Confidence: 0.0",Nick Offerman,0.9,0.0,0,0
390,4hop1__567737_141375_458768_33637,How many ethnic minorities were looked at differently in the city where the headquarters of the company that Study in Brown's record label is a part of?,two,"Answer: 3 Confidence: 0.4
Answer: 4 Confidence: 0.3
Answer: 5 Confidence: 0.2
Answer: 2 Confidence: 0.05
Answer: 6 Confidence: 0.05",3,0.4,0.0,0,0
391,3hop1__139862_2053_5289,What UK label was bought by the major broadcaster based in New York that is not ABC and did not broadcast Highway to Heaven?,Oriole Records.,"Answer: ITV Confidence: 0.8
Answer: Channel 4 Confidence: 0.6
Answer: Sky UK Confidence: 0.5
Answer: BBC Confidence: 0.3
Answer: Viacom Confidence: 0.2",ITV,0.8,0.0,0,0
392,2hop__778212_22458,"What does the abbreviated name of the organization that includes the Scottish Football Association as a member, stand for?",International Federation of Association Football,"Answer: UEFA Confidence: 0.9  
Answer: FIFA Confidence: 0.5  
Answer: IFAB Confidence: 0.3  
Answer: SFA Confidence: 0.2  
Answer: CONMEBOL Confidence: 0.1",UEFA,0.9,0.0,0,0
393,2hop__728969_131890,Which is the body of water near George Mills' place of birth?,River Thames,"Answer: Gulf of Mexico Confidence: 0.7
Answer: Atlantic Ocean Confidence: 0.6
Answer: Lake Okeechobee Confidence: 0.5
Answer: Indian River Lagoon Confidence: 0.4
Answer: Tampa Bay Confidence: 0.3",Gulf of Mexico,0.7,0.0,0,0
394,2hop__179322_83289,"Who stars in the video ""One Last Time"" by the performer of Baby I?",Matt Bennett,"Answer: Ariana Grande Confidence: 0.9
Answer: Ariana Grande and guest star Confidence: 0.7
Answer: Ariana Grande and another artist Confidence: 0.5
Answer: Ariana Grande and a celebrity cameo Confidence: 0.4
Answer: Ariana Grande and a famous actor Confidence: 0.3",Ariana Grande,0.9,0.0,0,0
395,2hop__574419_270105,What is the seat of the county where Van Hook Township is located?,Stanley,"Answer: Crosby Confidence: 0.4
Answer: Crookston Confidence: 0.3
Answer: Baudette Confidence: 0.2
Answer: Ada Confidence: 0.05
Answer: Fisher Confidence: 0.05",Crosby,0.4,0.0,0,0
396,3hop1__9285_5188_6375,"Who was the first person to control a spacecraft, from the country the top-ranking Warsaw Pact operatives came from, despite it being headquartered in the country called the nobilities commonwealth?",Gherman Titov,"Answer: Yuri Gagarin Confidence: 0.8
Answer: German Titov Confidence: 0.6
Answer: Valentina Tereshkova Confidence: 0.4
Answer: Alexei Leonov Confidence: 0.3
Answer: Vladimir Komarov Confidence: 0.2",Yuri Gagarin,0.8,0.0,0,0
397,2hop__59274_461854,Who was the spouse of the actor who played Scarlett in Gone With the Wind?,Laurence Olivier,"Answer: Perry Brink Confidence: 0.3
Answer: Gable Lombard Confidence: 0.4
Answer: Jennifer Jones Confidence: 0.2
Answer: Laurence Olivier Confidence: 0.05
Answer: Clark Gable Confidence: 0.05",Gable Lombard,0.4,0.0,0,0
398,3hop2__326964_851134_7713,How long had Pfrang Association's headquarters location been the capitol city of Yaxing Coach's headquarters location?,about 400 years,"Answer: 30 years Confidence: 0.6  
Answer: 25 years Confidence: 0.5  
Answer: 20 years Confidence: 0.4  
Answer: 15 years Confidence: 0.3  
Answer: 10 years Confidence: 0.2",30 years,0.6,0.4,0,0
399,2hop__574496_123283,Where did the founder of the Acting Company study?,Clifton College,"Answer: Juilliard Confidence: 0.6  
Answer: Yale Confidence: 0.5  
Answer: NYU Confidence: 0.4  
Answer: UCLA Confidence: 0.3  
Answer: Royal Academy of Dramatic Art Confidence: 0.2",Juilliard,0.6,0.0,0,0
400,3hop1__389955_132457_47686,Where do Greyhound buses leave from in the city where the band that recorded the album I'm Alive and on Fire formed?,Toronto Coach Terminal,"Answer: Seattle Greyhound Station, Seattle, WA Confidence: 0.8
Answer: Spokane Greyhound Station, Spokane, WA Confidence: 0.6
Answer: Tacoma Greyhound Station, Tacoma, WA Confidence: 0.5
Answer: Olympia Greyhound Station, Olympia, WA Confidence: 0.4
Answer: Portland Greyhound Station, Portland, OR Confidence: 0.3","Seattle Greyhound Station, Seattle, WA",0.8,0.0,0,0
401,3hop1__742464_15840_36002,What were the Genesis's advantages over the platform in which Robodemons is played?,built on 16-bit architectures and offered improved graphics and sound,"Answer: Faster processing speed Confidence: 0.6  
Answer: Better graphics Confidence: 0.5  
Answer: Larger memory capacity Confidence: 0.4  
Answer: More advanced AI Confidence: 0.3  
Answer: Higher resolution display Confidence: 0.2",Faster processing speed,0.6,0.0,0,0
402,3hop1__617062_127905_80286,Who has the most hits in the history of the organization that includes the team Jim Wilson was released by?,Pete Rose,"Answer: Pete Rose Confidence: 0.85
Answer: Ty Cobb Confidence: 0.80
Answer: Hank Aaron Confidence: 0.75
Answer: Stan Musial Confidence: 0.70
Answer: Tris Speaker Confidence: 0.65",Pete Rose,0.85,1.0,1,1
403,2hop__435184_84856,When does the new season of the show starring the cast member of Pizza Man start?,"January 20, 2017","Answer: Fall 2023 Confidence: 0.6  
Answer: Spring 2024 Confidence: 0.5  
Answer: Winter 2024 Confidence: 0.4  
Answer: Summer 2024 Confidence: 0.3  
Answer: Fall 2024 Confidence: 0.2",Fall 2023,0.6,0.0,0,0
404,3hop1__106239_650651_7262,Who was a prominent figure at the radio division of the broadcast company that created the version of The Biggest Loser set in the country where Kelupis originated?,Walter Sabo,"Answer: David Hill Confidence: 0.7  
Answer: Rupert Murdoch Confidence: 0.6  
Answer: Peter Chernin Confidence: 0.5  
Answer: Roger Ailes Confidence: 0.4  
Answer: Lachlan Murdoch Confidence: 0.3",David Hill,0.7,0.0,0,0
405,2hop__10114_599630,Where in Zhejiang is the city where Protestants are especially notable?,Yongjia County,"Answer: Wenzhou Confidence: 0.8  
Answer: Hangzhou Confidence: 0.1  
Answer: Ningbo Confidence: 0.05  
Answer: Shaoxing Confidence: 0.03  
Answer: Jiaxing Confidence: 0.02",Wenzhou,0.8,0.0,0,1
406,3hop2__132957_76377_40768,"When did Nissan, the Acura Legend maker and the top selling car brand open US assembly plants?",1981,"Answer: 1982 Confidence: 0.7
Answer: 1980 Confidence: 0.6  
Answer: 1985 Confidence: 0.5  
Answer: 1979 Confidence: 0.4  
Answer: 1983 Confidence: 0.3",1982,0.7,0.0,0,0
407,3hop1__829944_474097_84283,Who is the owner of the record label that the performer of Better Than Me is signed with?,Warner Music Group,"Answer: Warner Music Group Confidence: 0.7  
Answer: Universal Music Group Confidence: 0.6  
Answer: Sony Music Entertainment Confidence: 0.5  
Answer: RCA Records Confidence: 0.4  
Answer: Atlantic Records Confidence: 0.3",Warner Music Group,0.7,1.0,1,1
408,3hop1__418091_15840_36002,What were Genesis's advantages over the platform that plays Bigfoot?,built on 16-bit architectures and offered improved graphics and sound,"Answer: Genesis had better graphics Confidence: 0.7  
Answer: Genesis had more games Confidence: 0.6  
Answer: Genesis was cheaper Confidence: 0.5  
Answer: Genesis had faster processing speed Confidence: 0.4  
Answer: Genesis had better controllers Confidence: 0.3",Genesis had better graphics,0.7,0.14285714285714288,0,0
409,2hop__68590_27619,Where is the mission for the agency that controls the monetary policy of the EU found?,Article 2 of the Statute of the ECB,"Answer: Frankfurt Confidence: 0.9
Answer: Brussels Confidence: 0.7
Answer: Strasbourg Confidence: 0.5
Answer: Luxembourg Confidence: 0.4
Answer: Berlin Confidence: 0.2",Frankfurt,0.9,0.0,0,0
410,2hop__67660_158861,What actor had the role of the narrator of How I Met Your Mother?,Josh Radnor,"Answer: Bob Saget Confidence: 0.9  
Answer: Josh Radnor Confidence: 0.2  
Answer: Neil Patrick Harris Confidence: 0.1  
Answer: Jason Segel Confidence: 0.05  
Answer: Cobie Smulders Confidence: 0.01",Bob Saget,0.9,0.0,0,0
411,2hop__235471_565925,What record label did the performer of The Place and the Time belong to?,Columbia Records,"Answer: Motown Confidence: 0.7  
Answer: Atlantic Records Confidence: 0.2  
Answer: Def Jam Confidence: 0.1  
Answer: Columbia Records Confidence: 0.1  
Answer: Warner Bros. Records Confidence: 0.1",Motown,0.7,0.0,0,0
412,2hop__75207_46837,When does the winter season begin in the place where fuser and alberto meet the indigenous couple who were traveling for work?,June,"Answer: December 21 Confidence: 0.8
Answer: June 21 Confidence: 0.6
Answer: March 21 Confidence: 0.4
Answer: September 21 Confidence: 0.3
Answer: November 1 Confidence: 0.2",December 21,0.8,0.0,0,0
413,3hop1__159803_89752_75165,What's the population of the largest state in the region of the U.S. where trading practices were once threatened by the Navigation Acts?,"1,335,907","Answer: California Confidence: 0.7  
Answer: Texas Confidence: 0.6  
Answer: New York Confidence: 0.4  
Answer: Florida Confidence: 0.3  
Answer: Pennsylvania Confidence: 0.2",California,0.7,0.0,0,0
414,2hop__2299_38663,What percentage did the Dow Jones fall in the historical era where the book takes place?,54.7%,"Answer: 25% Confidence: 0.3  
Answer: 20% Confidence: 0.25  
Answer: 30% Confidence: 0.2  
Answer: 50% Confidence: 0.15  
Answer: 10% Confidence: 0.1",25%,0.3,0.0,0,0
415,2hop__388467_110882,What is the birth date of the By Your Side performer?,1 January 1986,"Answer: 1985-01-28 Confidence: 0.7  
Answer: 1984-12-13 Confidence: 0.6  
Answer: 1987-03-10 Confidence: 0.5  
Answer: 1986-11-20 Confidence: 0.4  
Answer: 1983-07-15 Confidence: 0.3",1985-01-28,0.7,0.0,0,0
416,2hop__486392_35739,When was the version of Windows 8 from the company that Iceweasel was based on made accessible?,September 2013,"Answer: 2012 Confidence: 0.7  
Answer: 2011 Confidence: 0.6  
Answer: 2013 Confidence: 0.5  
Answer: 2010 Confidence: 0.4  
Answer: 2014 Confidence: 0.3",2012,0.7,0.0,0,0
417,3hop1__68802_89752_49923,How many counties are there in the largest state in the region where the film The Family Stone was set?,sixteen,"Answer: 14 Confidence: 0.3
Answer: 16 Confidence: 0.2
Answer: 12 Confidence: 0.2
Answer: 10 Confidence: 0.15
Answer: 8 Confidence: 0.15",14,0.3,0.0,0,0
418,2hop__56270_68396,What percentage of the nation's population lives in the state that includes the 951 area code?,more than 12 percent,"Answer: 12% Confidence: 0.3  
Answer: 10% Confidence: 0.25  
Answer: 15% Confidence: 0.2  
Answer: 8% Confidence: 0.15  
Answer: 20% Confidence: 0.1",12%,0.3,0.4,0,1
419,2hop__21103_16254,"By 1931, what percentage of the world's Jews were the group of Jews that represented the bulk of modern Jewry?",92 percent,"Answer: 85% Confidence: 0.8  
Answer: 90% Confidence: 0.7  
Answer: 80% Confidence: 0.6  
Answer: 75% Confidence: 0.5  
Answer: 95% Confidence: 0.4",85%,0.8,0.0,0,0
420,2hop__853227_68633,Arthur Marryatt is a member of a sports association that has who as president?,Thomas Bach,"Answer: FIFA President Gianni Infantino Confidence: 0.3
Answer: IOC President Thomas Bach Confidence: 0.2
Answer: UEFA President Aleksander Čeferin Confidence: 0.2
Answer: IAAF President Sebastian Coe Confidence: 0.2
Answer: FIDE President Arkady Dvorkovich Confidence: 0.1",FIFA President Gianni Infantino,0.3,0.0,0,0
421,2hop__30384_30351,Who did Hay work for after being hired by his other notable influence regarding resource distribution other than Max Weber?,the Austrian government,"Answer: Thorstein Veblen Confidence: 0.7  
Answer: Karl Marx Confidence: 0.6  
Answer: John Maynard Keynes Confidence: 0.5  
Answer: Friedrich Hayek Confidence: 0.4  
Answer: Adam Smith Confidence: 0.3",Thorstein Veblen,0.7,0.0,0,0
422,3hop1__830700_538202_84283,Who owns the record label of the Shake What God Gave Ya performer?,Warner Music Group,"Answer: Jive Records Confidence: 0.4  
Answer: Arista Records Confidence: 0.3  
Answer: Elektra Records Confidence: 0.2  
Answer: Def Jam Recordings Confidence: 0.1  
Answer: Atlantic Records Confidence: 0.1",Jive Records,0.4,0.0,0,0
423,4hop3__673447_132409_371500_35031,"Among the top five largest urban areas in the state where Infest's performer was formed, where does Veoh's headquarters city rank?",third-largest,"Answer: Los Angeles Confidence: 0.8
Answer: San Francisco Confidence: 0.7
Answer: San Diego Confidence: 0.6
Answer: San Jose Confidence: 0.5
Answer: Sacramento Confidence: 0.4",Los Angeles,0.8,0.0,0,1
424,2hop__818692_113442,What date did the creator of Autumn Leaves die?,13 August 1896,"Answer: October 22, 1945 Confidence: 0.6  
Answer: November 11, 1945 Confidence: 0.5  
Answer: September 26, 1945 Confidence: 0.4  
Answer: August 15, 1945 Confidence: 0.3  
Answer: December 25, 1945 Confidence: 0.2","October 22, 1945",0.6,0.0,0,0
425,2hop__401710_456439,Who is the spouse of the producer of Dolores Claiborne?,Helen Mirren,"Answer: Taylor Hackford Confidence: 0.7
Answer: Helen Mirren Confidence: 0.6
Answer: Kathy Bates Confidence: 0.3
Answer: Stephen King Confidence: 0.2
Answer: James L. Brooks Confidence: 0.1",Taylor Hackford,0.7,0.0,0,1
426,2hop__394720_120259,When was the kingdom that Heptarchy was part of abolished?,918,"Answer: 927 Confidence: 0.8  
Answer: 1066 Confidence: 0.1  
Answer: 829 Confidence: 0.05  
Answer: 878 Confidence: 0.03  
Answer: 1016 Confidence: 0.02",927,0.8,0.0,0,0
427,2hop__511296_577502,Who married the actor from Terminator?,Maria Shriver,"Answer: Linda Hamilton Confidence: 0.8  
Answer: Maria Shriver Confidence: 0.7  
Answer: Sarah Connor Confidence: 0.1  
Answer: Arnold Schwarzenegger Confidence: 0.0  
Answer: Kate Brewster Confidence: 0.1",Linda Hamilton,0.8,0.0,0,0
428,4hop1__17192_17130_70784_61381,When was the region immediately north of the region where the country that secured southern Lebanon is located and the Persian Gulf established?,1932,"Answer: 1920 Confidence: 0.6  
Answer: 1918 Confidence: 0.5  
Answer: 1922 Confidence: 0.4  
Answer: 1916 Confidence: 0.3  
Answer: 1932 Confidence: 0.2",1920,0.6,0.0,0,0
429,4hop3__547073_88460_30152_20999,How were people from whom the new coins were a proclamation of independence by the Somali Muslim Ajuran Empire expelled from the country between Thailand and Si Phan Don's country?,The dynasty regrouped and defeated the Portuguese,"Answer: Portuguese Confidence: 0.6  
Answer: Dutch Confidence: 0.4  
Answer: British Confidence: 0.3  
Answer: French Confidence: 0.2  
Answer: Omani Arabs Confidence: 0.1",Portuguese,0.6,0.33333333333333337,0,1
430,3hop1__850160_15840_36014,What was Nintendo's limit on games per developer per year on the system which had a three letter abbreviation and was also the platform for Pictionary?,five,"Answer: NES Confidence: 0.7  
Answer: SNES Confidence: 0.2  
Answer: FDS Confidence: 0.05  
Answer: GBA Confidence: 0.03  
Answer: Wii Confidence: 0.02",NES,0.7,0.0,0,0
431,2hop__82378_158266,The top ballet company in the top bauxite producing country is what?,The Australian Ballet,"Answer: National Ballet of Guinea Confidence: 0.7
Answer: Ballet of Jamaica Confidence: 0.6
Answer: Bolshoi Ballet Confidence: 0.3
Answer: Australian Ballet Confidence: 0.2
Answer: National Ballet of Russia Confidence: 0.1",National Ballet of Guinea,0.7,0.3333333333333333,0,0
432,3hop1__820301_720914_27537,Why did Roncalli leave the place where Crucifixion's creator died?,for the conclave in Rome,"Answer: to become Pope Confidence: 0.8  
Answer: to avoid persecution Confidence: 0.6  
Answer: to continue religious work Confidence: 0.7  
Answer: to honor the creator's legacy Confidence: 0.5  
Answer: to spread Christianity Confidence: 0.5",to become Pope,0.8,0.0,0,1
433,4hop1__94201_642284_131926_13165,What treaty ceded territory to the US extending west to the body of water by the city where the designer of Southeast Library died?,Treaty of Paris,"Answer: Treaty of Guadalupe Hidalgo Confidence: 0.7  
Answer: Adams-Onís Treaty Confidence: 0.5  
Answer: Louisiana Purchase Confidence: 0.3  
Answer: Treaty of Paris (1783) Confidence: 0.2  
Answer: Gadsden Purchase Confidence: 0.1",Treaty of Guadalupe Hidalgo,0.7,0.5714285714285715,0,0
434,3hop1__109113_720914_27537,Why did Roncalli leave the city where the painter of Venus with a Mirror died?,for the conclave in Rome,"Answer: To become Pope Confidence: 0.7
Answer: For a church assignment Confidence: 0.4
Answer: Due to a promotion Confidence: 0.3
Answer: Political reasons Confidence: 0.2
Answer: Personal reasons Confidence: 0.1",To become Pope,0.7,0.0,0,1
435,3hop1__106847_160713_77246,What is the meaning in the arabic dictionary of the majority religion in the area of British India that become India when the country for A Music Fairy was created?,the country of India,"Answer: Islam Confidence: 0.6  
Answer: Hinduism Confidence: 0.8  
Answer: Sikhism Confidence: 0.3  
Answer: Buddhism Confidence: 0.2  
Answer: Christianity Confidence: 0.1",Hinduism,0.8,0.0,0,0
436,2hop__59612_50883,The London broil cut comes from a country with an emergency response guidebook with response guides in which section?,"The fourth section, with orange page borders","Answer: United States Confidence: 0.8
Answer: Canada Confidence: 0.1
Answer: Australia Confidence: 0.05
Answer: United Kingdom Confidence: 0.03
Answer: New Zealand Confidence: 0.02",United States,0.8,0.0,0,0
437,3hop1__857_846_7770,Where does the Yangtze River flow in the city where the Yongle emperor greeted the person to whom the edict was addressed?,past the west side and then north side,"Answer: Nanjing Confidence: 0.8  
Answer: Beijing Confidence: 0.1  
Answer: Shanghai Confidence: 0.05  
Answer: Wuhan Confidence: 0.03  
Answer: Chongqing Confidence: 0.02",Nanjing,0.8,0.0,0,0
438,4hop1__567737_141375_458768_33677,When was the most recent Bicycle Friendly Community Award given to the city where the company Study in Brown's record label is part of is headquartered?,2013,"Answer: 2023 Confidence: 0.6  
Answer: 2022 Confidence: 0.7  
Answer: 2021 Confidence: 0.5  
Answer: 2020 Confidence: 0.4  
Answer: 2019 Confidence: 0.3",2022,0.7,0.0,0,0
439,2hop__42027_42004,"Since 2004, what is the location of the body to which, if a matter is not specifically reserved, it is devolved?",Scottish Parliament Building,"Answer: Scottish Parliament Confidence: 0.9
Answer: Welsh Assembly Confidence: 0.7
Answer: Northern Ireland Assembly Confidence: 0.6
Answer: UK Parliament Confidence: 0.3
Answer: Local councils Confidence: 0.2",Scottish Parliament,0.9,0.8,0,1
440,2hop__644898_64046,Who plays the prison warden in the second movie in the series with the same name as the place where James Trainer died?,Simon Farnaby,"Answer: Tommy Lee Jones Confidence: 0.6  
Answer: Samuel L. Jackson Confidence: 0.3  
Answer: J.K. Simmons Confidence: 0.2  
Answer: Donald Sutherland Confidence: 0.1  
Answer: Gary Oldman Confidence: 0.1",Tommy Lee Jones,0.6,0.0,0,0
441,2hop__124412_402641,Who is the child of Chiang Hsiao-wen's father?,Chiang Hsiao-wu,"Answer: Chiang Hsiao-wen Confidence: 0.9
Answer: Chiang Hsiao-wen's sibling Confidence: 0.6
Answer: Chiang Hsiao-wen's half-sibling Confidence: 0.5
Answer: Chiang Hsiao-wen's adopted sibling Confidence: 0.3
Answer: Chiang Hsiao-wen's step-sibling Confidence: 0.2",Chiang Hsiao-wen,0.9,0.5,0,0
442,3hop1__140345_2053_5289,"What label was bought by the company which, along with ABC and the network which aired Law of the Plainsman, is the other major broadcaster based in NY?",Oriole Records.,"Answer: NBC Confidence: 0.8  
Answer: CBS Confidence: 0.7  
Answer: Fox Confidence: 0.6  
Answer: Telemundo Confidence: 0.5  
Answer: The CW Confidence: 0.4",NBC,0.8,0.0,0,0
443,3hop1__132967_40769_64047,When did the rx 350 model of the luxury division of the company that built Daihatsu boon change body style?,Sales began worldwide in April 2012,"Answer: 2015 Confidence: 0.7
Answer: 2016 Confidence: 0.6
Answer: 2014 Confidence: 0.5
Answer: 2017 Confidence: 0.4
Answer: 2013 Confidence: 0.3",2015,0.7,0.0,0,0
444,2hop__50432_56873,When did the team that won the 1959 fa cup final beating luton town 2-1 win the fa cup?,1898 and 1959,"Answer: 1959 Confidence: 1.0
Answer: 1948 Confidence: 0.3
Answer: 1962 Confidence: 0.2
Answer: 1955 Confidence: 0.2
Answer: 1957 Confidence: 0.1",1959,1.0,0.5,0,0
445,2hop__30905_213732,"Who is the child of the person who sponsored the resolution to reopen trade with Vietnam, along with Kerry?",Meghan McCain,"Answer: Alexandra Kerry Confidence: 0.8  
Answer: John Kerry's child Confidence: 0.7  
Answer: Vanessa Kerry Confidence: 0.6  
Answer: Kerry's daughter Confidence: 0.5  
Answer: Cameron Kerry Confidence: 0.4",Alexandra Kerry,0.8,0.0,0,0
446,2hop__54651_169233,What award did the singer of Never Had a Friend Like Me in Aladdin receive?,Academy Award for Best Supporting Actor,"Answer: Academy Award Confidence: 0.7  
Answer: Grammy Award Confidence: 0.5  
Answer: Golden Globe Confidence: 0.4  
Answer: Tony Award Confidence: 0.3  
Answer: Emmy Award Confidence: 0.2",Academy Award,0.7,0.5,0,0
447,2hop__46376_158105,Which two features were played up by the highest paid person in the world?,ease of use and enhanced support for Plug and Play,"Answer: Action and comedy Confidence: 0.7  
Answer: Superhero and sci-fi Confidence: 0.6  
Answer: Romance and drama Confidence: 0.3  
Answer: Horror and thriller Confidence: 0.2  
Answer: Fantasy and adventure Confidence: 0.5",Action and comedy,0.7,0.15384615384615383,0,0
448,4hop1__58323_375563_161848_67585,"How many stars are on the flag of the nation that first participated in the 1952 Olympics, located near the citizen country of the author of the 2005 novel Thief?",four,"Answer: 50 Confidence: 0.8
Answer: 13 Confidence: 0.6
Answer: 5 Confidence: 0.4
Answer: 27 Confidence: 0.3
Answer: 1 Confidence: 0.2",50,0.8,0.0,0,0
449,2hop__66167_615257,What team does the player with the most points in a NBA season play for?,Oklahoma City Thunder,"Answer: Golden State Warriors Confidence: 0.8  
Answer: Chicago Bulls Confidence: 0.6  
Answer: Los Angeles Lakers Confidence: 0.5  
Answer: Milwaukee Bucks Confidence: 0.4  
Answer: Philadelphia 76ers Confidence: 0.3",Golden State Warriors,0.8,0.0,0,0
450,3hop1__36497_73181_68042,When did the party with a majority in the body the President calls on for support of his appointments to the USAF gain control of the House?,the 2010 election,"Answer: 2011 Confidence: 0.7  
Answer: 2015 Confidence: 0.6  
Answer: 2009 Confidence: 0.5  
Answer: 2017 Confidence: 0.4  
Answer: 2013 Confidence: 0.3",2011,0.7,0.0,0,1
451,3hop1__489567_443779_52195,Who is the president of the newly declared independent country that is part of the commission of Truth and Friendship with the country where Inierie is located?,Francisco Guterres,"Answer: Jose Ramos-Horta Confidence: 0.8  
Answer: Kay Rala Xanana Gusmão Confidence: 0.7  
Answer: Taur Matan Ruak Confidence: 0.6  
Answer: Francisco Guterres Confidence: 0.5  
Answer: Mari Alkatiri Confidence: 0.4",Jose Ramos-Horta,0.8,0.0,0,0
452,2hop__151705_141308,What company is I Dig Love's record label a part of?,Apple Corps,"Answer: Columbia Records Confidence: 0.4  
Answer: Sony Music Entertainment Confidence: 0.3  
Answer: Warner Music Group Confidence: 0.2  
Answer: Universal Music Group Confidence: 0.1  
Answer: Atlantic Records Confidence: 0.1",Columbia Records,0.4,0.0,0,0
453,2hop__257831_123283,Where did the producer of Julius Caesar study or work?,Clifton College,"Answer: Yale Confidence: 0.4  
Answer: Harvard Confidence: 0.3  
Answer: Columbia Confidence: 0.1  
Answer: Juilliard Confidence: 0.1  
Answer: Oxford Confidence: 0.1",Yale,0.4,0.0,0,0
454,4hop2__161602_474028_88460_21057,"During British rule, what wood was mostly produced in the nation that's the boundary between the host of the 2020 AFC U-23 Championship qualification, and the nation containing A Don?",75% of the world's teak,"Answer: Teak Confidence: 0.7
Answer: Sandalwood Confidence: 0.6
Answer: Mahogany Confidence: 0.5
Answer: Rosewood Confidence: 0.4
Answer: Sal Confidence: 0.3",Teak,0.7,0.4,0,1
455,2hop__61714_89309,What was the date that Pam got married in The Office?,"October 8, 2009","Answer: October 9, 2009 Confidence: 0.7  
Answer: May 30, 2009 Confidence: 0.6  
Answer: June 12, 2010 Confidence: 0.5  
Answer: August 15, 2009 Confidence: 0.4  
Answer: September 26, 2009 Confidence: 0.3","October 9, 2009",0.7,0.6666666666666666,0,0
456,4hop3__650050_88460_30152_20999,How were people from whom the new coins were a proclamation of independence by the Somali Muslim Ajuran Empire expelled from the natural boundary between Thailand and A Doi's country?,The dynasty regrouped and defeated the Portuguese,"Answer: Portuguese Confidence: 0.5  
Answer: Ethiopians Confidence: 0.3  
Answer: Omani Arabs Confidence: 0.2  
Answer: Persians Confidence: 0.1  
Answer: Abyssinians Confidence: 0.05",Portuguese,0.5,0.33333333333333337,0,1
457,2hop__412633_15781,"Who, along with the author of An Essay on the History of Civil Society, criticized the idea of social contract theorists?",David Hume,"Answer: David Hume Confidence: 0.9  
Answer: Adam Ferguson Confidence: 0.8  
Answer: Edmund Burke Confidence: 0.7  
Answer: Jeremy Bentham Confidence: 0.6  
Answer: John Locke Confidence: 0.5",David Hume,0.9,1.0,1,1
458,3hop1__145924_131905_41948,"Besides the Irish Channel and the body of water by the city Caspar Voght died in, what else lowered in the last cold phase?",English Channel,"Answer: Sea levels Confidence: 0.9  
Answer: Global temperatures Confidence: 0.8  
Answer: Ice sheets Confidence: 0.7  
Answer: Glaciers Confidence: 0.6  
Answer: Atmospheric CO2 Confidence: 0.5",Sea levels,0.9,0.0,0,0
459,3hop1__715607_792411_51423,What is the name of the castle in the city where the performer of A Collection 1984–1989 was born?,Casa Loma,"Answer: Edinburgh Castle Confidence: 0.8 
Answer: Stirling Castle Confidence: 0.1 
Answer: Dunnottar Castle Confidence: 0.05 
Answer: Eilean Donan Castle Confidence: 0.03 
Answer: Urquhart Castle Confidence: 0.02",Edinburgh Castle,0.8,0.0,0,0
460,3hop1__595371_40769_64047,When did the RX 350 from the Scion xB manufacturer's luxury division change body style?,Sales began worldwide in April 2012,"Answer: 2016 Confidence: 0.4  
Answer: 2015 Confidence: 0.3  
Answer: 2017 Confidence: 0.2  
Answer: 2014 Confidence: 0.05  
Answer: 2018 Confidence: 0.05",2016,0.4,0.0,0,0
461,3hop1__128554_39743_24526,"What is the average winter daytime temperature in the region where Richmond is found, in the state where WIRR operates?",upper 40s–lower 50s °F,"Answer: 45°F Confidence: 0.7
Answer: 40°F Confidence: 0.6
Answer: 50°F Confidence: 0.5
Answer: 35°F Confidence: 0.4
Answer: 55°F Confidence: 0.3",45°F,0.7,0.0,0,1
462,4hop1__567737_141375_458768_33633,When did the explorer reach the headquarters location of the group Study in Brown's record label is part of?,"August 3, 1769","Answer: 1492 Confidence: 0.1  
Answer: 1960 Confidence: 0.3  
Answer: 1959 Confidence: 0.4  
Answer: 1955 Confidence: 0.2  
Answer: 1961 Confidence: 0.1",1959,0.4,0.0,0,0
463,3hop1__103197_214799_259594,What country gas the border troops of the country of the literature of the country of Andreas Zülow's citizenship?,GDR,"Answer: Germany Confidence: 0.7  
Answer: Poland Confidence: 0.6  
Answer: Czech Republic Confidence: 0.5  
Answer: France Confidence: 0.4  
Answer: Austria Confidence: 0.3",Germany,0.7,0.0,0,1
464,2hop__803903_78606,Who plays the wife of Big Stan's director in Grown Ups?,Joyce Van Patten,"Answer: Salma Hayek Confidence: 0.5
Answer: Maria Bello Confidence: 0.3
Answer: Maya Rudolph Confidence: 0.2
Answer: Joyce Van Patten Confidence: 0.1
Answer: Sandahl Bergman Confidence: 0.05",Salma Hayek,0.5,0.0,0,0
465,2hop__27650_27628,Who is the Vice-President of the body that began to increase their coverage of weaker debts?,Vitor Constâncio,"Answer: Kamala Harris Confidence: 0.4  
Answer: Janet Yellen Confidence: 0.3  
Answer: Jerome Powell Confidence: 0.2  
Answer: Mike Pence Confidence: 0.05  
Answer: Joe Biden Confidence: 0.05",Kamala Harris,0.4,0.0,0,0
466,2hop__10900_21567,Who introduced a system of musical notation in the 14th century used in the area where the Ottoman slave trade flourished?,John Kukuzelis,"Answer: Philippe de Vitry Confidence: 0.7  
Answer: Guillaume de Machaut Confidence: 0.6  
Answer: Francesco Landini Confidence: 0.5  
Answer: John Dunstaple Confidence: 0.4  
Answer: Johannes Ciconia Confidence: 0.3",Philippe de Vitry,0.7,0.0,0,0
467,2hop__677160_110882,When was the performer of So Nice born?,1 January 1986,"Answer: 1938 Confidence: 0.7  
Answer: 1940 Confidence: 0.6  
Answer: 1942 Confidence: 0.5  
Answer: 1936 Confidence: 0.4  
Answer: 1945 Confidence: 0.3",1938,0.7,0.0,0,0
468,2hop__603365_120259,When was a participant in the Battle of Maserfield abolished?,918,"Answer: 642 Confidence: 0.5
Answer: 654 Confidence: 0.3
Answer: 650 Confidence: 0.2
Answer: 630 Confidence: 0.1
Answer: 600 Confidence: 0.05",642,0.5,0.0,0,0
469,2hop__56806_7298,What pop artist started his career on adult contemporary radio along with the subject of the song The One That Got Away?,Michael Bublé,"Answer: Bruno Mars Confidence: 0.8
Answer: Justin Timberlake Confidence: 0.6
Answer: John Mayer Confidence: 0.5
Answer: Jason Mraz Confidence: 0.4
Answer: Ed Sheeran Confidence: 0.3",Bruno Mars,0.8,0.0,0,0
470,2hop__40270_11402,"According to the agency that considers if Los Angeles County is to be a separate metropolitan area, what is the total area in square miles?",17.037 square miles,"Answer: 4,751 square miles Confidence: 0.9  
Answer: 4,083 square miles Confidence: 0.7  
Answer: 5,000 square miles Confidence: 0.6  
Answer: 4,500 square miles Confidence: 0.8  
Answer: 4,200 square miles Confidence: 0.7","4,751 square miles",0.9,0.6666666666666666,0,0
471,2hop__655505_110949,What is the Till dom ensamma performer's birth date?,11 September 1962,"Answer: 1941-04-30 Confidence: 0.6
Answer: 1941-07-09 Confidence: 0.3  
Answer: 1941-05-21 Confidence: 0.1  
Answer: 1941-11-17 Confidence: 0.05  
Answer: 1941-03-12 Confidence: 0.02",1941-04-30,0.6,0.0,0,0
472,4hop1__47210_53706_795904_580996,What location borders the city founded by a former newspaper publisher selling supplies in the state where the valley girl accent originated?,Rio Linda,"Answer: California Confidence: 0.8
Answer: San Fernando Valley Confidence: 0.7
Answer: Los Angeles Confidence: 0.6
Answer: Sacramento Confidence: 0.5
Answer: Silicon Valley Confidence: 0.4",California,0.8,0.0,0,0
473,2hop__434218_29898,Which affiliate left the employer of Don Newman due to an agreement with CHBC?,CFJC-TV in Kamloops,"Answer: Steve Darling Confidence: 0.8  
Answer: Drex Confidence: 0.6  
Answer: Michael Newman Confidence: 0.4  
Answer: Shelly Joyce Confidence: 0.3  
Answer: Liza Fromer Confidence: 0.2",Steve Darling,0.8,0.0,0,0
474,2hop__50936_90973,Who did the original voice of the character that Mila Kunis plays in Family Guy?,Lacey Chabert,"Answer: Rachael MacFarlane Confidence: 0.6
Answer: Lacey Chabert Confidence: 0.8
Answer: Rachel MacFarlane Confidence: 0.5
Answer: Mila Kunis Confidence: 0.3
Answer: Tara Strong Confidence: 0.1",Lacey Chabert,0.8,1.0,1,1
475,2hop__555792_30351,Who did Hayek work for upon being hired by the author of Omnipotent Government?,the Austrian government,"Answer: Ludwig von Mises Confidence: 0.8  
Answer: Mises Confidence: 0.7  
Answer: von Mises Confidence: 0.6  
Answer: Ludwig Mises Confidence: 0.5  
Answer: the author of Omnipotent Government Confidence: 0.3",Ludwig von Mises,0.8,0.0,0,1
476,4hop2__161602_474028_88460_21034,What year did the country that is the natural boundary between where the tournament was hosted and where A Don is located host the ASEAN Conference?,hosted the summit in 2014,"Answer: 1967 Confidence: 0.6  
Answer: 1976 Confidence: 0.5  
Answer: 1995 Confidence: 0.4  
Answer: 2003 Confidence: 0.3  
Answer: 2010 Confidence: 0.2",1967,0.6,0.0,0,0
477,2hop__557743_92763,What is the enrollment at Henry Latimer's alma mater?,"16,801","Answer: 10000 Confidence: 0.3  
Answer: 5000 Confidence: 0.2  
Answer: 20000 Confidence: 0.15  
Answer: 15000 Confidence: 0.15  
Answer: 8000 Confidence: 0.2",10000,0.3,0.0,0,0
478,3hop1__816887_127905_80286,Who has the most hits in the league of the team that Dick Aylward plays for?,Pete Rose,"Answer: Pete Rose Confidence: 0.2
Answer: Ty Cobb Confidence: 0.15
Answer: Hank Aaron Confidence: 0.1
Answer: Ichiro Suzuki Confidence: 0.05
Answer: Stan Musial Confidence: 0.05",Pete Rose,0.2,1.0,1,1
479,2hop__43776_162341,What other recognition did the Oscar winner for Best Actor in 2006 receive?,nominated for an Academy Award for Best Supporting Actor,"Answer: Tony Award Confidence: 0.4  
Answer: Golden Globe Confidence: 0.8  
Answer: BAFTA Award Confidence: 0.7  
Answer: Screen Actors Guild Award Confidence: 0.6  
Answer: Emmy Award Confidence: 0.2",Golden Globe,0.8,0.0,0,0
480,2hop__608902_653666,Who is the mother of Katharine Smith Salisbury's brother?,Lucy Mack Smith,"Answer: Lucy Mack Smith Confidence: 0.9
Answer: Emma Hale Smith Confidence: 0.7
Answer: Mary Fielding Smith Confidence: 0.6
Answer: Mercy R. Thompson Confidence: 0.5
Answer: Agnes Coolbrith Smith Confidence: 0.4",Lucy Mack Smith,0.9,1.0,1,1
481,2hop__609313_20273,What year did the author of History of the Reformation in Scotland die?,1572,"Answer: 1572 Confidence: 0.8  
Answer: 1571 Confidence: 0.6  
Answer: 1573 Confidence: 0.4  
Answer: 1560 Confidence: 0.2  
Answer: 1580 Confidence: 0.1",1572,0.8,1.0,1,1
482,2hop__6827_55848,When was the first branch of the company that bought FleetBoston Financial established?,"November 3, 1930","Answer: 1784 Confidence: 0.8  
Answer: 1865 Confidence: 0.6  
Answer: 1904 Confidence: 0.5  
Answer: 1812 Confidence: 0.4  
Answer: 1929 Confidence: 0.3",1784,0.8,0.0,0,0
483,2hop__576118_25719,At the end of which year did tribes from the area where Linear Pottery culture was found invade the Roman Empire?,406,"Answer: 375 AD Confidence: 0.6  
Answer: 378 AD Confidence: 0.5  
Answer: 400 AD Confidence: 0.4  
Answer: 350 AD Confidence: 0.3  
Answer: 410 AD Confidence: 0.2",375 AD,0.6,0.0,0,0
484,3hop1__358853_339990_54675,"What mountain can you see from Portland, in the state that Raven Creek is located in?",Tualatin Mountains,"Answer: Mount Hood Confidence: 0.9
Answer: Mount Rainier Confidence: 0.7 
Answer: Mount St. Helens Confidence: 0.6 
Answer: Mount Adams Confidence: 0.5 
Answer: Mount Jefferson Confidence: 0.4",Mount Hood,0.9,0.0,0,0
485,3hop1__186307_503371_21711,When was the Palau de la Generalitat constructed in the city where Martin from where Jaulin is located died?,built in the 15th century,"Answer: 1416 Confidence: 0.6  
Answer: 1403 Confidence: 0.5  
Answer: 1425 Confidence: 0.4  
Answer: 1390 Confidence: 0.3  
Answer: 1380 Confidence: 0.2",1416,0.6,0.0,0,1
486,3hop2__326964_846_7713,How long had the city where the Yongle Emperor greeted the Karmapa been the capitol city of Yaxing Coach's headquarters location?,about 400 years,"Answer: 15 years Confidence: 0.6
Answer: 20 years Confidence: 0.5
Answer: 10 years Confidence: 0.4
Answer: 25 years Confidence: 0.3
Answer: 5 years Confidence: 0.2",15 years,0.6,0.4,0,0
487,4hop3__577443_88460_30152_20999,How were people from whom new coins were a proclamation of independence by the Somali Muslim Ajuran Empire expelled from the natural boundary between Thailand and Tham Pha's country?,The dynasty regrouped and defeated the Portuguese,"Answer: Ajuran Empire control over minting coins Confidence: 0.25  
Answer: expulsion due to territorial disputes Confidence: 0.20  
Answer: religious conflicts with neighboring states Confidence: 0.15  
Answer: economic sanctions by rival empires Confidence: 0.12  
Answer: military defeat by Thailand Confidence: 0.10",Ajuran Empire control over minting coins,0.25,0.0,0,0
488,3hop1__545624_2053_5289,"What UK label was bought by the company which, along with ABC and the network which broadcasted Here and Now, is the other major broadcaster based in NY?",Oriole Records.,"Answer: Parlophone Confidence: 0.8  
Answer: Virgin Records Confidence: 0.7  
Answer: Island Records Confidence: 0.6  
Answer: Decca Records Confidence: 0.5  
Answer: EMI Confidence: 0.4",Parlophone,0.8,0.0,0,0
489,2hop__252311_366220,Who founded the company that distributed the film UHF?,Mike Medavoy,"Answer: Orion Pictures Confidence: 0.4  
Answer: MGM Confidence: 0.3  
Answer: Warner Bros Confidence: 0.2  
Answer: Universal Pictures Confidence: 0.05  
Answer: Columbia Pictures Confidence: 0.05",Orion Pictures,0.4,0.0,0,0
490,3hop1__222497_309482_27537,Why did Roncalli leave the place where the composer of Al gran sole carico d'amore worked?,for the conclave in Rome,"Answer: Diplomatic duties Confidence: 0.5  
Answer: Health reasons Confidence: 0.2  
Answer: Religious mission Confidence: 0.15  
Answer: Family matters Confidence: 0.1  
Answer: Personal conflict Confidence: 0.05",Diplomatic duties,0.5,0.0,0,0
491,4hop1__93661_59747_211319_557671,Which county shares a border with the county where the most populous city in the state where season 8 of The Walking Dead was filmed is located?,Presque Isle County,"Answer: Fulton County Confidence: 0.7
Answer: DeKalb County Confidence: 0.6
Answer: Gwinnett County Confidence: 0.5
Answer: Clayton County Confidence: 0.4
Answer: Cobb County Confidence: 0.3",Fulton County,0.7,0.4,0,0
492,2hop__25344_88628,"In True Grit, who did the star play?",U.S. Marshal Rooster Cogburn,"Answer: John Wayne Confidence: 0.9  
Answer: Jeff Bridges Confidence: 0.7  
Answer: Glen Campbell Confidence: 0.5  
Answer: Kim Darby Confidence: 0.3  
Answer: Robert Duvall Confidence: 0.2",John Wayne,0.9,0.0,0,0
493,3hop2__222979_132477_40768,"When did the maker of the Acura RLX, the owner of Scion, and Nissan open US assembly plants?",1981,"Answer: 1980s Confidence: 0.7  
Answer: 1990s Confidence: 0.6  
Answer: 2000s Confidence: 0.5  
Answer: 1986 Confidence: 0.4  
Answer: 1982 Confidence: 0.3",1980s,0.7,0.0,0,1
494,3hop1__572324_568433_51423,What is the name of the castle in the city where the headquarters of the production company of Care Bear: Journey to Joke-a-lot is located?,Casa Loma,"Answer: Bran Castle Confidence: 0.3
Answer: Neuschwanstein Castle Confidence: 0.2
Answer: Edinburgh Castle Confidence: 0.2
Answer: Tower of London Confidence: 0.1
Answer: Prague Castle Confidence: 0.1",Bran Castle,0.3,0.0,0,0
495,3hop1__208108_547811_80702,What is the name of the famous bridge in the city where the composer of La Silvia was born?,Rialto Bridge,"Answer: Ponte Vecchio Confidence: 0.7
Answer: Rialto Bridge Confidence: 0.6
Answer: Charles Bridge Confidence: 0.5
Answer: Brooklyn Bridge Confidence: 0.3
Answer: Golden Gate Bridge Confidence: 0.2",Ponte Vecchio,0.7,0.0,0,0
496,3hop1__324448_831637_91775,What does SEAL stand for in the military branch that operates USS Prevail?,"Sea, Air, and Land","Answer: Sea, Air, Land Confidence: 0.9  
Answer: Special Operations Sea, Air, Land Confidence: 0.8  
Answer: Navy SEALs Confidence: 0.7  
Answer: SEa, Air, Land Teams Confidence: 0.85  
Answer: Special Forces Sea, Air, Land Confidence: 0.75","Sea, Air, Land",0.9,0.8571428571428571,0,1
497,4hop2__5206_14670_8987_8529,"When was ""Slavs"" used in the national anthem of the country whose military having the Air Defense Artillery was unprepared for the invasion of the country conquered by the Pact?",1943–1992,"Answer: 1945 Confidence: 0.7  
Answer: 1943 Confidence: 0.6  
Answer: 1944 Confidence: 0.5  
Answer: 1946 Confidence: 0.4  
Answer: 1942 Confidence: 0.3",1945,0.7,0.0,0,0
498,3hop2__103889_30152_20999,How were the people that the Ajuran Empire declared independence from by minting coins expelled from Zaw Win Thet's country?,The dynasty regrouped and defeated the Portuguese,"Answer: British Confidence: 0.7  
Answer: Portuguese Confidence: 0.6  
Answer: Italian Confidence: 0.5  
Answer: Omani Confidence: 0.4  
Answer: Ethiopian Confidence: 0.3",British,0.7,0.0,0,0
499,2hop__706038_14251,What line by a cast member of Birds of Feather is believed to have started the archie nickname?,"""Archibald, certainly not!""","Answer: ""Alright, my old china plate"" Confidence: 0.7
Answer: ""Hello, my old china"" Confidence: 0.6
Answer: ""Alright, my old china"" Confidence: 0.8
Answer: ""Hello, my old china plate"" Confidence: 0.5
Answer: ""Alright, china"" Confidence: 0.4","""Alright, my old china""",0.8,0.0,0,0
500,2hop__75207_53316,"Before the military coup was staged, who was the president of the country where Fuser and Alberto met the indigenous couple who were traveling to look for work?",Salvador Allende,"Answer: Juan Perón Confidence: 0.7  
Answer: Isabel Perón Confidence: 0.6  
Answer: Arturo Frondizi Confidence: 0.4  
Answer: Raúl Alfonsín Confidence: 0.3  
Answer: Carlos Menem Confidence: 0.2",Juan Perón,0.7,0.0,0,0
501,3hop1__765565_326948_86925,What is the symbols of the Saints from the place where Here Come the Girl's performer was born called?,fleur - de-lis,"Answer: Fleur-de-lis Confidence: 0.7
Answer: St. Benedict medal Confidence: 0.5
Answer: Cross of St. Peter Confidence: 0.4
Answer: Sacred Heart Confidence: 0.3
Answer: Chi Rho Confidence: 0.2",Fleur-de-lis,0.7,0.0,0,1
502,4hop1__711773_508773_85832_745702,Who's the son of the Italian navigator who explored the eastern coast of the continent Manuel Balbi was born in?,Sebastian Cabot,"Answer: Amerigo Vespucci Confidence: 0.8  
Answer: Christopher Columbus Confidence: 0.5  
Answer: Giovanni Caboto Confidence: 0.3  
Answer: Ferdinand Magellan Confidence: 0.2  
Answer: Bartolomeu Dias Confidence: 0.1",Amerigo Vespucci,0.8,0.0,0,0
503,2hop__170914_152093,"What label is responsible for the performer of ""Friend Like That""?",Fair Trade Services,"Answer: Hawkshaw Hawkins Confidence: 0.4  
Answer: George Jones Confidence: 0.3  
Answer: Hank Williams Confidence: 0.2  
Answer: Webb Pierce Confidence: 0.05  
Answer: Red Foley Confidence: 0.05",Hawkshaw Hawkins,0.4,0.0,0,0
504,2hop__761291_87295,Who does the author of Home: A Memoir of My Early Years play in Princess Diaries?,Queen dowager Clarisse Renaldi,"Answer: Julie Andrews Confidence: 0.95
Answer: Anne Hathaway Confidence: 0.1
Answer: Mia Thermopolis Confidence: 0.05
Answer: Queen Clarisse Confidence: 0.8
Answer: Hector Elizondo Confidence: 0.01",Julie Andrews,0.95,0.0,0,0
505,3hop1__465684_160545_62931,Where in the country where Bodindecha was born was The Beach filmed?,island Koh Phi Phi,"Answer: Thailand Confidence: 0.9
Answer: Krabi Confidence: 0.7
Answer: Phi Phi Islands Confidence: 0.8
Answer: Phuket Confidence: 0.6
Answer: Bangkok Confidence: 0.2",Thailand,0.9,0.0,0,1
506,2hop__276637_126089,Who was in charge of the area where Pavilion Welgelegen is located?,Johan Remkes,"Answer: William I of the Netherlands Confidence: 0.8
Answer: Louis Bonaparte Confidence: 0.7
Answer: Frederick Henry, Prince of Orange Confidence: 0.6
Answer: Maurice of Nassau Confidence: 0.5
Answer: Charles of Lorraine Confidence: 0.4",William I of the Netherlands,0.8,0.0,0,0
507,3hop1__321720_650651_7262,Who was a prominent figure at the radio division of the network that created the version of The Biggest Loser set in the country where Seria is?,Walter Sabo,"Answer: Ryan Seacrest Confidence: 0.5  
Answer: Simon Cowell Confidence: 0.3  
Answer: Dick Clark Confidence: 0.2  
Answer: Howard Stern Confidence: 0.1  
Answer: Oprah Winfrey Confidence: 0.1",Ryan Seacrest,0.5,0.0,0,0
508,2hop__603598_25719,At the end of what year did the tribes from the place where the Rossen culture is located invade the Roman Empire?,406,"Answer: 476 AD Confidence: 0.9  
Answer: 410 AD Confidence: 0.7  
Answer: 375 AD Confidence: 0.6  
Answer: 406 AD Confidence: 0.5  
Answer: 451 AD Confidence: 0.4",476 AD,0.9,0.0,0,0
509,2hop__160223_58067,Who was given India's highest civilian honor before he became President of India?,A.P.J. Abdul Kalam,"Answer: A.P.J. Abdul Kalam Confidence: 0.8  
Answer: Pranab Mukherjee Confidence: 0.7  
Answer: R. Venkataraman Confidence: 0.6  
Answer: Zakir Husain Confidence: 0.5  
Answer: S. Radhakrishnan Confidence: 0.4",A.P.J. Abdul Kalam,0.8,1.0,1,1
510,2hop__20268_42004,The Directory of Public Worship was approved by a parliament whose modern equivalent has been based where since 2004?,Scottish Parliament Building,"Answer: Edinburgh Confidence: 0.8  
Answer: London Confidence: 0.1  
Answer: Cardiff Confidence: 0.05  
Answer: Belfast Confidence: 0.03  
Answer: York Confidence: 0.02",Edinburgh,0.8,0.0,0,1
511,2hop__478978_124498,Who is the father of the performer of Je dis aime?,Louis Chedid,"Answer: Claude François Confidence: 0.8
Answer: Michel Sardou Confidence: 0.3
Answer: Johnny Hallyday Confidence: 0.2
Answer: Pierre Bachelet Confidence: 0.1
Answer: Jean-Jacques Goldman Confidence: 0.1",Claude François,0.8,0.0,0,0
512,3hop2__132957_379231_40768,"When did Nissan, the Acura Legend maker and the Scion xD manufacturer open US assembly plants?",1981,"Answer: 1980s Confidence: 0.7  
Answer: 1990s Confidence: 0.6  
Answer: 2000s Confidence: 0.5  
Answer: 1970s Confidence: 0.4  
Answer: 1983 Confidence: 0.3",1980s,0.7,0.0,0,1
513,2hop__166824_185403,What league does the team that plays in Stadio Ciro Vigorito play for?,Lega Pro Prima Divisione,"Answer: Serie C Confidence: 0.7  
Answer: Serie B Confidence: 0.2  
Answer: Serie A Confidence: 0.05  
Answer: Serie D Confidence: 0.04  
Answer: Lega Pro Confidence: 0.01",Serie C,0.7,0.0,0,1
514,4hop3__130404_29339_508306_70744,"Who has more national championships, the university where Fort Hill is, or the university in the state where Edwards won the primary, along with winning in the state containing WDXQ?",University of South Carolina,"Answer: Fort Hill's university Confidence: 0.65  
Answer: Edwards's primary state's university Confidence: 0.55  
Answer: University of Maryland Confidence: 0.5  
Answer: University of Michigan Confidence: 0.45  
Answer: University of Kentucky Confidence: 0.4",Fort Hill's university,0.65,0.28571428571428575,0,0
515,3hop1__857_846_7794,"In 2010, what was the population of the city where the Yongle emperor greeted the person to whom the edict was addressed?",8.005 million,"Answer: Beijing Confidence: 0.9
Answer: Nanjing Confidence: 0.8
Answer: Xi'an Confidence: 0.6
Answer: Hangzhou Confidence: 0.5
Answer: Kaifeng Confidence: 0.4",Beijing,0.9,0.0,0,0
516,2hop__24697_634490,Who is the sibling of Shu Yu from the Chinese capital that Kanmu modeled his government after?,King Cheng of Zhou,"Answer: Tang Xuanzong Confidence: 0.3  
Answer: Tang Taizong Confidence: 0.2  
Answer: Wu Zetian Confidence: 0.1  
Answer: Li Shimin Confidence: 0.1  
Answer: Tang Gaozong Confidence: 0.1",Tang Xuanzong,0.3,0.0,0,0
517,4hop1__39871_314549_131976_44892,"A line with Williamsburg, Main Street and another station are in a state that's next to an ocean. When did that ocean start to open up?",around 140 million years ago,"Answer: Atlantic Ocean Confidence: 0.4  
Answer: Pacific Ocean Confidence: 0.2  
Answer: Jurassic period Confidence: 0.3  
Answer: Cretaceous period Confidence: 0.2  
Answer: Triassic period Confidence: 0.1",Atlantic Ocean,0.4,0.0,0,0
518,2hop__96177_62765,Who did the star of Dark Hazard play in The Ten Commandments?,Dathan,"Answer: Edward G. Robinson Confidence: 0.5
Answer: Charlton Heston Confidence: 0.3 
Answer: Yul Brynner Confidence: 0.1 
Answer: Vincent Price Confidence: 0.05 
Answer: John Wayne Confidence: 0.05",Edward G. Robinson,0.5,0.0,0,0
519,4hop1__166471_49925_13759_736921,In what state is the district where the one who wanted to reform and address the institution behind the religion of Egidio Vagnozzi preached a sermon?,Saxony-Anhalt,"Answer: California, USA Confidence: 0.3  
Answer: New York, USA Confidence: 0.2  
Answer: Illinois, USA Confidence: 0.2  
Answer: Pennsylvania, USA Confidence: 0.15  
Answer: Massachusetts, USA Confidence: 0.15","California, USA",0.3,0.0,0,0
520,2hop__198459_61845,Who has played for both West Ham Ajax and the team that Adam Hammill is on?,Mido,"Answer: John Heitinga Confidence: 0.9
Answer: Jan Vertonghen Confidence: 0.7
Answer: Edgar Davids Confidence: 0.6
Answer: Nigel de Jong Confidence: 0.5
Answer: Daryl Janmaat Confidence: 0.4",John Heitinga,0.9,0.0,0,0
521,3hop1__512574_42197_18397,Where did the arguer that Oleg Lomakin's country of citizenship had become an imperialist power declare he would intervene in the Korean conflict?,the Politburo,"Answer: United Nations Confidence: 0.7  
Answer: Soviet Union Confidence: 0.6  
Answer: China Confidence: 0.5  
Answer: North Korea Confidence: 0.4  
Answer: United States Confidence: 0.3",United Nations,0.7,0.0,0,0
522,3hop1__664835_650651_7262,"Who was a prominent figure in the radio division of the network of the version of The Biggest Loser: The Final Chance, set in the country where Bokok is located?",Walter Sabo,"Answer: Joe Rogan Confidence: 0.2  
Answer: Howard Stern Confidence: 0.2  
Answer: Ryan Seacrest Confidence: 0.15  
Answer: Chris Evans Confidence: 0.1  
Answer: Simon Cowell Confidence: 0.05",Joe Rogan,0.2,0.0,0,0
523,3hop1__527372_339990_54675,"What mountains can you see from Portland, in the state with the county that contains Fester Hollow?",Tualatin Mountains,"Answer: Cascade Range Confidence: 0.8
Answer: Mount Hood Confidence: 0.7
Answer: Mount St. Helens Confidence: 0.6
Answer: Mount Adams Confidence: 0.5
Answer: Coast Range Confidence: 0.4",Cascade Range,0.8,0.0,0,0
524,3hop2__20335_82856_9331,"What dissolved the privileges in Poland of the empire that helped the patriots during the Revolutionary War, the Kingdom that acquired some Thuringian territory in 1815, and the Habsburg Monarchy?",March Constitution of Poland,"Answer: The Congress of Vienna Confidence: 0.9  
Answer: The Third Partition of Poland Confidence: 0.7  
Answer: The Treaty of Versailles Confidence: 0.5  
Answer: The Napoleonic Wars Confidence: 0.4  
Answer: The Treaty of Tilsit Confidence: 0.3",The Congress of Vienna,0.9,0.28571428571428575,0,0
525,2hop__130508_32379,What is the oldest college in the state that contains Borough House Plantation?,College of Charles Towne,"Answer: Harvard University Confidence: 0.2
Answer: University of South Carolina Confidence: 0.7
Answer: College of Charleston Confidence: 0.8
Answer: South Carolina College Confidence: 0.6
Answer: Princeton University Confidence: 0.1",College of Charleston,0.8,0.5714285714285715,0,0
526,2hop__242045_2684,What law was passed by Maria Shriver's husband?,"""Donda West Law""","Answer: The Arnold Schwarzenegger's Pension Reform Act Confidence: 0.7  
Answer: The California Global Warming Solutions Act Confidence: 0.6  
Answer: The California Budget Reform Act Confidence: 0.5  
Answer: The After School Education and Safety Program Act Confidence: 0.4  
Answer: The California Healthcare Reform Act Confidence: 0.3",The Arnold Schwarzenegger's Pension Reform Act,0.7,0.0,0,0
527,2hop__422295_8311,"When was the sibling of Alice de Lusignan, Countess of Surrey crowned?",1216,"Answer: 1250 Confidence: 0.4  
Answer: 1244 Confidence: 0.3  
Answer: 1260 Confidence: 0.2  
Answer: 1235 Confidence: 0.05  
Answer: 1255 Confidence: 0.05",1250,0.4,0.0,0,0
528,2hop__170341_43945,"Why was Common Sense, by the same author as Rights of Man, an important work?",crystallized the rebellious demand for independence from Great Britain,"Answer: Inspired American Revolution Confidence: 0.8
Answer: Advocated independence from Britain Confidence: 0.7
Answer: Influenced colonial opinion Confidence: 0.6
Answer: Written by Thomas Paine Confidence: 0.5
Answer: Criticized monarchy Confidence: 0.4",Inspired American Revolution,0.8,0.0,0,1
529,4hop1__429751_32392_823060_610794,What county is the city that shares a border with the state capital of the state where Purrysburg is located?,Richland County,"Answer: Jasper County Confidence: 0.7
Answer: Beaufort County Confidence: 0.6
Answer: Hampton County Confidence: 0.5
Answer: Colleton County Confidence: 0.4
Answer: Allendale County Confidence: 0.3",Jasper County,0.7,0.5,0,0
530,2hop__227791_75487,Who is the federal leader of the political party Ken Epp belongs to?,Andrew Scheer,"Answer: Pierre Poilievre Confidence: 0.8  
Answer: Andrew Scheer Confidence: 0.6  
Answer: Erin O'Toole Confidence: 0.5  
Answer: Stephen Harper Confidence: 0.3  
Answer: Rona Ambrose Confidence: 0.2",Pierre Poilievre,0.8,0.0,0,0
531,2hop__488811_30078,What military overran much of Erich Zakowski's place of birth?,Russian troops,"Answer: Soviet Union Confidence: 0.8
Answer: Nazi Germany Confidence: 0.7
Answer: Poland Confidence: 0.5
Answer: Russia Confidence: 0.4
Answer: Prussia Confidence: 0.3",Soviet Union,0.8,0.0,0,1
532,2hop__494659_5385,How many people work at the school that holds the Julian P. Kanter Political Commercial Archive?,"11,900","Answer: 500 Confidence: 0.2
Answer: 300 Confidence: 0.3
Answer: 200 Confidence: 0.25
Answer: 100 Confidence: 0.15
Answer: 400 Confidence: 0.1",300,0.3,0.0,0,0
533,2hop__286621_67370,When does the show of the cast member of Politically Incorrect start again in 2018?,"January 19, 2018","Answer: January 2018 Confidence: 0.2  
Answer: March 2018 Confidence: 0.2  
Answer: June 2018 Confidence: 0.2  
Answer: September 2018 Confidence: 0.2  
Answer: December 2018 Confidence: 0.2",January 2018,0.2,0.8,0,1
534,3hop1__178435_547811_41132,How many times did plague occur in the birthplace of the composer of Gloria in D Major?,22,"Answer: 3 Confidence: 0.3  
Answer: 2 Confidence: 0.25  
Answer: 4 Confidence: 0.2  
Answer: 1 Confidence: 0.15  
Answer: 5 Confidence: 0.1",3,0.3,0.0,0,0
535,3hop1__617062_127905_67954,Who won the All-Star MVP for the league that the team that Jim Wilson plays for is a part of?,Alex Bregman,"Answer: LeBron James Confidence: 0.6  
Answer: Kevin Durant Confidence: 0.5  
Answer: Stephen Curry Confidence: 0.4  
Answer: Giannis Antetokounmpo Confidence: 0.3  
Answer: Kobe Bryant Confidence: 0.2",LeBron James,0.6,0.0,0,0
536,3hop1__139773_88110_77129,"What was the first OS to support the Hyper-V protocol, developed by the company that the letters MS stand for, in the network where The Rachel Maddow Show is found?",Windows 8,"Answer: Windows Server 2008 Confidence: 0.9  
Answer: Windows 10 Confidence: 0.7  
Answer: Windows 8 Confidence: 0.6  
Answer: Windows Server 2012 Confidence: 0.5  
Answer: Windows 7 Confidence: 0.4",Windows Server 2008,0.9,0.4,0,0
537,3hop2__132957_133292_40768,When did Nissan along with the creator of the Hino Dutro and the maker of the Acura Legend open US assembly plants?,1981,"Answer: 1980s Confidence: 0.7  
Answer: 1970s Confidence: 0.2  
Answer: 1990s Confidence: 0.05  
Answer: 1960s Confidence: 0.03  
Answer: 2000s Confidence: 0.02",1980s,0.7,0.0,0,1
538,4hop3__387712_132409_146285_35031,Where does the city where Alexander Golitzen died rank in the top five largest urban areas of the state where the band that Jacoby Shaddix is a member of formed?,third-largest,"Answer: San Diego, 2 Confidence: 0.8  
Answer: San Diego, 3 Confidence: 0.7  
Answer: San Diego, 1 Confidence: 0.6  
Answer: Sacramento, 2 Confidence: 0.5  
Answer: Los Angeles, 1 Confidence: 0.3","San Diego, 2",0.8,0.0,0,0
539,2hop__25797_990,Which iPod generation introduced compatibility with the industry standard connection that was first widely used at version 1.1?,third generation,"Answer: iPod 3rd generation Confidence: 0.7  
Answer: iPod 2nd generation Confidence: 0.6  
Answer: iPod 4th generation Confidence: 0.5  
Answer: iPod 1st generation Confidence: 0.3  
Answer: iPod 5th generation Confidence: 0.2",iPod 3rd generation,0.7,0.4,0,1
540,3hop2__132957_52222_40768,"When did the maker of Acura Legend, the biggest automobile company in the world, and Nissan open US assembly plants?",1981,"Answer: 1986 Confidence: 0.8  
Answer: 1982 Confidence: 0.7  
Answer: 1984 Confidence: 0.6  
Answer: 1988 Confidence: 0.5  
Answer: 1980 Confidence: 0.4",1986,0.8,0.0,0,0
541,4hop1__788226_32392_823060_610794,The capital of the state where Mary Boykin Chesnut lived borders a city within which county?,Richland County,"Answer: Richland County Confidence: 0.8  
Answer: Kershaw County Confidence: 0.6  
Answer: Lexington County Confidence: 0.5  
Answer: Sumter County Confidence: 0.3  
Answer: Fairfield County Confidence: 0.2",Richland County,0.8,1.0,1,1
542,2hop__554145_88622,Who is the head of the main subject of NSA in popular culture?,ADM Michael S. Rogers,"Answer: Edward Snowden Confidence: 0.8  
Answer: Julian Assange Confidence: 0.2  
Answer: Glenn Greenwald Confidence: 0.1  
Answer: James Clapper Confidence: 0.05  
Answer: Michael Hayden Confidence: 0.05",Edward Snowden,0.8,0.0,0,0
543,2hop__312223_144857,What city was the author of What We Talk About When We Talk About love born in?,Clatskanie,"Answer: Portland Confidence: 0.7
Answer: Chicago Confidence: 0.2
Answer: Boston Confidence: 0.05
Answer: New York Confidence: 0.03
Answer: Seattle Confidence: 0.02",Portland,0.7,0.0,0,0
544,3hop1__622145_42197_18397,Where did the arguer that Boris Lagutin's country of citizenship had become an imperialist power declare he would intervene in the Korean conflict?,the Politburo,"Answer: Soviet Union Confidence: 0.7  
Answer: Russia Confidence: 0.6  
Answer: China Confidence: 0.4  
Answer: North Korea Confidence: 0.3  
Answer: United States Confidence: 0.1",Soviet Union,0.7,0.0,0,0
545,3hop2__131820_132454_61019,"What was the capital of the state where WEKL operates, before the city where Blackberry Smoke was formed?",Milledgeville,"Answer: Topeka Confidence: 0.7
Answer: Wichita Confidence: 0.6
Answer: Kansas City Confidence: 0.5
Answer: Lawrence Confidence: 0.4
Answer: Manhattan Confidence: 0.3",Topeka,0.7,0.0,0,0
546,2hop__233551_746883,Who does William Clito's father follow?,William the Conqueror,"Answer: William the Conqueror Confidence: 0.7
Answer: Robert Curthose Confidence: 0.8
Answer: Henry I of England Confidence: 0.6
Answer: William Rufus Confidence: 0.5
Answer: Stephen of Blois Confidence: 0.3",Robert Curthose,0.8,0.0,0,0
547,3hop1__67704_237521_291682,Who is the wife of the man who produced the documentary of the pop star who sings I Want to Rock With You?,Liza Minnelli,"Answer: Lisa Marie Presley Confidence: 0.8
Answer: Deborah Falconer Confidence: 0.7
Answer: Priscilla Presley Confidence: 0.6
Answer: Olivia Harrison Confidence: 0.5
Answer: Barbara Bach Confidence: 0.4",Lisa Marie Presley,0.8,0.0,0,0
548,2hop__310112_88165,Who did Haran's sibling marry after the death of sarah?,Keturah,"Answer: Keturah Confidence: 0.4  
Answer: Milcah Confidence: 0.3  
Answer: Nahor Confidence: 0.2  
Answer: Ishmael Confidence: 0.05  
Answer: Rebekah Confidence: 0.05",Keturah,0.4,1.0,1,1
549,3hop2__326964_464925_7713,How long had Michael Shen Fu-Tsung's birthplace been the capitol city of Yaxing Coach's headquarters location?,about 400 years,"Answer: 60 years Confidence: 0.3  
Answer: 50 years Confidence: 0.25  
Answer: 70 years Confidence: 0.2  
Answer: 40 years Confidence: 0.15  
Answer: 80 years Confidence: 0.1",60 years,0.3,0.4,0,0
550,2hop__748615_123956,On what date did Battle of the birth place of Marzuki Alie end?,15 February 1942,"Answer: 1945-08-17 Confidence: 0.4  
Answer: 1945-08-15 Confidence: 0.3  
Answer: 1949-12-27 Confidence: 0.2  
Answer: 1950-01-01 Confidence: 0.05  
Answer: 1945-09-02 Confidence: 0.05",1945-08-17,0.4,0.0,0,0
551,2hop__30741_85990,Who were the leaders of the opposition of the party that dominated until the mid-20th century?,"anti-slavery activists, modernizers, ex Whigs and ex Free Soilers","Answer: Winston Churchill Confidence: 0.8  
Answer: Clement Attlee Confidence: 0.7  
Answer: Harold Macmillan Confidence: 0.6  
Answer: Aneurin Bevan Confidence: 0.5  
Answer: Anthony Eden Confidence: 0.4",Winston Churchill,0.8,0.0,0,0
552,3hop2__127483_84553_10557,What was the language of Auctor of who built a european empire and was crowned emperor of the romans in 800 era later known as?,Medieval Latin,"Answer: Latin Confidence: 0.8  
Answer: Old French Confidence: 0.6  
Answer: German Confidence: 0.5  
Answer: Old High German Confidence: 0.4  
Answer: Frankish Confidence: 0.3",Latin,0.8,0.6666666666666666,0,1
553,3hop1__132798_40769_64047,When did the luxury division of the maker of the Toyopet Master change the body style of the rx 350?,Sales began worldwide in April 2012,"Answer: 2010 Confidence: 0.6  
Answer: 2008 Confidence: 0.3  
Answer: 2012 Confidence: 0.25  
Answer: 2006 Confidence: 0.2  
Answer: 2015 Confidence: 0.15",2010,0.6,0.0,0,0
554,3hop1__836699_15840_36002,What were the Genesis's advantages over the platform of the game Nightshade?,built on 16-bit architectures and offered improved graphics and sound,"Answer: Better graphics Confidence: 0.7  
Answer: More varied gameplay Confidence: 0.6  
Answer: Superior sound quality Confidence: 0.5  
Answer: Larger game library Confidence: 0.4  
Answer: Faster load times Confidence: 0.3",Better graphics,0.7,0.16666666666666669,0,0
555,2hop__498061_88622,Who's the head of the owner of ThinThread?,ADM Michael S. Rogers,"Answer: Keith Alexander Confidence: 0.8  
Answer: Michael Hayden Confidence: 0.6  
Answer: Robert Mueller Confidence: 0.4  
Answer: James Clapper Confidence: 0.3  
Answer: George Tenet Confidence: 0.2",Keith Alexander,0.8,0.0,0,0
556,3hop2__72083_92991_76291,When did the party that gained control of Congress in the midterm elections in 1946 take control of the government branch that determines the rules of the US House?,January 2015,"Answer: 1947 Confidence: 0.8
Answer: 1946 Confidence: 0.7
Answer: 1948 Confidence: 0.6
Answer: 1949 Confidence: 0.5
Answer: 1950 Confidence: 0.4",1947,0.8,0.0,0,0
557,4hop2__161602_474028_88460_20985,Does the capital city hold the majority of the population in the natural boundary between the country that hosted the tournament and the country where A Don is from?,largest city is Yangon (Rangoon),"Answer: No Confidence: 0.6  
Answer: Yes Confidence: 0.3  
Answer: Unknown Confidence: 0.1  
Answer: Maybe Confidence: 0.0  
Answer: Depends Confidence: 0.0",No,0.6,0.0,0,0
558,3hop1__813285_774554_124169,What year did the post end of Governor of the city where the author of Quadragesimo Anno died?,1952,"Answer: 1939 Confidence: 0.6
Answer: 1945 Confidence: 0.5
Answer: 1935 Confidence: 0.4
Answer: 1940 Confidence: 0.3
Answer: 1930 Confidence: 0.2",1939,0.6,0.0,0,0
559,4hop1__562740_49925_13759_736921,Where is the district that the person who wanted to reform and address the religion that practices altarage preach a sermon on Marian devotion before his death located?,Saxony-Anhalt,"Answer: Vatican City Confidence: 0.5  
Answer: Rome Confidence: 0.3  
Answer: Assisi Confidence: 0.1  
Answer: Canterbury Confidence: 0.05  
Answer: Avignon Confidence: 0.05",Vatican City,0.5,0.0,0,0
560,2hop__92051_827343,Who is the sibling of the actress who played Susan Walker in Miracle on 34th street?,Lana Wood,"Answer: Mara Wilson Confidence: 0.8  
Answer: Jake Gyllenhaal Confidence: 0.2  
Answer: Maggie Gyllenhaal Confidence: 0.2  
Answer: Drew Barrymore Confidence: 0.1  
Answer: Kristen Stewart Confidence: 0.05",Mara Wilson,0.8,0.0,0,0
561,3hop1__433054_831637_91775,What does seal stand for in who is the operator of destroyer class of the operator of the USS Venus seals?,"Sea, Air, and Land","Answer: US Navy Confidence: 0.7
Answer: SEAL Team Confidence: 0.6
Answer: Special Forces Confidence: 0.5
Answer: Naval Special Warfare Confidence: 0.4
Answer: Combatant Craft Confidence: 0.3",US Navy,0.7,0.0,0,0
562,2hop__6956_192417,The league the New England Patriots belongs to is an example of what?,sports league,"Answer: NFL Confidence: 1.0  
Answer: American football league Confidence: 0.9  
Answer: professional sports league Confidence: 0.8  
Answer: National Football League Confidence: 1.0  
Answer: sports organization Confidence: 0.7",NFL,1.0,0.0,0,1
563,3hop1__273571_834494_34088,Where does the administrative territorial entity that contains the administrative territorial entity that contains summit hold NASCAR races?,Tucson Raceway Park,"Answer: North Carolina Confidence: 0.7
Answer: Georgia Confidence: 0.6
Answer: South Carolina Confidence: 0.5
Answer: Tennessee Confidence: 0.4
Answer: Virginia Confidence: 0.3",North Carolina,0.7,0.0,0,0
564,4hop2__161602_426860_88460_21034,What year did the country that is the natural boundary between where tournament was hosted and where That Dam is located host the ASEAN Conference?,hosted the summit in 2014,"Answer: 2016 Confidence: 0.6  
Answer: 2012 Confidence: 0.4  
Answer: 2014 Confidence: 0.3  
Answer: 2010 Confidence: 0.2  
Answer: 2018 Confidence: 0.1",2016,0.6,0.0,0,0
565,3hop1__8148_24918_24939,"On November 22, who met with the Russian leader that visited the country where the Surzhyk dialect is spoken, when the protests were taking place?",Pope John Paul II,"Answer: Viktor Yanukovych Confidence: 0.8
Answer: Petro Poroshenko Confidence: 0.6  
Answer: Volodymyr Zelensky Confidence: 0.4  
Answer: Leonid Kuchma Confidence: 0.3  
Answer: Yulia Tymoshenko Confidence: 0.2",Viktor Yanukovych,0.8,0.0,0,0
566,2hop__25788_25855,Drives attached via an industry standard connector remain powered when the computer is off using what Dell feature?,PowerShare,"Answer: PowerEdge RAID Controller (PERC) Confidence: 0.4  
Answer: Dell FastBoot Confidence: 0.3  
Answer: Dell ExpressCharge Confidence: 0.2  
Answer: Dell PowerShare Confidence: 0.8  
Answer: Always On USB Confidence: 0.1",Dell PowerShare,0.8,0.6666666666666666,0,1
567,3hop2__326964_7861_7713,How long had the city containing some of the finest and oldest museums in China been the capitol city of Yaxing Coach's headquarters location?,about 400 years,"Answer: 13 years Confidence: 0.4  
Answer: 10 years Confidence: 0.3  
Answer: 15 years Confidence: 0.2  
Answer: 20 years Confidence: 0.05  
Answer: 5 years Confidence: 0.05",13 years,0.4,0.4,0,0
568,2hop__780652_93362,What film features Anil Devgan's sibling?,Yeh Raaste Hain Pyaar Ke,"Answer: Dilwale Dulhania Le Jayenge Confidence: 0.6  
Answer: Kuch Kuch Hota Hai Confidence: 0.5  
Answer: Kabhi Khushi Kabhie Gham Confidence: 0.4  
Answer: Devdas Confidence: 0.3  
Answer: Hum Dil De Chuke Sanam Confidence: 0.2",Dilwale Dulhania Le Jayenge,0.6,0.0,0,0
569,2hop__84172_198548,Who is the spouse of the person who does the voice for Smokey the Bear?,Katharine Ross,"Answer: Teresa Ganzel Confidence: 0.3  
Answer: Kathleen Helppie-Shipley Confidence: 0.2  
Answer: Debbie Bartlett Confidence: 0.2  
Answer: Laurie Main Confidence: 0.1  
Answer: Sam Elliott Confidence: 0.05",Teresa Ganzel,0.3,0.0,0,0
570,3hop1__145194_160545_62931,The Beach was filmed in what location of the country that contains the birth city of Siddhi Savetsila?,island Koh Phi Phi,"Answer: Thailand Confidence: 0.9
Answer: Phuket Confidence: 0.7
Answer: Krabi Confidence: 0.6
Answer: Ko Phi Phi Confidence: 0.5
Answer: Bangkok Confidence: 0.3",Thailand,0.9,0.0,0,1
571,2hop__818302_25719,At the end of which year did the tribes from the location of the Lusatia invade the Roman Empire?,406,"Answer: 167 AD Confidence: 0.7  
Answer: 166 AD Confidence: 0.6  
Answer: 168 AD Confidence: 0.5  
Answer: 170 AD Confidence: 0.4  
Answer: 165 AD Confidence: 0.3",167 AD,0.7,0.0,0,0
572,2hop__273020_57594,What gun was used by Pollack's director in Westworld?,LeMat revolver,"Answer: Colt M1877 Confidence: 0.5
Answer: Colt Single Action Army Confidence: 0.3
Answer: Smith & Wesson Model 3 Confidence: 0.1
Answer: Remington 1858 Confidence: 0.05
Answer: Derringer Confidence: 0.05",Colt M1877,0.5,0.0,0,0
573,3hop2__57233_11282_56883,When was conscription introduced in country having Emus during the war setting The Things They Carried?,1964,"Answer: 1965 Confidence: 0.7  
Answer: 1964 Confidence: 0.6  
Answer: 1966 Confidence: 0.5  
Answer: 1963 Confidence: 0.4  
Answer: 1967 Confidence: 0.3",1965,0.7,0.0,0,0
574,2hop__35686_58556,What is the food safety system of the antibiotic approval agency known as?,Food Safety Modernization Act (FSMA),"Answer: HACCP Confidence: 0.7  
Answer: FSMA Confidence: 0.6  
Answer: USDA Confidence: 0.5  
Answer: FDA Confidence: 0.4  
Answer: NARMS Confidence: 0.3",HACCP,0.7,0.0,0,0
575,3hop1__103890_10659_83548,"Who led the movement against communism, in the country where, along with the nation that Ágnes Konkoly is from, many expelled French Jews relocated to?",Lech Wałęsa,"Answer: Winston Churchill Confidence: 0.3  
Answer: Charles de Gaulle Confidence: 0.2  
Answer: Margaret Thatcher Confidence: 0.1  
Answer: Ronald Reagan Confidence: 0.2  
Answer: Lech Wałęsa Confidence: 0.2",Winston Churchill,0.3,0.0,0,0
576,2hop__96177_121319,Where did the star of Dark Hazard study?,American Academy of Dramatic Arts,"Answer: Harvard Confidence: 0.5  
Answer: Yale Confidence: 0.3  
Answer: UCLA Confidence: 0.2  
Answer: USC Confidence: 0.1  
Answer: NYU Confidence: 0.1",Harvard,0.5,0.0,0,0
577,2hop__223655_463572,"What record label released the debut album of the artist behind the 1993 album ""Let There be Love"".",MGM Records,"Answer: Island Records Confidence: 0.6  
Answer: Virgin Records Confidence: 0.4  
Answer: Motown Records Confidence: 0.3  
Answer: Def Jam Recordings Confidence: 0.2  
Answer: Columbia Records Confidence: 0.1",Island Records,0.6,0.5,0,0
578,2hop__540035_113442,What date did the creator of The Blind Girl Die?,13 August 1896,"Answer: 1865 Confidence: 0.3
Answer: 1870 Confidence: 0.2
Answer: 1861 Confidence: 0.2
Answer: 1856 Confidence: 0.2
Answer: 1875 Confidence: 0.1",1865,0.3,0.0,0,0
579,4hop1__638988_17130_70784_61381,When was the region immediately north of the region where the country in which Aluf can be found is located and the Persian Gulf established?,1932,"Answer: 1971 Confidence: 0.6  
Answer: 1961 Confidence: 0.3  
Answer: 1981 Confidence: 0.2  
Answer: 1951 Confidence: 0.1  
Answer: 1991 Confidence: 0.05",1971,0.6,0.0,0,0
580,2hop__9223_9237,When did the first mosque open in the place where Tobolar Copra plant is located?,September 2012,"Answer: 1990 Confidence: 0.6  
Answer: 1985 Confidence: 0.5  
Answer: 2000 Confidence: 0.4  
Answer: 1975 Confidence: 0.3  
Answer: 2010 Confidence: 0.2",1990,0.6,0.0,0,0
581,3hop1__438364_443779_52195,Who is the president of the newly declared independent country that is part of the Commission of Truth and Friendship with the country where Kotamadya is located?,Francisco Guterres,"Answer: José Ramos-Horta Confidence: 0.7  
Answer: Xanana Gusmão Confidence: 0.6  
Answer: Taur Matan Ruak Confidence: 0.5  
Answer: Mari Alkatiri Confidence: 0.4  
Answer: Francisco Guterres Confidence: 0.3",José Ramos-Horta,0.7,0.0,0,0
582,3hop1__108062_720914_41132,How many times did plague occur in the place where La Bella's artist died?,22,"Answer: 3 Confidence: 0.5
Answer: 2 Confidence: 0.3
Answer: 4 Confidence: 0.1
Answer: 1 Confidence: 0.05
Answer: 5 Confidence: 0.05",3,0.5,0.0,0,0
583,2hop__57638_72467,What team picked the highest point average holder in NBA history in the NBA draft?,Seattle SuperSonics,"Answer: Golden State Warriors Confidence: 0.5
Answer: Los Angeles Lakers Confidence: 0.3
Answer: Chicago Bulls Confidence: 0.2
Answer: Boston Celtics Confidence: 0.1
Answer: Philadelphia 76ers Confidence: 0.1",Golden State Warriors,0.5,0.0,0,0
584,4hop1__720201_153080_159767_81096,Who won the 1993 Indy Car Race in the largest city of the state containing the city where the performer of the album Something Like a Bird is from?,Mario Andretti,"Answer: Nigel Mansell Confidence: 0.8  
Answer: Emerson Fittipaldi Confidence: 0.6  
Answer: Mario Andretti Confidence: 0.5  
Answer: Paul Tracy Confidence: 0.4  
Answer: Al Unser Jr. Confidence: 0.3",Nigel Mansell,0.8,0.0,0,0
585,3hop1__726561_132457_47686,Where do greyhound buses leave from in the city the performer of Born a Lion formed in?,Toronto Coach Terminal,"Answer: Denver Greyhound Station Confidence: 0.4  
Answer: Seattle Greyhound Station Confidence: 0.3  
Answer: Minneapolis Greyhound Station Confidence: 0.2  
Answer: Boston Greyhound Station Confidence: 0.1  
Answer: Chicago Greyhound Station Confidence: 0.1",Denver Greyhound Station,0.4,0.0,0,0
586,2hop__827995_159109,Where is Amílcar Cabral International Airport?,central Atlantic Ocean,"Answer: Bissau Confidence: 0.9  
Answer: Guinea-Bissau Confidence: 0.8  
Answer: Cabo Verde Confidence: 0.3  
Answer: Praia Confidence: 0.2  
Answer: Lisbon Confidence: 0.1",Bissau,0.9,0.0,0,0
587,2hop__71715_50429,What is the population of the state where Dukes of Hazzard took place?,"10,310,371 (2016 est.)","Answer: Georgia Confidence: 0.6  
Answer: North Carolina Confidence: 0.2  
Answer: Tennessee Confidence: 0.1  
Answer: South Carolina Confidence: 0.05  
Answer: Alabama Confidence: 0.05",Georgia,0.6,0.0,0,0
588,2hop__159816_37168,According to QS World University Rankings where does the university where Hawass graduated rank?,551-600,"Answer: Cairo University Confidence: 0.8  
Answer: Ain Shams University Confidence: 0.1  
Answer: Alexandria University Confidence: 0.05  
Answer: American University in Cairo Confidence: 0.03  
Answer: Zagazig University Confidence: 0.02",Cairo University,0.8,0.0,0,0
589,2hop__48033_90973,Who did the original voice of the character Mila Kunis plays on family Guy?,Lacey Chabert,"Answer: Mila Kunis Confidence: 1.0  
Answer: Lacey Chabert Confidence: 0.8  
Answer: Tara Strong Confidence: 0.3  
Answer: Rachel McFarlane Confidence: 0.2  
Answer: Alex Borstein Confidence: 0.1",Mila Kunis,1.0,0.0,0,0
590,2hop__14095_15463,"In 2002, what company merged with the top PC manufacturer from 1994?",Hewlett Packard,"Answer: HP Confidence: 0.8  
Answer: Hewlett-Packard Confidence: 0.7  
Answer: Compaq Confidence: 0.6  
Answer: Dell Confidence: 0.4  
Answer: IBM Confidence: 0.3",HP,0.8,0.0,0,1
591,3hop1__31995_24918_24939,The leader visiting where Steven Spielberg's grandparents are from met with whom on November 22?,Pope John Paul II,"Answer: Volodymyr Zelensky Confidence: 0.7  
Answer: Joe Biden Confidence: 0.6  
Answer: Emmanuel Macron Confidence: 0.5  
Answer: Vladimir Putin Confidence: 0.4  
Answer: Justin Trudeau Confidence: 0.3",Volodymyr Zelensky,0.7,0.0,0,0
592,2hop__23459_22946,Who said that the most influential figure in Islamic philosophy was one of the greatest thinkers?,George Sarton,"Answer: Avicenna Confidence: 0.8
Answer: Averroes Confidence: 0.7
Answer: Al-Farabi Confidence: 0.6
Answer: Al-Ghazali Confidence: 0.5
Answer: Rumi Confidence: 0.4",Avicenna,0.8,0.0,0,0
593,2hop__423874_128023,In which league was Ilsinho's team?,Major League Soccer,"Answer: Major League Soccer Confidence: 0.8  
Answer: Ukrainian Premier League Confidence: 0.1  
Answer: Brazilian Serie A Confidence: 0.05  
Answer: English Premier League Confidence: 0.03  
Answer: Liga MX Confidence: 0.02",Major League Soccer,0.8,1.0,1,1
594,4hop2__71753_623626_70784_79935,When was the region that lies to the north of what where Israel is located and the body of water where Kharg Island is found created?,1930,"Answer: 100 million years ago Confidence: 0.7  
Answer: 65 million years ago Confidence: 0.6  
Answer: 200 million years ago Confidence: 0.5  
Answer: 150 million years ago Confidence: 0.4  
Answer: 50 million years ago Confidence: 0.3",100 million years ago,0.7,0.0,0,0
595,2hop__30032_46621,When was the celestial body that transforms nuclear potential energy to other forms of energy discovered to be the center of the solar system?,as early as the 3rd century BC,"Answer: 1543 Confidence: 0.9  
Answer: 1610 Confidence: 0.7  
Answer: 1609 Confidence: 0.6  
Answer: 1500 Confidence: 0.5  
Answer: 1687 Confidence: 0.4",1543,0.9,0.0,0,0
596,2hop__82713_84616,What did the actress in My Fair Lady win a Tony for?,for Best Performance by a Leading Actress in a Play in Ondine,"Answer: Best Actress in a Musical Confidence: 0.8
Answer: Best Actress Confidence: 0.7
Answer: Best Performance by a Leading Actress Confidence: 0.6
Answer: Outstanding Actress Confidence: 0.5
Answer: Best Lead Actress in a Musical Confidence: 0.4",Best Actress in a Musical,0.8,0.4285714285714285,0,0
597,2hop__135822_46621,When was the star to which Solgränd is named after discovered to be the center of the solar system?,as early as the 3rd century BC,"Answer: 1543 Confidence: 0.7  
Answer: 1610 Confidence: 0.6  
Answer: 1609 Confidence: 0.5  
Answer: 1633 Confidence: 0.4  
Answer: 1500 Confidence: 0.3",1543,0.7,0.0,0,0
598,3hop2__668732_223623_162182,In what region of the country where An Phu is located is John Phan's birthplace?,South Central Coast,"Answer: Vietnam Confidence: 0.7  
Answer: Southeast Asia Confidence: 0.6  
Answer: An Giang Province Confidence: 0.5  
Answer: Mekong Delta Confidence: 0.4  
Answer: Southern Vietnam Confidence: 0.3",Vietnam,0.7,0.0,0,0
599,3hop2__14777_8533_9331,"What dissolved privileges in Poland held by the empire that used Pan-Slavism as a tool, the leader of the North German Confederation during the Franco-Prussian War, and the Habsburg Monarchy?",March Constitution of Poland,"Answer: Russia Confidence: 0.7  
Answer: Austria Confidence: 0.6  
Answer: Prussia Confidence: 0.5  
Answer: Germany Confidence: 0.4  
Answer: Soviet Union Confidence: 0.3",Russia,0.7,0.0,0,0
600,2hop__316374_82341,In what part of Florida is Bob Steele's place of death located?,in Northern Florida,"Answer: South Florida Confidence: 0.6  
Answer: Central Florida Confidence: 0.3  
Answer: North Florida Confidence: 0.2  
Answer: Tampa Bay Area Confidence: 0.1  
Answer: Miami Confidence: 0.05",South Florida,0.6,0.4,0,0
601,3hop1__617062_127905_87812,When is the opening day of the league that Jim Wilson plays for?,"Thursday, March 29","Answer: March 30 Confidence: 0.4  
Answer: April 1 Confidence: 0.3  
Answer: March 28 Confidence: 0.2  
Answer: April 5 Confidence: 0.05  
Answer: March 15 Confidence: 0.05",March 30,0.4,0.4,0,0
602,4hop1__58323_375563_161848_28750,Where was Popper's academic appointment in the country near the country of citizenship of the person who wrote The Book Thief?,Canterbury University College of the University of New Zealand,"Answer: London School of Economics Confidence: 0.9  
Answer: University of London Confidence: 0.8  
Answer: University of Vienna Confidence: 0.7  
Answer: University of Canterbury Confidence: 0.6  
Answer: University of Cambridge Confidence: 0.5",London School of Economics,0.9,0.16666666666666666,0,0
603,4hop1__61681_53706_795904_580996,What city shares a border with the city where a person went to work during the gold rush in the biggest state in the USA by population?,Rio Linda,"Answer: Sacramento Confidence: 0.6  
Answer: San Francisco Confidence: 0.3  
Answer: Los Angeles Confidence: 0.2  
Answer: San Jose Confidence: 0.1  
Answer: Oakland Confidence: 0.1",Sacramento,0.6,0.0,0,1
604,3hop2__368986_89048_66294,Who played who sang is she really going out with him in the performer of Anthology movie?,Lawrence Hilton - Jacobs,"Answer: Joe Jackson Confidence: 0.8
Answer: John Cusack Confidence: 0.5
Answer: Jason Lee Confidence: 0.3
Answer: Kevin Spacey Confidence: 0.2
Answer: Hugh Grant Confidence: 0.1",Joe Jackson,0.8,0.0,0,0
605,4hop3__270458_88460_30152_20999,How were the same people who the Somali Muslim Ajuran Empire declared independence from expelled from the natural boundary between Thailand and the country where Nam Khan is found?,The dynasty regrouped and defeated the Portuguese,"Answer: Portuguese Confidence: 0.6  
Answer: Dutch Confidence: 0.5  
Answer: British Confidence: 0.4  
Answer: French Confidence: 0.3  
Answer: Spanish Confidence: 0.2",Portuguese,0.6,0.33333333333333337,0,1
606,2hop__771477_149987,Which mythological tradition has the group of heroes that includes Aegialeus?,Greek mythology,"Answer: Greek mythology Confidence: 0.8
Answer: Roman mythology Confidence: 0.1
Answer: Norse mythology Confidence: 0.05
Answer: Egyptian mythology Confidence: 0.03
Answer: Mesopotamian mythology Confidence: 0.02",Greek mythology,0.8,1.0,1,1
607,2hop__39954_65371,Who is the permanent representative to the united nations of the country where it is estimated that a hunter spends fifty to one hundred times that of the average ecotourist?,Modest Jonathan Mero,"Answer: Zhang Jun Confidence: 0.3  
Answer: Li Baodong Confidence: 0.2  
Answer: Wang Yi Confidence: 0.2  
Answer: Liu Jieyi Confidence: 0.2  
Answer: Ma Zhaoxu Confidence: 0.1",Zhang Jun,0.3,0.0,0,0
608,4hop1__708184_153080_159767_81096,Who won the Indy car race in the largest city and the capital of the US state of origin of the performer of The Black Saint and the Sinner Lady?,Mario Andretti,"Answer: Will Power Confidence: 0.7
Answer: Scott Dixon Confidence: 0.6
Answer: Simon Pagenaud Confidence: 0.5
Answer: Josef Newgarden Confidence: 0.4
Answer: Alexander Rossi Confidence: 0.3",Will Power,0.7,0.0,0,0
609,3hop2__132957_800948_40768,"When did the maker of the Acura Legend, the employer of Katsuaki Watanabe, and Nissan open US assembly plants?",1981,"Answer: 1980s Confidence: 0.8  
Answer: 1982 Confidence: 0.7  
Answer: 1986 Confidence: 0.6  
Answer: 1985 Confidence: 0.5  
Answer: 1989 Confidence: 0.4",1980s,0.8,0.0,0,1
610,4hop2__9988_261673_70784_79935,When was the region immediately north of the region that prevailed with the disgrace of Near East and the terrain feature on which shamal is located created?,1930,"Answer: 20th century Confidence: 0.7  
Answer: 19th century Confidence: 0.6  
Answer: 18th century Confidence: 0.5  
Answer: 17th century Confidence: 0.4  
Answer: 16th century Confidence: 0.3",20th century,0.7,0.0,0,0
611,4hop1__88342_49853_128008_80286,Who has the most hits in the league whose member team has the most wins of the championship series which proceeds the MVP award?,Pete Rose,"Answer: Ichiro Suzuki Confidence: 0.3  
Answer: Pete Rose Confidence: 0.25  
Answer: Hank Aaron Confidence: 0.2  
Answer: Ty Cobb Confidence: 0.15  
Answer: Derek Jeter Confidence: 0.1",Ichiro Suzuki,0.3,0.0,0,0
612,3hop1__844109_720914_41132,How many times did the plague occur where the creator of The Entombment died?,22,"Answer: 2 Confidence: 0.7  
Answer: 1 Confidence: 0.6  
Answer: 3 Confidence: 0.5  
Answer: 0 Confidence: 0.4  
Answer: 4 Confidence: 0.3",2,0.7,0.0,0,0
613,4hop1__638988_17130_70784_79935,When was the region that lies to the north of the region where Aluf is located and the Persian Gulf created?,1930,"Answer: 1971 Confidence: 0.7  
Answer: 1970 Confidence: 0.6  
Answer: 1968 Confidence: 0.5  
Answer: 1972 Confidence: 0.4  
Answer: 1980 Confidence: 0.3",1971,0.7,0.0,0,0
614,3hop1__801799_547811_41132,How many times did plague occur in the birth city of the composer of La fida ninfa?,22,"Answer: 3 Confidence: 0.5  
Answer: 5 Confidence: 0.3  
Answer: 1 Confidence: 0.1  
Answer: 2 Confidence: 0.05  
Answer: 4 Confidence: 0.05",3,0.5,0.0,0,0
615,2hop__464479_70131,Who constituted the freikorps in the country that the German Socialist Party was part of?,consisting largely of World War I veterans,"Answer: Germany Confidence: 0.8  
Answer: Weimar Republic Confidence: 0.7  
Answer: Austria Confidence: 0.2  
Answer: Prussia Confidence: 0.5  
Answer: Bavaria Confidence: 0.3",Germany,0.8,0.0,0,0
616,2hop__123166_47134,What is the mascot of William J. Ripple's university?,Benny Beaver,"Answer: Oregon State University Beaver Confidence: 0.9
Answer: Oregon State University Benny Beaver Confidence: 0.8
Answer: OSU Beaver Confidence: 0.7
Answer: Benny Beaver Confidence: 0.6
Answer: Beaver Confidence: 0.5",Oregon State University Beaver,0.9,0.3333333333333333,0,1
617,3hop1__133264_40769_64047,When did the rx 350 model of the luxury division of the company that manufactures Scion Fuse change body style?,Sales began worldwide in April 2012,"Answer: 2015 Confidence: 0.7  
Answer: 2016 Confidence: 0.6  
Answer: 2013 Confidence: 0.5  
Answer: 2017 Confidence: 0.4  
Answer: 2014 Confidence: 0.3",2015,0.7,0.0,0,0
618,2hop__73717_653666,Who was the mother of the person who found the sacred writings that became the Book of Mormon?,Lucy Mack Smith,"Answer: Lucy Mack Smith Confidence: 0.8  
Answer: Mary Whitmer Confidence: 0.6  
Answer: Emma Hale Smith Confidence: 0.4  
Answer: Rebecca Smith Confidence: 0.2  
Answer: Eliza R. Snow Confidence: 0.1",Lucy Mack Smith,0.8,1.0,1,1
619,4hop2__103790_14670_8987_8529,"A country's military branch, the equivalent of which in the US contains the Air Defense Artillery, was unprepared for the invasion of Ivo Werner's country. When was the word ""Slavs"" used in the national anthem of the unprepared country?",1943–1992,"Answer: 1944 Confidence: 0.7
Answer: 1942 Confidence: 0.6
Answer: 1943 Confidence: 0.5
Answer: 1941 Confidence: 0.4
Answer: 1945 Confidence: 0.3",1944,0.7,0.0,0,0
620,3hop1__326941_366209_84283,Who is the owner of the record label that the performer of Trojans belongs to?,Warner Music Group,"Answer: Interscope Records Confidence: 0.6  
Answer: Warner Music Group Confidence: 0.2  
Answer: Sony Music Entertainment Confidence: 0.1  
Answer: Universal Music Group Confidence: 0.05  
Answer: Atlantic Records Confidence: 0.05",Interscope Records,0.6,0.0,0,0
621,2hop__63483_786853,Who is the spouse of the person who plays Batman in the Lego Batman Movie?,Amy Poehler,"Answer: Jennifer Garner Confidence: 0.7  
Answer: Christina Applegate Confidence: 0.6  
Answer: Emma Stone Confidence: 0.5  
Answer: Reese Witherspoon Confidence: 0.4  
Answer: Maggie Gyllenhaal Confidence: 0.3",Jennifer Garner,0.7,0.0,0,0
622,2hop__85596_807969,What team is the highest goal scorer in the EPL a member of?,Egypt national football team,"Answer: Man City Confidence: 0.8
Answer: Liverpool Confidence: 0.6
Answer: Arsenal Confidence: 0.4
Answer: Tottenham Confidence: 0.3
Answer: Chelsea Confidence: 0.2",Man City,0.8,0.0,0,0
623,2hop__32887_235620,Who fathered Emperor Ai of the Chinese dynasty with the oldest remaining wooden buildings?,Emperor Zhaozong of Tang,"Answer: Emperor Cheng Confidence: 0.8
Answer: Emperor Yuan Confidence: 0.7
Answer: Emperor Wu Confidence: 0.6
Answer: Emperor Jing Confidence: 0.5
Answer: Emperor Xuan Confidence: 0.4",Emperor Cheng,0.8,0.3333333333333333,0,0
624,3hop1__765565_326948_78782,Who was the British general in the birthplace of the performer of Here Come the Girls?,General Edward Pakenham,"Answer: Bernard Montgomery Confidence: 0.7
Answer: Arthur Wellesley Confidence: 0.6
Answer: Horatio Nelson Confidence: 0.5
Answer: Douglas Haig Confidence: 0.4
Answer: Henry Clinton Confidence: 0.3",Bernard Montgomery,0.7,0.0,0,0
625,3hop1__604991_339990_15538,When did the state that Frozen Run is located in reinstate the death penalty?,1984,"Answer: 1976 Confidence: 0.7  
Answer: 1982 Confidence: 0.6  
Answer: 1974 Confidence: 0.5  
Answer: 1988 Confidence: 0.4  
Answer: 1990 Confidence: 0.3",1976,0.7,0.0,0,0
626,3hop1__275261_443779_52195,Who is the president of the newly declared independent country that formed the Timor Leste Commission of Truth and Friendship with the country where Pantar is found?,Francisco Guterres,"Answer: Xanana Gusmão Confidence: 0.7  
Answer: José Ramos-Horta Confidence: 0.6  
Answer: Mari Alkatiri Confidence: 0.5  
Answer: Taur Matan Ruak Confidence: 0.4  
Answer: Francisco Guterres Confidence: 0.3",Xanana Gusmão,0.7,0.0,0,0
627,3hop1__446612_160545_34751,What year did the country where Ercole Manfredi was born form an alliance with Japan?,1941,"Answer: 1868 Confidence: 0.3
Answer: 1902 Confidence: 0.25
Answer: 1895 Confidence: 0.2
Answer: 1910 Confidence: 0.15
Answer: 1871 Confidence: 0.1",1868,0.3,0.0,0,0
628,4hop1__88342_75218_128008_80286,who has had the most hits in the league that includes the team that has played the most games of the type played just before the league MVP is awarded?,Pete Rose,"Answer: Ichiro Suzuki Confidence: 0.6  
Answer: Pete Rose Confidence: 0.5  
Answer: Ty Cobb Confidence: 0.4  
Answer: Hank Aaron Confidence: 0.3  
Answer: Derek Jeter Confidence: 0.2",Ichiro Suzuki,0.6,0.0,0,0
629,2hop__76402_653666,Who is the mother of the founder of Mormonism?,Lucy Mack Smith,"Answer: Lucy Mack Smith Confidence: 0.9  
Answer: Mary Duty Smith Confidence: 0.1  
Answer: Lucy Harris Confidence: 0.0  
Answer: Emma Smith Confidence: 0.0  
Answer: Elizabeth Ann Whitney Confidence: 0.0",Lucy Mack Smith,0.9,1.0,1,1
630,2hop__61664_786853,Who is the spouse of the voice actor of Batman in The Lego Batman Movie?,Amy Poehler,"Answer: Misty Lee Confidence: 0.8
Answer: Andrea Romano Confidence: 0.6
Answer: Grey DeLisle Confidence: 0.5
Answer: Tara Strong Confidence: 0.4
Answer: Jennifer Hale Confidence: 0.3",Misty Lee,0.8,0.0,0,0
631,2hop__731228_609866,What district is the headquarter of Julia's House located?,East Dorset,"Answer: Bournemouth Confidence: 0.8  
Answer: Poole Confidence: 0.7  
Answer: Christchurch Confidence: 0.6  
Answer: Dorset Confidence: 0.5  
Answer: Wiltshire Confidence: 0.2",Bournemouth,0.8,0.0,0,0
632,3hop2__132957_51933_40768,"When did the maker of the Acura Legend, the largest auto company in the world, and Nissan open US assembly plants?",1981,"Answer: 1980s Confidence: 0.7  
Answer: 1990s Confidence: 0.6  
Answer: 1986 Confidence: 0.5  
Answer: 1984 Confidence: 0.4  
Answer: 1982 Confidence: 0.3",1980s,0.7,0.0,0,1
633,2hop__864101_135373,What is the body of water that St. Matthew Island located in named after?,Vitus Bering,"Answer: Bering Sea Confidence: 0.9  
Answer: Bering Strait Confidence: 0.7  
Answer: Arctic Ocean Confidence: 0.5  
Answer: Chukchi Sea Confidence: 0.4  
Answer: Pacific Ocean Confidence: 0.3",Bering Sea,0.9,0.5,0,1
634,2hop__217011_80026,Who played the character in Willy Wonka and the Chocolate Factory that the performer of Victrola was named after?,Julie Dawn Cole,"Answer: Gene Wilder Confidence: 0.9
Answer: Johnny Depp Confidence: 0.05 
Answer: Peter Ostrum Confidence: 0.02 
Answer: Jack Albertson Confidence: 0.02 
Answer: Roald Dahl Confidence: 0.01",Gene Wilder,0.9,0.0,0,0
635,3hop1__582007_160713_77246,"In the Arabic dictionary, what's the meaning of the word for the majority religion in the area of British India that became India when Achh's country was created?",the country of India,"Answer: Islam Confidence: 0.6 
Answer: Hindu Confidence: 0.3 
Answer: Sikh Confidence: 0.05 
Answer: Buddhism Confidence: 0.03 
Answer: Christianity Confidence: 0.02",Islam,0.6,0.0,0,0
636,2hop__55032_786853,Who is the spouse of the actor who voices Batman in the Lego Batman movie?,Amy Poehler,"Answer: Melissa Benoist Confidence: 0.6  
Answer: Charlotte Ritchie Confidence: 0.5  
Answer: Felicia Day Confidence: 0.4  
Answer: Jennifer Carpenter Confidence: 0.3  
Answer: Anna Camp Confidence: 0.2",Melissa Benoist,0.6,0.0,0,0
637,2hop__47257_43786,Where is the base of the newspaper saying if you find yourself in a hole stop digging?,"Washington, D.C.","Answer: New York Confidence: 0.6  
Answer: London Confidence: 0.5  
Answer: Washington D.C. Confidence: 0.4  
Answer: Chicago Confidence: 0.3  
Answer: Los Angeles Confidence: 0.2",New York,0.6,0.0,0,0
638,2hop__87953_17335,When did the winner of the Battle between Poras and Sikander die?,323 BC,"Answer: 323 BCE Confidence: 0.9
Answer: 325 BCE Confidence: 0.2
Answer: 321 BCE Confidence: 0.1
Answer: 327 BCE Confidence: 0.05
Answer: 320 BCE Confidence: 0.03",323 BCE,0.9,0.5,0,1
639,3hop2__326964_265410_7713,How long had Anhua Gao's birthplace been the capitol city of Yaxing Coach's headquarters location?,about 400 years,"Answer: 50 years Confidence: 0.3  
Answer: 30 years Confidence: 0.2  
Answer: 100 years Confidence: 0.1  
Answer: 20 years Confidence: 0.2  
Answer: 10 years Confidence: 0.2",50 years,0.3,0.4,0,0
640,2hop__13731_801817,Where was Mary's betrothed born?,Nazareth,"Answer: Nazareth Confidence: 0.7  
Answer: Bethlehem Confidence: 0.6  
Answer: Galilee Confidence: 0.5  
Answer: Judea Confidence: 0.4  
Answer: Egypt Confidence: 0.3",Nazareth,0.7,1.0,1,1
641,4hop1__130508_32392_823060_610794,In which county is the city sharing a border with the capitol of the state where Borough House Plantation is located?,Richland County,"Answer: Richland County Confidence: 0.7  
Answer: Kershaw County Confidence: 0.15  
Answer: Sumter County Confidence: 0.05  
Answer: Lexington County Confidence: 0.05  
Answer: Calhoun County Confidence: 0.05",Richland County,0.7,1.0,1,1
642,3hop1__49610_89752_75165,What is the population of the largest state where The Handmaid's Tale is set?,"1,335,907","Answer: 39 million Confidence: 0.7  
Answer: 37 million Confidence: 0.6  
Answer: 35 million Confidence: 0.5  
Answer: 40 million Confidence: 0.4  
Answer: 32 million Confidence: 0.3",39 million,0.7,0.0,0,0
643,4hop1__130276_59747_211319_557671,Which county shares a border with the county where the most populous city in the state where Redan High School is located?,Presque Isle County,"Answer: Fulton County Confidence: 0.8
Answer: DeKalb County Confidence: 0.7
Answer: Gwinnett County Confidence: 0.6
Answer: Cobb County Confidence: 0.5
Answer: Clayton County Confidence: 0.4",Fulton County,0.8,0.4,0,0
644,4hop1__860115_798482_131926_13165,What treaty ceded territory to the US extending west to the river by the city sharing a border with Elizabeth Berg's birthplace?,Treaty of Paris,"Answer: Treaty of Guadalupe Hidalgo Confidence: 0.85  
Answer: Adams-Onís Treaty Confidence: 0.70  
Answer: Louisiana Purchase Confidence: 0.50  
Answer: Oregon Treaty Confidence: 0.45  
Answer: Gadsden Purchase Confidence: 0.30",Treaty of Guadalupe Hidalgo,0.85,0.5714285714285715,0,0
645,4hop3__275416_24325_156850_10557,"Despite being located in East Belgium, the Carnival of the birth place of Guido Maus harks purely to an area. What was the language having the same name as this area of the era with Fastrada's spouse's name later known as?",Medieval Latin,"Answer: Franconian Confidence: 0.7  
Answer: Frankish Confidence: 0.65  
Answer: Frisian Confidence: 0.3  
Answer: Flemish Confidence: 0.2  
Answer: Latin Confidence: 0.1",Franconian,0.7,0.0,0,0
646,2hop__197470_271394,Where was Tyler MacDuff's child educated?,Blair High School,"Answer: Harvard University Confidence: 0.3  
Answer: Stanford University Confidence: 0.2  
Answer: University of Oxford Confidence: 0.2  
Answer: Local public school Confidence: 0.1  
Answer: Private international school Confidence: 0.1",Harvard University,0.3,0.0,0,0
647,2hop__157602_21567,"In the 14th century, who introduced a system of musical notation used in the area where 3% of Turkey is located?",John Kukuzelis,"Answer: Jan Tsar Confidence: 0.2
Answer: Philippe de Vitry Confidence: 0.5
Answer: Guido of Arezzo Confidence: 0.3
Answer: John of Damascus Confidence: 0.6
Answer: Notker Balbulus Confidence: 0.1",John of Damascus,0.6,0.4,0,0
648,3hop1__691197_15840_36002,What were the Genesis's advantages over the console whose three letter abbreviation stood for the full console name and also featured the game Yoshi?,built on 16-bit architectures and offered improved graphics and sound,"Answer: Genesis had more powerful hardware Confidence: 0.7  
Answer: Genesis had better graphics Confidence: 0.6  
Answer: Genesis had a larger game library Confidence: 0.5  
Answer: Genesis had faster processing speed Confidence: 0.4  
Answer: Genesis had more third-party support Confidence: 0.3",Genesis had more powerful hardware,0.7,0.0,0,1
649,3hop2__90098_125104_10557,"What was the form of the language that the last name Sylvester comes from, used in the era of Rotrude's father, later known as?",Medieval Latin,"Answer: Latin Confidence: 0.6  
Answer: Old French Confidence: 0.5  
Answer: Germanic Confidence: 0.4  
Answer: Frankish Confidence: 0.3  
Answer: Proto-Romance Confidence: 0.2",Latin,0.6,0.6666666666666666,0,0
650,2hop__91211_90973,Who did the original voice of the character played by mila kunis in the cleveland show?,Lacey Chabert,"Answer: Sanaa Lathan Confidence: 0.7  
Answer: Nia Long Confidence: 0.6  
Answer: Aisha Tyler Confidence: 0.5  
Answer: Cree Summer Confidence: 0.4  
Answer: Jill Scott Confidence: 0.3",Sanaa Lathan,0.7,0.0,0,0
651,3hop2__326964_7845_7713,How long had the home of some of the country's most prominent art groups been the capitol city of Yaxing Coach's headquarters location?,about 400 years,"Answer: 20 years Confidence: 0.5  
Answer: 15 years Confidence: 0.3  
Answer: 10 years Confidence: 0.1  
Answer: 25 years Confidence: 0.05  
Answer: 30 years Confidence: 0.05",20 years,0.5,0.4,0,0
652,2hop__93145_54024,"Which king, who was England's rule in 1616, translated the Bible?",King James I of England,"Answer: King James Confidence: 0.9
Answer: James I Confidence: 0.8  
Answer: James VI and I Confidence: 0.75  
Answer: King James I Confidence: 0.7  
Answer: James VI Confidence: 0.6",King James,0.9,0.5714285714285715,0,1
653,2hop__68981_39234,What empire brought the practices of the most common religion in Southeast Asia?,"Hephthalite Empire,","Answer: Indian Empire Confidence: 0.8  
Answer: Hindu Empire Confidence: 0.7  
Answer: Srivijaya Empire Confidence: 0.6  
Answer: Majapahit Empire Confidence: 0.5  
Answer: Khmer Empire Confidence: 0.4",Indian Empire,0.8,0.5,0,0
654,2hop__271045_68633,Who is the president of the organization Julio Maglione is located?,Thomas Bach,"Answer: Juan Antonio Samaranch Confidence: 0.3
Answer: Thomas Bach Confidence: 0.2
Answer: Jacques Rogge Confidence: 0.2
Answer: Lamine Diack Confidence: 0.1
Answer: Sebastian Coe Confidence: 0.1",Juan Antonio Samaranch,0.3,0.0,0,0
655,2hop__82858_654855,What political party was the socialist candidate part of who ran for president in 1912?,Socialist Party of America,"Answer: Socialist Party of America Confidence: 0.9  
Answer: Socialist Party Confidence: 0.8  
Answer: American Socialist Party Confidence: 0.7  
Answer: Socialist Labor Party Confidence: 0.6  
Answer: Progressive Party Confidence: 0.3",Socialist Party of America,0.9,1.0,1,1
656,2hop__622308_61845,Who has played for West Ham Ajax and the team from the city where Malcolm Graham died?,Mido,"Answer: Winston Reid Confidence: 0.7  
Answer: Sebastien Haller Confidence: 0.6  
Answer: Dusan Tadic Confidence: 0.5  
Answer: Jan Vertonghen Confidence: 0.4  
Answer: Nigel de Jong Confidence: 0.3",Winston Reid,0.7,0.0,0,0
657,3hop1__139862_2053_52946,"When is Celebrity Big Brother coming to the network which, along with ABC and the network which broadcasted Highway to Heaven, is the other major broadcaster based in NY?","February 7, 2018","Answer: CBS Confidence: 0.3  
Answer: NBC Confidence: 0.6  
Answer: FOX Confidence: 0.1  
Answer: The CW Confidence: 0.0  
Answer: HBO Confidence: 0.0",NBC,0.6,0.0,0,0
658,2hop__16632_110014,What year was the person who described the use of bitumen and pitch to tar ships born?,1517,"Answer: 23 AD Confidence: 0.6  
Answer: 50 BC Confidence: 0.4  
Answer: 10 AD Confidence: 0.3  
Answer: 100 BC Confidence: 0.2  
Answer: 5 AD Confidence: 0.1",23 AD,0.6,0.0,0,0
659,3hop2__569322_467331_162182,In what region of the country of S-Fone is the location of the administrative territorial entity of Zone 5 Military Museum located?,South Central Coast,"Answer: Northeast Confidence: 0.7  
Answer: North Confidence: 0.6  
Answer: Central Confidence: 0.5  
Answer: Southeast Confidence: 0.4  
Answer: West Confidence: 0.3",Northeast,0.7,0.0,0,0
660,4hop3__193820_466199_695123_72134,When did the town WIZE is licensed in become capitol of the state where Brantley York was born?,1839,"Answer: 1794 Confidence: 0.6  
Answer: 1789 Confidence: 0.5  
Answer: 1791 Confidence: 0.4  
Answer: 1799 Confidence: 0.3  
Answer: 1788 Confidence: 0.2",1794,0.6,0.0,0,0
661,3hop2__49541_140712_51068,Who is the actress who played the woman who was the Queen of England in 1890 on the network that produced Monsterpiece Theater?,Jenna - Louise Coleman,"Answer: Judi Dench Confidence: 0.8
Answer: Helen Mirren Confidence: 0.7
Answer: Cate Blanchett Confidence: 0.6
Answer: Maggie Smith Confidence: 0.5
Answer: Claire Foy Confidence: 0.4",Judi Dench,0.8,0.0,0,0
662,2hop__814856_110882,What is the Smile performer's birthday?,1 January 1986,"Answer: 3 May 1993 Confidence: 0.3  
Answer: 5 March 1993 Confidence: 0.2  
Answer: 10 May 1993 Confidence: 0.2  
Answer: 3 March 1993 Confidence: 0.15  
Answer: 5 May 1993 Confidence: 0.15",3 May 1993,0.3,0.0,0,0
663,4hop1__726152_153080_159767_81096,Who won the Indy car race in the largest city and capital of the state where the performer of Tijuana Moods was born?,Mario Andretti,"Answer: Will Power Confidence: 0.6  
Answer: Scott Dixon Confidence: 0.5  
Answer: Josef Newgarden Confidence: 0.4  
Answer: Simon Pagenaud Confidence: 0.3  
Answer: Alexander Rossi Confidence: 0.2",Will Power,0.6,0.0,0,0
664,4hop1__151650_5274_458768_33633,What date did Gaspar reach the region which would be the headquarters of the record label of which the only larger label is the one that signed Desde El Principio?,"August 3, 1769","Answer: 1914 Confidence: 0.6
Answer: 1915 Confidence: 0.5
Answer: 1913 Confidence: 0.4
Answer: 1916 Confidence: 0.3
Answer: 1912 Confidence: 0.2",1914,0.6,0.0,0,0
665,3hop1__49236_89752_54221,What time do alcohol sales begin in the largest state of the region where the fictional Gilead is located in The Handmaid's Tale?,5am,"Answer: 10 AM Confidence: 0.7  
Answer: 8 AM Confidence: 0.6  
Answer: 12 PM Confidence: 0.5  
Answer: 9 AM Confidence: 0.4  
Answer: 7 AM Confidence: 0.3",10 AM,0.7,0.0,0,0
666,3hop1__390673_228453_86925,What is the manufacturer of the Kentucky Tavern headquarters location saints symbol called?,fleur - de-lis,"Answer: Heaven Hill Confidence: 0.7
Answer: Sazerac Confidence: 0.6
Answer: Diageo Confidence: 0.5
Answer: Brown-Forman Confidence: 0.4
Answer: Buffalo Trace Confidence: 0.3",Heaven Hill,0.7,0.0,0,0
667,4hop2__160585_39078_8987_8974,Hana Mandlikova was born in Country A that invaded Country B because the military branch that helped Old West's local police was unprepared. Country B was the only communist country to have an embassy where?,Alfredo Stroessner's Paraguay,"Answer: Vatican City Confidence: 0.8
Answer: Rome Confidence: 0.7
Answer: Holy See Confidence: 0.6
Answer: Italy Confidence: 0.5
Answer: Switzerland Confidence: 0.4",Vatican City,0.8,0.0,0,0
668,2hop__89764_827343,Who is the sibling of the actress that played the little girl in Miracle on 34th street 1947?,Lana Wood,"Answer: Mara Wilson Confidence: 0.5
Answer: Emma Watson Confidence: 0.3
Answer: Natalie Portman Confidence: 0.2
Answer: Dakota Fanning Confidence: 0.2
Answer: Shirley Temple Confidence: 0.1",Mara Wilson,0.5,0.0,0,0
669,4hop2__161602_426860_88460_21057,"During British rule, what wood product was produced primarily in the country between the country that hosted the tournament and the country where That Dam is from?",75% of the world's teak,"Answer: teak Confidence: 0.8  
Answer: sandalwood Confidence: 0.6  
Answer: mahogany Confidence: 0.5  
Answer: rosewood Confidence: 0.4  
Answer: oak Confidence: 0.3",teak,0.8,0.4,0,1
670,4hop2__71753_158279_70784_61381,When was the region immediately north of the region where Israel is located and the final destination for the export crops established?,1932,"Answer: 1943 Confidence: 0.2  
Answer: 1920 Confidence: 0.15  
Answer: 1948 Confidence: 0.1  
Answer: 1950 Confidence: 0.05  
Answer: 1930 Confidence: 0.03",1943,0.2,0.0,0,0
671,3hop2__49541_140875_51068,Who is the actress who plays the Queen of England in 1890 on the station that aired High Feather?,Jenna - Louise Coleman,"Answer: Olivia Colman Confidence: 0.3
Answer: Claire Foy Confidence: 0.2
Answer: Judi Dench Confidence: 0.2
Answer: Helen Mirren Confidence: 0.2
Answer: Imelda Staunton Confidence: 0.1",Olivia Colman,0.3,0.0,0,0
672,3hop1__157807_19788_15107,What percentage of Eritrea is estimated to adhere to the religion widely practiced in the region that the tentacled snake is native to?,48%,"Answer: 50% Confidence: 0.4  
Answer: 60% Confidence: 0.3  
Answer: 40% Confidence: 0.2  
Answer: 70% Confidence: 0.1  
Answer: 30% Confidence: 0.1",50%,0.4,0.0,0,1
673,3hop1__106864_160713_77246,What is the meaning in the Arabic Dictionary of the word for the majority religion in the area of British India that became India when Bedari's country was created?,the country of India,"Answer: Islam Confidence: 0.6  
Answer: Hinduism Confidence: 0.8  
Answer: Sikhism Confidence: 0.4  
Answer: Buddhism Confidence: 0.3  
Answer: Christianity Confidence: 0.2",Hinduism,0.8,0.0,0,0
674,3hop1__796649_720914_41132,How many times did the plague occur in the city where Flora's painter died?,22,"Answer: 3 Confidence: 0.5  
Answer: 2 Confidence: 0.3  
Answer: 1 Confidence: 0.1  
Answer: 4 Confidence: 0.05  
Answer: 5 Confidence: 0.05",3,0.5,0.0,0,0
675,3hop1__462960_160545_34751,What year did the country where Pao Sarasin was born form an alliance with Japan?,1941,"Answer: 1941 Confidence: 0.7  
Answer: 1942 Confidence: 0.6  
Answer: 1940 Confidence: 0.5  
Answer: 1939 Confidence: 0.4  
Answer: 1943 Confidence: 0.3",1941,0.7,1.0,1,1
676,4hop3__754156_88460_30152_20999,How were the people from whom new coins were a proclamation of independence by the Somali Muslim Ajuran Empire expelled from the country between Thailand and A Lim's country?,The dynasty regrouped and defeated the Portuguese,"Answer: Portuguese Confidence: 0.7  
Answer: Ethiopians Confidence: 0.6  
Answer: Oromo Confidence: 0.5  
Answer: Arabs Confidence: 0.4  
Answer: Ottomans Confidence: 0.3",Portuguese,0.7,0.33333333333333337,0,1
677,4hop1__9007_698949_157828_162309,When did the country with a co-official language used in the film titled after the city that is the final resting place of Tito first attend the Olympics games?,2016,"Answer: 1920 Confidence: 0.7
Answer: 1912 Confidence: 0.6
Answer: 1924 Confidence: 0.5
Answer: 1908 Confidence: 0.4
Answer: 1928 Confidence: 0.3",1920,0.7,0.0,0,0
678,4hop1__145494_698949_157828_162309,When did the country whose co-official language was used in the movie named after the place where Bela Linder died first attend the Olympics games as an independent team?,2016,"Answer: 1992 Confidence: 0.6
Answer: 1994 Confidence: 0.3
Answer: 1996 Confidence: 0.05
Answer: 1988 Confidence: 0.03
Answer: 2000 Confidence: 0.02",1992,0.6,0.0,0,0
679,2hop__47808_198548,Who is the wife of the actor of Grace's boyfriend in Frankie and Grace?,Katharine Ross,"Answer: Grace's boyfriend in Frankie and Grace Confidence: 0.3  
Answer: The wife of the actor playing Grace's boyfriend Confidence: 0.4  
Answer: The actor who plays Grace's boyfriend's wife Confidence: 0.2  
Answer: The character married to Grace's boyfriend's actor Confidence: 0.4  
Answer: The spouse of the actor portraying Grace's love interest Confidence: 0.3",The wife of the actor playing Grace's boyfriend,0.4,0.0,0,0
680,2hop__122565_37168,Where does the university that Mohamed Abu Hamed attended rank according to the QS World University Rankings?,551-600,"Answer: Cairo University Confidence: 0.3  
Answer: Alexandria University Confidence: 0.2  
Answer: American University in Cairo Confidence: 0.2  
Answer: Ain Shams University Confidence: 0.2  
Answer: Zagazig University Confidence: 0.1",Cairo University,0.3,0.0,0,0
681,2hop__763380_74735,What song did Paul McCartney write for the person who performed Too Late for Goodbyes?,``Hey Jude '',"Answer: Here Today Confidence: 0.8
Answer: No More Lonely Nights Confidence: 0.6
Answer: Maybe I'm Amazed Confidence: 0.5
Answer: The Girl Is Mine Confidence: 0.4
Answer: My Brave Face Confidence: 0.3",Here Today,0.8,0.0,0,0
682,2hop__83460_456238,This is an instance of who was named commander in chief of texas forces by the new national government of texas National Forest?,United States National Forest,"Answer: Sam Houston Confidence: 0.9  
Answer: Stephen F. Austin Confidence: 0.7  
Answer: Mirabeau B. Lamar Confidence: 0.5  
Answer: James Fannin Confidence: 0.3  
Answer: Edward Burleson Confidence: 0.2",Sam Houston,0.9,0.0,0,0
683,2hop__458672_20057,Who started the foundation that developed the Free Software Directory?,Richard Stallman,"Answer: Richard Stallman Confidence: 0.9
Answer: GNU Project Confidence: 0.7
Answer: Free Software Foundation Confidence: 0.5
Answer: Linus Torvalds Confidence: 0.1
Answer: Eric S. Raymond Confidence: 0.1",Richard Stallman,0.9,1.0,1,1
684,2hop__85993_512508,What was the person who discovered that nuclei of atoms contained neutrons with no charge a participant in?,Manhattan Project,"Answer: Manhattan Project Confidence: 0.8
Answer: Nobel Prize in Physics Confidence: 0.7
Answer: Discovery of the neutron Confidence: 0.6
Answer: Chadwick's experiment Confidence: 0.5
Answer: Nuclear physics research Confidence: 0.4",Manhattan Project,0.8,1.0,1,1
685,2hop__64537_482364,Who is the father of the man with the same name as the Big Brother hot dog challenge winner?,Aeson,"Answer: Robert Kardashian Confidence: 0.7
Answer: Kris Jenner Confidence: 0.3
Answer: Bruce Jenner Confidence: 0.2
Answer: Caitlyn Jenner Confidence: 0.1
Answer: O.J. Simpson Confidence: 0.05",Robert Kardashian,0.7,0.0,0,0
686,3hop1__140994_2053_52946,"When is Celebrity Big Brother coming to the network which, along with ABC and the network which broadcasted Hello, Larry?, is the other major broadcaster based in NY?","February 7, 2018","Answer: CBS Confidence: 0.9
Answer: NBC Confidence: 0.7
Answer: FOX Confidence: 0.4
Answer: The CW Confidence: 0.2
Answer: HBO Confidence: 0.1",CBS,0.9,0.0,0,0
687,3hop2__127483_125104_10557,What was the language Auctor comes from during the era of Rotrude's father later known as?,Medieval Latin,"Answer: Latin Confidence: 0.7  
Answer: Old French Confidence: 0.6  
Answer: Frankish Confidence: 0.5  
Answer: Germanic Confidence: 0.4  
Answer: Vulgar Latin Confidence: 0.3",Latin,0.7,0.6666666666666666,0,1
688,2hop__66167_72467,Where did the player who scored the most points in a NBA season go in the NBA Draft?,Seattle SuperSonics,"Answer: 1st overall Confidence: 0.7  
Answer: 2nd overall Confidence: 0.15  
Answer: 3rd overall Confidence: 0.1  
Answer: Undrafted Confidence: 0.03  
Answer: 13th overall Confidence: 0.02",1st overall,0.7,0.0,0,0
689,2hop__487706_40502,What was the population of the republic that participated in The Battle of the Kentish Knock before this emigration?,2 million,"Answer: Dutch Republic Confidence: 0.6  
Answer: England Confidence: 0.5  
Answer: Netherlands Confidence: 0.4  
Answer: United Provinces Confidence: 0.3  
Answer: Spain Confidence: 0.1",Dutch Republic,0.6,0.0,0,0
690,4hop1__44149_32392_823060_610794,What county is the city that shares a border with the state capital of the state where the RBC Heritage Golf Tournament is played in?,Richland County,"Answer: Beaufort County Confidence: 0.8
Answer: Charleston County Confidence: 0.1
Answer: Dorchester County Confidence: 0.05
Answer: Colleton County Confidence: 0.03
Answer: Jasper County Confidence: 0.02",Beaufort County,0.8,0.5,0,0
691,3hop1__135659_87694_64412,When did the place where St for whom the Mantua Cathedral was named for basilica the head of the catholic religion is located in become its own country?,11 February 1929,"Answer: 1929 Confidence: 0.8  
Answer: 1870 Confidence: 0.6  
Answer: 1861 Confidence: 0.3  
Answer: 1946 Confidence: 0.2  
Answer: 1815 Confidence: 0.1",1929,0.8,0.5,0,1
692,2hop__8347_8311,When did the crowning of the person under whom the Chapter House was built happen?,1216,"Answer: 1272 Confidence: 0.6  
Answer: 1307 Confidence: 0.5  
Answer: 1265 Confidence: 0.4  
Answer: 1285 Confidence: 0.3  
Answer: 1250 Confidence: 0.2",1272,0.6,0.0,0,0
693,3hop1__857_846_7791,How many parties rule the city where the Yongle emperor greeted the person to whom the edict was addressed?,one-party,"Answer: Chinese Communist Party Confidence: 0.9
Answer: Communist Party of China Confidence: 0.85
Answer: CCP Confidence: 0.8
Answer: CPC Confidence: 0.8
Answer: Single-party state Confidence: 0.7",Chinese Communist Party,0.9,0.0,0,1
694,3hop2__9951_20335_9331,"What dissolved the privileges in Poland of the empire that the British sided with against the Ottomans, the Kingdom that acquired some Thuringian territory in 1815, and the Habsburg Monarchy?",March Constitution of Poland,"Answer: Congress of Vienna Confidence: 0.85 
Answer: Third Partition of Poland Confidence: 0.70 
Answer: Napoleonic Wars Confidence: 0.65 
Answer: Treaty of Vienna Confidence: 0.60 
Answer: Polish-Lithuanian Commonwealth dissolution Confidence: 0.50",Congress of Vienna,0.85,0.28571428571428575,0,0
695,3hop2__92991_27069_76291,When did the party Oklahoma's US Senators come from take control of the body determining the rules of the US House and US Senate?,January 2015,"Answer: 2010 Confidence: 0.8  
Answer: 2008 Confidence: 0.7  
Answer: 2012 Confidence: 0.6  
Answer: 2006 Confidence: 0.5  
Answer: 2014 Confidence: 0.4",2010,0.8,0.0,0,0
696,3hop1__131783_131926_87157,What is the direction of flow of the body of water by the city where The Minikahda Club is located?,rises in northern Minnesota and meanders slowly southwards,"Answer: Mississippi River Confidence: 0.8  
Answer: Lake Minnetonka Confidence: 0.6  
Answer: Minneapolis Confidence: 0.5  
Answer: Minnesota River Confidence: 0.4  
Answer: St. Croix River Confidence: 0.3",Mississippi River,0.8,0.0,0,0
697,2hop__24973_5674,Who suspended the party that would have maintained power if the treaty was signed in the Russian Soviet Federative Socialist Republic?,Yeltsin,"Answer: Joseph Stalin Confidence: 0.7  
Answer: Vladimir Lenin Confidence: 0.6  
Answer: Leon Trotsky Confidence: 0.4  
Answer: Mikhail Gorbachev Confidence: 0.3  
Answer: Boris Yeltsin Confidence: 0.2",Joseph Stalin,0.7,0.0,0,0
698,3hop1__404541_629431_64412,When did the place of death of Paenitentiam Agere's author become its own country?,11 February 1929,"Answer: 1929 Confidence: 0.7
Answer: 1870 Confidence: 0.6
Answer: 1922 Confidence: 0.5
Answer: 1861 Confidence: 0.4
Answer: 1947 Confidence: 0.3",1929,0.7,0.5,0,1
699,3hop1__64957_87694_124169,"When was the position of Governor ended in the city that houses the head of Catholicism, and the basilica of the saint holding a knife in the Last Supper?",1952,"Answer: 1870 Confidence: 0.8  
Answer: 1871 Confidence: 0.7  
Answer: 1869 Confidence: 0.6  
Answer: 1929 Confidence: 0.5  
Answer: 1874 Confidence: 0.4",1870,0.8,0.0,0,1
700,3hop1__106094_443779_52195,Who is the president of the newly declared independent country part of the Commission of Truth and Friendship with the country that made Arisan!??,Francisco Guterres,"Answer: Susilo Bambang Yudhoyono Confidence: 0.3
Answer: Joko Widodo Confidence: 0.2
Answer: Jose Ramos-Horta Confidence: 0.2
Answer: Xanana Gusmao Confidence: 0.2
Answer: Megawati Sukarnoputri Confidence: 0.1",Susilo Bambang Yudhoyono,0.3,0.0,0,0
701,4hop3__131775_29339_508306_70744,"Which has more national championships, university of the state having Fort Hill or university of the state whose primary was won by Edwards besides the state having Ted Wright Stadium?",University of South Carolina,"Answer: University of Alabama Confidence: 0.8  
Answer: Auburn University Confidence: 0.6  
Answer: University of Georgia Confidence: 0.5  
Answer: University of Tennessee Confidence: 0.4  
Answer: University of Florida Confidence: 0.3",University of Alabama,0.8,0.5714285714285715,0,0
702,2hop__593633_82341,Where is New Perry's place of death found in Florida?,in Northern Florida,"Answer: Perry, Florida Confidence: 0.7  
Answer: Tallahassee, Florida Confidence: 0.5  
Answer: Gainesville, Florida Confidence: 0.4  
Answer: Orlando, Florida Confidence: 0.3  
Answer: Jacksonville, Florida Confidence: 0.2","Perry, Florida",0.7,0.4,0,1
703,2hop__481349_302087,Which company owns the manufacturer of Learjet 60?,Bombardier Inc.,"Answer: Bombardier Confidence: 0.8
Answer: Textron Confidence: 0.6
Answer: General Dynamics Confidence: 0.5
Answer: Embraer Confidence: 0.3
Answer: Gulfstream Confidence: 0.2",Bombardier,0.8,0.6666666666666666,0,1
704,4hop3__673447_132409_223216_35031,"Among the top five largest urban areas in the state Infest's performers were formed, what is the ranking of the city Pathology was formed in?",third-largest,"Answer: 1 Confidence: 0.3
Answer: 2 Confidence: 0.25
Answer: 3 Confidence: 0.2
Answer: 4 Confidence: 0.15
Answer: 5 Confidence: 0.1",1,0.3,0.0,0,0
705,3hop1__504362_443779_52195,Who is the president of the new country that jointly established a Commission of Truth and Friendship with the country that Solor is a part of?,Francisco Guterres,"Answer: Joko Widodo Confidence: 0.8  
Answer: Susilo Bambang Yudhoyono Confidence: 0.7  
Answer: Megawati Sukarnoputri Confidence: 0.6  
Answer: Abdurrahman Wahid Confidence: 0.5  
Answer: B.J. Habibie Confidence: 0.4",Joko Widodo,0.8,0.0,0,0
706,2hop__88632_67668,"In Batman Under the Red Hood, who does the actor of Barney Stinson from How I Met Your Mother play?",Nightwing / Dick Grayson,"Answer: Jason Todd Confidence: 0.9
Answer: The Joker Confidence: 0.7
Answer: Red Hood Confidence: 0.8
Answer: Nightwing Confidence: 0.2
Answer: Batman Confidence: 0.1",Jason Todd,0.9,0.0,0,0
707,2hop__23459_35123,What was the lifespan of the most influential figure in Islamic philosophy?,980–1037,"Answer: 70 years Confidence: 0.7  
Answer: 80 years Confidence: 0.6  
Answer: 65 years Confidence: 0.5  
Answer: 75 years Confidence: 0.4  
Answer: 60 years Confidence: 0.3",70 years,0.7,0.0,0,0
708,3hop2__30152_105895_20999,What forced the departure from the country responsible for Phoe Pyonn Cho of the people once defied by new coinage?,The dynasty regrouped and defeated the Portuguese,"Answer: military coup Confidence: 0.6  
Answer: political uprising Confidence: 0.5  
Answer: economic sanctions Confidence: 0.4  
Answer: foreign invasion Confidence: 0.3  
Answer: diplomatic pressure Confidence: 0.2",military coup,0.6,0.0,0,0
709,2hop__280451_84616,What did the spouse of Andrea Dotti win a Tony for?,for Best Performance by a Leading Actress in a Play in Ondine,"Answer: Best Direction of a Musical Confidence: 0.6
Answer: Best Choreography Confidence: 0.5 
Answer: Best Performance by a Leading Actor in a Play Confidence: 0.4 
Answer: Best Costume Design Confidence: 0.3 
Answer: Best Scenic Design Confidence: 0.2",Best Direction of a Musical,0.6,0.14285714285714288,0,0
710,3hop1__144439_443779_52195,who is the president of newly declared independent country of the country of the birthplace of Mulham Arufin–Timor Leste Commission of Truth and Friendship?,Francisco Guterres,"Answer: José Ramos-Horta Confidence: 0.8
Answer: Xanana Gusmão Confidence: 0.7
Answer: Francisco Guterres Confidence: 0.6
Answer: Taur Matan Ruak Confidence: 0.5
Answer: Kay Rala Xanana Gusmão Confidence: 0.4",José Ramos-Horta,0.8,0.0,0,0
711,4hop2__103790_39078_8987_8529,"Ivo Werner is from Country A that invaded Country B because their military branch that helped the Old West police was unprepared. When was the word ""Slavs"" used in the national anthem of country B?",1943–1992,"Answer: 1834 Confidence: 0.3  
Answer: 1848 Confidence: 0.3  
Answer: 1863 Confidence: 0.2  
Answer: 1812 Confidence: 0.1  
Answer: 1856 Confidence: 0.1",1834,0.3,0.0,0,0
712,2hop__631024_18974,Who led the military expedition in the province where Gong Beibi was born?,Chen Zheng,"Answer: Sun Tzu Confidence: 0.2  
Answer: Cao Cao Confidence: 0.3  
Answer: Liu Bei Confidence: 0.2  
Answer: Zhuge Liang Confidence: 0.2  
Answer: Guan Yu Confidence: 0.1",Cao Cao,0.3,0.0,0,0
713,3hop1__28841_547811_41132,How many times did the plague occur in the birth place of Concerto in C Major Op 3 6's composer?,22,"Answer: 3 Confidence: 0.7  
Answer: 2 Confidence: 0.6  
Answer: 4 Confidence: 0.5  
Answer: 1 Confidence: 0.4  
Answer: 5 Confidence: 0.3",3,0.7,0.0,0,0
714,2hop__832795_350510,What group was the performer of Be the One a member of?,Jackson 5,"Answer: Dua Lipa Confidence: 0.6
Answer: Little Mix Confidence: 0.4
Answer: Fifth Harmony Confidence: 0.3
Answer: The Saturdays Confidence: 0.2
Answer: Girls Aloud Confidence: 0.1",Dua Lipa,0.6,0.0,0,0
715,3hop2__25177_19506_23299,"After the period which limited the supply of shellac; Białystok, Przemyśl were returned to what country along with the region they had been given in the Treaty of Schönbrunn?",Polish state,"Answer: Poland Confidence: 0.8
Answer: Austria Confidence: 0.6
Answer: Russia Confidence: 0.4
Answer: Germany Confidence: 0.2
Answer: Prussia Confidence: 0.1",Poland,0.8,0.0,0,1
716,2hop__29606_600504,What field of work was the person who discovered the mathematical relationship between peaks and curves of light at different temperatures in?,physic,"Answer: Physics Confidence: 0.9
Answer: Astronomy Confidence: 0.7
Answer: Mathematics Confidence: 0.6
Answer: Engineering Confidence: 0.4
Answer: Chemistry Confidence: 0.3",Physics,0.9,0.0,0,1
717,2hop__581084_828685,"Who employs the author of ""Ravenswood: The Steelworkers' Victory and the Revival of American Labor""?",Cornell University,"Answer: AFL-CIO Confidence: 0.7  
Answer: United Steelworkers Confidence: 0.8  
Answer: Harvard University Confidence: 0.4  
Answer: Cornell University Confidence: 0.5  
Answer: The New York Times Confidence: 0.3",United Steelworkers,0.8,0.0,0,0
718,4hop1__88342_49853_128008_86588,What's the longest homer in the history of the league where the team with the most titles from the event after which they give out the MLB MVP award plays?,582 feet (177 m),"Answer: 575 feet Confidence: 0.8  
Answer: 565 feet Confidence: 0.7  
Answer: 550 feet Confidence: 0.6  
Answer: 530 feet Confidence: 0.5  
Answer: 515 feet Confidence: 0.4",575 feet,0.8,0.3333333333333333,0,0
719,2hop__427249_20057,Who founded the organization that wrote GNU Free Documentation License?,Richard Stallman,"Answer: Richard Stallman Confidence: 0.9  
Answer: Free Software Foundation Confidence: 0.8  
Answer: Linus Torvalds Confidence: 0.1  
Answer: Bill Gates Confidence: 0.0  
Answer: Eric S. Raymond Confidence: 0.2",Richard Stallman,0.9,1.0,1,1
720,2hop__82270_177869,Who is the spouse of the first nominated African American presidential candidate?,Helen Pitts Douglass,"Answer: Shirley Chisholm Confidence: 0.8  
Answer: Mickey Leland Confidence: 0.1  
Answer: Al Sharpton Confidence: 0.05  
Answer: Jesse Jackson Confidence: 0.03  
Answer: Barack Obama Confidence: 0.02",Shirley Chisholm,0.8,0.0,0,0
721,2hop__623931_656446,Who is the spouse of a cast member of Secrets of a Windmill Girl?,John Alderton,"Answer: Jane Smith Confidence: 0.1  
Answer: John Doe Confidence: 0.05  
Answer: Sarah Johnson Confidence: 0.03  
Answer: Michael Brown Confidence: 0.02  
Answer: Emily Davis Confidence: 0.01",Jane Smith,0.1,0.0,0,0
722,2hop__145220_58439,Notre Dame is located is what section of Camille Cottin's birthplace?,The Île de la Cité,"Answer: 5th arrondissement Confidence: 0.7  
Answer: 6th arrondissement Confidence: 0.6  
Answer: 4th arrondissement Confidence: 0.5  
Answer: 7th arrondissement Confidence: 0.4  
Answer: 1st arrondissement Confidence: 0.3",5th arrondissement,0.7,0.0,0,0
723,2hop__258940_135844,Who is the city where Lesnoye Sanatorium is located named after?,Palmiro Togliatti,"Answer: Lenin Confidence: 0.6  
Answer: Pushkin Confidence: 0.3  
Answer: Tolstoy Confidence: 0.2  
Answer: Mikhailovsky Confidence: 0.1  
Answer: Gorky Confidence: 0.1",Lenin,0.6,0.0,0,0
724,2hop__520033_123956,On what date did Battle of the birth place of Denny Januar Ali end?,15 February 1942,"Answer: 10 August 1964 Confidence: 0.6  
Answer: 15 August 1965 Confidence: 0.5  
Answer: 20 July 1963 Confidence: 0.4  
Answer: 5 September 1962 Confidence: 0.3  
Answer: 12 November 1966 Confidence: 0.2",10 August 1964,0.6,0.0,0,0
725,2hop__85463_54688,What type of government did North Korea have during the conflict when UN troops approached the Yalu River?,a communist government,"Answer: Communist dictatorship Confidence: 0.9  
Answer: Totalitarian regime Confidence: 0.8  
Answer: Socialist state Confidence: 0.7  
Answer: Authoritarian government Confidence: 0.8  
Answer: Stalinist government Confidence: 0.6",Communist dictatorship,0.9,0.5,0,1
726,2hop__91021_19033,Where did the wrestler who has held the intercontinental championship the most times win in 2008?,Great American Bash,"Answer: WWE Night of Champions Confidence: 0.3  
Answer: WrestleMania XXIV Confidence: 0.2  
Answer: Survivor Series 2008 Confidence: 0.2  
Answer: SummerSlam 2008 Confidence: 0.15  
Answer: Royal Rumble 2008 Confidence: 0.15",WWE Night of Champions,0.3,0.0,0,0
727,3hop1__161433_33952_34099,How long are the council terms in the second largest city in the US state focused by the cross-border transactions committee of the Department of Real Estate?,four-year,"Answer: 4 years Confidence: 0.7  
Answer: 2 years Confidence: 0.6  
Answer: 6 years Confidence: 0.5  
Answer: 3 years Confidence: 0.4  
Answer: 5 years Confidence: 0.3",4 years,0.7,0.0,0,1
728,2hop__575282_114648,What year did Allegory of Isabella d'Este's Coronation's creator the Younger die?,1583,"Answer: 1534 Confidence: 0.6  
Answer: 1539 Confidence: 0.5  
Answer: 1542 Confidence: 0.4  
Answer: 1528 Confidence: 0.3  
Answer: 1536 Confidence: 0.2",1534,0.6,0.0,0,0
729,2hop__704217_82341,Where is Sean Hampton's birth place in the state of Florida?,in Northern Florida,"Answer: Miami Confidence: 0.5  
Answer: Tampa Confidence: 0.3  
Answer: Orlando Confidence: 0.2  
Answer: Jacksonville Confidence: 0.1  
Answer: Tallahassee Confidence: 0.05",Miami,0.5,0.0,0,0
730,2hop__6827_75783,When was countrywide bought by the company that bought FleetBoston Financial?,"July 1, 2008","Answer: 2008 Confidence: 0.7  
Answer: 2007 Confidence: 0.6  
Answer: 2009 Confidence: 0.5  
Answer: 2006 Confidence: 0.4  
Answer: 2010 Confidence: 0.3",2008,0.7,0.5,0,1
731,2hop__852657_155922,Into what harbour does the river Lennox Bridge in Parramatta crosses flow?,Sydney Harbour,"Answer: Parramatta River Confidence: 0.8  
Answer: Sydney Harbour Confidence: 0.6  
Answer: Darling Harbour Confidence: 0.4  
Answer: Botany Bay Confidence: 0.3  
Answer: Hawkesbury River Confidence: 0.1",Parramatta River,0.8,0.0,0,1
732,4hop2__71753_158985_70784_79935,When was the region that lies to the north of where Israel is located and where the most growth in desalination for agricultural use is taking place created?,1930,"Answer: 1920 Confidence: 0.7  
Answer: 1943 Confidence: 0.6  
Answer: 1960 Confidence: 0.5  
Answer: 1982 Confidence: 0.4  
Answer: 1991 Confidence: 0.3",1920,0.7,0.0,0,0
733,2hop__95172_456836,Where was the person who acted in Signora Enrica born?,La Goulette,"Answer: Italy Confidence: 0.8
Answer: Rome Confidence: 0.6  
Answer: Sicily Confidence: 0.5  
Answer: Naples Confidence: 0.4  
Answer: Milan Confidence: 0.3",Italy,0.8,0.0,0,0
734,3hop1__671542_665330_51423,What is the name of the castle in city where the performer of Darlings was formed?,Casa Loma,"Answer: Red Fort Confidence: 0.3
Answer: Mysore Palace Confidence: 0.2
Answer: Bangalore Palace Confidence: 0.2
Answer: Amber Fort Confidence: 0.1
Answer: Chittorgarh Fort Confidence: 0.1",Red Fort,0.3,0.0,0,0
735,2hop__409884_83837,Who sings Home Alone Tonight with the Country Girl (Shake It for Me) performer?,Karen Fairchild,"Answer: Luke Bryan Confidence: 0.9  
Answer: Jason Aldean Confidence: 0.7  
Answer: Florida Georgia Line Confidence: 0.6  
Answer: Blake Shelton Confidence: 0.5  
Answer: Thomas Rhett Confidence: 0.4",Luke Bryan,0.9,0.0,0,0
736,2hop__367318_7292,"What artist was featured on Smooth Jazz Stations, along with Kenny G and the performer of The Dance?",George Benson,"Answer: Dave Koz Confidence: 0.8  
Answer: Boney James Confidence: 0.7  
Answer: David Sanborn Confidence: 0.6  
Answer: Grover Washington Jr. Confidence: 0.5  
Answer: George Benson Confidence: 0.4",Dave Koz,0.8,0.0,0,0
737,4hop3__862_846_613770_7713,How long was the place where the Yongle Emperor greeted who the Ming court thought representatives were sent by the capitol of the city in which Guangling District is located?,about 400 years,"Answer: 5 km Confidence: 0.5
Answer: 3 km Confidence: 0.4
Answer: 10 km Confidence: 0.3
Answer: 7 km Confidence: 0.2
Answer: 15 km Confidence: 0.1",5 km,0.5,0.0,0,0
738,2hop__398344_439882,Who is the creator of the main character in the Steven the Sword Fighter series?,Rebecca Sugar,"Answer: Steven Spielberg Confidence: 0.2  
Answer: Stan Lee Confidence: 0.1  
Answer: J.K. Rowling Confidence: 0.05  
Answer: George Lucas Confidence: 0.05  
Answer: Hayao Miyazaki Confidence: 0.03",Steven Spielberg,0.2,0.0,0,0
739,3hop1__857_846_7769,How many square miles is the city where the Yongle emperor greeted the person to whom the edict was addressed?,"2,548 sq mi","Answer: 6340 Confidence: 0.6  
Answer: 2800 Confidence: 0.5  
Answer: 4900 Confidence: 0.4  
Answer: 1600 Confidence: 0.3  
Answer: 7500 Confidence: 0.2",6340,0.6,0.0,0,0
740,3hop1__635099_131926_89261,Where does the body of water by the city where Write This Down was formed empty into the Gulf of Mexico?,the Mississippi River Delta,"Answer: Mississippi River Confidence: 0.9  
Answer: Atchafalaya River Confidence: 0.7  
Answer: Pearl River Confidence: 0.5  
Answer: Sabine River Confidence: 0.4  
Answer: Mobile River Confidence: 0.3",Mississippi River,0.9,0.8,0,1
741,3hop1__603558_87694_64412,When did the location of the basilica that is named after the same saint as the San Pietro in Ciel d'Oro become its own country?,11 February 1929,"Answer: 1929 Confidence: 0.7  
Answer: 1870 Confidence: 0.2  
Answer: 1815 Confidence: 0.05  
Answer: 1946 Confidence: 0.03  
Answer: 1798 Confidence: 0.02",1929,0.7,0.5,0,1
742,2hop__391873_88622,Who is the head of the agency that created MYSTIC?,ADM Michael S. Rogers,"Answer: James Clapper Confidence: 0.8  
Answer: Keith Alexander Confidence: 0.7  
Answer: Mike Rogers Confidence: 0.6  
Answer: Michael Hayden Confidence: 0.5  
Answer: Robert Mueller Confidence: 0.3",James Clapper,0.8,0.0,0,0
743,2hop__106864_80460,What was the 2017 population of the country where Bedari was made?,207.77 million people,"Answer: Pakistan Confidence: 0.9
Answer: India Confidence: 0.05
Answer: Bangladesh Confidence: 0.03
Answer: Nepal Confidence: 0.01
Answer: Sri Lanka Confidence: 0.01",Pakistan,0.9,0.0,0,0
744,2hop__142621_225454,What is the record label of the co-writer and recording artist of Permission to Fly?,Hollywood Records,"Answer: Warner Music Group Confidence: 0.7  
Answer: Atlantic Records Confidence: 0.6  
Answer: Columbia Records Confidence: 0.5  
Answer: RCA Records Confidence: 0.4  
Answer: Interscope Records Confidence: 0.3  
Format:   
Answer: {first guess} Confidence: {confidence for the first answer between 0.0 and 1.0}   
Answer: {second guess} Confidence: {confidence for the second answer between 0.0 and 1.0}   
...",Warner Music Group,0.7,0.0,0,0
745,2hop__147171_27537,Why did Roncalli leave the place where Francesco Fontebasso resided when he died?,for the conclave in Rome,"Answer: Political tensions Confidence: 0.7
Answer: Artistic differences Confidence: 0.6
Answer: Financial reasons Confidence: 0.5
Answer: Personal conflict Confidence: 0.4
Answer: Health reasons Confidence: 0.3",Political tensions,0.7,0.0,0,0
746,4hop1__752321_153080_33897_81096,Who won the Indy car race in the largest populated city in the state where the Pithecanthropus Erectus performer is from?,Mario Andretti,"Answer: Alexander Rossi Confidence: 0.3  
Answer: Scott Dixon Confidence: 0.2  
Answer: Will Power Confidence: 0.2  
Answer: Josef Newgarden Confidence: 0.1  
Answer: Simon Pagenaud Confidence: 0.1",Alexander Rossi,0.3,0.0,0,0
747,3hop1__487301_443779_52195,Who is the president of newly declared independent country part of the Commission of Truth and Friendship with the country where Kaimana is located?,Francisco Guterres,"Answer: Joko Widodo Confidence: 0.3
Answer: Jose Ramos-Horta Confidence: 0.5
Answer: Xanana Gusmao Confidence: 0.2
Answer: Taur Matan Ruak Confidence: 0.1
Answer: Kay Rala Xanana Gusmao Confidence: 0.1",Jose Ramos-Horta,0.5,0.0,0,0
748,2hop__365236_19320,What worldwide ranking is held by Mario Pani's alma mater?,74th,"Answer: Top 100 Confidence: 0.6  
Answer: Top 50 Confidence: 0.4  
Answer: Top 200 Confidence: 0.3  
Answer: Top 10 Confidence: 0.2  
Answer: Top 20 Confidence: 0.1",Top 100,0.6,0.0,0,1
749,3hop1__465684_160545_60577,Where did they film The Beach in the country where Bodindecha died?,Ko Phi Phi Leh,"Answer: Thailand Confidence: 0.9
Answer: Phi Phi Islands Confidence: 0.8
Answer: Krabi Confidence: 0.7
Answer: Phuket Confidence: 0.6
Answer: Maya Bay Confidence: 0.5",Thailand,0.9,0.0,0,0
750,2hop__861047_110949,What is the date of birth for the performer of Beat Hotel?,11 September 1962,"Answer: 1957 Confidence: 0.7  
Answer: 1950 Confidence: 0.6  
Answer: 1960 Confidence: 0.5  
Answer: 1955 Confidence: 0.4  
Answer: 1948 Confidence: 0.3",1957,0.7,0.0,0,0
751,2hop__80_59409,"Who was the artist who did a duet with Beyonce in the single ""Deja Vu"" talking about in the song ""Cry""?",three different relationships he had in the past,"Answer: Jay-Z Confidence: 0.9  
Answer: Kelly Rowland Confidence: 0.7  
Answer: Destiny's Child Confidence: 0.6  
Answer: Sean Paul Confidence: 0.4  
Answer: Usher Confidence: 0.3",Jay-Z,0.9,0.0,0,0
752,2hop__88834_425488,Who is the mother of the person who plays Nim in Return to Nim's Island?,Terri Irwin,"Answer: Judy Davis Confidence: 0.6
Answer: Sigourney Weaver Confidence: 0.2
Answer: Helen Mirren Confidence: 0.1
Answer: Bindi Irwin Confidence: 0.05
Answer: Rachel Griffiths Confidence: 0.05",Judy Davis,0.6,0.0,0,0
753,4hop2__161602_474028_88460_20988,For what major conflict is the country on the natural boundary between the country that hosted the tournament and the country where A Don is from known?,one of the world's longest-running ongoing civil wars.,"Answer: World War II Confidence: 0.8  
Answer: Korean War Confidence: 0.6  
Answer: Vietnam War Confidence: 0.5  
Answer: Cold War Confidence: 0.4  
Answer: Gulf War Confidence: 0.3",World War II,0.8,0.0,0,0
754,2hop__77601_814677,What pantheon is the God of the underworld in ancient Egypt a part of?,ancient Egyptian religion,"Answer: Egyptian Confidence: 0.9 
Answer: Ancient Egyptian Confidence: 0.8 
Answer: Osiris Confidence: 0.7 
Answer: Anubis Confidence: 0.6 
Answer: Duat Confidence: 0.5",Egyptian,0.9,0.5,0,1
755,2hop__35137_22901,What Islamic denomination was the author of The Canon of Medicine thought to be a member of?,Sunni,"Answer: Sunni Confidence: 0.8
Answer: Shia Confidence: 0.1
Answer: Sufi Confidence: 0.05
Answer: Ibadi Confidence: 0.03
Answer: Ahmadi Confidence: 0.02",Sunni,0.8,1.0,1,1
756,4hop3__175072_88460_30152_20999,How were the same people who the Somali Muslim Ajuran Empire declared independence from expelled from the natural boundary between Thailand and the country Setthathirath is a citizen of?,The dynasty regrouped and defeated the Portuguese,"Answer: Burmese Confidence: 0.6
Answer: Ayutthaya Confidence: 0.5
Answer: Khmer Confidence: 0.4
Answer: Portuguese Confidence: 0.3
Answer: Siamese Confidence: 0.2",Burmese,0.6,0.0,0,0
757,4hop1__161605_32392_823060_610794,What county is the city that shares a border with the state capital of the state where Darlington County located in?,Richland County,"Answer: Richland County Confidence: 0.7
Answer: Kershaw County Confidence: 0.6
Answer: Lexington County Confidence: 0.5
Answer: Fairfield County Confidence: 0.4
Answer: Sumter County Confidence: 0.3",Richland County,0.7,1.0,1,1
758,2hop__58168_1783,Who was the mayor of New York during the time when the US had its highest unemployment rate?,Fiorello La Guardia,"Answer: Michael Bloomberg Confidence: 0.7  
Answer: David Dinkins Confidence: 0.4  
Answer: Rudy Giuliani Confidence: 0.3  
Answer: Ed Koch Confidence: 0.2  
Answer: Bill de Blasio Confidence: 0.1",Michael Bloomberg,0.7,0.0,0,0
759,2hop__161151_50883,Which section of the emergency response guidebook of the continent where bison antiquus are found contains the response guides?,"The fourth section, with orange page borders","Answer: North America Confidence: 0.8  
Answer: United States Confidence: 0.7  
Answer: Canada Confidence: 0.6  
Answer: Mexico Confidence: 0.5  
Answer: Emergency Response Guidebook (ERG) Confidence: 0.4",North America,0.8,0.0,0,0
760,4hop1__83058_53706_795904_580996,"What area shares a border, with the city that was the work location of an individual, who went to the U.S. state with a Mediterranean climate, during the Gold Rush?",Rio Linda,"Answer: Sacramento, California Confidence: 0.8  
Answer: San Francisco, California Confidence: 0.7  
Answer: Los Angeles, California Confidence: 0.6  
Answer: Sonora, Mexico Confidence: 0.5  
Answer: Nevada Confidence: 0.4","Sacramento, California",0.8,0.0,0,0
761,2hop__149983_108549,Who wrote the fictional work Doctor Fate exists in?,Alfred Gough,"Answer: DC Comics Confidence: 0.9
Answer: Gardner Fox Confidence: 0.8
Answer: Bill Finger Confidence: 0.6
Answer: John Broome Confidence: 0.5
Answer: Julius Schwartz Confidence: 0.4",DC Comics,0.9,0.0,0,0
762,3hop1__131102_39743_24526,"What is the average winter daytime temperature in the region containing Richmond, in the state where WUSH operates?",upper 40s–lower 50s °F,"Answer: 45°F Confidence: 0.8
Answer: 48°F Confidence: 0.7  
Answer: 42°F Confidence: 0.6  
Answer: 50°F Confidence: 0.5  
Answer: 38°F Confidence: 0.4",45°F,0.8,0.0,0,0
763,3hop1__159728_91191_156667,What was the name of the spouse of the first convert to the most prevalent religion in Jordan?,Khawlah bint Ja'far,"Answer: Aminah bint Wahb Confidence: 0.4
Answer: Khadija bint Khuwaylid Confidence: 0.3
Answer: Sawda bint Zam'ah Confidence: 0.2
Answer: Aisha bint Abi Bakr Confidence: 0.05
Answer: Zaynab bint Khuzayma Confidence: 0.05",Aminah bint Wahb,0.4,0.3333333333333333,0,0
764,3hop1__145290_443779_52195,Who is the president of the new country who has jointly established a Commission on Truth and Friendship with the birth country of Satyo Husodo?,Francisco Guterres,"Answer: Joko Widodo Confidence: 0.8  
Answer: Prabowo Subianto Confidence: 0.6  
Answer: Susilo Bambang Yudhoyono Confidence: 0.5  
Answer: Megawati Sukarnoputri Confidence: 0.4  
Answer: Abdurrahman Wahid Confidence: 0.3",Joko Widodo,0.8,0.0,0,0
765,3hop1__140994_2053_5289,"What UK label was bought by the company which, along with ABC and the network which broadcasted Hello, Larry, is the other major broadcaster based in NY?",Oriole Records.,"Answer: Virgin Records Confidence: 0.8
Answer: EMI Confidence: 0.7
Answer: Island Records Confidence: 0.6
Answer: Polydor Confidence: 0.5
Answer: Decca Records Confidence: 0.4",Virgin Records,0.8,0.5,0,0
766,4hop3__152056_698586_89595_54362,Who burned down the city where Dunn Dunn's recording artist died during the conflict after which the historical time period of A Rose for Emily occurred?,Confederate Gen. John Bell Hood,"Answer: William Tecumseh Sherman Confidence: 0.7  
Answer: Union Army Confidence: 0.6  
Answer: Northern forces Confidence: 0.5  
Answer: Ulysses S. Grant Confidence: 0.4  
Answer: Confederate soldiers Confidence: 0.3",William Tecumseh Sherman,0.7,0.0,0,0
767,2hop__544760_35739,When was the version of the browser that GNU IceCat is based on made accessible on Windows 8?,September 2013,"Answer: 2012 Confidence: 0.7
Answer: 2013 Confidence: 0.6
Answer: 2011 Confidence: 0.5
Answer: 2010 Confidence: 0.4
Answer: 2014 Confidence: 0.3",2012,0.7,0.0,0,0
768,2hop__301011_820181,Which county is the birth place of Keith Sebelius located at?,Norton County,"Answer: Norton County Confidence: 0.7  
Answer: Rooks County Confidence: 0.6  
Answer: Phillips County Confidence: 0.5  
Answer: Norton Confidence: 0.4  
Answer: Kansas Confidence: 0.3",Norton County,0.7,1.0,1,1
769,2hop__691455_64006,By how much of the population of the region where Baton a feu originated reduced by the black death?,30% to 65%,"Answer: 30-60% Confidence: 0.6  
Answer: 40-70% Confidence: 0.5  
Answer: 20-50% Confidence: 0.4  
Answer: 50-80% Confidence: 0.3  
Answer: 10-30% Confidence: 0.2",30-60%,0.6,0.0,0,1
770,2hop__216256_141338,What company is the school where Ernest G. McClain is employed a part of?,City University of New York,"Answer: University of Phoenix Confidence: 0.4  
Answer: DeVry University Confidence: 0.3  
Answer: Grand Canyon University Confidence: 0.2  
Answer: Kaplan University Confidence: 0.1  
Answer: Walden University Confidence: 0.1",University of Phoenix,0.4,0.5,0,0
771,2hop__25396_212301,Who is the child of the person who issued the Tamworth manifesto?,Arthur Peel,"Answer: Robert Peel Confidence: 0.8
Answer: William Peel Confidence: 0.6
Answer: Arthur Peel Confidence: 0.5
Answer: Frederick Peel Confidence: 0.4
Answer: Julia Peel Confidence: 0.3",Robert Peel,0.8,0.5,0,0
772,3hop2__84553_90098_10557,"What was the form of the language where the last name Sylvester originates, used in the era of the man crowned Emperor of the Romans in 800, later known as?",Medieval Latin,"Answer: Latin Confidence: 0.8
Answer: Old French Confidence: 0.6
Answer: Old High German Confidence: 0.5
Answer: Vulgar Latin Confidence: 0.4
Answer: Frankish Confidence: 0.3",Latin,0.8,0.6666666666666666,0,1
773,3hop1__462125_538202_84283,Who is the owner of the record label that the performer of Days of Our Lives is on?,Warner Music Group,"Answer: John Legend Confidence: 0.3
Answer: Jay-Z Confidence: 0.2
Answer: Diddy Confidence: 0.2
Answer: Simon Cowell Confidence: 0.1
Answer: Taylor Swift Confidence: 0.1",John Legend,0.3,0.0,0,0
774,2hop__351275_75487,Who is the federal leader of Leon Benoit's political party?,Andrew Scheer,"Answer: Stephen Harper Confidence: 0.9
Answer: Erin O'Toole Confidence: 0.7  
Answer: Andrew Scheer Confidence: 0.8  
Answer: Pierre Poilievre Confidence: 0.6  
Answer: Rona Ambrose Confidence: 0.5",Stephen Harper,0.9,0.0,0,0
775,4hop1__93963_170667_443779_52195,"Who is the president of the newly declared independent country, that established the Timor Leste Commission of Truth and Friendship, with the country containing the airport that includes Lion Air?",Francisco Guterres,"Answer: José Ramos-Horta Confidence: 0.6
Answer: Xanana Gusmão Confidence: 0.5
Answer: Francisco Guterres Confidence: 0.4
Answer: Taur Matan Ruak Confidence: 0.3
Answer: Mari Alkatiri Confidence: 0.2",José Ramos-Horta,0.6,0.0,0,0
776,4hop1__443274_17130_70784_61381,When was the region that lies to the north of the country where Sar-El is located and the Persian Gulf established?,1932,"Answer: 1948 Confidence: 0.3  
Answer: 1956 Confidence: 0.2  
Answer: 1960 Confidence: 0.2  
Answer: 1971 Confidence: 0.2  
Answer: 1941 Confidence: 0.1",1948,0.3,0.0,0,0
777,2hop__29339_40482,Who did the Huguenots in the state primary Edwards won outside of Georgia buy land from?,Edmund Bellinger,"Answer: Native Americans Confidence: 0.8  
Answer: Cherokee Confidence: 0.7  
Answer: Creek Confidence: 0.6  
Answer: French settlers Confidence: 0.5  
Answer: British colonists Confidence: 0.4",Native Americans,0.8,0.0,0,0
778,2hop__504464_708278,Who was the company preceding Metalmark Capital named after?,Harold Stanley,"Answer: Bessemer Venture Partners Confidence: 0.7  
Answer: Metalmark Holdings Confidence: 0.6  
Answer: Morgan Stanley Confidence: 0.5  
Answer: Bessemer Securities Confidence: 0.4  
Answer: Metalmark Partners Confidence: 0.3",Bessemer Venture Partners,0.7,0.0,0,0
779,3hop1__273571_834494_34053,What was the wettest year for the city in the same county as Summit?,1905,"Answer: 1998 Confidence: 0.6  
Answer: 2005 Confidence: 0.5  
Answer: 2011 Confidence: 0.4  
Answer: 1982 Confidence: 0.3  
Answer: 1973 Confidence: 0.2",1998,0.6,0.0,0,0
780,2hop__814671_82341,In what region of Florida is WMOP located?,in Northern Florida,"Answer: Key West Confidence: 0.8
Answer: Tampa Confidence: 0.6
Answer: Miami Confidence: 0.5
Answer: Orlando Confidence: 0.4
Answer: Jacksonville Confidence: 0.3",Key West,0.8,0.0,0,0
781,4hop3__668721_132409_371500_35031,Where does the city where Veoh's headquarters is located rank in the top five largest urban areas of the state where The Paramour Sessions' performers were formed?,third-largest,"Answer: 2 Confidence: 0.7  
Answer: 3 Confidence: 0.6  
Answer: 1 Confidence: 0.5  
Answer: 4 Confidence: 0.4  
Answer: 5 Confidence: 0.3",2,0.7,0.0,0,0
782,2hop__524623_82341,Where is Chris Meffert's birth place in the state of Florida?,in Northern Florida,"Answer: Tallahassee Confidence: 0.4  
Answer: Gainesville Confidence: 0.3  
Answer: Jacksonville Confidence: 0.2  
Answer: Miami Confidence: 0.05  
Answer: Orlando Confidence: 0.05",Tallahassee,0.4,0.0,0,1
783,3hop2__655849_223623_162182,In what region of the country containing A Lưới is the birthplace of John Phan located?,South Central Coast,"Answer: Central Vietnam Confidence: 0.7  
Answer: Southern Vietnam Confidence: 0.2  
Answer: Northern Vietnam Confidence: 0.1  
Answer: Mekong Delta Confidence: 0.05  
Answer: Ho Chi Minh City Confidence: 0.05",Central Vietnam,0.7,0.4,0,1
784,2hop__231805_514393,What is the birthplace of St. Simeon Stylites' author?,Somersby,"Answer: Antioch Confidence: 0.6  
Answer: Edessa Confidence: 0.5  
Answer: Gaza Confidence: 0.4  
Answer: Alexandria Confidence: 0.3  
Answer: Jerusalem Confidence: 0.2",Antioch,0.6,0.0,0,0
785,3hop1__145212_443779_52195,Arie Supriyatna's birth country was one participant in a Commission of Truth and Friendship. Who is the president of the other country that participated?,Francisco Guterres,"Answer: Xanana Gusmão Confidence: 0.7
Answer: José Ramos-Horta Confidence: 0.6
Answer: Kay Rala Xanana Gusmão Confidence: 0.5
Answer: Taur Matan Ruak Confidence: 0.4
Answer: Mari Alkatiri Confidence: 0.3",Xanana Gusmão,0.7,0.0,0,1
786,4hop1__152146_5274_458768_33677,When was the most recent Bicycle Friendly Community Award given to the city where the headquarters of the only group larger than Långa nätter's record label is located?,2013,"Answer: 2023 Confidence: 0.7
Answer: 2022 Confidence: 0.6
Answer: 2021 Confidence: 0.5
Answer: 2020 Confidence: 0.4
Answer: 2019 Confidence: 0.3",2023,0.7,0.0,0,0
787,3hop1__751782_2053_52946,"When is Celebrity Big Brother coming to the network which, along with ABC and the original broadcaster of Undercovers, is the other major broadcaster based in NY?","February 7, 2018","Answer: NBC Confidence: 0.9
Answer: CBS Confidence: 0.7
Answer: FOX Confidence: 0.5
Answer: The CW Confidence: 0.3
Answer: HBO Confidence: 0.2",NBC,0.9,0.0,0,0
788,3hop1__109196_720914_27537,Why did Roncali leave the place of death of the creator of Malchiostro Annunciation?,for the conclave in Rome,"Answer: Fear of curses Confidence: 0.7  
Answer: To avoid persecution Confidence: 0.6  
Answer: Personal safety concerns Confidence: 0.5  
Answer: Seeking new opportunities Confidence: 0.4  
Answer: Following orders or advice Confidence: 0.3",Fear of curses,0.7,0.0,0,0
789,2hop__66149_85990,Who were the leaders of the opposition party that was created as a result of the kansas-nebraska act?,"anti-slavery activists, modernizers, ex Whigs and ex Free Soilers","Answer: Abraham Lincoln Confidence: 0.8
Answer: William Seward Confidence: 0.6
Answer: Salmon Chase Confidence: 0.7
Answer: Charles Sumner Confidence: 0.5
Answer: Stephen Douglas Confidence: 0.4",Abraham Lincoln,0.8,0.0,0,0
790,2hop__132472_684936,The company making ALARM follows which company?,BAC,"Answer: Google Confidence: 0.5  
Answer: Amazon Confidence: 0.3  
Answer: Microsoft Confidence: 0.2  
Answer: Apple Confidence: 0.1  
Answer: Facebook Confidence: 0.1",Google,0.5,0.0,0,0
791,2hop__25788_25839,What is the maximum load drawn by the device that was designed to standardize connection of computer peripherals?,five unit loads,"Answer: USB 2.0 Confidence: 0.8  
Answer: 500mA Confidence: 0.7  
Answer: 100mA Confidence: 0.6  
Answer: USB 3.0 Confidence: 0.5  
Answer: 900mA Confidence: 0.4",USB 2.0,0.8,0.0,0,0
792,4hop1__567737_141375_458768_33632,"What day is the feast held in the city containing the headquarters of the company, that owns the record label that released Study in Brown?",May 4,"Answer: January 6 Confidence: 0.7  
Answer: December 25 Confidence: 0.5  
Answer: February 2 Confidence: 0.4  
Answer: March 17 Confidence: 0.3  
Answer: November 1 Confidence: 0.2",January 6,0.7,0.0,0,0
793,2hop__68322_510545,Who is the spouse of the actor that plays Jarvis in the Avengers Age of Ultron?,Jennifer Connelly,"Answer: Sarah Rafferty Confidence: 0.7
Answer: Jennifer Garner Confidence: 0.2
Answer: Gwyneth Paltrow Confidence: 0.05
Answer: Julie Bowen Confidence: 0.03
Answer: Kate Beckinsale Confidence: 0.02",Sarah Rafferty,0.7,0.0,0,0
794,2hop__852122_150107,Who published Communications of the agency that Michael Schroeder is a member of ?,Association for Computing Machinery,"Answer: ACM Confidence: 0.7
Answer: IEEE Confidence: 0.6
Answer: Springer Confidence: 0.5
Answer: Elsevier Confidence: 0.4
Answer: MIT Press Confidence: 0.3",ACM,0.7,0.0,0,1
795,2hop__506099_20057,Who founded the organisation that owns Defective by Design?,Richard Stallman,"Answer: Free Software Foundation Confidence: 0.9
Answer: Richard Stallman Confidence: 0.8
Answer: GNU Project Confidence: 0.7
Answer: Electronic Frontier Foundation Confidence: 0.3
Answer: Software Freedom Conservancy Confidence: 0.2",Free Software Foundation,0.9,0.0,0,1
796,2hop__525242_52835,"Who wrote ""Turn Me On"" by performer of ""Happy Pills""?",John D. Loudermilk,"Answer: Norah Jones Confidence: 0.7  
Answer: Jesse Harris Confidence: 0.6  
Answer: Richard Julian Confidence: 0.5  
Answer: Lee Alexander Confidence: 0.4  
Answer: Norah Jones and Jesse Harris Confidence: 0.3",Norah Jones,0.7,0.0,0,0
797,2hop__60880_87295,Who does the actor who plays Nanny in Eloise at Christmastime play in Princess Diaries?,Queen dowager Clarisse Renaldi,"Answer: Hector Elizondo Confidence: 0.8  
Answer: John Rhys-Davies Confidence: 0.1  
Answer: Julie Andrews Confidence: 0.05  
Answer: Mandy Moore Confidence: 0.03  
Answer: Anne Hathaway Confidence: 0.02",Hector Elizondo,0.8,0.0,0,0
798,3hop1__222497_309482_41132,How many times did plague occur in Al gran sole carico d'amore's composer's work location?,22,"Answer: 3 Confidence: 0.5  
Answer: 2 Confidence: 0.3  
Answer: 5 Confidence: 0.1  
Answer: 1 Confidence: 0.05  
Answer: 4 Confidence: 0.05",3,0.5,0.0,0,0
799,2hop__671664_646310,What city is in the county where the Red Cross is located?,Albemarle,"Answer: Geneva Confidence: 0.9  
Answer: Bern Confidence: 0.7  
Answer: Zurich Confidence: 0.6  
Answer: The Hague Confidence: 0.5  
Answer: New York Confidence: 0.4",Geneva,0.9,0.0,0,0
800,3hop2__125104_90098_10557,What was where the last name sylvester comes from of who was Rotrude's father's era later known as?,Medieval Latin,"Answer: Charlemagne Confidence: 0.6  
Answer: Charles Martel Confidence: 0.5  
Answer: Pepin the Short Confidence: 0.4  
Answer: Charles the Bald Confidence: 0.3  
Answer: Louis the Pious Confidence: 0.2",Charlemagne,0.6,0.0,0,0
801,4hop1__88342_49853_128008_89859,When does the regular season of the league where the team with the most titles from the series after which the MLB MVP award is given out plays?,"March 29, 2018","Answer: April to September Confidence: 0.7
Answer: March to October Confidence: 0.6
Answer: April to October Confidence: 0.8
Answer: March to September Confidence: 0.5
Answer: May to September Confidence: 0.4",April to October,0.8,0.0,0,0
802,2hop__859431_18803,"In April 2010, what did the company owned by MV Macoma announce it was in the process of doing?",trying to find a potential buyer for all of its operations in Finland,"Answer: Acquiring another company Confidence: 0.5  
Answer: Expanding operations Confidence: 0.3  
Answer: Launching a new product Confidence: 0.2  
Answer: Filing for bankruptcy Confidence: 0.15  
Answer: Merging with another firm Confidence: 0.1",Acquiring another company,0.5,0.0,0,0
803,4hop1__3496_5274_458768_33677,When was the most recent Bicycle Friendly Community Award given to the city where the headquarters of the only group larger than the company BMG partnered with in 2005-07?,2013,"Answer: 2016 Confidence: 0.8
Answer: 2015 Confidence: 0.7
Answer: 2017 Confidence: 0.6
Answer: 2014 Confidence: 0.5
Answer: 2018 Confidence: 0.4",2016,0.8,0.0,0,0
804,2hop__24648_192417,What is the league of the Carolina Panthers an example of?,sports league,"Answer: NFL Confidence: 0.9  
Answer: National Football League Confidence: 0.8  
Answer: American Football Conference Confidence: 0.6  
Answer: NFC South Confidence: 0.5  
Answer: Professional sports league Confidence: 0.3",NFL,0.9,0.0,0,1
805,2hop__575797_91104,What is the experimental satellite that was the forerunner to communication satellite of the operator of INSAT-4CR called?,ATS - 6 (Applications Technology Satellite - 6),"Answer: APPLE Confidence: 0.8  
Answer: SITE Confidence: 0.7  
Answer: Aryabhata Confidence: 0.5  
Answer: Rohini Confidence: 0.4  
Answer: Bhaskara Confidence: 0.3",APPLE,0.8,0.0,0,0
806,3hop1__305282_282081_73772,When was the start of the battle of the birthplace of the performer of III?,"December 14, 1814","Answer: 1914 Confidence: 0.8  
Answer: 1915 Confidence: 0.7  
Answer: 1916 Confidence: 0.6  
Answer: 1917 Confidence: 0.5  
Answer: 1918 Confidence: 0.4",1914,0.8,0.0,0,0
807,3hop2__159979_30587_44003,Where does the ocean adjacent to Miami meet the ocean basin at where the tropical Storm Allison ended up?,through the Florida Straits,"Answer: Gulf of Mexico Confidence: 0.8  
Answer: Caribbean Sea Confidence: 0.6  
Answer: Atlantic Ocean Confidence: 0.4  
Answer: Sargasso Sea Confidence: 0.3  
Answer: Labrador Sea Confidence: 0.2",Gulf of Mexico,0.8,0.0,0,0
808,2hop__131455_11960,What is the tallest building in the state where KZAR is located?,JPMorgan Chase Tower,"Answer: Burj Khalifa Confidence: 0.1  
Answer: One World Trade Center Confidence: 0.1  
Answer: Willis Tower Confidence: 0.1  
Answer: Empire State Building Confidence: 0.1  
Answer: Petronas Towers Confidence: 0.1",Burj Khalifa,0.1,0.0,0,0
809,4hop3__312119_132409_146285_35031,"Among the top five largest urban areas in the state where Getting Away with Murder's performer was formed, where does city in which Alexander Golitzen died rank?",third-largest,"Answer: San Diego Confidence: 0.4  
Answer: Los Angeles Confidence: 0.3  
Answer: San Jose Confidence: 0.2  
Answer: San Francisco Confidence: 0.1  
Answer: Sacramento Confidence: 0.1",San Diego,0.4,0.0,0,0
810,2hop__153009_44880,Who is the mayor presiding now where Merrill Elam was born?,Lance Bottoms,"Answer: Atlanta Confidence: 0.6
Answer: Marietta Confidence: 0.5
Answer: Georgia Confidence: 0.4
Answer: Columbus Confidence: 0.3
Answer: Savannah Confidence: 0.2",Atlanta,0.6,0.0,0,0
811,3hop1__389069_132457_51423,What is the name of the castle in the city where the performer of Sleep is the Enemy was formed?,Casa Loma,"Answer: Warwick Castle Confidence: 0.4  
Answer: Nottingham Castle Confidence: 0.3  
Answer: Windsor Castle Confidence: 0.2  
Answer: Edinburgh Castle Confidence: 0.05  
Answer: Leeds Castle Confidence: 0.05",Warwick Castle,0.4,0.0,0,0
812,3hop1__617062_127905_46894,Who has the lowest batting average in the league that Jim Wilson's team plays for?,Bill Bergen,"Answer: Jim Wilson Confidence: 0.6
Answer: David Johnson Confidence: 0.2
Answer: Mike Smith Confidence: 0.1
Answer: Alex Rodriguez Confidence: 0.05
Answer: Chris Davis Confidence: 0.05",Jim Wilson,0.6,0.0,0,0
813,3hop1__850160_15840_36002,What were the Genesis's advantage over the platform of Pictionary?,built on 16-bit architectures and offered improved graphics and sound,"Answer: More detailed graphics Confidence: 0.3
Answer: Better sound effects Confidence: 0.2
Answer: Faster gameplay Confidence: 0.2
Answer: Larger color palette Confidence: 0.15
Answer: More intuitive controls Confidence: 0.15",More detailed graphics,0.3,0.15384615384615383,0,1
814,2hop__656411_345851,"The singer, who starred in Shake It Up, signed to which record label?",Hollywood Records,"Answer: Hollywood Records Confidence: 0.8  
Answer: Republic Records Confidence: 0.1  
Answer: Epic Records Confidence: 0.05  
Answer: Interscope Records Confidence: 0.03  
Answer: Columbia Records Confidence: 0.02",Hollywood Records,0.8,1.0,1,1
815,3hop1__88707_91850_685675,On what team was the player who hit the first home run at the new location of NY Yankees home games?,New York Yankees,"Answer: New York Yankees Confidence: 0.8  
Answer: Boston Red Sox Confidence: 0.1  
Answer: Tampa Bay Rays Confidence: 0.05  
Answer: Toronto Blue Jays Confidence: 0.03  
Answer: Baltimore Orioles Confidence: 0.02",New York Yankees,0.8,1.0,1,1
816,4hop3__31333_29339_508306_70744,Edwards won the primary in a state excluding the state that sent the most tourists in to Tennessee in 2013. Who has the most national championships between that state's university and Fort Hill's city's university?,University of South Carolina,"Answer: University of Kentucky Confidence: 0.7
Answer: University of Tennessee Confidence: 0.6
Answer: University of Georgia Confidence: 0.5
Answer: University of Florida Confidence: 0.4
Answer: University of Alabama Confidence: 0.3",University of Kentucky,0.7,0.5714285714285715,0,0
817,2hop__373544_80420,Who was the first African American student at the university Robert Khayat was educated at?,James Howard Meredith,"Answer: James Meredith Confidence: 0.9  
Answer: Clyde Kennard Confidence: 0.6  
Answer: Autherine Lucy Confidence: 0.5  
Answer: Charlayne Hunter-Gault Confidence: 0.4  
Answer: Vivian Malone Confidence: 0.3",James Meredith,0.9,0.8,0,1
818,4hop1__88342_75218_128008_86588,What is the longest home run in the history of the league of the team that has played the most games in the competition they give out MVP awards after?,582 feet (177 m),"Answer: 535 feet Confidence: 0.3
Answer: 520 feet Confidence: 0.25
Answer: 505 feet Confidence: 0.2
Answer: 550 feet Confidence: 0.15
Answer: 510 feet Confidence: 0.1",535 feet,0.3,0.3333333333333333,0,0
819,3hop1__131783_131926_90707,Where does the body of water by the city where The Minikahda Club is located and the Ohio River meet?,"at the city of Cairo, Illinois","Answer: Mississippi River Confidence: 0.8  
Answer: Gulf of Mexico Confidence: 0.5  
Answer: Lake Superior Confidence: 0.4  
Answer: Missouri River Confidence: 0.3  
Answer: Tennessee River Confidence: 0.2",Mississippi River,0.8,0.0,0,0
820,2hop__216535_370666,In what city is Alain Lascoux's employer located?,Tianjin,"Answer: Paris Confidence: 0.8
Answer: Orsay Confidence: 0.6
Answer: Lyon Confidence: 0.3
Answer: Marseille Confidence: 0.2
Answer: Toulouse Confidence: 0.1",Paris,0.8,0.0,0,0
821,2hop__215124_83837,Who sings Home Alone Tonight with the Rain is a Good Thing singer?,Karen Fairchild,"Answer: Luke Bryan Confidence: 0.8
Answer: Dustin Lynch Confidence: 0.6
Answer: Thomas Rhett Confidence: 0.5
Answer: Jason Aldean Confidence: 0.4
Answer: Florida Georgia Line Confidence: 0.3",Luke Bryan,0.8,0.0,0,0
822,2hop__48481_319887,Where was the actor who plays Kurt in Daddy's Home 2 educated?,National Institute of Dramatic Art,"Answer: New York University Confidence: 0.3  
Answer: Juilliard Confidence: 0.2  
Answer: University of Southern California Confidence: 0.1  
Answer: Yale University Confidence: 0.1  
Answer: Royal Academy of Dramatic Art Confidence: 0.1",New York University,0.3,0.0,0,0
823,2hop__391857_162018,What year did the author of Prince Prigio die?,1912,"Answer: 1894 Confidence: 0.7
Answer: 1895 Confidence: 0.2
Answer: 1893 Confidence: 0.05
Answer: 1896 Confidence: 0.03
Answer: 1892 Confidence: 0.02",1894,0.7,0.0,0,0
824,2hop__569582_304416,What record label is the performer of Almost Made Ya signed to?,Derrty Entertainment,"Answer: Atlantic Records Confidence: 0.6  
Answer: Def Jam Recordings Confidence: 0.4  
Answer: RCA Records Confidence: 0.3  
Answer: Interscope Records Confidence: 0.2  
Answer: Warner Records Confidence: 0.1",Atlantic Records,0.6,0.0,0,0
825,3hop2__222979_132628_40768,"When did the company that built VTEC, the owner of Scion, and Nissan open US Assembly plants?",1981,"Answer: 1982 Confidence: 0.6  
Answer: 1985 Confidence: 0.5  
Answer: 1980 Confidence: 0.4  
Answer: 1990 Confidence: 0.3  
Answer: 1975 Confidence: 0.2",1982,0.6,0.0,0,0
826,2hop__132954_533882,What company was formed after a merger of the company that built ASM-N-5 Gorgon V?,Martin Marietta,"Answer: Martin Marietta Confidence: 0.6  
Answer: Lockheed Martin Confidence: 0.3  
Answer: Northrop Grumman Confidence: 0.05  
Answer: Boeing Confidence: 0.03  
Answer: Raytheon Confidence: 0.02",Martin Marietta,0.6,1.0,1,1
827,2hop__713299_55227,Who plays the wife of a Here Comes the Boom cast member in the movie Grown Ups?,Maria Bello,"Answer: Salma Hayek Confidence: 0.8
Answer: Maria Bello Confidence: 0.7
Answer: Maya Rudolph Confidence: 0.6
Answer: Joyce Van Patten Confidence: 0.5
Answer: Madison Riley Confidence: 0.4",Salma Hayek,0.8,0.0,0,0
828,2hop__58939_213732,Who is the child of Obama's opponent in his first election?,Meghan McCain,"Answer: Sarah Palin Confidence: 0.7
Answer: John McCain Confidence: 0.6
Answer: Mitt Romney Confidence: 0.4
Answer: Hillary Clinton Confidence: 0.3
Answer: Joe Biden Confidence: 0.2",Sarah Palin,0.7,0.0,0,0
829,2hop__68162_482364,Who was the father of the leader of the Argonauts in the search for the golden fleece?,Aeson,"Answer: Aeson Confidence: 0.8  
Answer: Pelias Confidence: 0.1  
Answer: Poseidon Confidence: 0.05  
Answer: Hermes Confidence: 0.03  
Answer: Zeus Confidence: 0.02",Aeson,0.8,1.0,1,1
830,2hop__726892_131968,Which is the body of water by Leo Bennett's place of death?,River Thames,"Answer: Pacific Ocean Confidence: 0.3  
Answer: Atlantic Ocean Confidence: 0.2  
Answer: Gulf of Mexico Confidence: 0.1  
Answer: Mediterranean Sea Confidence: 0.1  
Answer: Indian Ocean Confidence: 0.05",Pacific Ocean,0.3,0.0,0,0
831,3hop1__77966_91191_156667,Who was the spouse of the first convert to the faith that is the most common religion in Lebanon?,Khawlah bint Ja'far,"Answer: Zaynab bint Ali Confidence: 0.3
Answer: Khadija bint Khuwaylid Confidence: 0.2
Answer: Mary, mother of Jesus Confidence: 0.1
Answer: Fatimah bint Muhammad Confidence: 0.1
Answer: Asiya bint Muzahim Confidence: 0.1",Zaynab bint Ali,0.3,0.3333333333333333,0,0
832,3hop2__87184_92991_76291,When did the party that controls the House of Representatives take control of the branch who determines the rules of the US house and Senate?,January 2015,"Answer: 2011 Confidence: 0.7  
Answer: 1995 Confidence: 0.6  
Answer: 2003 Confidence: 0.5  
Answer: 2007 Confidence: 0.4  
Answer: 2015 Confidence: 0.3",2011,0.7,0.0,0,0
833,2hop__135993_160249,In which years did the war with the person who the Ioannina National Airport is name after occur?,323–272 BC,"Answer: 1940-1941 Confidence: 0.8
Answer: 1940 Confidence: 0.6
Answer: 1941 Confidence: 0.6
Answer: 1939-1945 Confidence: 0.4
Answer: 1912-1913 Confidence: 0.3",1940-1941,0.8,0.0,0,0
834,3hop1__140786_2053_5289,"What UK label was bought by the major broadcaster that, along with ABC and the network of the show Just Men!?, is based in New York?",Oriole Records.,"Answer: Island Records Confidence: 0.3
Answer: Virgin Records Confidence: 0.25
Answer: Chrysalis Records Confidence: 0.2
Answer: Harvest Records Confidence: 0.15
Answer: Decca Records Confidence: 0.1",Island Records,0.3,0.5,0,0
835,3hop2__57233_105140_56883,"During the war in which The Things They Carried is set, when was conscription introduced by the country where the film Grievous Bodily Harm was later released?",1964,"Answer: 1964 Confidence: 0.7
Answer: 1965 Confidence: 0.6
Answer: 1962 Confidence: 0.5
Answer: 1969 Confidence: 0.4
Answer: 1960 Confidence: 0.3",1964,0.7,1.0,1,1
836,3hop2__89048_860687_66294,Who played who sang is she really going out with him in the performer of The One movie?,Lawrence Hilton - Jacobs,"Answer: Joe Jackson Confidence: 0.9
Answer: No performer in The One movie sang ""Is She Really Going Out with Him"" Confidence: 0.8
Answer: The song is not in The One movie Confidence: 0.85
Answer: Soundtrack error Confidence: 0.7
Answer: Misremembered association Confidence: 0.75",Joe Jackson,0.9,0.0,0,0
837,4hop3__129754_29339_508306_70744,"Who has more national championships than the school with Fort Hill or the facility in the location Edwards won the primary, but not the state with the 404 area code?",University of South Carolina,"Answer: Alabama Confidence: 0.6
Answer: Notre Dame Confidence: 0.5
Answer: Ohio State Confidence: 0.4
Answer: USC Confidence: 0.3
Answer: Oklahoma Confidence: 0.2",Alabama,0.6,0.0,0,0
838,3hop1__139773_88110_21193,What compression method is part of the CAB format used by one of the original partners in the TV channel that hosts Rachel Maddow's show?,LZX,"Answer: MSZIP Confidence: 0.9  
Answer: LZX Confidence: 0.8  
Answer: Quantum Confidence: 0.7  
Answer: Deflate Confidence: 0.6  
Answer: Huffman Confidence: 0.5",MSZIP,0.9,0.0,0,0
839,2hop__28203_55840,Who played king whose regal Name did Albert Adopt in the king's speech?,Colin Firth,"Answer: Colin Firth Confidence: 0.8  
Answer: Geoffrey Rush Confidence: 0.1  
Answer: Guy Pearce Confidence: 0.05  
Answer: Michael Gambon Confidence: 0.03  
Answer: Derek Jacobi Confidence: 0.02",Colin Firth,0.8,1.0,1,1
840,3hop2__304722_740784_63959,When was the last time Krystian Pearce's sports team beat the winner of the 1894-95 FA Cup?,1 December 2010,"Answer: 2010 Confidence: 0.3
Answer: 2012 Confidence: 0.2
Answer: 2008 Confidence: 0.2
Answer: 2011 Confidence: 0.15
Answer: 2013 Confidence: 0.15",2010,0.3,0.5,0,1
841,3hop1__756602_831637_91775,What does seal stand for in the U.S. military branch that operates a list of destroyer classes as well as the USS Jason?,"Sea, Air, and Land","Answer: Sea, Air, Land Confidence: 0.8
Answer: Special Warfare Combatant-Craft Crewmen Confidence: 0.7
Answer: Navy Special Forces Confidence: 0.6
Answer: Strategic Seaborne Assault Logistics Confidence: 0.5
Answer: Support, Engage, Assist, Locate Confidence: 0.4","Sea, Air, Land",0.8,0.8571428571428571,0,1
842,3hop2__304722_230978_63959,When was the last time the team Matthew Webb was a member of beat the winner of the 1894-95 FA Cup?,1 December 2010,"Answer: 1875 Confidence: 0.3  
Answer: 1890 Confidence: 0.2  
Answer: 1885 Confidence: 0.2  
Answer: 1870 Confidence: 0.1  
Answer: 1880 Confidence: 0.1",1875,0.3,0.0,0,0
843,2hop__564984_139312,"The author of the novel ""2030"" was nominated for what award for his role in ""Broadcast News""?",Academy Award for Best Supporting Actor,"Answer: Academy Award Confidence: 0.9 
Answer: Oscar Confidence: 0.8 
Answer: Golden Globe Confidence: 0.7 
Answer: Emmy Award Confidence: 0.6 
Answer: Screen Actors Guild Award Confidence: 0.5",Academy Award,0.9,0.5,0,1
844,2hop__123545_47134,Who is the mascot of the university related to Randy Conrads?,Benny Beaver,"Answer: Boilermaker Confidence: 0.8
Answer: Purdue Pete Confidence: 0.7
Answer: Boiler Confidence: 0.6
Answer: Purdue Cub Confidence: 0.5
Answer: Golden Eagle Confidence: 0.3",Boilermaker,0.8,0.0,0,0
845,4hop3__813358_24325_125104_10557,"The carnival in the town where Jean Mathonet died is rooted in a European culture. In Rotrude's father's era, the language of that culture was later known by what name?",Medieval Latin,"Answer: Old Frankish Confidence: 0.8
Answer: Frankish Confidence: 0.7
Answer: Old High German Confidence: 0.6
Answer: Germanic Confidence: 0.5
Answer: Latin Confidence: 0.2",Old Frankish,0.8,0.0,0,0
846,3hop1__140786_2053_52946,"When is Celebrity Big Brother coming to the broadcast company that, along with the network of Just Men!?, and ABC, is one of the major broadcasters based in New York?","February 7, 2018","Answer: CBS Confidence: 0.8  
Answer: NBC Confidence: 0.7  
Answer: Fox Confidence: 0.6  
Answer: The CW Confidence: 0.5  
Answer: PBS Confidence: 0.4",CBS,0.8,0.0,0,0
847,2hop__161507_77849,Who is the newly elected Chief Justice of the country where Masherbrum is located?,Mian Saqib Nisar,"Answer: Qazi Faez Isa Confidence: 0.8  
Answer: Gulzar Ahmed Confidence: 0.7  
Answer: Umar Ata Bandial Confidence: 0.6  
Answer: Saqib Nisar Confidence: 0.5  
Answer: Asif Saeed Khosa Confidence: 0.4",Qazi Faez Isa,0.8,0.0,0,0
848,2hop__705035_152093,What label is responsible for the performer of Crazy Love?,Fair Trade Services,"Answer: Van Morrison Confidence: 0.9  
Answer: Brian Wilson Confidence: 0.1  
Answer: Bob Dylan Confidence: 0.05  
Answer: The Beach Boys Confidence: 0.03  
Answer: Patsy Cline Confidence: 0.02",Van Morrison,0.9,0.0,0,0
849,2hop__807257_590611,Who is a cast member of the show that contains the character Michael Knight?,Deanna Russo,"Answer: David Hasselhoff Confidence: 0.9
Answer: Edward Mulhare Confidence: 0.8  
Answer: Rebecca Holden Confidence: 0.7
Answer: Patricia McPherson Confidence: 0.7
Answer: Peter Parros Confidence: 0.6",David Hasselhoff,0.9,0.0,0,0
850,3hop2__69814_76873_64554,"After the war that provides the setting for Memoirs of a Geisha, a conflict in which Germany was divided into two countries, developed between the U.S. and what nation?",Union of Soviet Socialist Republics,"Answer: Soviet Union Confidence: 0.9  
Answer: Russia Confidence: 0.7  
Answer: China Confidence: 0.2  
Answer: Japan Confidence: 0.1  
Answer: North Korea Confidence: 0.05",Soviet Union,0.9,0.5714285714285715,0,1
851,2hop__283_574195,Where was the person who said she is the reigning national voice educated?,National Institute of Dramatic Art,"Answer: Juilliard Confidence: 0.7  
Answer: Berklee College of Music Confidence: 0.6  
Answer: Curtis Institute of Music Confidence: 0.5  
Answer: University of Michigan Confidence: 0.4  
Answer: New England Conservatory Confidence: 0.3",Juilliard,0.7,0.0,0,0
852,3hop1__426806_42197_18397,Where did who argued that the country of citizenship of Victor Denisov had itself beome an imperialist power declare that he would intervene in the Korean conflict?,the Politburo,"Answer: Moscow Confidence: 0.7  
Answer: Beijing Confidence: 0.6  
Answer: Pyongyang Confidence: 0.5  
Answer: Washington Confidence: 0.4  
Answer: United Nations Confidence: 0.3",Moscow,0.7,0.0,0,0
853,2hop__144150_82341,In what part of Florida is Tom Denney's birthplace located?,in Northern Florida,"Answer: Jacksonville Confidence: 0.7  
Answer: Gainesville Confidence: 0.6  
Answer: Tallahassee Confidence: 0.5  
Answer: Orlando Confidence: 0.4  
Answer: Tampa Confidence: 0.3",Jacksonville,0.7,0.0,0,1
854,3hop1__579562_629431_64412,When did the city where the author of Pacem in Terris died become its own country?,11 February 1929,"Answer: 1929 Confidence: 0.7
Answer: 1870 Confidence: 0.6
Answer: 1947 Confidence: 0.5
Answer: 1921 Confidence: 0.4
Answer: 1938 Confidence: 0.3",1929,0.7,0.5,0,1
855,3hop2__132957_132968_40768,"When did the maker of Acura Legend, the company that makes Daihatsu Charmant, and Nissan open US assembly plants?",1981,"Answer: 1980s Confidence: 0.7  
Answer: 1982 Confidence: 0.6  
Answer: 1980 Confidence: 0.5  
Answer: 1990s Confidence: 0.3  
Answer: 1970s Confidence: 0.2",1980s,0.7,0.0,0,1
856,2hop__20433_157939,What year was the waterfowl character with his own series of satirical comic books created?,1986,"Answer: 1941 Confidence: 0.6  
Answer: 1938 Confidence: 0.5  
Answer: 1943 Confidence: 0.4  
Answer: 1940 Confidence: 0.3  
Answer: 1935 Confidence: 0.2",1941,0.6,0.0,0,0
857,2hop__753260_71701,When did the Japanese get to Liang Jiahong's birthplace and the rest of Guangdong?,November 5,"Answer: 1938 Confidence: 0.7  
Answer: 1937 Confidence: 0.6  
Answer: 1939 Confidence: 0.5  
Answer: 1940 Confidence: 0.4  
Answer: 1936 Confidence: 0.3",1938,0.7,0.0,0,0
858,3hop2__565959_223623_162182,In what region of the country containing Mount Can is the birthplace of John Phan located?,South Central Coast,"Answer: Vietnam Confidence: 0.8
Answer: Southeast Asia Confidence: 0.7
Answer: Asia Confidence: 0.6
Answer: Central Vietnam Confidence: 0.5
Answer: Ho Chi Minh City Confidence: 0.4",Vietnam,0.8,0.0,0,0
859,2hop__61143_165532,Who is the spouse of the actor who played hannibal smith in the a team?,Sherry Boucher,"Answer: Kathleen Kinmont Confidence: 0.7
Answer: Adrienne Barbeau Confidence: 0.6
Answer: Sandra Bullock Confidence: 0.1
Answer: Sigourney Weaver Confidence: 0.05
Answer: Meryl Streep Confidence: 0.01",Kathleen Kinmont,0.7,0.0,0,0
860,2hop__269659_722575,What company owns the owner of National Observer?,News Corp,"Answer: Postmedia Confidence: 0.4
Answer: Torstar Confidence: 0.3
Answer: Black Press Media Confidence: 0.2
Answer: Glacier Media Confidence: 0.05
Answer: Independent (no parent company) Confidence: 0.05",Postmedia,0.4,0.0,0,0
861,3hop1__573244_339990_15538,When did the state where Kashinka Hollow is located in reinstate the death penalty?,1984,"Answer: 1995 Confidence: 0.3  
Answer: 1976 Confidence: 0.2  
Answer: 1982 Confidence: 0.2  
Answer: 2000 Confidence: 0.1  
Answer: 1993 Confidence: 0.1",1995,0.3,0.0,0,0
862,2hop__512773_346751,Bancroft's county borders what county?,Haliburton County,"Answer: Alameda Confidence: 0.8  
Answer: Contra Costa Confidence: 0.7  
Answer: San Joaquin Confidence: 0.6  
Answer: Solano Confidence: 0.5  
Answer: Sacramento Confidence: 0.4",Alameda,0.8,0.0,0,0
863,2hop__267938_92763,What is the enrollment at Jack Clay's employer?,"16,801","Answer: 20000 Confidence: 0.3  
Answer: 15000 Confidence: 0.2  
Answer: 25000 Confidence: 0.2  
Answer: 30000 Confidence: 0.15  
Answer: 18000 Confidence: 0.15",20000,0.3,0.0,0,0
864,2hop__511296_2684,What was the name of the law passed by the actor from Terminator?,"""Donda West Law""","Answer: The Terminator Employment Act Confidence: 0.3  
Answer: The Arnold Schwarzenegger School Act Confidence: 0.2  
Answer: The California Environmental Protection Act Confidence: 0.1  
Answer: The After-School Education and Safety Program Act Confidence: 0.1  
Answer: The California Global Warming Solutions Act Confidence: 0.3",The Terminator Employment Act,0.3,0.0,0,0
865,2hop__580231_162399,When did the father of Dahyabhai Patel die?,15 December 1950,"Answer: 1942 Confidence: 0.3
Answer: 1950 Confidence: 0.2
Answer: 1935 Confidence: 0.2
Answer: 1920 Confidence: 0.15
Answer: 1945 Confidence: 0.15",1942,0.3,0.0,0,0
866,4hop1__88342_75218_128008_80487,When is the all-star game of the league whose member played in the most championship series which proceed the MVP award?,"July 11, 2017","Answer: NBA All-Star Game Confidence: 0.8
Answer: MLB All-Star Game Confidence: 0.1
Answer: NHL All-Star Game Confidence: 0.05
Answer: NFL Pro Bowl Confidence: 0.03
Answer: MLS All-Star Game Confidence: 0.02",NBA All-Star Game,0.8,0.0,0,0
867,2hop__549146_223121,What record label did the person who is part of The Bruce Lee Band start?,Asian Man Records,"Answer: Asian Man Records Confidence: 0.9  
Answer: Fat Wreck Chords Confidence: 0.1  
Answer: Epitaph Records Confidence: 0.05  
Answer: Hopeless Records Confidence: 0.03  
Answer: Kung Fu Records Confidence: 0.02",Asian Man Records,0.9,1.0,1,1
868,4hop3__839787_88460_30152_20999,How were the same people who the Somali Muslim Ajuran Empire declared independence from expelled from the natural boundary between Thailand and the country where Sepon mine is found?,The dynasty regrouped and defeated the Portuguese,"Answer: Portuguese Confidence: 0.3  
Answer: Dutch Confidence: 0.25  
Answer: British Confidence: 0.2  
Answer: French Confidence: 0.15  
Answer: Spanish Confidence: 0.1",Portuguese,0.3,0.33333333333333337,0,1
869,2hop__29368_29376,What event caused the founder of Australia's liberal party to become Prime Minister?,Lyons' death in 1939,"Answer: The 1901 Federation of Australia Confidence: 0.7  
Answer: The 1949 federal election Confidence: 0.6  
Answer: The Dismissal of Gough Whitlam Confidence: 0.5  
Answer: The 1910 federal election Confidence: 0.4  
Answer: The 1922 federal election Confidence: 0.3",The 1901 Federation of Australia,0.7,0.0,0,0
870,4hop1__767417_624859_355213_203322,What county shares a border with the county where the performer of Change of Heart was born?,Cabarrus County,"Answer: Donegal Confidence: 0.5  
Answer: Tyrone Confidence: 0.3  
Answer: Derry Confidence: 0.2  
Answer: Fermanagh Confidence: 0.1  
Answer: Monaghan Confidence: 0.1",Donegal,0.5,0.0,0,0
871,2hop__503085_110222,When was the painter of Femme nue couchée born?,10 June 1819,"Answer: 1884 Confidence: 0.7  
Answer: 1881 Confidence: 0.6  
Answer: 1887 Confidence: 0.5  
Answer: 1883 Confidence: 0.4  
Answer: 1885 Confidence: 0.3",1884,0.7,0.0,0,0
872,3hop1__320697_547811_41132,How many times did plague occur in the birth city of the composer of Nulla in mundo pax sincera?,22,"Answer: 5 Confidence: 0.3  
Answer: 3 Confidence: 0.2  
Answer: 7 Confidence: 0.2  
Answer: 2 Confidence: 0.2  
Answer: 4 Confidence: 0.1",5,0.3,0.0,0,0
873,4hop1__151650_5274_458768_33632,What day is the Feast in the city where the headquarters of the only group larger than Desde El Principio's record label held on?,May 4,"Answer: December 8 Confidence: 0.7  
Answer: December 25 Confidence: 0.6  
Answer: January 6 Confidence: 0.5  
Answer: November 1 Confidence: 0.4  
Answer: February 2 Confidence: 0.3",December 8,0.7,0.0,0,0
874,2hop__41158_35124,How many books were said to have been written by the person who proposed explanations for the origins of earthquakes and the formation of mountains?,450,"Answer: 50 Confidence: 0.2
Answer: 100 Confidence: 0.15
Answer: 200 Confidence: 0.1
Answer: 70 Confidence: 0.25
Answer: 30 Confidence: 0.3",30,0.3,0.0,0,0
875,3hop1__354480_834494_34099,How long are the city council terms in the city that is in the same county as Eric Marcus Municipal Airport?,four-year,"Answer: 4 years Confidence: 0.7
Answer: 2 years Confidence: 0.6
Answer: 3 years Confidence: 0.5
Answer: 1 year Confidence: 0.4
Answer: 5 years Confidence: 0.3",4 years,0.7,0.0,0,1
876,4hop2__71753_729371_70784_79935,When was the region that lies to the north of where Israel is located and the location of Operation Earnest Will established?,1930,"Answer: 1920 Confidence: 0.6  
Answer: 1943 Confidence: 0.5  
Answer: 1960 Confidence: 0.4  
Answer: 1980 Confidence: 0.3  
Answer: 1991 Confidence: 0.2",1920,0.6,0.0,0,0
877,2hop__7906_78851,Which professional sports team would you not see play a home game where Jim Foster came up with the idea for arena football?,Brooklyn Nets NBA,"Answer: New York Jets Confidence: 0.8  
Answer: Chicago Bears Confidence: 0.7  
Answer: Dallas Cowboys Confidence: 0.6  
Answer: Los Angeles Lakers Confidence: 0.5  
Answer: Boston Red Sox Confidence: 0.4",New York Jets,0.8,0.0,0,0
878,2hop__249867_557232,Which country is the Desert Forest Golf Club located in?,Maricopa County,"Answer: United States Confidence: 0.8  
Answer: China Confidence: 0.1  
Answer: UAE Confidence: 0.05  
Answer: Australia Confidence: 0.03  
Answer: South Africa Confidence: 0.02",United States,0.8,0.0,0,0
879,2hop__204493_69048,Who is the chief judge of Fred Aghogho Brume's birthplace?,Honorable Justice Abiodun Smith,"Answer: Samuel Chukwudumebi Omehia Confidence: 0.3  
Answer: Inumidun Akande Confidence: 0.25  
Answer: Olayinka Fadahunsi Confidence: 0.2  
Answer: Ebi Awosika Confidence: 0.15  
Answer: Ibrahim Auta Confidence: 0.1",Samuel Chukwudumebi Omehia,0.3,0.0,0,0
880,3hop1__90327_83076_319330,Who is the child of the president who suffered a major defeat when the body which approves members of the American cabinet refused to ratify the Versailles treaty?,Jessie Woodrow Wilson,"Answer: John Quincy Adams Confidence: 0.8  
Answer: Charles Adams Confidence: 0.6  
Answer: Richard Nixon Confidence: 0.4  
Answer: Theodore Roosevelt Jr. Confidence: 0.3  
Answer: Alice Roosevelt Longworth Confidence: 0.2",John Quincy Adams,0.8,0.0,0,0
881,3hop1__285585_538202_84283,Who is the owner of the record label of the performer of Groovy Little Summer Song?,Warner Music Group,"Answer: Jason Owen Confidence: 0.6
Answer: Scooter Braun Confidence: 0.2
Answer: Clive Davis Confidence: 0.1
Answer: L.A. Reid Confidence: 0.05
Answer: Lucian Grainge Confidence: 0.05",Jason Owen,0.6,0.0,0,0
882,2hop__243084_523417,What is the anime that has Seta Sōjirō an instance of?,OVA,"Answer: Rurouni Kenshin Confidence: 0.9  
Answer: Samurai X Confidence: 0.8  
Answer: Meiji Kenkaku Romantan Confidence: 0.7  
Answer: Nobuhiro Watsuki Confidence: 0.3  
Answer: Shonen Jump Confidence: 0.1",Rurouni Kenshin,0.9,0.0,0,0
883,3hop1__390673_228453_10972,When did the headquarters city of Kentucky Tavern's manufacturer elect its first black mayor?,1970s,"Answer: 1981 Confidence: 0.7
Answer: 1982 Confidence: 0.6
Answer: 1980 Confidence: 0.5
Answer: 1979 Confidence: 0.4
Answer: 1983 Confidence: 0.3",1981,0.7,0.0,0,0
884,2hop__669837_31270,How far from Nashville in miles is the place of death of Felix Ives Batson?,45,"Answer: 50 miles Confidence: 0.3
Answer: 100 miles Confidence: 0.2
Answer: 75 miles Confidence: 0.2
Answer: 25 miles Confidence: 0.1 
Answer: 150 miles Confidence: 0.1",50 miles,0.3,0.0,0,0
885,2hop__203437_152093,What label was responsible for the performer of Live Life Loud?,Fair Trade Services,"Answer: Columbia Records Confidence: 0.8  
Answer: Sony Music Entertainment Confidence: 0.7  
Answer: Epic Records Confidence: 0.6  
Answer: RCA Records Confidence: 0.5  
Answer: Warner Music Group Confidence: 0.3",Columbia Records,0.8,0.0,0,0
886,2hop__519160_78303,"What was the name of Forced Vengeance's producer in Walker, Texas Ranger?",Cordell Walker,"Answer: David Levinson Confidence: 0.3  
Answer: Leslie Greif Confidence: 0.2  
Answer: Paul Haggis Confidence: 0.1  
Answer: Chuck Norris Confidence: 0.1  
Answer: Rick Berman Confidence: 0.1",David Levinson,0.3,0.0,0,0
887,2hop__124592_402641,Who is the other child of Chian Hsiao-chang's father?,Chiang Hsiao-wu,"Answer: Chian Hsiao-chang's sibling Confidence: 0.6  
Answer: Chian Hsiao-chang's brother Confidence: 0.5  
Answer: Chian Hsiao-chang's sister Confidence: 0.5  
Answer: Chian Hsiao-chang's half-sibling Confidence: 0.3  
Answer: Chian Hsiao-chang's step-sibling Confidence: 0.2",Chian Hsiao-chang's sibling,0.6,0.0,0,1
888,3hop1__103890_10659_23296,"After the Nazis, who invaded the country where, along with the nation that Ágnes Konkoly is from, many expelled French Jews relocated to?",Soviet,"Answer: Hungary Confidence: 0.8  
Answer: Romania Confidence: 0.6  
Answer: Czechoslovakia Confidence: 0.5  
Answer: Switzerland Confidence: 0.4  
Answer: Belgium Confidence: 0.3",Hungary,0.8,0.0,0,0
889,2hop__45126_807969,Which team is the highest goal scorer in EPL this season a member of?,Egypt national football team,"Answer: Manchester City Confidence: 0.8  
Answer: Liverpool Confidence: 0.7  
Answer: Arsenal Confidence: 0.6  
Answer: Tottenham Confidence: 0.5  
Answer: Chelsea Confidence: 0.4",Manchester City,0.8,0.0,0,0
890,2hop__73760_712629,Who is the spouse of the individual who lives in the houses in Windsor Castle?,Philip Mountbatten,"Answer: Queen Elizabeth II Confidence: 0.7  
Answer: Prince Philip Confidence: 0.6  
Answer: King Charles III Confidence: 0.5  
Answer: Camilla Parker Bowles Confidence: 0.4  
Answer: Meghan Markle Confidence: 0.3",Queen Elizabeth II,0.7,0.0,0,0
891,3hop1__639955_834494_33939,What was the 1900 population of the city located within the county that also contains Helvetia?,"7,531","Answer: 100,000 Confidence: 0.3
Answer: 50,000 Confidence: 0.2 
Answer: 200,000 Confidence: 0.2 
Answer: 150,000 Confidence: 0.15 
Answer: 75,000 Confidence: 0.15","100,000",0.3,0.0,0,0
892,3hop1__30240_740597_41132,How many times did plague occur in the birthplace of the person who used the spice route that the Ottoman Empire controlled?,22,"Answer: 3 Confidence: 0.3  
Answer: 2 Confidence: 0.25  
Answer: 1 Confidence: 0.2  
Answer: 4 Confidence: 0.15  
Answer: 5 Confidence: 0.1",3,0.3,0.0,0,0
893,3hop1__106042_64399_59680,"How many Stations of the Cross happened in the city originating Christianity in Rome, Egypt, Judea and the country for Vasilopita?",fourteen,"Answer: 14 Confidence: 0.9  
Answer: 12 Confidence: 0.7  
Answer: 10 Confidence: 0.5  
Answer: 15 Confidence: 0.3  
Answer: 8 Confidence: 0.1",14,0.9,0.0,0,1
894,3hop1__243276_42197_18397,Where did the arguer that Norair Sisakian's country of citizenship had itself become an imperialist power declare he would intervene in the Korean conflict?,the Politburo,"Answer: Vietnam Confidence: 0.3
Answer: Laos Confidence: 0.2
Answer: Cambodia Confidence: 0.2
Answer: Thailand Confidence: 0.15
Answer: Japan Confidence: 0.15",Vietnam,0.3,0.0,0,0
895,2hop__157737_46621,When was the celestial body that all objects focus on according to Kepler's laws discovered to be the center of the solar system?,as early as the 3rd century BC,"Answer: 1543 Confidence: 0.8
Answer: 1609 Confidence: 0.7
Answer: 1619 Confidence: 0.6
Answer: 1687 Confidence: 0.5
Answer: 1500 Confidence: 0.4",1543,0.8,0.0,0,0
896,3hop1__818422_160545_62931,What part of the country that includes the birth city of Beatrice Heuser was the film The Beach filmed?,island Koh Phi Phi,"Answer: Thailand Confidence: 0.7  
Answer: Krabi Confidence: 0.5  
Answer: Phuket Confidence: 0.4  
Answer: Koh Phi Phi Confidence: 0.3  
Answer: Bangkok Confidence: 0.2",Thailand,0.7,0.0,0,1
897,4hop3__827497_354093_254885_76356,The Pee Dee River leads to a bay which leads to an ocean. Who led an attempt to link that ocean with the Pacific via a canal through the continental region containing the El Valle volcano?,Ferdinand de Lesseps,"Answer: Ferdinand de Lesseps Confidence: 0.7
Answer: Theodore Roosevelt Confidence: 0.6
Answer: Philippe Bunau-Varilla Confidence: 0.5
Answer: William Gorgas Confidence: 0.4
Answer: Gustave Eiffel Confidence: 0.3",Ferdinand de Lesseps,0.7,1.0,1,1
898,3hop1__354480_834494_34088,Where do they hold NASCAR races in the city that is in the same county as the Eric Marcus Municipal Airport?,Tucson Raceway Park,"Answer: Talladega Superspeedway Confidence: 0.7  
Answer: Talladega Raceway Confidence: 0.6  
Answer: Talladega Municipal Speedway Confidence: 0.5  
Answer: Talladega County Raceway Confidence: 0.4  
Answer: Eric Marcus Speedway Confidence: 0.3",Talladega Superspeedway,0.7,0.0,0,0
899,2hop__87053_319330,Who was the child of the 28th U.S. president?,Jessie Woodrow Wilson,"Answer: Woodrow Wilson Confidence: 0.95
Answer: Franklin D. Roosevelt Confidence: 0.1
Answer: Theodore Roosevelt Confidence: 0.05
Answer: William Howard Taft Confidence: 0.05
Answer: Warren G. Harding Confidence: 0.05",Woodrow Wilson,0.95,0.8,0,0
900,2hop__133102_417697,What is the model of the vehicle of Mohammed Atta from the company that makes Datsun DC-3?,Nissan Altima,"Answer: Nissan Sunny Confidence: 0.7  
Answer: Nissan Sentra Confidence: 0.6  
Answer: Nissan Tsuru Confidence: 0.5  
Answer: Nissan Bluebird Confidence: 0.4  
Answer: Nissan Altima Confidence: 0.3",Nissan Sunny,0.7,0.5,0,0
901,2hop__244193_461106,What movement does the creator of the Washington Monument belong to?,Greek Revival,"Answer: Freemasonry Confidence: 0.8
Answer: Neoclassicism Confidence: 0.6
Answer: American Renaissance Confidence: 0.5
Answer: Federal style Confidence: 0.4
Answer: Enlightenment Confidence: 0.3",Freemasonry,0.8,0.0,0,0
902,3hop1__742780_567566_84283,Who owns the record label where the singer of All Right records?,Warner Music Group,"Answer: JYP Entertainment Confidence: 0.8
Answer: YG Entertainment Confidence: 0.1
Answer: SM Entertainment Confidence: 0.05
Answer: Big Hit Entertainment Confidence: 0.03
Answer: Warner Music Group Confidence: 0.02",JYP Entertainment,0.8,0.0,0,0
903,3hop1__119402_102039_158266,What is the leading ballet company in the country where the discoverer of C/2014 Q2 (Lovejoy) is a citizen?,The Australian Ballet,"Answer: The Australian Ballet Confidence: 0.9  
Answer: Sydney Dance Company Confidence: 0.6  
Answer: Queensland Ballet Confidence: 0.5  
Answer: West Australian Ballet Confidence: 0.4  
Answer: Melbourne Ballet Company Confidence: 0.3",The Australian Ballet,0.9,1.0,1,1
904,3hop1__222979_40769_64047,When did the RX 350 from the Scion owner's luxury division change body style?,Sales began worldwide in April 2012,"Answer: 2016 Confidence: 0.8
Answer: 2015 Confidence: 0.7
Answer: 2017 Confidence: 0.6
Answer: 2014 Confidence: 0.5
Answer: 2018 Confidence: 0.4",2016,0.8,0.0,0,0
905,2hop__613959_135844,Who is the city that AvtoVAZ's headquarters is located in named after?,Palmiro Togliatti,"Answer: Mikhail Frunze Confidence: 0.3  
Answer: Vladimir Lenin Confidence: 0.2  
Answer: Joseph Stalin Confidence: 0.2  
Answer: Tolyatti's namesake (Palmiro Togliatti) Confidence: 0.7  
Answer: Yuri Gagarin Confidence: 0.1",Tolyatti's namesake (Palmiro Togliatti),0.7,0.6666666666666666,0,1
906,2hop__158275_35739,When was one internet browser's version of Windows 8 made accessible?,September 2013,"Answer: 2012 Confidence: 0.8
Answer: 2013 Confidence: 0.7
Answer: 2011 Confidence: 0.6
Answer: 2014 Confidence: 0.5
Answer: 2010 Confidence: 0.4",2012,0.8,0.0,0,0
907,2hop__121386_37168,"According to QS World University Rankings, where does the college that Ibrahim Shihata attended rank?",551-600,"Answer: Cairo University Confidence: 0.3
Answer: Ain Shams University Confidence: 0.25
Answer: Alexandria University Confidence: 0.2
Answer: American University in Cairo Confidence: 0.15
Answer: Zagazig University Confidence: 0.1",Cairo University,0.3,0.0,0,0
908,2hop__628752_538661,Where are the headquarters for the publisher of In the Shadow of Greatness?,Annapolis,"Answer: New York Confidence: 0.3
Answer: London Confidence: 0.2
Answer: Chicago Confidence: 0.1
Answer: Boston Confidence: 0.1
Answer: San Francisco Confidence: 0.1",New York,0.3,0.0,0,0
909,2hop__57638_88526,Who was picked in the NBA draft before the player with the highest point average in NBA history?,Greg Oden,"Answer: LeBron James Confidence: 0.7
Answer: Darko Miličić Confidence: 0.8
Answer: Carmelo Anthony Confidence: 0.6
Answer: Chris Bosh Confidence: 0.5
Answer: Dwyane Wade Confidence: 0.4",Darko Miličić,0.8,0.0,0,0
910,3hop2__92991_87184_76291,When did the majority party in the House of Representatives take control of the determiner of rules of the US House and US Senate?,January 2015,"Answer: 1975 Confidence: 0.7  
Answer: 1970 Confidence: 0.6  
Answer: 1980 Confidence: 0.5  
Answer: 1965 Confidence: 0.4  
Answer: 1990 Confidence: 0.3",1975,0.7,0.0,0,0
911,2hop__481809_184805,Who is the child of the horse who also fathered Tompion?,Buckpasser,"Answer: Maher Confidence: 0.4  
Answer: Hoppegarten Confidence: 0.3  
Answer: Maiden Aurum Confidence: 0.2  
Answer: Gallinule Confidence: 0.1  
Answer: The Marquis Confidence: 0.1",Maher,0.4,0.0,0,0
912,2hop__51760_122023,What is the name of the university that educated the character that Mel Brooks plays in Mr. Peabody and Sherman?,Luitpold Gymnasium,"Answer: Harvard Confidence: 0.4  
Answer: MIT Confidence: 0.3  
Answer: Yale Confidence: 0.2  
Answer: Princeton Confidence: 0.05  
Answer: Columbia Confidence: 0.05",Harvard,0.4,0.0,0,0
913,3hop1__106313_443779_52195,Who is president of the newly declared independent country that is part of the Commission of Truth and Friendship with the country where Opor originated?,Francisco Guterres,"Answer: Xanana Gusmão Confidence: 0.7  
Answer: José Ramos-Horta Confidence: 0.6  
Answer: Mari Alkatiri Confidence: 0.5  
Answer: Taur Matan Ruak Confidence: 0.4  
Answer: Francisco Guterres Confidence: 0.3",Xanana Gusmão,0.7,0.0,0,0
914,4hop1__638706_378185_282674_759393,What is the capital of the county that shares a border with the county where the band Tenement was formed?,Green Bay,"Answer: Appleton Confidence: 0.6
Answer: Green Bay Confidence: 0.5
Answer: Manitowoc Confidence: 0.4
Answer: Sheboygan Confidence: 0.3
Answer: Oshkosh Confidence: 0.2",Appleton,0.6,0.0,0,1
915,2hop__591435_51329,What movie won the Knock on Any Door cast member his only Oscar?,The African Queen,"Answer: In the Heat of the Night Confidence: 0.7  
Answer: The Defiant Ones Confidence: 0.6  
Answer: Guess Who's Coming to Dinner Confidence: 0.5  
Answer: Lilies of the Field Confidence: 0.4  
Answer: To Sir, with Love Confidence: 0.3",In the Heat of the Night,0.7,0.0,0,0
916,2hop__57209_67668,"The actor who plays Barney in ""How I Met Your Mother"" plays what character in Batman Under the Red Hood?",Nightwing / Dick Grayson,"Answer: The Joker Confidence: 0.9  
Answer: Jason Todd Confidence: 0.2  
Answer: Nightwing Confidence: 0.1  
Answer: Alfred Confidence: 0.05  
Answer: Batman Confidence: 0.05",The Joker,0.9,0.0,0,0
917,2hop__77134_88165,Who did the person Sarah married to in the bible marry after the death of Sarah?,Keturah,"Answer: Keturah Confidence: 0.8
Answer: Hagar Confidence: 0.6
Answer: Milcah Confidence: 0.3
Answer: Rebekah Confidence: 0.2
Answer: Rachel Confidence: 0.1",Keturah,0.8,1.0,1,1
918,4hop1__726391_153080_159767_81096,Who won the Indy car race in the largest city and capitol of the state where the Oh Yeah performer is from?,Mario Andretti,"Answer: Scott Dixon Confidence: 0.6  
Answer: Will Power Confidence: 0.5  
Answer: Josef Newgarden Confidence: 0.4  
Answer: Simon Pagenaud Confidence: 0.3  
Answer: Alexander Rossi Confidence: 0.2",Scott Dixon,0.6,0.0,0,0
919,2hop__49409_67668,What character does the actor who played Barney on How I Met Your Mother play in Batman Under the Red Hood?,Nightwing / Dick Grayson,"Answer: The Joker Confidence: 0.8
Answer: Two-Face Confidence: 0.1
Answer: Alfred Confidence: 0.05
Answer: Commissioner Gordon Confidence: 0.03
Answer: Robin Confidence: 0.02",The Joker,0.8,0.0,0,0
920,3hop1__835193_160713_77246,In the Arabic dictionary what is the meaning of the word that also refers to the majority religion in India when the country containing Attabad was created?,the country of India,"Answer: Hinduism Confidence: 0.8
Answer: Islam Confidence: 0.6
Answer: Sikhism Confidence: 0.4
Answer: Buddhism Confidence: 0.3
Answer: Christianity Confidence: 0.2",Hinduism,0.8,0.0,0,0
921,2hop__124932_278133,Who was the father of Jujhar Singh's father?,Guru Tegh Bahadur,"Answer: Gurditta Confidence: 0.8  
Answer: Hari Singh Confidence: 0.7  
Answer: Suraj Mal Confidence: 0.6  
Answer: Ajit Singh Confidence: 0.5  
Answer: Bhagwan Das Confidence: 0.4",Gurditta,0.8,0.0,0,0
922,2hop__76314_177869,Who was the spouse of a leading speaker against slavery and publisher of an antislavery newspaper?,Helen Pitts Douglass,"Answer: Anna Murray-Douglass Confidence: 0.8
Answer: Helen Pitts Douglass Confidence: 0.7
Answer: Lucy Stone Confidence: 0.5
Answer: Lydia Maria Child Confidence: 0.4
Answer: Mary Ann Shadd Cary Confidence: 0.3",Anna Murray-Douglass,0.8,0.0,0,1
923,2hop__108158_83769,"Who was played by the creator of Push, Nevada in Dazed and Confused?",Fred O'Bannion,"Answer: Ben Affleck Confidence: 0.9  
Answer: Matt Damon Confidence: 0.1  
Answer: Jason Lee Confidence: 0.05  
Answer: Jon Favreau Confidence: 0.05  
Answer: Mark Wahlberg Confidence: 0.0",Ben Affleck,0.9,0.0,0,0
924,2hop__817096_15463,What company merged in 2002 with the CEMM developer?,Hewlett Packard,"Answer: Hewlett-Packard Confidence: 0.8  
Answer: Compaq Confidence: 0.6  
Answer: IBM Confidence: 0.4  
Answer: Dell Confidence: 0.3  
Answer: Oracle Confidence: 0.2",Hewlett-Packard,0.8,0.0,0,1
925,2hop__152700_141308,"What company is the record label for Oh Woman, Oh Why a part of?",Apple Corps,"Answer: Warner Music Group Confidence: 0.7  
Answer: Universal Music Group Confidence: 0.6  
Answer: Sony Music Entertainment Confidence: 0.5  
Answer: XL Recordings Confidence: 0.3  
Answer: Interscope Records Confidence: 0.2",Warner Music Group,0.7,0.0,0,0
926,4hop1__749065_698949_157828_162309,When did the country whose co-official language was used in the show named for the place Slavko Surdonja died first attend the Olympics games as an independent team?,2016,"Answer: 1992 Confidence: 0.8
Answer: 1996 Confidence: 0.7
Answer: 1998 Confidence: 0.6
Answer: 2000 Confidence: 0.5
Answer: 2014 Confidence: 0.4",1992,0.8,0.0,0,0
927,4hop1__37608_32392_823060_610794,Which county has the location that shares a border with the city that became the state capital of where Representative Thomas Tucker was from?,Richland County,"Answer: Richland County Confidence: 0.8
Answer: Lexington County Confidence: 0.6
Answer: Charleston County Confidence: 0.5
Answer: Greenville County Confidence: 0.4
Answer: Columbia County Confidence: 0.3",Richland County,0.8,1.0,1,1
928,2hop__159903_419949,What is the capital of the country it is about?,Aden,"Answer: Washington, D.C. Confidence: 0.9
Answer: Beijing Confidence: 0.8
Answer: Tokyo Confidence: 0.7
Answer: Berlin Confidence: 0.6
Answer: London Confidence: 0.5","Washington, D.C.",0.9,0.0,0,0
929,2hop__329676_119915,In which year did Taifa of Francisco Giner de los Rios' birthplace cease to exist?,1065,"Answer: 1936 Confidence: 0.7  
Answer: 1939 Confidence: 0.6  
Answer: 1931 Confidence: 0.5  
Answer: 1923 Confidence: 0.4  
Answer: 1918 Confidence: 0.3",1936,0.7,0.0,0,0
930,2hop__827755_156034,What is the river that the Kettle Generating Station is located on a tributary of?,Hudson's Bay,"Answer: Mississippi River Confidence: 0.8  
Answer: St. Croix River Confidence: 0.7  
Answer: Minnesota River Confidence: 0.6  
Answer: Wisconsin River Confidence: 0.5  
Answer: Missouri River Confidence: 0.4",Mississippi River,0.8,0.0,0,0
931,2hop__72660_319330,Who is the child of the first person who gave in person state of the union?,Jessie Woodrow Wilson,"Answer: William Henry Harrison Confidence: 0.3
Answer: John Tyler Confidence: 0.25
Answer: Andrew Jackson Confidence: 0.2
Answer: James K. Polk Confidence: 0.15
Answer: Martin Van Buren Confidence: 0.1",William Henry Harrison,0.3,0.0,0,0
932,2hop__424908_500483,"What shares a border with the administrative district where Bieliny, Świętokrzyskie Voivodeship is the capital?",Gmina Daleszyce,"Answer: Kielce County Confidence: 0.6  
Answer: Ostrowiec County Confidence: 0.4  
Answer: Starachowice County Confidence: 0.3  
Answer: Skarżysko County Confidence: 0.2  
Answer: Busko County Confidence: 0.1",Kielce County,0.6,0.0,0,1
933,3hop1__626214_503371_21711,3 When was the Palau de la Generalitat in the place of death of martin of the administrative territorial entity Navardun is located constructed?,built in the 15th century,"Answer: 15th century Confidence: 0.4  
Answer: 14th century Confidence: 0.3  
Answer: 16th century Confidence: 0.2  
Answer: 13th century Confidence: 0.1  
Answer: 17th century Confidence: 0.1",15th century,0.4,0.6666666666666666,0,1
934,2hop__85931_108632,Who created the main character of The Godfather?,Mario Puzo,"Answer: Mario Puzo Confidence: 0.9  
Answer: Francis Ford Coppola Confidence: 0.3  
Answer: Mario Puzo and Francis Ford Coppola Confidence: 0.2  
Answer: Mario Puzo and Robert Towne Confidence: 0.1  
Answer: Paramount Pictures Confidence: 0.05",Mario Puzo,0.9,1.0,1,1
935,2hop__37656_160040,Who is the guy defending this stuff from the highest authority in Protestantism for morals?,Josh McDowell,"Answer: Martin Luther Confidence: 0.8  
Answer: John Calvin Confidence: 0.7  
Answer: Ulrich Zwingli Confidence: 0.6  
Answer: John Wesley Confidence: 0.5  
Answer: Dietrich Bonhoeffer Confidence: 0.4",Martin Luther,0.8,0.0,0,0
936,3hop2__93066_88342_47738,When did the team that won the AL East in 2017 last play in the series of games that the MLB MVP award is given after?,the 2009 season,"Answer: 2016 Confidence: 0.7
Answer: 2015 Confidence: 0.6
Answer: 2013 Confidence: 0.5
Answer: 2014 Confidence: 0.4
Answer: 2012 Confidence: 0.3",2016,0.7,0.0,0,0
937,3hop1__157177_625046_613900,The city where the river that Merchants Bridge crosses over is the capital of which county?,Ottawa County,"Answer: St. Louis County Confidence: 0.7  
Answer: Madison County Confidence: 0.6  
Answer: St. Clair County Confidence: 0.5  
Answer: Monroe County Confidence: 0.4  
Answer: Jefferson County Confidence: 0.3",St. Louis County,0.7,0.4,0,0
938,2hop__518354_67465,When did the performer of Blue Slide Park release Best Day Ever?,"March 11, 2011","Answer: March 14, 2011 Confidence: 0.9
Answer: March 2011 Confidence: 0.85
Answer: 2011 Confidence: 0.8
Answer: February 2011 Confidence: 0.7
Answer: April 2011 Confidence: 0.6","March 14, 2011",0.9,0.6666666666666666,0,0
939,2hop__157285_556157,What river is the mouth of the watercourse that turns into the Mtetengwe?,Limpopo River,"Answer: Limpopo Confidence: 0.7
Answer: Save Confidence: 0.6
Answer: Runde Confidence: 0.5
Answer: Zambezi Confidence: 0.4
Answer: Olifants Confidence: 0.3",Limpopo,0.7,0.6666666666666666,0,1
940,3hop2__304722_591230_63959,When was the last time Ken Faulkner's team beat the 1894-95 FA Cup winner?,1 December 2010,"Answer: 1901 Confidence: 0.3  
Answer: 1905 Confidence: 0.2  
Answer: 1899 Confidence: 0.2  
Answer: 1903 Confidence: 0.15  
Answer: 1907 Confidence: 0.15",1901,0.3,0.0,0,0
941,3hop2__809962_89048_66294,Who played the man named identically to the singer of Is She Really Going Out With Him in the movie about the composer of Speechless?,Lawrence Hilton - Jacobs,"Answer: Joe Jackson Confidence: 0.6
Answer: Joe Pesci Confidence: 0.2
Answer: John Cusack Confidence: 0.1
Answer: Hugh Grant Confidence: 0.05
Answer: Tom Hanks Confidence: 0.05",Joe Jackson,0.6,0.0,0,0
942,2hop__794999_113442,When did the creator of Christ in the House of His Parents die?,13 August 1896,"Answer: 1860 Confidence: 0.7  
Answer: 1865 Confidence: 0.6  
Answer: 1870 Confidence: 0.5  
Answer: 1855 Confidence: 0.4  
Answer: 1863 Confidence: 0.3",1860,0.7,0.0,0,0
943,2hop__142881_127399,"When was the performer of the album From Them, Through Us, to You formed?",2005,"Answer: 1967 Confidence: 0.7
Answer: 1968 Confidence: 0.6
Answer: 1969 Confidence: 0.5
Answer: 1966 Confidence: 0.4
Answer: 1970 Confidence: 0.3",1967,0.7,0.0,0,0
944,2hop__460946_294723,Who is the spouse of the Green performer?,Miquette Giraudy,"Answer: Megan Thee Stallion Confidence: 0.8  
Answer: Cardi B Confidence: 0.7  
Answer: Beyoncé Confidence: 0.5  
Answer: Rihanna Confidence: 0.4  
Answer: Nicki Minaj Confidence: 0.3",Megan Thee Stallion,0.8,0.0,0,0
945,3hop1__241001_568433_51423,What is the name of the castle in the headquarters of the company that employs Arna Selznick?,Casa Loma,"Answer: Disneyland Castle Confidence: 0.3
Answer: Disney Castle Confidence: 0.4
Answer: Cinderella Castle Confidence: 0.6
Answer: Sleeping Beauty Castle Confidence: 0.5
Answer: Walt Disney Studios Castle Confidence: 0.2",Cinderella Castle,0.6,0.0,0,0
946,3hop2__92991_38326_76291,When did the party Harlan and Stewart were affiliated with gain control of the body which determines rules of the US House and US Senate?,January 2015,"Answer: 1850 Confidence: 0.7
Answer: 1860 Confidence: 0.6
Answer: 1870 Confidence: 0.5
Answer: 1840 Confidence: 0.4
Answer: 1880 Confidence: 0.3",1850,0.7,0.0,0,0
947,2hop__765180_123956,When did the Battle at Choo Hoey's birthplace end?,15 February 1942,"Answer: 1945 Confidence: 0.4  
Answer: 1950 Confidence: 0.3  
Answer: 1949 Confidence: 0.2  
Answer: 1939 Confidence: 0.05  
Answer: 1941 Confidence: 0.05",1945,0.4,0.0,0,0
948,4hop3__373573_132409_223216_35031,The band Pathology formed in a city whose urban area ranks where by size among the urban areas of the state where the Still Swingin' song's band formed?,third-largest,"Answer: 2nd Confidence: 0.4  
Answer: 3rd Confidence: 0.3  
Answer: 4th Confidence: 0.15  
Answer: 1st Confidence: 0.1  
Answer: 5th Confidence: 0.05",2nd,0.4,0.0,0,0
949,2hop__48784_70131,Who constituted the free crops in the location where the democratic government set up in Germany in 1919?,consisting largely of World War I veterans,"Answer: Farmers Confidence: 0.3  
Answer: Agricultural workers Confidence: 0.3  
Answer: Peasants Confidence: 0.2  
Answer: Landowners Confidence: 0.1  
Answer: Sharecroppers Confidence: 0.1",Farmers,0.3,0.0,0,0
950,2hop__176712_8311,What year was the father of Katherine of England crowned?,1216,"Answer: 1377 Confidence: 0.6  
Answer: 1376 Confidence: 0.2  
Answer: 1378 Confidence: 0.1  
Answer: 1375 Confidence: 0.05  
Answer: 1379 Confidence: 0.05",1377,0.6,0.0,0,0
951,2hop__315267_277284,What administrative territorial entity includes the place where Bill Cockcroft was educated?,"Tonbridge, Kent","Answer: Ontario Confidence: 0.3
Answer: United Kingdom Confidence: 0.2
Answer: Australia Confidence: 0.2
Answer: Canada Confidence: 0.2
Answer: New Zealand Confidence: 0.1",Ontario,0.3,0.0,0,0
952,2hop__499003_853511,What is the record label for the band which performed Pythons?,Kanine Records,"Answer: Relapse Records Confidence: 0.8  
Answer: Roadrunner Records Confidence: 0.7  
Answer: Nuclear Blast Confidence: 0.6  
Answer: Metal Blade Records Confidence: 0.5  
Answer: Century Media Confidence: 0.4",Relapse Records,0.8,0.5,0,0
953,2hop__96062_159673,What other movie did the cast member of Escape from L.A. play a character in?,The Hateful Eight,"Answer: The Thing Confidence: 0.4  
Answer: Big Trouble in Little China Confidence: 0.3  
Answer: They Live Confidence: 0.2  
Answer: Halloween Confidence: 0.05  
Answer: Assault on Precinct 13 Confidence: 0.05  
Answer: Stargate Confidence: 0.00",The Thing,0.4,0.0,0,0
954,3hop2__89854_36497_76291,When did the majority party in the House of Representatives take control of the body which the President calls on for support in his USAF appointments?,January 2015,"Answer: 2010 Confidence: 0.8  
Answer: 2006 Confidence: 0.7  
Answer: 2018 Confidence: 0.6  
Answer: 1994 Confidence: 0.5  
Answer: 2022 Confidence: 0.4",2010,0.8,0.0,0,0
955,3hop1__497845_629431_124169,On what date did the Governor of the place of death of Princeps Pastorum's author end?,1952,"Answer: 1963 Confidence: 0.4
Answer: 1965 Confidence: 0.3
Answer: 1961 Confidence: 0.2
Answer: 1967 Confidence: 0.05
Answer: 1959 Confidence: 0.05",1963,0.4,0.0,0,0
956,2hop__448615_127908,What league was the team that Jose Cancela was a member of in?,Major League Soccer,"Answer: MLS Confidence: 0.8  
Answer: Argentine Primera División Confidence: 0.6  
Answer: Uruguayan Primera División Confidence: 0.5  
Answer: Brazilian Série A Confidence: 0.4  
Answer: Liga MX Confidence: 0.3",MLS,0.8,0.0,0,1
957,2hop__62020_158262,When did the president of the Confederacy end his fight in the Mexican-American war?,1848,"Answer: 1847 Confidence: 0.7  
Answer: 1848 Confidence: 0.6  
Answer: 1846 Confidence: 0.5  
Answer: 1845 Confidence: 0.4  
Answer: 1849 Confidence: 0.3",1847,0.7,0.0,0,0
958,4hop1__726391_153080_33952_34109,What is the PBS station in the second largest city in the state where Oh Yeah's performer is from?,KUAT-TV 6,"Answer: WTTW Confidence: 0.7
Answer: WGBH Confidence: 0.6
Answer: WNET Confidence: 0.5
Answer: KQED Confidence: 0.4
Answer: WETA Confidence: 0.3",WTTW,0.7,0.0,0,0
959,3hop1__41865_55331_34700,Who sent naval ships to the body of water that joins the Atlantic and the sea where the Rhine ends?,Caesar,"Answer: United Kingdom Confidence: 0.7  
Answer: Germany Confidence: 0.6  
Answer: Netherlands Confidence: 0.5  
Answer: France Confidence: 0.4  
Answer: United States Confidence: 0.3",United Kingdom,0.7,0.0,0,0
960,2hop__311694_129669,In which state is Vera Barbosa's place of birth located?,Lisbon District,"Answer: California Confidence: 0.3  
Answer: Texas Confidence: 0.2  
Answer: Florida Confidence: 0.2  
Answer: New York Confidence: 0.1  
Answer: Illinois Confidence: 0.1",California,0.3,0.0,0,0
961,2hop__500379_126537,When did Burroughs Corporation merge to form a new corporation?,1986,"Answer: 1986 Confidence: 0.8
Answer: 1985 Confidence: 0.7  
Answer: 1984 Confidence: 0.6  
Answer: 1987 Confidence: 0.5  
Answer: 1983 Confidence: 0.4",1986,0.8,1.0,1,1
962,4hop1__726152_153080_33897_81096,Who won the Indy Car Race in the largest populated city of the state where the performer of Tijuana Moods is from?,Mario Andretti,"Answer: Will Power Confidence: 0.4  
Answer: Josef Newgarden Confidence: 0.3  
Answer: Scott Dixon Confidence: 0.2  
Answer: Simon Pagenaud Confidence: 0.05  
Answer: Alexander Rossi Confidence: 0.05",Will Power,0.4,0.0,0,0
963,2hop__35137_22899,What age did the writer of The Canon of Medicine learn the entire quran?,ten,"Answer: 10 Confidence: 0.7  
Answer: 8 Confidence: 0.6  
Answer: 12 Confidence: 0.5  
Answer: 7 Confidence: 0.4  
Answer: 9 Confidence: 0.3",10,0.7,0.0,0,1
964,2hop__847433_11402,"According to the organization that creates census county division, what is the total area in square miles?",17.037 square miles,"Answer: 3,796,742 Confidence: 0.3
Answer: 3,531,905 Confidence: 0.2
Answer: 3,675,031 Confidence: 0.2
Answer: 3,800,000 Confidence: 0.1
Answer: 3,650,000 Confidence: 0.1","3,796,742",0.3,0.0,0,0
965,2hop__52283_75184,Who play's Marty's girlfriend in back to the future?,Claudia Wells,"Answer: Claudia Wells Confidence: 0.8  
Answer: Elisabeth Shue Confidence: 0.3  
Answer: Lea Thompson Confidence: 0.1  
Answer: Mary Steenburgen Confidence: 0.05  
Answer: Crispin Glover Confidence: 0.01",Claudia Wells,0.8,1.0,1,1
966,3hop2__92991_38242_76291,"When did the party that had majorities in Congress prior to the 1954 elections, take control of the organization that determines the rules of the US house and US senate?",January 2015,"Answer: 1933 Confidence: 0.7  
Answer: 1935 Confidence: 0.6  
Answer: 1937 Confidence: 0.5  
Answer: 1947 Confidence: 0.4  
Answer: 1953 Confidence: 0.3",1933,0.7,0.0,0,0
967,4hop1__152146_5274_458768_33633,When did the explorer reach the headquarters location of the only company larger than Langa natter's record label?,"August 3, 1769","Answer: 1980 Confidence: 0.4
Answer: 1975 Confidence: 0.3
Answer: 1992 Confidence: 0.2
Answer: 1965 Confidence: 0.05
Answer: 2001 Confidence: 0.05",1980,0.4,0.0,0,0
968,3hop1__132795_40769_64047,When did the luxury division of the company that produces TMG EV P001 change the body style of rx 350?,Sales began worldwide in April 2012,"Answer: 2022 Confidence: 0.7  
Answer: 2021 Confidence: 0.6  
Answer: 2020 Confidence: 0.5  
Answer: 2023 Confidence: 0.4  
Answer: 2019 Confidence: 0.3",2022,0.7,0.0,0,0
969,2hop__79875_84469,"In the movie A League of their Own, who played the husband of the person who also played Thelma in the movie Thelma and Louise?",Bill Pullman,"Answer: Bill Pullman Confidence: 0.9
Answer: Tom Hanks Confidence: 0.1
Answer: Geena Davis Confidence: 0.05
Answer: Jon Lovitz Confidence: 0.03
Answer: Madonna Confidence: 0.02",Bill Pullman,0.9,1.0,1,1
970,2hop__31094_31122,The author of Alciphron lived in what century?,18th,"Answer: 4th century BCE Confidence: 0.6  
Answer: 3rd century BCE Confidence: 0.2  
Answer: 2nd century CE Confidence: 0.1  
Answer: 1st century BCE Confidence: 0.05  
Answer: 5th century BCE Confidence: 0.05",4th century BCE,0.6,0.0,0,0
971,4hop1__88342_75218_128008_46748,The MLB MVP award is given out after a competition where a team has played the most games. What is the longest win streak in the history of league that team plays for?,26,"Answer: 26 Confidence: 0.8  
Answer: 27 Confidence: 0.7  
Answer: 25 Confidence: 0.6  
Answer: 23 Confidence: 0.5  
Answer: 21 Confidence: 0.4",26,0.8,1.0,1,1
972,2hop__284613_87295,Who does the author of the The Last of the Really Great Whangdoodles play in Princess Diaries?,Queen dowager Clarisse Renaldi,"Answer: Julie Andrews Confidence: 0.9
Answer: Anne Hathaway Confidence: 0.1
Answer: Hector Elizondo Confidence: 0.05
Answer: Mandy Moore Confidence: 0.03
Answer: Heather Matarazzo Confidence: 0.02",Julie Andrews,0.9,0.0,0,1
973,2hop__166820_52835,"Who wrote turn me on, which was performed by the person who also performed Chasing Pirates?",John D. Loudermilk,"Answer: David Werner Confidence: 0.8  
Answer: Sara Bareilles Confidence: 0.6  
Answer: Norah Jones Confidence: 0.5  
Answer: Mike Reid Confidence: 0.3  
Answer: Jesse Harris Confidence: 0.2",David Werner,0.8,0.0,0,0
974,3hop1__680374_503371_21711,"When was the construction of the Palau de la Generalitat in the place of death of Martin, of the region that contained Isuerre?",built in the 15th century,"Answer: 1416 Confidence: 0.7  
Answer: 1403 Confidence: 0.6  
Answer: 1425 Confidence: 0.5  
Answer: 1390 Confidence: 0.4  
Answer: 1430 Confidence: 0.3",1416,0.7,0.0,0,1
975,2hop__476927_31270,How far is Hod Lisenbee's place of death in TN from Nashville?,45,"Answer: 50 miles Confidence: 0.5
Answer: 75 miles Confidence: 0.3
Answer: 100 miles Confidence: 0.1
Answer: 25 miles Confidence: 0.05
Answer: 200 miles Confidence: 0.05",50 miles,0.5,0.0,0,0
976,2hop__757497_78606,"In Grown Ups, who plays the wife of the actor who produced The Chosen One?",Joyce Van Patten,"Answer: Maria Bello Confidence: 0.8  
Answer: Salma Hayek Confidence: 0.7  
Answer: Maya Rudolph Confidence: 0.6  
Answer: Joyce Van Patten Confidence: 0.5  
Answer: Blake Clark Confidence: 0.3",Maria Bello,0.8,0.0,0,0
977,4hop1__152562_5274_458768_33632,"What day is the feast held, in the city that holds the headquarters of the only music company that is larger than the record label of Vilaiyaadu Mankatha?",May 4,"Answer: December 31 Confidence: 0.3
Answer: January 1 Confidence: 0.25
Answer: August 15 Confidence: 0.2
Answer: October 2 Confidence: 0.15
Answer: November 14 Confidence: 0.1",December 31,0.3,0.0,0,0
978,4hop3__638064_88460_30152_20999,How were people from whom new coins were a proclamation of independence by the Somali Muslim Ajuran Empire expelled from the natural boundary between Thailand and Hiam district's country?,The dynasty regrouped and defeated the Portuguese,"Answer: British forces Confidence: 0.4  
Answer: Portuguese forces Confidence: 0.3  
Answer: Ottoman Empire Confidence: 0.2  
Answer: Arab traders Confidence: 0.1  
Answer: Dutch forces Confidence: 0.1",British forces,0.4,0.0,0,0
979,2hop__301587_233146,Who is the grandfather of James Mayer de Rothschild?,Amschel Moses Rothschild,"Answer: Mayer Amschel Rothschild Confidence: 0.9  
Answer: Nathan Mayer Rothschild Confidence: 0.7  
Answer: James Jacob Rothschild Confidence: 0.6  
Answer: Carl Mayer von Rothschild Confidence: 0.5  
Answer: Salomon Mayer von Rothschild Confidence: 0.4",Mayer Amschel Rothschild,0.9,0.6666666666666666,0,0
980,3hop1__635099_131926_87157,What is the direction of flow of the body of water by the city where Write This Down was formed?,rises in northern Minnesota and meanders slowly southwards,"Answer: Mississippi River Confidence: 0.7  
Answer: Missouri River Confidence: 0.6  
Answer: Ohio River Confidence: 0.5  
Answer: Red River Confidence: 0.4  
Answer: Arkansas River Confidence: 0.3",Mississippi River,0.7,0.0,0,0
981,2hop__133116_533882,What company resulted from a merger in 1961 involving the builder of the Martin BM?,Martin Marietta,"Answer: Martin Marietta Confidence: 0.6  
Answer: Lockheed Martin Confidence: 0.3  
Answer: Northrop Grumman Confidence: 0.05  
Answer: Boeing Confidence: 0.03  
Answer: General Dynamics Confidence: 0.02",Martin Marietta,0.6,1.0,1,1
982,3hop1__458916_651917_47686,Where do greyhound buses leave from in the birthplace of Spirit If...'s performer?,Toronto Coach Terminal,"Answer: Denver Greyhound Station Confidence: 0.6  
Answer: Chicago Greyhound Station Confidence: 0.2  
Answer: Detroit Greyhound Station Confidence: 0.1  
Answer: Milwaukee Greyhound Station Confidence: 0.05  
Answer: Indianapolis Greyhound Station Confidence: 0.05",Denver Greyhound Station,0.6,0.0,0,0
983,2hop__44590_510545,Who is the spouse of the person who voices Jarvis in Iron Man?,Jennifer Connelly,"Answer: Susan Downey Confidence: 0.8
Answer: Sarah Finn Confidence: 0.2
Answer: Gwyneth Paltrow Confidence: 0.1
Answer: Leslie Bibb Confidence: 0.1
Answer: Rebecca Hall Confidence: 0.1",Susan Downey,0.8,0.0,0,0
984,3hop1__141138_2053_52946,"When is Celebrity Big Brother coming to the network which, along with ABC and the network which broadcasted The Chisholms, is the other major broadcaster based in NY?","February 7, 2018","Answer: CBS Confidence: 0.9
Answer: NBC Confidence: 0.8
Answer: FOX Confidence: 0.7
Answer: The CW Confidence: 0.5
Answer: PBS Confidence: 0.4",CBS,0.9,0.0,0,0
985,2hop__754682_730690,What movement was Vibullia Alcia Agrippina's child a proponent for?,Second Sophistic,"Answer: Stoicism Confidence: 0.3  
Answer: Epicureanism Confidence: 0.2  
Answer: Platonism Confidence: 0.2  
Answer: Pythagoreanism Confidence: 0.1  
Answer: Cynicism Confidence: 0.1",Stoicism,0.3,0.0,0,0
986,2hop__742831_156034,Of which river is the river Kichi Sipi Bridge crosses a tributary?,Hudson's Bay,"Answer: Mississippi Confidence: 0.7
Answer: Red River Confidence: 0.5
Answer: Missouri Confidence: 0.4
Answer: Winnipeg Confidence: 0.3
Answer: Nelson Confidence: 0.2",Mississippi,0.7,0.0,0,0
987,3hop1__671542_651917_47686,Where do greyhound buses leave from in the city where the performer of Darlings was born?,Toronto Coach Terminal,"Answer: Mumbai Central Bus Station Confidence: 0.8  
Answer: Dadar Bus Stand Confidence: 0.6  
Answer: Borivali Bus Station Confidence: 0.5  
Answer: Thane Bus Depot Confidence: 0.4  
Answer: Bandra Bus Terminus Confidence: 0.3",Mumbai Central Bus Station,0.8,0.0,0,0
988,2hop__6827_86319,Who is the CEO of FleetBoston Financial's purchaser?,Brian Thomas Moynihan,"Answer: Kenneth Chenault Confidence: 0.8
Answer: Jamie Dimon Confidence: 0.7
Answer: Charles Scharf Confidence: 0.6
Answer: Brian Moynihan Confidence: 0.5
Answer: Jane Fraser Confidence: 0.4",Kenneth Chenault,0.8,0.0,0,0
989,3hop1__273571_834494_34099,How long are city council terms in the city in the same county as Summit?,four-year,"Answer: 2 years Confidence: 0.6  
Answer: 4 years Confidence: 0.7  
Answer: 3 years Confidence: 0.5  
Answer: 5 years Confidence: 0.3  
Answer: 6 years Confidence: 0.2",4 years,0.7,0.0,0,1
990,2hop__152229_604644,What was the record label of the record label of So Insane?,429 Records,"Answer: Atlantic Records Confidence: 0.8  
Answer: Warner Music Group Confidence: 0.7  
Answer: Def Jam Recordings Confidence: 0.6  
Answer: Interscope Records Confidence: 0.5  
Answer: Roc Nation Confidence: 0.4",Atlantic Records,0.8,0.5,0,0
991,2hop__809096_491515,Where did William Beckford's child die?,Bath,"Answer: Lisbon Confidence: 0.7  
Answer: Portugal Confidence: 0.6  
Answer: Fonthill Confidence: 0.3  
Answer: England Confidence: 0.2  
Answer: Jamaica Confidence: 0.1",Lisbon,0.7,0.0,0,0
992,2hop__333020_69048,Who is the Chief Judge of the place where Orezi was born?,Honorable Justice Abiodun Smith,"Answer: Orezi was born in Edo State, Nigeria. Confidence: 0.8
Answer: Orezi was born in Delta State, Nigeria. Confidence: 0.7
Answer: Orezi was born in Lagos State, Nigeria. Confidence: 0.6
Answer: Orezi was born in Rivers State, Nigeria. Confidence: 0.5
Answer: Orezi was born in Anambra State, Nigeria. Confidence: 0.4","Orezi was born in Edo State, Nigeria.",0.8,0.0,0,0
993,2hop__136179_13529,When was the player that Iglesia Maradoniana is named after signed by Barcelona?,June 1982,"Answer: 1982 Confidence: 0.8  
Answer: 1981 Confidence: 0.6  
Answer: 1980 Confidence: 0.5  
Answer: 1983 Confidence: 0.4  
Answer: 1979 Confidence: 0.3",1982,0.8,0.6666666666666666,0,1
994,2hop__744055_408817,Who is the lead singer of the band performing Bang Bang Rock & Roll?,Eddie Argos,"Answer: Art Brut Confidence: 0.8  
Answer: Eddie Argos Confidence: 0.9  
Answer: The lead singer of Art Brut Confidence: 0.7  
Answer: Argos Confidence: 0.6  
Answer: The vocalist of the band that did Bang Bang Rock & Roll Confidence: 0.5",Eddie Argos,0.9,1.0,1,1
995,2hop__144763_599630,In which county was Zhu Qinan born?,Yongjia County,"Answer: Zhejiang Confidence: 0.5  
Answer: Fujian Confidence: 0.3  
Answer: Jiangsu Confidence: 0.1  
Answer: Guangdong Confidence: 0.05  
Answer: Hunan Confidence: 0.05",Zhejiang,0.5,0.0,0,0
996,3hop2__222979_133154_40768,"When did the maker of the Acura EL, the company that owns Scion, and Nissan, open US assembly plants?",1981,"Answer: 1982 Confidence: 0.3
Answer: 1986 Confidence: 0.4
Answer: 1983 Confidence: 0.25
Answer: 1989 Confidence: 0.2
Answer: 1985 Confidence: 0.15",1986,0.4,0.0,0,0
997,3hop2__90327_87184_76291,When did the party that controls the House of Representatives take control of the branch that approves the appointees to the american cabinet?,January 2015,"Answer: 2023 Confidence: 0.6  
Answer: 2021 Confidence: 0.5  
Answer: 2019 Confidence: 0.4  
Answer: 2017 Confidence: 0.3  
Answer: 2015 Confidence: 0.2",2023,0.6,0.0,0,0
998,3hop1__145194_160545_60577,Where did they film The Beach in the country where Siddhi Savetsila was born?,Ko Phi Phi Leh,"Answer: Thailand Confidence: 0.9  
Answer: Philippines Confidence: 0.05  
Answer: Vietnam Confidence: 0.03  
Answer: Cambodia Confidence: 0.01  
Answer: Malaysia Confidence: 0.01",Thailand,0.9,0.0,0,0
999,2hop__278022_71701,what year did the Japanese get to city where Wang Yue died and the rest of Guangdong province?,November 5,"Answer: 1938 Confidence: 0.6  
Answer: 1937 Confidence: 0.3  
Answer: 1941 Confidence: 0.1  
Answer: 1939 Confidence: 0.05  
Answer: 1936 Confidence: 0.05",1938,0.6,0.0,0,0
