,id,question,answer,response,prediction,confidence,f1,em,gpt_eval
0,2hop__44815_494136,Who is the spouse of the actor of Ethan in A Dog's Purpose?,Meg Ryan,"Answer: Britt Robertson  
Confidence: 0.7  
Answer: Josh Gad  
Confidence: 0.5  
Answer: Dennis Quaid  
Confidence: 0.6  
Answer: Rachael Ray  
Confidence: 0.4  
Answer: Amy Adams  
Confidence: 0.3",Britt Robertson,0.7,0.0,0,0
1,2hop__640262_122868,What university did the author of 1967: The Last Good Year attend?,University of British Columbia,"Answer: Columbia University  Confidence: 0.8  
Answer: Harvard University  Confidence: 0.1  
Answer: Stanford University  Confidence: 0.05  
Answer: Yale University  Confidence: 0.03  
Answer: University of Chicago  Confidence: 0.02",Columbia University,0.8,0.6666666666666666,0,0
2,2hop__370564_71701,What year did the japanese get to the current administrative territorial entity of the Century Lotus Stadium and the rest of the guangdong province?,November 5,"Answer: 1945 Confidence: 0.7  
Answer: 1900 Confidence: 0.5  
Answer: 1938 Confidence: 0.6  
Answer: 1941 Confidence: 0.4  
Answer: 1942 Confidence: 0.3",1945,0.7,0.0,0,0
3,2hop__6827_79845,How many atms does the bank that bought FleetBoston Financial has are there?,"15,900","Answer: 3300 Confidence: 0.7  
Answer: 4000 Confidence: 0.6  
Answer: 2500 Confidence: 0.5  
Answer: 5000 Confidence: 0.4  
Answer: 6000 Confidence: 0.3",3300,0.7,0.0,0,0
4,3hop2__90098_156850_10557,"What was the form of the language that the last name Sylvester comes from, used in the era of Fastrada's spouse, later known as?",Medieval Latin,"Answer: Latin Confidence: 0.7  
Answer: Old High German Confidence: 0.6  
Answer: Medieval Latin Confidence: 0.5  
Answer: Romance Languages Confidence: 0.4  
Answer: Germanic Languages Confidence: 0.3",Latin,0.7,0.6666666666666666,0,1
5,2hop__488811_30110,What happened to the Curonians who lived in the area where Erich Zakowski was born?,expelled by the Soviet Union,"Answer: Assimilation into Latvian culture. Confidence: 0.8  
Answer: Decline due to conflict and colonization. Confidence: 0.7  
Answer: Migration to other regions. Confidence: 0.6  
Answer: Cultural extinction. Confidence: 0.5  
Answer: Partial preservation of heritage. Confidence: 0.4",Assimilation into Latvian culture.,0.8,0.0,0,0
6,2hop__17827_54024,Which king sold part of the Crown Freehold and commissioned a bible translation?,King James I of England,"Answer: James I Confidence: 0.9  
Answer: King James Confidence: 0.85  
Answer: James VI and I Confidence: 0.8  
Answer: King of England Confidence: 0.7  
Answer: King of Scotland Confidence: 0.65",James I,0.9,0.5714285714285715,0,1
7,2hop__752214_639679,Who is the spouse of the author of Queen of the Elephants?,Clio Goldsmith,"Answer: Ranjit Lal  Confidence: 0.8  
Answer: Unknown  Confidence: 0.6  
Answer: Unclear  Confidence: 0.5  
Answer: N/A  Confidence: 0.4  
Answer: Not specified  Confidence: 0.3",Ranjit Lal,0.8,0.0,0,0
8,2hop__810884_22402,How many students attend the university that Edith Humphrey was educated?,"nearly 25,000","Answer: 8000  Confidence: 0.6  
Answer: 12000  Confidence: 0.5  
Answer: 6000  Confidence: 0.4  
Answer: 15000  Confidence: 0.3  
Answer: 10000  Confidence: 0.4",8000,0.6,0.0,0,0
9,4hop1__341777_508773_85832_745702,"Who was the child of the Italian navigator who sailed for England, and explored the eastern coast of the continent where the birthplace of Eduardo Cuervo is found?",Sebastian Cabot,"Answer: John Cabot's son Confidence: 0.8  
Answer: Sebastian Cabot Confidence: 0.9  
Answer: Explorer's child Confidence: 0.6  
Answer: Italian explorer's descendant Confidence: 0.5  
Answer: Cabot family member Confidence: 0.4",Sebastian Cabot,0.9,1.0,1,1
10,3hop2__132957_222979_40768,"When did Nissan, the Acura Legend maker and the Scion owner open US assembly plants?",1981,"Answer: 1980s Confidence: 0.8  
Answer: 1984 Confidence: 0.7  
Answer: 1982 Confidence: 0.6  
Answer: 1990 Confidence: 0.5  
Answer: 1995 Confidence: 0.4",1980s,0.8,0.0,0,1
11,2hop__62311_62279,When did Germany launch an air attack on the country the U.S. fought during the American Revolution?,10 July -- 31 October 1940,"Answer: 1914 Confidence: 0.7  
Answer: 1940 Confidence: 0.6  
Answer: 1918 Confidence: 0.5  
Answer: 1939 Confidence: 0.4  
Answer: 1941 Confidence: 0.3",1914,0.7,0.0,0,0
12,3hop1__365934_87694_124169,What date did the Governor of the city where the basilica named after the same saint as the one that Mantua Cathedral is dedicated to end?,1952,"Answer: March 4, 2021. Confidence: 0.7  
Answer: February 28, 2021. Confidence: 0.5  
Answer: January 1, 2021. Confidence: 0.4  
Answer: December 31, 2020. Confidence: 0.3  
Answer: April 15, 2021. Confidence: 0.2","March 4, 2021.",0.7,0.0,0,0
13,2hop__409166_152023,"What record label is responsible for the performer of ""Sanctuary""?",Kicking Mule Records,"Answer: Sony Music Entertainment Confidence: 0.8  
Answer: Warner Music Group Confidence: 0.1  
Answer: Universal Music Group Confidence: 0.05  
Answer: RCA Records Confidence: 0.03  
Answer: Atlantic Records Confidence: 0.02",Sony Music Entertainment,0.8,0.0,0,0
14,3hop1__857_846_7821,How many miles of highways are in the city where the Yongle emperor greeted the person to whom the edict was addressed?,140 mi,"Answer: 0. Confidence: 0.9  
Answer: 295 miles. Confidence: 0.5  
Answer: 145 miles. Confidence: 0.4  
Answer: 500 miles. Confidence: 0.3  
Answer: 300 miles. Confidence: 0.4",0.,0.9,0.0,0,0
15,3hop1__19768_19788_10117,"Widely practiced in the region having the second largest rain-forest in the world, how long ago did this religion arrive in Zhejiang?","1,400 years","Answer: 1,600 years ago Confidence: 0.7  
Answer: 2,000 years ago Confidence: 0.6  
Answer: 1,500 years ago Confidence: 0.5  
Answer: 1,800 years ago Confidence: 0.4  
Answer: 1,200 years ago Confidence: 0.3","1,600 years ago",0.7,0.4,0,0
16,2hop__703767_37168,Where does the employer of Hasan Hanafi rank according to QS World University Rankings?,551-600,"Answer: Cairo University  Confidence: 0.7  
Answer: Ain Shams University  Confidence: 0.1  
Answer: Al-Azhar University  Confidence: 0.1  
Answer: American University in Cairo  Confidence: 0.1  
Answer: University of Alexandria  Confidence: 0.1",Cairo University,0.7,0.0,0,0
17,2hop__56851_343058,Who is the spouse of the actress who played the fairy god mother in Shrek 2?,Adrian Edmondson,"Answer: Jennifer Saunders  Confidence: 0.9  
Answer: Ade Edmondson  Confidence: 0.8  
Answer: Actor's husband  Confidence: 0.6  
Answer: Unknown  Confidence: 0.4  
Answer: Partner  Confidence: 0.3",Jennifer Saunders,0.9,0.0,0,0
18,3hop2__30152_105395_20999,"How were the people that the Somali Muslim Ajuran Empire made coins to proclaim independence from, expelled from the country where Star Cola is produced?",The dynasty regrouped and defeated the Portuguese,"Answer: Italians Civil War. Confidence: 0.5  
Answer: British Colonization. Confidence: 0.4  
Answer: Portuguese Colonialism. Confidence: 0.3  
Answer: Ottoman Turks. Confidence: 0.3  
Answer: French Occupation. Confidence: 0.2",Italians Civil War.,0.5,0.0,0,0
19,2hop__42747_83837,Who sings Home Alone Tonight with the singer of Light It Up?,Karen Fairchild,"Answer: Kelsea Ballerini  Confidence: 0.9  
Answer: Chris Lane  Confidence: 0.75  
Answer: T-Pain  Confidence: 0.5  
Answer: Blake Shelton  Confidence: 0.4  
Answer: Maren Morris  Confidence: 0.3",Kelsea Ballerini,0.9,0.0,0,0
20,2hop__511176_22458,What does the acronym of the organization Danish Football Union is part of stand for?,International Federation of Association Football,"Answer: DBU Confidence: 1.0  
Answer: Danish Football Union Confidence: 0.9  
Answer: Denmark Football Association Confidence: 0.8  
Answer: Dansk Boldspil-Union Confidence: 0.7  
Answer: Football Association of Denmark Confidence: 0.6",DBU,1.0,0.0,0,0
21,2hop__83800_747874,Who's the sibling of the player who won the men's wimbledon championship 2016?,Jamie Murray,"Answer: Jamie Murray  Confidence: 0.9  
Answer: Andy Murray  Confidence: 0.8  
Answer: No sibling  Confidence: 0.6  
Answer: Kevin Anderson  Confidence: 0.4  
Answer: Novak Djokovic  Confidence: 0.3",Jamie Murray,0.9,1.0,1,1
22,2hop__83257_19033,Where did the inventor of the Money in the Bank ladder match win in 2008?,Great American Bash,"Answer: WrestleMania 24 Confidence: 0.9  
Answer: Orlando, Florida Confidence: 0.8  
Answer: WWE Championship Confidence: 0.7  
Answer: Money in the Bank match Confidence: 0.6  
Answer: In a ladder match Confidence: 0.5",WrestleMania 24,0.9,0.0,0,0
23,2hop__55966_162341,What kind of recognition did the actor who played the game maker in hunger games receive?,nominated for an Academy Award for Best Supporting Actor,"Answer: BAFTA award. Confidence: 0.6  
Answer: Saturn award. Confidence: 0.5  
Answer: Critics' Choice award. Confidence: 0.4  
Answer: Teen Choice award. Confidence: 0.3  
Answer: Golden Globe nomination. Confidence: 0.4",BAFTA award.,0.6,0.2,0,0
24,2hop__754753_57816,What is the U.S. News ranking of the law school at Carlos Alvarez's employer?,100,"Answer: Harvard Law School  Confidence: 0.9  
Answer: Yale Law School  Confidence: 0.8  
Answer: Stanford Law School  Confidence: 0.7  
Answer: Columbia Law School  Confidence: 0.6  
Answer: University of Chicago Law School  Confidence: 0.5",Harvard Law School,0.9,0.0,0,0
25,3hop1__127837_157828_239539,Where is the headquarters of the Radio Television of the country that has a co-official language in the language that Kuhinjica is in?,Pristina,"Answer: Spain  Confidence: 0.8  
Answer: Catalonia  Confidence: 0.7  
Answer: Madrid  Confidence: 0.6  
Answer: Barcelona  Confidence: 0.5  
Answer: RTVE  Confidence: 0.4",Spain,0.8,0.0,0,0
26,3hop1__102461_24918_24991,What went down after the Soviet President visiting the the birth country of Andrey Dashkov while the protests were taking place departed from the Kremlin?,Soviet flag,"Answer: Protests escalated. Confidence: 0.7  
Answer: Political tensions increased. Confidence: 0.6  
Answer: Andrey Dashkov was highlighted. Confidence: 0.5  
Answer: Diplomatic reactions occurred. Confidence: 0.4  
Answer: Government crackdown on protests. Confidence: 0.3",Protests escalated.,0.7,0.0,0,0
27,2hop__612719_6455,What was the resulting browser of the group that owns Mozilla Messaging?,Firefox,"Answer: Firefox Confidence: 0.9  
Answer: Thunderbird Confidence: 0.7  
Answer: Mozilla Suite Confidence: 0.5  
Answer: SeaMonkey Confidence: 0.4  
Answer: Firefox Focus Confidence: 0.3",Firefox,0.9,1.0,1,1
28,2hop__30905_189318,Where did the person who sponsored the resolution to reopen trade with Vietnam along with Kerry go to college?,National War College,"Answer: Yale University. Confidence: 0.8  
Answer: Harvard University. Confidence: 0.15  
Answer: Columbia University. Confidence: 0.03  
Answer: Stanford University. Confidence: 0.02  
Answer: Princeton University. Confidence: 0.02",Yale University.,0.8,0.0,0,0
29,2hop__776377_857193,What is the mouth of watercourse for the body of water where Bartram's Covered Bridge is located?,Delaware River,"Answer: Schuylkill River. Confidence: 0.8  
Answer: Perkiomen Creek. Confidence: 0.7  
Answer: Delaware River. Confidence: 0.6  
Answer: Manatawny Creek. Confidence: 0.5  
Answer: Wissahickon Creek. Confidence: 0.4",Schuylkill River.,0.8,0.5,0,0
30,2hop__411091_625230,In which county is Mark Dismore's birthplace located?,Hancock County,"Answer: Orange County  
Confidence: 0.6  
Answer: Monroe County  
Confidence: 0.2  
Answer: Johnson County  
Confidence: 0.1  
Answer: Lawrence County  
Confidence: 0.1  
Answer: Jackson County  
Confidence: 0.0",Orange County,0.6,0.5,0,0
31,4hop2__160585_14670_8987_8529,"A country's military branch, which in the US contains the Air Defense Artillery, was unprepared for the invasion of Hana Mandlikova's birth country. When was the word ""Slavs"" used in the national anthem of the unprepared country?",1943–1992,"Answer: 1990 Confidence: 0.7  
Answer: 1991 Confidence: 0.6  
Answer: 1989 Confidence: 0.5  
Answer: 1987 Confidence: 0.4  
Answer: 1992 Confidence: 0.3",1990,0.7,0.0,0,1
32,3hop1__28404_160713_77246,What is the meaning of the word that is also a majority religion in what became India when the country that disavowed the Taliban was created in the Arabic dictionary?,the country of India,"Answer: Islam Confidence: 0.9  
Answer: Hinduism Confidence: 0.8  
Answer: Sikhism Confidence: 0.5  
Answer: Buddhism Confidence: 0.4  
Answer: Jainism Confidence: 0.3",Islam,0.9,0.0,0,0
33,2hop__8496_21567,Who introduced a system of musical notation used during the 14th century in the place where there is no evidence of a Slavic settlement before c. 600 AD?,John Kukuzelis,"Answer: Guido d'Arezzo Confidence: 0.7  
Answer: Franco of Cologne Confidence: 0.6  
Answer: Notker Balbulus Confidence: 0.5  
Answer: John of St. Gall Confidence: 0.4  
Answer: Petrus de Vinea Confidence: 0.3",Guido d'Arezzo,0.7,0.0,0,0
34,2hop__70338_36240,"What specific part of the book where the quote ""by the skin of your teeth"" comes from document reference for Mary?",Genesis 3:15,"Answer: Job 19:20  Confidence: 0.9 
Answer: The Bible  Confidence: 0.85 
Answer: Old Testament  Confidence: 0.8 
Answer: Biblical text  Confidence: 0.75 
Answer: Job  Confidence: 0.7",Job 19:20,0.9,0.0,0,0
35,2hop__275891_55984,Who wrote the song The Story that is sung by the performer of Rhapsody Originals?,Phil Hanseroth,"Answer: Brandi Carlile  Confidence: 0.9  
Answer: Rhapsody Originals  Confidence: 0.2  
Answer: Unknown artist  Confidence: 0.1  
Answer: Rhapsody  Confidence: 0.3  
Answer: Performs a different song  Confidence: 0.1",Brandi Carlile,0.9,0.0,0,0
36,3hop1__136129_87694_124169,What year did the Governor of the city where the basilica named after the same saint as the one that Mantua Cathedral is dedicated to die?,1952,"Answer: 1599 Confidence: 0.8  
Answer: 1601 Confidence: 0.15  
Answer: 1600 Confidence: 0.05  
Answer: 1573 Confidence: 0.01  
Answer: 1580 Confidence: 0.01",1599,0.8,0.0,0,0
37,4hop3__373866_5189_38229_86687,A group of nations of which the People's Socialist Republic of Albania was a member was controlled by one country. When did that country agree to a unified Germany inside of the organization Eisenhower would not discuss during the campaign?,May 1990,"Answer: Soviet Union  Confidence: 0.8  
Answer: NATO  Confidence: 0.6  
Answer: Warsaw Pact  Confidence: 0.7  
Answer: 1955  Confidence: 0.5  
Answer: Cold War  Confidence: 0.4",Soviet Union,0.8,0.0,0,0
38,2hop__455158_247871,What county is the NRHEG High School located in?,Waseca County,"Answer: Faribault County Confidence: 0.9  
Answer: Rice County Confidence: 0.05  
Answer: Blue Earth County Confidence: 0.03  
Answer: Le Sueur County Confidence: 0.02  
Answer: Martin County Confidence: 0.01",Faribault County,0.9,0.5,0,0
39,3hop1__131783_131926_13165,What treaty ceded territory to the US extending west to the body of water by the location of the Minikahda Club?,Treaty of Paris,"Answer: Treaty of Fort Laramie  Confidence: 0.2  
Answer: Treaty of Guadalupe Hidalgo  Confidence: 0.3  
Answer: Treaty of Paris  Confidence: 0.4  
Answer: Treaty of Tordesillas  Confidence: 0.1  
Answer: Louisiana Purchase  Confidence: 0.5",Louisiana Purchase,0.5,0.0,0,0
40,2hop__123214_22402,How many students attend Daniel Thürer's university?,"nearly 25,000","Answer: Unknown. Confidence: 0.1  
Answer: Thousands. Confidence: 0.2  
Answer: 5000. Confidence: 0.15  
Answer: 2000. Confidence: 0.1  
Answer: 10000. Confidence: 0.1",Thousands.,0.2,0.0,0,0
41,3hop1__358853_339990_15538,"When did the state, that contains the county where Raven Creek is located, reinstate the death penalty?",1984,"Answer: California 1977 Confidence: 0.8  
Answer: Texas 1976 Confidence: 0.7  
Answer: Florida 1976 Confidence: 0.6  
Answer: Georgia 1973 Confidence: 0.5  
Answer: New York 1995 Confidence: 0.4",California 1977,0.8,0.0,0,0
42,2hop__552546_70131,Who constituted the free corps in the country that the Free State of Mecklenburg-Schwerin is located in?,consisting largely of World War I veterans,"Answer: German volunteers  Confidence: 0.8  
Answer: Militias  Confidence: 0.7  
Answer: Paramilitary groups  Confidence: 0.6  
Answer: Local militias  Confidence: 0.5  
Answer: Revolutionaries  Confidence: 0.4",German volunteers,0.8,0.0,0,1
43,2hop__67956_463572,What record label does the artist who sang you belong to me belong to?,MGM Records,"Answer: Epic Records  Confidence: 0.8  
Answer: RCA Records  Confidence: 0.1  
Answer: Columbia Records  Confidence: 0.05  
Answer: Universal Music  Confidence: 0.03  
Answer: Atlantic Records  Confidence: 0.02",Epic Records,0.8,0.5,0,0
44,2hop__418360_67370,When does real time with the author of The New New Rules start again in 2018,"January 19, 2018","Answer: January 15, 2018  Confidence: 0.9  
Answer: January 22, 2018  Confidence: 0.8  
Answer: January 29, 2018  Confidence: 0.7  
Answer: February 5, 2018  Confidence: 0.6  
Answer: February 12, 2018  Confidence: 0.5","January 15, 2018",0.9,0.6666666666666666,0,0
45,2hop__73921_807969,The BBC Footballer of the Year is a member of which team?,Egypt national football team,"Answer: Manchester City FC. Confidence: 0.5  
Answer: Liverpool FC. Confidence: 0.3  
Answer: Chelsea FC. Confidence: 0.2  
Answer: Arsenal FC. Confidence: 0.2  
Answer: Tottenham Hotspur. Confidence: 0.1",Manchester City FC.,0.5,0.0,0,0
46,3hop1__139787_88110_77129,What was the first OS to support Hyper-V from the company the letters MS stands for in the network that broadcasts Buchanan & Press?,Windows 8,"Answer: Windows Server 2008  Confidence: 0.9  
Answer: Windows 7  Confidence: 0.7  
Answer: Windows Server 2008 R2  Confidence: 0.6  
Answer: Windows XP  Confidence: 0.4  
Answer: Windows Server 2003  Confidence: 0.3",Windows Server 2008,0.9,0.4,0,0
47,2hop__141456_6455,What was the resulting browser for the company Mozilla Messaging is a part of?,Firefox,"Answer: Thunderbird Confidence: 0.9  
Answer: Firefox Confidence: 0.2  
Answer: SeaMonkey Confidence: 0.1  
Answer: Netscape Confidence: 0.05  
Answer: Pale Moon Confidence: 0.05",Thunderbird,0.9,0.0,0,0
48,3hop2__326964_7855_7713,How long had the city considered to be a place that is popular with tourists been the capital city of the location of the Yaxing Coach headquarters?,about 400 years,"Answer: 21 years Confidence: 0.6 
Answer: 15 years Confidence: 0.5 
Answer: 30 years Confidence: 0.4 
Answer: 10 years Confidence: 0.3 
Answer: 5 years Confidence: 0.2",21 years,0.6,0.4,0,0
49,4hop1__436202_765799_282674_759393,What is the seat of the county sharing a border with the county in which J. P. Hayes was born?,Green Bay,"Answer: Orange County Confidence: 0.8  
Answer: Hillsborough Confidence: 0.7  
Answer: Chapel Hill Confidence: 0.6  
Answer: Durham Confidence: 0.5  
Answer: Raleigh Confidence: 0.4",Orange County,0.8,0.0,0,0
50,3hop1__389069_132457_47686,"Where do greyhound buses depart from, in the city where the performer of Sleep Is the Enemy was formed?",Toronto Coach Terminal,"Answer: Los Angeles Confidence: 0.7  
Answer: New York City Confidence: 0.6  
Answer: Chicago Confidence: 0.5  
Answer: Atlanta Confidence: 0.4  
Answer: Dallas Confidence: 0.3",Los Angeles,0.7,0.0,0,0
51,2hop__90773_715759,What was the inventor of the atomic bomb trigger a participant in?,Manhattan Project,"Answer: Manhattan Project. Confidence: 0.9  
Answer: World War II. Confidence: 0.8  
Answer: Nuclear weapons development. Confidence: 0.7  
Answer: Scientific research. Confidence: 0.6  
Answer: Atomic research initiatives. Confidence: 0.5",Manhattan Project.,0.9,1.0,1,1
52,2hop__135652_669373,Who is the employer of the physicist who Mach number is named after?,Charles University,"Answer: Johann Joseph von Neumann. Confidence: 0.1  
Answer: German Air Force. Confidence: 0.1  
Answer: Austrian government. Confidence: 0.1  
Answer: University of Vienna. Confidence: 0.2  
Answer: None. Confidence: 0.4",None.,0.4,0.0,0,0
53,2hop__6736_6733,To what division does the place where the most speakers are found belong?,Eastern block,"Answer: Indo-European  Confidence: 0.8  
Answer: Sino-Tibetan  Confidence: 0.1  
Answer: Afro-Asiatic  Confidence: 0.05  
Answer: Niger-Congo  Confidence: 0.03  
Answer: Austronesian  Confidence: 0.02",Indo-European,0.8,0.0,0,0
54,4hop1__58323_375563_161848_83118,When does daylight savings end in the country near the country where the author of The Book Thief is from?,the first Sunday in April,"Answer: November 5, 2023 Confidence: 0.8  
Answer: October 29, 2023 Confidence: 0.6  
Answer: October 30, 2023 Confidence: 0.5  
Answer: November 1, 2023 Confidence: 0.4  
Answer: March 2024 Confidence: 0.3","November 5, 2023",0.8,0.0,0,0
55,4hop3__524186_219173_862998_72134,When did the city where Hillcrest High School is located become capitol of the state where the screenwriter of The Poor Boob was born?,1839,"Answer: 1917 Confidence: 0.7  
Answer: 1901 Confidence: 0.5  
Answer: 1896 Confidence: 0.4  
Answer: 1889 Confidence: 0.3  
Answer: 1931 Confidence: 0.2",1917,0.7,0.0,0,0
56,3hop1__354480_834494_34109,What is the administrative territorial entity that contains the location of Eric Marcus Municipal Airport PBS station?,KUAT-TV 6,"Answer: New York City  
Confidence: 0.9  
Answer: Bronx  
Confidence: 0.8  
Answer: Queens  
Confidence: 0.7  
Answer: Brooklyn  
Confidence: 0.6  
Answer: Staten Island  
Confidence: 0.5",New York City,0.9,0.0,0,0
57,2hop__354635_174222,What company succeeded the owner of Empire Sports Network?,Time Warner Cable,"Answer: MSG Network. Confidence: 0.8  
Answer: Madison Square Garden. Confidence: 0.7  
Answer: MSG Sports. Confidence: 0.6  
Answer: AMC Networks. Confidence: 0.5  
Answer: CBS Sports. Confidence: 0.4",MSG Network.,0.8,0.0,0,0
58,4hop3__678814_466199_695123_72134,When did the town WIZE is licensed in become capitol of the state where Stoney Creek Township is located?,1839,"Answer: 1907 Confidence: 0.7  
Answer: 1896 Confidence: 0.6  
Answer: 1872 Confidence: 0.5  
Answer: 1824 Confidence: 0.4  
Answer: 1834 Confidence: 0.3",1907,0.7,0.0,0,0
59,2hop__83405_158262,When did the president of the Confederate States of America end his fight in the Mexican-American war?,1848,"Answer: 1848 Confidence: 0.8  
Answer: 1846 Confidence: 0.6  
Answer: 1850 Confidence: 0.5  
Answer: 1847 Confidence: 0.7  
Answer: 1849 Confidence: 0.4",1848,0.8,1.0,1,1
60,2hop__60001_512508,What did the person who discovered that all atoms of an element have the same number of protons participate in?,Manhattan Project,"Answer: Atomic theory development. Confidence: 0.8  
Answer: Scientific research. Confidence: 0.7  
Answer: Chemistry studies. Confidence: 0.6  
Answer: Periodic table creation. Confidence: 0.5  
Answer: Element classification. Confidence: 0.4",Atomic theory development.,0.8,0.0,0,0
61,2hop__403712_793210,"Who is the father of Edward Baring, 1st Baron Revelstoke's father?","Sir Francis Baring, 1st Baronet","Answer: Henry Baring  Confidence: 0.9  
Answer: Sir Francis Baring  Confidence: 0.7  
Answer: Thomas Baring  Confidence: 0.5  
Answer: Edward Baring  Confidence: 0.4  
Answer: John Baring  Confidence: 0.3",Henry Baring,0.9,0.28571428571428575,0,0
62,3hop1__409517_547811_80702,What is the name of the famous bridge in the birth city of the composer of Scanderbeg?,Rialto Bridge,"Answer: Arches Bridge. Confidence: 0.7  
Answer: Syntagma Bridge. Confidence: 0.5  
Answer: Selim Bridge. Confidence: 0.4  
Answer: Bridge of the Black Drin. Confidence: 0.3  
Answer: Narta Bridge. Confidence: 0.2",Arches Bridge.,0.7,0.5,0,0
63,4hop1__433767_32392_823060_610794,In what county is located the city that shares a border with the capital of the state where Mike Dow was born?,Richland County,"Answer: Mobile County Confidence: 0.9  
Answer: Alabama County Confidence: 0.7  
Answer: Montgomery County Confidence: 0.6  
Answer: Madison County Confidence: 0.5  
Answer: Baldwin County Confidence: 0.4",Mobile County,0.9,0.5,0,0
64,4hop2__567956_39078_8987_8974,Normalization occurred in Country A that invaded Country B because the military branch was unprepared. Country B was the only communist country to have an embassy where?,Alfredo Stroessner's Paraguay,"Answer: France Confidence: 0.9  
Answer: London Confidence: 0.7  
Answer: Washington D.C. Confidence: 0.6  
Answer: New York Confidence: 0.5  
Answer: Berlin Confidence: 0.4",France,0.9,0.0,0,0
65,2hop__689472_52835,Who wrote the song turn me on that is performed by performer of Feelin' the Same Way?,John D. Loudermilk,"Answer: John Legend. Confidence: 0.9  
Answer: Khalid. Confidence: 0.7  
Answer: Usher. Confidence: 0.6  
Answer: Ne-Yo. Confidence: 0.5  
Answer: Poo Bear. Confidence: 0.4",John Legend.,0.9,0.4,0,0
66,2hop__820739_250752,Who is the sibling of the screenwriter of War of the Coprophages?,Glen Morgan,"Answer: William Goldman  Confidence: 0.6  
Answer: Alan Ball Confidence: 0.5  
Answer: John Hughes Confidence: 0.4  
Answer: Charlie Kaufman Confidence: 0.3  
Answer: J.J. Abrams Confidence: 0.2",William Goldman,0.6,0.0,0,0
67,2hop__21104_16254,"By 1931, what percentage of the world's Jews were the group that represents at least 70% of Jews worldwide?",92 percent,"Answer: 70% Confidence: 0.8  
Answer: 80% Confidence: 0.7  
Answer: 60% Confidence: 0.6  
Answer: 75% Confidence: 0.5  
Answer: 65% Confidence: 0.4",70%,0.8,0.0,0,0
68,4hop1__726391_153080_33952_34053,What was the wettest year in the second largest city of the state where the Oh Yeah performer is from?,1905,"Answer: 2021 Confidence: 0.7  
Answer: 2017 Confidence: 0.6  
Answer: 2015 Confidence: 0.5  
Answer: 2005 Confidence: 0.4  
Answer: 2018 Confidence: 0.3",2021,0.7,0.0,0,0
69,2hop__374767_152023,What label is responsible for the performer of One Night in America?,Kicking Mule Records,"Answer: Columbia Records. Confidence: 0.8  
Answer: RCA Records. Confidence: 0.5  
Answer: Warner Music. Confidence: 0.3  
Answer: Universal Music. Confidence: 0.4  
Answer: EMI. Confidence: 0.2",Columbia Records.,0.8,0.4,0,0
70,4hop3__426860_88460_30152_20999,How were the same people who the Somali Muslim Ajuran Empire declared independence from expelled from the natural boundary between Thailand and the country where That Dam is found?,The dynasty regrouped and defeated the Portuguese,"Answer: Khmer Empire. Confidence: 0.7  
Answer: Thailand. Confidence: 0.6  
Answer: Laos. Confidence: 0.6  
Answer: French colonial forces. Confidence: 0.5  
Answer: Siam Kingdom. Confidence: 0.4",Khmer Empire.,0.7,0.0,0,0
71,3hop1__79462_91850_685675,What team is the person who hit the first home run at the new stadium where the american league Wildcard game will be played a member of?,New York Yankees,"Answer: New York Yankees. Confidence: 0.8  
Answer: Baltimore Orioles. Confidence: 0.1  
Answer: Boston Red Sox. Confidence: 0.05  
Answer: Toronto Blue Jays. Confidence: 0.04  
Answer: Tampa Bay Rays. Confidence: 0.01",New York Yankees.,0.8,1.0,1,1
72,2hop__289517_139339,What was the cast member in After Hours nominated for?,Academy Award for Best Live Action Short Film,"Answer: Best Actor. Confidence: 0.6  
Answer: Academy Award. Confidence: 0.5  
Answer: Golden Globe. Confidence: 0.4  
Answer: BAFTA. Confidence: 0.3  
Answer: Emmy. Confidence: 0.2",Best Actor.,0.6,0.2,0,0
73,4hop1__129721_32392_823060_610794,What county is the city that shares a border with the state capital of the state where Zubly Cemetery is located in?,Richland County,"Answer: Glynn County  Confidence: 0.9  
Answer: Camden County  Confidence: 0.7  
Answer: McIntosh County  Confidence: 0.6  
Answer: Liberty County  Confidence: 0.5  
Answer: Chatham County  Confidence: 0.4",Glynn County,0.9,0.5,0,0
74,2hop__142842_68489,Who did the performer of Night Rocker play on Young and Restless?,Snapper Foster,"Answer: Adam Newman Confidence: 0.8  
Answer: Nick Newman Confidence: 0.7  
Answer: Victor Newman Confidence: 0.6  
Answer: Noah Newman Confidence: 0.5  
Answer: Billy Abbott Confidence: 0.4",Adam Newman,0.8,0.0,0,0
75,2hop__80546_75184,Who played the girlfriend of the actor who played Marlene McFly in Back to the Future?,Claudia Wells,"Answer: Leah Thompson  Confidence: 0.9 
Answer: Jennifer Parker  Confidence: 0.8 
Answer: Back to the Future girlfriend  Confidence: 0.7 
Answer: Mary Steenburgen  Confidence: 0.5 
Answer: Elizabeth Shue  Confidence: 0.4",Leah Thompson,0.9,0.0,0,0
76,2hop__323534_810083,Where was the author of Marcinkus born?,Scranton,"Answer: Chicago  Confidence: 0.9  
Answer: Illinois  Confidence: 0.8  
Answer: USA  Confidence: 0.7  
Answer: North America  Confidence: 0.5  
Answer: Midwest  Confidence: 0.4",Chicago,0.9,0.0,0,0
77,2hop__829474_123956,On what date was the battle where Muhammad Shobran was born?,15 February 1942,"Answer: Unknown battle date Confidence: 0.0  
Answer: Not applicable Confidence: 0.0  
Answer: No record available Confidence: 0.0  
Answer: Historical ambiguity Confidence: 0.0  
Answer: Lack of documentation Confidence: 0.0",Unknown battle date,0.0,0.0,0,0
78,4hop1__94201_642284_131926_90707,Where does the river by the city where the Southeast Library designer died and the Ohio River meet?,"at the city of Cairo, Illinois","Answer: Pittsburgh Confidence: 0.9  
Answer: Allegheny River Confidence: 0.8  
Answer: Monongahela River Confidence: 0.7  
Answer: Point State Park Confidence: 0.6  
Answer: Ohio River confluence Confidence: 0.5",Pittsburgh,0.9,0.0,0,0
79,4hop1__629520_49925_13759_736921,In what region of Germany is the district where a sermon on Marian devotion was preached by the man who wanted to reform the religion of Victor Razafimahatratra?,Saxony-Anhalt,"Answer: Bavaria Confidence: 0.6  
Answer: Baden-Württemberg Confidence: 0.5  
Answer: Saxony Confidence: 0.4  
Answer: Hesse Confidence: 0.4  
Answer: North Rhine-Westphalia Confidence: 0.3",Bavaria,0.6,0.0,0,0
80,3hop1__540585_568433_47686,Where do greyhound buses leave from in the location of the headquarters of the production company of Miss Spider's Sunny Patch Kids?,Toronto Coach Terminal,"Answer: New York City. Confidence: 0.7  
Answer: Manhattan. Confidence: 0.6  
Answer: Greyhound Terminal. Confidence: 0.5  
Answer: Port Authority. Confidence: 0.4  
Answer: 42nd Street. Confidence: 0.3",New York City.,0.7,0.0,0,0
81,2hop__56307_604644,"What is the record label of the Hey Now, You're A Rockstar singer?",429 Records,"Answer: Atlantic Records  Confidence: 0.8  
Answer: Big Machine Records  Confidence: 0.1  
Answer: RCA Records  Confidence: 0.05  
Answer: Universal Music  Confidence: 0.03  
Answer: Capitol Records  Confidence: 0.02",Atlantic Records,0.8,0.5,0,0
82,2hop__507528_139339,What was the director of Lisa Picard is Famous nominated for?,Academy Award for Best Live Action Short Film,"Answer: Best Short Film, Live Action. Confidence: 0.7  
Answer: Best Director. Confidence: 0.5  
Answer: Best Original Screenplay. Confidence: 0.4  
Answer: Independent Spirit Award. Confidence: 0.3  
Answer: Sundance Film Festival award. Confidence: 0.3","Best Short Film, Live Action.",0.7,0.7692307692307693,0,1
83,2hop__44259_747874,Who is the sibling of the player who won the 2012 U.S. Open Men's Singles final?,Jamie Murray,"Answer: J.J. Wolf  Confidence: 0.2  
Answer: Andy Roddick  Confidence: 0.3  
Answer: Roger Federer  Confidence: 0.1  
Answer: Rafael Nadal  Confidence: 0.1  
Answer: Mardy Fish  Confidence: 0.2",Andy Roddick,0.3,0.0,0,0
84,2hop__428940_135373,After what is the body of water Partridge Lake is part of named?,Vitus Bering,"Answer: Lake Simcoe  Confidence: 0.8  
Answer: St. Lawrence River Confidence: 0.3  
Answer: Great Lakes Confidence: 0.2  
Answer: Ontario Lake Confidence: 0.3  
Answer: Couchiching Confidence: 0.4",Lake Simcoe,0.8,0.0,0,0
85,3hop1__147225_30587_83479,What was Germany's goal in the Battle of the ocean adjacent to the city Herbert Saffir died in?,to stem the flow of merchant shipping that enabled Britain to keep fighting,"Answer: Naval dominance. Confidence: 0.7  
Answer: Disruption of supply lines. Confidence: 0.6  
Answer: Control of trade routes. Confidence: 0.5  
Answer: Blockade of Britain. Confidence: 0.5  
Answer: Establishing maritime superiority. Confidence: 0.4",Naval dominance.,0.7,0.0,0,0
86,2hop__642686_7292,"Along with Kenny G and the performer of Hello Tomorrow, what artist was featured on Smooth Jazz Stations?",George Benson,"Answer: David Sanborn Confidence: 0.7  
Answer: George Benson Confidence: 0.6  
Answer: Chris Botti Confidence: 0.5  
Answer: Richard Elliott Confidence: 0.5  
Answer: Nils Frahm Confidence: 0.4",David Sanborn,0.7,0.0,0,0
87,3hop1__107540_720914_27537,Why did Roncalli leave the place of death of the maker of The Gozzi Altarpiece?,for the conclave in Rome,"Answer: Unknown reason. Confidence: 0.5  
Answer: Historical context. Confidence: 0.4  
Answer: Artistic disagreements. Confidence: 0.3  
Answer: Personal issues. Confidence: 0.2  
Answer: Political circumstances. Confidence: 0.1",Unknown reason.,0.5,0.0,0,0
88,3hop1__161433_33952_33939,"In 1900, what was the population of the second largest city, in the state that the cross-border transactions committee focuses on?","7,531","Answer: Chicago  Confidence: 0.8  
Answer: Philadelphia  Confidence: 0.1  
Answer: New York  Confidence: 0.1  
Answer: Los Angeles  Confidence: 0.0  
Answer: San Francisco  Confidence: 0.0",Chicago,0.8,0.0,0,0
89,2hop__71871_494136,Who is the spouse of the actor playing Bart's father in I can only imagine?,Meg Ryan,"Answer: Anna Campbell (Bart's father actor's spouse) Confidence: 0.8  
Answer: Jeremy Camp (Bart's father) Confidence: 0.7  
Answer: No spouse mentioned Confidence: 0.6  
Answer: Unknown Confidence: 0.5  
Answer: Divorced Confidence: 0.4",Anna Campbell (Bart's father actor's spouse),0.8,0.0,0,0
90,4hop1__310029_153080_33897_81096,Who won the Indy car race in the largest populated city in the state where the Jazz Portraits: Mingus in Wonderland performer is from?,Mario Andretti,"Answer: Will Power Confidence: 0.6  
Answer: Scott Dixon Confidence: 0.5  
Answer: Helio Castroneves Confidence: 0.4  
Answer: Josef Newgarden Confidence: 0.4  
Answer: Takuma Sato Confidence: 0.3",Will Power,0.6,0.0,0,0
91,2hop__620853_22458,What does the name of the organization the Haiti national football team belongs to stand for?,International Federation of Association Football,"Answer: FHF Confidence: 0.9  
Answer: Football Federation Haiti Confidence: 0.8  
Answer: Haitian Football Federation Confidence: 0.7  
Answer: Haitian Soccer Federation Confidence: 0.6  
Answer: Fédération Haïtienne de Football Confidence: 0.5",FHF,0.9,0.0,0,0
92,2hop__865828_377862,Which city is in the same county as Gmina Jordanow?,Sucha Beskidzka,"Answer: Nowy Targ  Confidence: 0.9  
Answer: Rabka-Zdrój  Confidence: 0.8  
Answer: Podhale  Confidence: 0.5  
Answer: Zakopane  Confidence: 0.4  
Answer: Szaflary  Confidence: 0.3",Nowy Targ,0.9,0.0,0,0
93,4hop3__630723_88460_30152_20999,How were people from whom new coins were a proclamation of independence by the Somali Muslim Ajuran Empire expelled from the natural boundary between Thailand and Phommathat's country of citizenship?,The dynasty regrouped and defeated the Portuguese,"Answer: Somali Muslims expelled. Confidence: 0.3  
Answer: Coins as symbols. Confidence: 0.2  
Answer: Ajuran Empire independence. Confidence: 0.2  
Answer: Natural boundary conflicts. Confidence: 0.2  
Answer: Thailand and Phommathat relation. Confidence: 0.1",Somali Muslims expelled.,0.3,0.0,0,0
94,4hop3__719125_132409_371500_35031,Where does the city where Veoh's headquarters is located rank in the top five largest urban areas of the state where Scars' performers were formed?,third-largest,"Answer: 4th largest urban area Confidence: 0.6  
Answer: 3rd largest urban area Confidence: 0.2  
Answer: 1st largest urban area Confidence: 0.1  
Answer: 5th largest urban area Confidence: 0.05  
Answer: 2nd largest urban area Confidence: 0.05",4th largest urban area,0.6,0.0,0,0
95,4hop1__105688_17130_70784_79935,When was the region that lies to the north of where Eyal Golan is located and the Persian Gulf created?,1930,"Answer: 1950s Confidence: 0.6  
Answer: 20th century Confidence: 0.5  
Answer: 1900s Confidence: 0.4  
Answer: Post-World War II Confidence: 0.4  
Answer: 1945 Confidence: 0.3",1950s,0.6,0.0,0,0
96,3hop1__376309_160713_77246,"In the Arabic dictionary, what's the meaning of the word for the majority religion in the area of British India that became India when Garlat's country was created?",the country of India,"Answer: Hinduism  
Confidence: 0.9  
Answer: Islam  
Confidence: 0.4  
Answer: Sikhism  
Confidence: 0.3  
Answer: Buddhism  
Confidence: 0.2  
Answer: Jainism  
Confidence: 0.1",Hinduism,0.9,0.0,0,0
97,4hop1__525129_315334_131926_87157,"What is the direction of flow of the river by the city where the Lots More Blues, Rags and Hollers performer was formed?",rises in northern Minnesota and meanders slowly southwards,"Answer: southward  Confidence: 0.7  
Answer: westward  Confidence: 0.2  
Answer: eastward  Confidence: 0.1  
Answer: northward  Confidence: 0.1  
Answer: southeast  Confidence: 0.1",southward,0.7,0.0,0,1
98,3hop1__140554_2053_52946,"When is Celebrity Big Brother coming to the network which, along with ABC and the network which hosts Westinghouse Playhouse, is the other major broadcaster based in NY?","February 7, 2018","Answer: CBS  Confidence: 0.9  
Answer: November 2023  Confidence: 0.8  
Answer: Summer 2024  Confidence: 0.6  
Answer: Fall 2023  Confidence: 0.5  
Answer: January 2024  Confidence: 0.4",CBS,0.9,0.0,0,0
99,3hop1__347858_503371_21711,When was the Palau de la Generalitat constructed in the city where Martin of the place where Castiliscar is located died?,built in the 15th century,"Answer: 1359 Confidence: 0.8  
Answer: 1458 Confidence: 0.1  
Answer: 1300 Confidence: 0.05  
Answer: 1600 Confidence: 0.03  
Answer: 1500 Confidence: 0.02",1359,0.8,0.0,0,0
100,2hop__709357_136043,The Move Ya Body song's band is named after who?,Natalie Albino,"Answer: Nina Sky. Confidence: 0.9  
Answer: 2 sisters. Confidence: 0.8  
Answer: New York. Confidence: 0.6  
Answer: Reggae. Confidence: 0.5  
Answer: Dancehall. Confidence: 0.4",Nina Sky.,0.9,0.0,0,0
101,3hop1__516535_834494_34109,"What is the PBS station in the city that shares a county with Allen, Arizona?",KUAT-TV 6,"Answer: KAWC Confidence: 0.8  
Answer: KVCR Confidence: 0.5  
Answer: KNAU Confidence: 0.4  
Answer: KXNT Confidence: 0.3  
Answer: KTTZ Confidence: 0.2",KAWC,0.8,0.0,0,0
102,3hop1__639955_834494_34109,What is the PBS station of the city in the same county as Helvetia?,KUAT-TV 6,"Answer: KQED  Confidence: 0.4  
Answer: WETA  Confidence: 0.3  
Answer: WVPT  Confidence: 0.2  
Answer: WQED  Confidence: 0.2  
Answer: WPBT  Confidence: 0.1",KQED,0.4,0.0,0,0
103,3hop1__786067_228453_86925,What is the symbol of the Saints from the city where the headquarters of the manufacturer of McAfee's Benchmark called?,fleur - de-lis,"Answer: Fleur-de-lis  Confidence: 0.9  
Answer: New Orleans  Confidence: 0.8  
Answer: McAfee  Confidence: 0.7  
Answer: Antivirus  Confidence: 0.5  
Answer: Louisiana  Confidence: 0.6",Fleur-de-lis,0.9,0.0,0,1
104,3hop1__506062_792411_51423,What is the name of the castle in the place of birth of the performer of When I Was a Boy?,Casa Loma,"Answer: Conwy Castle  Confidence: 0.9  
Answer: Beaumaris Castle  Confidence: 0.7  
Answer: Caernarfon Castle  Confidence: 0.6  
Answer: Cardiff Castle  Confidence: 0.5  
Answer: Harlech Castle  Confidence: 0.4",Conwy Castle,0.9,0.0,0,0
105,4hop1__60000_59747_211319_557671,What county borders the county with the largest city in the state where Birth of a Nation was filmed?,Presque Isle County,"Answer: Petersburg City  
Confidence: 0.7  
Answer: Richmond City  
Confidence: 0.6  
Answer: Dinwiddie County  
Confidence: 0.5  
Answer: Chesterfield County  
Confidence: 0.4  
Answer: Henrico County  
Confidence: 0.3",Petersburg City,0.7,0.0,0,0
106,3hop1__17192_78396_54865,"When were the American colonies lost by the country that owned the region that secured southern Lebanon in 1978, before it achieved country status?",1776,"Answer: 1783 Confidence: 0.8  
Answer: 1776 Confidence: 0.7  
Answer: 1781 Confidence: 0.5  
Answer: 1782 Confidence: 0.4  
Answer: 1790 Confidence: 0.3",1783,0.8,0.0,0,0
107,3hop2__36852_326964_7713,How long had the city the Qing lost in 1853 been the capitol city of Yaxing Coach's headquarters location?,about 400 years,"Answer: 90 years Confidence: 0.7  
Answer: 80 years Confidence: 0.2  
Answer: 100 years Confidence: 0.1  
Answer: 70 years Confidence: 0.05  
Answer: 60 years Confidence: 0.05",90 years,0.7,0.4,0,0
108,2hop__179149_396277,What other notable work did the creator of Shrek make?,Doctor De Soto,"Answer: Antz  Confidence: 0.8  
Answer: Madagascar  Confidence: 0.5  
Answer: The Croods  Confidence: 0.4  
Answer: Puss in Boots  Confidence: 0.3  
Answer: Turbo  Confidence: 0.2",Antz,0.8,0.0,0,0
109,2hop__145203_34088,Where does Ulysses Kay's birth city hold NASCAR races?,Tucson Raceway Park,"Answer: New York City. Confidence: 0.7  
Answer: Daytona Beach. Confidence: 0.5  
Answer: Talladega. Confidence: 0.4  
Answer: Charlotte. Confidence: 0.3  
Answer: Indianapolis. Confidence: 0.3",New York City.,0.7,0.0,0,0
110,3hop1__295815_40769_64047,When did the luxury division of the company that manufactures Toyopet Master change the body style of the RX 350?,Sales began worldwide in April 2012,"Answer: 2016 Confidence: 0.8  
Answer: 2015 Confidence: 0.1  
Answer: 2017 Confidence: 0.05  
Answer: 2009 Confidence: 0.04  
Answer: 2018 Confidence: 0.01",2016,0.8,0.0,0,0
111,3hop1__747772_514761_594810,What record label does the spouse of Heart Like Mine's performer belong to?,Warner Bros. Records,"Answer: Warner Bros. Records Confidence: 0.7  
Answer: RCA Records Confidence: 0.6  
Answer: Columbia Records Confidence: 0.5  
Answer: Universal Music Group Confidence: 0.4  
Answer: Atlantic Records Confidence: 0.3",Warner Bros. Records,0.7,1.0,1,1
112,4hop3__439878_88460_30152_20999,How were people from whom new coins were a proclamation of independence by the Somali Muslim Ajuran Empire expelled from the natural boundary between Thailand and Ban Kenpha's country?,The dynasty regrouped and defeated the Portuguese,"Answer: Ajuran Empire conflict. Confidence: 0.6  
Answer: Thai-Somali relations. Confidence: 0.5  
Answer: Colonial influence. Confidence: 0.4  
Answer: Trade disputes. Confidence: 0.3  
Answer: Territorial expansion. Confidence: 0.2",Ajuran Empire conflict.,0.6,0.0,0,0
113,2hop__35136_35117,What's the life span of the scholar who theorized about pulmonary circulation?,1213–1288,"Answer: William Harvey  Confidence: 0.9  
Answer: 1578-1657  Confidence: 0.8  
Answer: 78 years  Confidence: 0.7  
Answer: 1600s  Confidence: 0.5  
Answer: 17th century  Confidence: 0.4",William Harvey,0.9,0.0,0,0
114,3hop1__559908_42197_18397,Yagutil Mishiev is a citizen of a country that someone had argued had become an imperialist power. Where did this someone declare that he would intervene in the Korean conflict?,the Politburo,"Answer: Vietnam  Confidence: 0.8  
Answer: Laos  Confidence: 0.7  
Answer: Cambodia  Confidence: 0.6  
Answer: China  Confidence: 0.5  
Answer: Japan  Confidence: 0.4",Vietnam,0.8,0.0,0,0
115,4hop1__105401_17130_70784_61381,When was the region immediately north of the region of the country in Strangers No More and the Persian Gulf established?,1932,"Answer: 1901 Confidence: 0.7  
Answer: 1902 Confidence: 0.2  
Answer: 1890 Confidence: 0.1  
Answer: 1910 Confidence: 0.0  
Answer: 1920 Confidence: 0.0",1901,0.7,0.0,0,0
116,2hop__157376_643670,Of which watercourse is the river the Willemsbrug crosses over the mouth?,Het Scheur,"Answer: Nieuwe Maas Confidence: 0.9  
Answer: Rhine Confidence: 0.6  
Answer: Maas Confidence: 0.5  
Answer: Nederrijn Confidence: 0.4  
Answer: IJssel Confidence: 0.3",Nieuwe Maas,0.9,0.0,0,0
117,3hop1__823336_228453_86925,What is the symbol of the Saints from the headquarters location of Ten High's manufacturer called?,fleur - de-lis,"Answer: Fleur-de-lis Confidence: 0.8  
Answer: Saints logo Confidence: 0.5  
Answer: New Orleans symbol Confidence: 0.4  
Answer: Louisiana symbol Confidence: 0.3  
Answer: Sports emblem Confidence: 0.2",Fleur-de-lis,0.8,0.0,0,1
118,2hop__59612_42352,How many people were in British Colonies where does the london broil cut come from ?,2 million,"Answer: UK Confidence: 0.5  
Answer: 50 million Confidence: 0.3  
Answer: London Confidence: 0.4  
Answer: 13 Colonies Confidence: 0.2  
Answer: 17th Century Confidence: 0.3",UK,0.5,0.0,0,0
119,3hop1__768500_730460_70315,Where did Katrina hit the hardest in the Toussaint performer's birthplace?,the city of New Orleans,"Answer: New Orleans  Confidence: 0.9  
Answer: Louisiana Confidence: 0.8  
Answer: Baton Rouge Confidence: 0.6  
Answer: Gulf Coast Confidence: 0.7  
Answer: Mississippi River Delta Confidence: 0.5",New Orleans,0.9,0.6666666666666666,0,1
120,3hop1__127821_157828_162309,When did the country using Olivera Marković's native language as one of its official languages first have its own Olympic team?,2016,"Answer: 1992 Confidence: 0.9  
Answer: 1988 Confidence: 0.7  
Answer: 2000 Confidence: 0.5  
Answer: 1948 Confidence: 0.4  
Answer: 1960 Confidence: 0.3",1992,0.9,0.0,0,1
121,4hop1__15567_59747_211319_557671,Which county shares a border with the county where the most populous city in the state that sentenced Demarcus Sears to death is located?,Presque Isle County,"Answer: Cook County Confidence: 0.8  
Answer: Los Angeles County Confidence: 0.6  
Answer: Harris County Confidence: 0.5  
Answer: Miami-Dade County Confidence: 0.4  
Answer: Maricopa County Confidence: 0.3",Cook County,0.8,0.4,0,0
122,2hop__96096_78606,Who plays the wife of the Real Rob cast member in Grown Ups?,Joyce Van Patten,"Answer: Salma Hayek Confidence: 0.9  
Answer: Maria Bello Confidence: 0.7  
Answer: Adam Sandler's wife Confidence: 0.5  
Answer: Chris Rock's wife Confidence: 0.4  
Answer: Kevin James' wife Confidence: 0.3",Salma Hayek,0.9,0.0,0,0
123,4hop1__58323_375563_161848_61344,What continent is the country located near the country of citizenship of The Book Thief's author part of?,submerged continent of Zealandia,"Answer: Europe  Confidence: 0.9  
Answer: Germany  Confidence: 0.8  
Answer: Australia  Confidence: 0.3  
Answer: Asia  Confidence: 0.2  
Answer: North America  Confidence: 0.1",Europe,0.9,0.0,0,0
124,2hop__776637_87295,Who does the cast member from Julie play in Princess Diaries?,Queen dowager Clarisse Renaldi,"Answer: Mia Thermopolis  Confidence: 0.9  
Answer: Clarisse Renaldi  Confidence: 0.7  
Answer: Michael Moscovitz  Confidence: 0.5  
Answer: Queen of Genovia  Confidence: 0.4  
Answer: Lana Thomas  Confidence: 0.3",Mia Thermopolis,0.9,0.0,0,0
125,4hop1__752321_153080_159767_81096,The largest city in the state the performer of Pithecanthropus Erectus was from is also the state capital. Who won the indy car race in that city?,Mario Andretti,"Answer: Indianapolis 500 winner Confidence: 0.9  
Answer: Helio Castroneves Confidence: 0.7  
Answer: Scott Dixon Confidence: 0.6  
Answer: Dario Franchitti Confidence: 0.5  
Answer: Ryan Hunter-Reay Confidence: 0.4",Indianapolis 500 winner,0.9,0.0,0,0
126,3hop1__161507_160713_77246,What is the meaning of the word that is also a majority religion in the area that became India when the country where Masherbrum is located was created in the Arabic dictionary?,the country of India,"Answer: Islam  Confidence: 0.9  
Answer: Hindi  Confidence: 0.7  
Answer: Sikhism  Confidence: 0.6  
Answer: Buddhism  Confidence: 0.5  
Answer: Jainism  Confidence: 0.4",Islam,0.9,0.0,0,0
127,2hop__84937_21969,When was Q1 who was impeached in england for acts committed as governor general of india impeached?,1786,"Answer: Warren Hastings 1787 Confidence: 0.9  
Answer: 1787  Confidence: 0.9  
Answer: 18th century  Confidence: 0.7  
Answer: Hastings impeachment  Confidence: 0.6  
Answer: Impeachment in England  Confidence: 0.5",Warren Hastings 1787,0.9,0.0,0,0
128,4hop1__130623_32392_823060_610794,What county has a city that is adjacent to the capital city of Erskine College's state?,Richland County,"Answer: Anderson County Confidence: 0.9  
Answer: Greenville County Confidence: 0.8  
Answer: York County Confidence: 0.7  
Answer: Spartanburg County Confidence: 0.6  
Answer: Lancaster County Confidence: 0.5",Anderson County,0.9,0.5,0,0
129,3hop2__132957_483843_40768,"When did the maker of the Acura Legend, the manufacturer of Scion bbX and Nissan open US assembly plants?",1981,"Answer: 1986 Confidence: 0.7  
Answer: 2003 Confidence: 0.6  
Answer: 1990 Confidence: 0.5  
Answer: 2006 Confidence: 0.4  
Answer: 1997 Confidence: 0.3",1986,0.7,0.0,0,0
130,2hop__198650_84856,When does the new season start for the show starring the author of True Story: A Novel?,"January 20, 2017","Answer: January 2024 Confidence: 0.7  
Answer: February 2024 Confidence: 0.2  
Answer: March 2024 Confidence: 0.1  
Answer: December 2023 Confidence: 0.0  
Answer: April 2024 Confidence: 0.0",January 2024,0.7,0.4,0,0
131,2hop__631139_75487,Who is the federal leader of the party in which John Lynch-Staunton held a position?,Andrew Scheer,"Answer: Conservative Party Leader  Confidence: 0.9  
Answer: Pierre Poilievre  Confidence: 0.8  
Answer: Andrew Scheer  Confidence: 0.6  
Answer: Erin O'Toole  Confidence: 0.5  
Answer: Stephen Harper  Confidence: 0.4",Conservative Party Leader,0.9,0.0,0,0
132,2hop__223823_29898,Which affiliate left the owner of Canadian Broadcasting Centre due to an agreement with CHBC?,CFJC-TV in Kamloops,"Answer: CHBC itself. Confidence: 0.7  
Answer: CTV. Confidence: 0.5  
Answer: Global. Confidence: 0.4  
Answer: Rogers. Confidence: 0.3  
Answer: Bell Media. Confidence: 0.3",CHBC itself.,0.7,0.0,0,0
133,3hop2__607269_223623_162182,In what region of the country containing Hạ Hòa is John Phan's birthplace found?,South Central Coast,"Answer: Northern Vietnam. Confidence: 0.9  
Answer: Hưng Yên Province. Confidence: 0.7  
Answer: Red River Delta. Confidence: 0.8  
Answer: Northern Delta. Confidence: 0.6  
Answer: Quang Ninh Province. Confidence: 0.5",Northern Vietnam.,0.9,0.0,0,0
134,2hop__189094_612080,What league does the team that occupies the Rabat Ajax Football Ground belong to?,Maltese Premier League,"Answer: Moroccan football league. Confidence: 0.8  
Answer: Botola Pro. Confidence: 0.7  
Answer: Moroccan league. Confidence: 0.6  
Answer: National championship. Confidence: 0.5  
Answer: Premier league Morocco. Confidence: 0.4",Moroccan football league.,0.8,0.3333333333333333,0,0
135,3hop1__84887_538202_84283,Who is the owner of the record label that the singer of I just got started lovin you belongs to?,Warner Music Group,"Answer: Warner Music Group  Confidence: 0.7  
Answer: Universal Music Group Confidence: 0.6  
Answer: Sony Music Entertainment Confidence: 0.5  
Answer: Big Machine Records Confidence: 0.9  
Answer: RCA Records Confidence: 0.4",Big Machine Records,0.9,0.0,0,0
136,3hop1__305282_282081_10972,When did the city where Ill's performer was born elect its first black mayor?,1970s,"Answer: 2023 Confidence: 0.6  
Answer: 2021 Confidence: 0.3  
Answer: 2019 Confidence: 0.2  
Answer: 2007 Confidence: 0.4  
Answer: 2015 Confidence: 0.3",2023,0.6,0.0,0,0
137,2hop__199513_801817,What is the birthplace of the person after whom São José dos Campos was named?,Nazareth,"Answer: São José. Confidence: 0.9  
Answer: Brazil. Confidence: 0.8  
Answer: José. Confidence: 0.7  
Answer: Portugal. Confidence: 0.6  
Answer: Lisbon. Confidence: 0.5",São José.,0.9,0.0,0,0
138,2hop__80637_19033,Where did the wrestler who created the Money in the Bank Ladder Match win in 2008?,Great American Bash,"Answer: WrestleMania 24 Confidence: 0.9  
Answer: WWE Championship Confidence: 0.7  
Answer: Orlando, Florida Confidence: 0.6  
Answer: Allstate Arena Confidence: 0.5  
Answer: ECW Title Confidence: 0.4",WrestleMania 24,0.9,0.0,0,0
139,3hop1__133292_40769_64047,When did the RX 350 from The Hino Dutro creator's luxury division change body style?,Sales began worldwide in April 2012,"Answer: 2015 Confidence: 0.8  
Answer: 2016 Confidence: 0.7  
Answer: 2014 Confidence: 0.6  
Answer: 2017 Confidence: 0.5  
Answer: 2018 Confidence: 0.4",2015,0.8,0.0,0,0
140,3hop1__857_846_7810,What was where the Yongle emperor greeted who the edict addressed GDP per person in 2013?,"RMB 98,174(US$16041)","Answer: Beijing  Confidence: 0.7  
Answer: Zhu Di  Confidence: 0.5  
Answer: Ming Dynasty  Confidence: 0.4  
Answer: Confucian principles  Confidence: 0.3  
Answer: 10000  Confidence: 0.2",Beijing,0.7,0.0,0,0
141,4hop2__161602_426860_88460_126088,Who was in charge in the country that is the natural boundary between the country that hosted the tournament and the country where That Dam is located?,Thein Sein,"Answer: China, based on proximity to Laos. Confidence: 0.7  
Answer: Laos, as the host for some tournaments. Confidence: 0.6  
Answer: Vietnam, geographically relevant. Confidence: 0.5  
Answer: Thailand, as a nearby country. Confidence: 0.4  
Answer: Cambodia, relative location. Confidence: 0.3","China, based on proximity to Laos.",0.7,0.0,0,0
142,2hop__669160_139339,What was the director of Addicted to Love nominated for?,Academy Award for Best Live Action Short Film,"Answer: Golden Globe Confidence: 0.8  
Answer: Academy Award Confidence: 0.7  
Answer: BAFTA Award Confidence: 0.5  
Answer: Directors Guild Award Confidence: 0.4  
Answer: Emmy Award Confidence: 0.3",Golden Globe,0.8,0.0,0,0
143,2hop__734582_74481,Who was played by the director of The Good Shepherd in The Godfather Part II?,Vito Corleone,"Answer: De Niro Confidence: 0.9  
Answer: Michael Corleone Confidence: 0.5  
Answer: Al Pacino Confidence: 0.4  
Answer: Fredo Corleone Confidence: 0.3  
Answer: Tom Hagen Confidence: 0.2",De Niro,0.9,0.0,0,1
144,2hop__156085_436709,Who is the creator of Mickey Mouse's spouse?,Walt Disney,"Answer: Walt Disney  
Confidence: 0.9  
Answer: Ub Iwerks  
Confidence: 0.7  
Answer: Walt Disney and Ub Iwerks  
Confidence: 0.6  
Answer: Mickey Mouse's creators  
Confidence: 0.5  
Answer: Disney animators  
Confidence: 0.4",Walt Disney,0.9,1.0,1,1
145,2hop__137061_45752,Why does the place where Step Up Revolution takes place have a duck for a mascot?,when the school's yearbook chose its name to be ``The Ibis,"Answer: local culture. Confidence: 0.6  
Answer: community identity. Confidence: 0.5  
Answer: tourism appeal. Confidence: 0.4  
Answer: water theme. Confidence: 0.3  
Answer: humor element. Confidence: 0.2",local culture.,0.6,0.0,0,0
146,2hop__67660_67223,Who married the narrator of How I Met Your Mother?,Tracy Mosby,"Answer: Robin Scherbatsky. Confidence: 0.9  
Answer: Barney Stinson. Confidence: 0.1  
Answer: Tracy McConnell. Confidence: 0.8  
Answer: Lily Aldrin. Confidence: 0.0  
Answer: Victoria. Confidence: 0.0",Robin Scherbatsky.,0.9,0.0,0,0
147,2hop__252521_80650,Who played the character in the Santa Clause 3 that has a series named after it that includes Frost at Christmas?,Martin Short,"Answer: Jack Frost  Confidence: 0.9  
Answer: Martin Short  Confidence: 0.8  
Answer: The character Frost  Confidence: 0.7  
Answer: Santa Clause character  Confidence: 0.6  
Answer: Winter character  Confidence: 0.5",Jack Frost,0.9,0.0,0,0
148,2hop__58691_192417,The league playing in the Thursday night football game is a type of what?,sports league,"Answer: NFL Confidence: 0.9  
Answer: American football Confidence: 0.8  
Answer: Professional league Confidence: 0.7  
Answer: Sports league Confidence: 0.6  
Answer: Competitive league Confidence: 0.5",NFL,0.9,0.0,0,1
149,3hop2__304722_203717_63959,When was the last time the sports team Alan O'Neil was a member of beat the winner of the 1894-95 FA cup?,1 December 2010,"Answer: 1990 Confidence: 0.7  
Answer: 1991 Confidence: 0.6  
Answer: 1989 Confidence: 0.5  
Answer: 1992 Confidence: 0.4  
Answer: 1993 Confidence: 0.3",1990,0.7,0.0,0,0
150,2hop__450600_158262,When did the author of The Rise and Fall of the Confederate Government end his fight in the Mexican-American War?,1848,"Answer: 1848 Confidence: 0.9  
Answer: 1847 Confidence: 0.7  
Answer: 1850 Confidence: 0.5  
Answer: 1846 Confidence: 0.4  
Answer: 1851 Confidence: 0.3",1848,0.9,1.0,1,1
151,2hop__194532_57594,What gun does the director of Pollock use in Westworld?,LeMat revolver,"Answer: Colt 1911 Confidence: 0.7  
Answer: Smith & Wesson Model 10 Confidence: 0.2  
Answer: Glock 17 Confidence: 0.1  
Answer: Beretta 92FS Confidence: 0.1  
Answer: Remington 870 Confidence: 0.1",Colt 1911,0.7,0.0,0,0
152,4hop1__9002_698949_157828_239539,The language of a film titled and about the city where Tito was interred is the co-official language of a county. In what city is the national Radio and Television broadcaster for that country?,Pristina,"Answer: Sarajevo Confidence: 0.8  
Answer: Banja Luka Confidence: 0.1  
Answer: Mostar Confidence: 0.05  
Answer: Tuzla Confidence: 0.03  
Answer: Zenica Confidence: 0.02",Sarajevo,0.8,0.0,0,0
153,3hop1__374018_160713_77246,What is the meaning of the word that is also the majority religion in India when the country where Dubbi is located was created in the Arabic dictionary?,the country of India,"Answer: Hinduism Confidence: 0.8  
Answer: Islam Confidence: 0.1  
Answer: Buddhism Confidence: 0.05  
Answer: Sikhism Confidence: 0.03  
Answer: Jainism Confidence: 0.02",Hinduism,0.8,0.0,0,0
154,2hop__268084_78303,"What was the name of the star of Forced Vengeance in Walter, Texas Ranger?",Cordell Walker,"Answer: Chuck Norris Confidence: 0.9  
Answer: Lee Van Cleef Confidence: 0.1  
Answer: Steven Seagal Confidence: 0.05  
Answer: Bruce Lee Confidence: 0.01  
Answer: Jean-Claude Van Damme Confidence: 0.01",Chuck Norris,0.9,0.0,0,0
155,4hop3__661103_698586_1926_54362,Who burned down the city where Dunn Dunn's artist died in the war after which black people declined living in NYC?,Confederate Gen. John Bell Hood,"Answer: Draft Riots  Confidence: 0.7  
Answer: 1863  Confidence: 0.6  
Answer: Civil War  Confidence: 0.5  
Answer: Anti-draft protests  Confidence: 0.4  
Answer: New York City  Confidence: 0.3",Draft Riots,0.7,0.0,0,0
156,4hop3__373573_132409_146285_35031,Where does the city where Alexander Golitzen died rank in the top five largest urban areas of the state where Still Swingin's performers were formed?,third-largest,"Answer: San Diego  Confidence: 0.7  
Answer: Los Angeles  Confidence: 0.2  
Answer: San Francisco  Confidence: 0.1  
Answer: Sacramento  Confidence: 0.0  
Answer: Fresno  Confidence: 0.0",San Diego,0.7,0.0,0,1
157,3hop1__104996_160713_77246,What is the meaning of the word that is also a majority religion in the area that became India when the country that release Ankahi was created in Arabic dictionary?,the country of India,"Answer: Hinduism  Confidence: 0.8  
Answer: Islam  Confidence: 0.6  
Answer: Jainism  Confidence: 0.5  
Answer: Sikhism  Confidence: 0.4  
Answer: Buddhism  Confidence: 0.3",Hinduism,0.8,0.0,0,0
158,2hop__10017_18974,Who led the military expedition in the province that borders Zhejiang to the south?,Chen Zheng,"Answer: Zhang Fei  Confidence: 0.3  
Answer: Sun Quan  Confidence: 0.4  
Answer: Lu Meng  Confidence: 0.2  
Answer: Cao Cao  Confidence: 0.1  
Answer: Wu Zixu  Confidence: 0.1",Sun Quan,0.4,0.0,0,0
159,3hop1__120881_2053_52946,"When is Celebrity Big Brother coming to the network which, along with ABC and the network which released Stand Against Fear, is the other major broadcaster based in NY?","February 7, 2018","Answer: CBS  Confidence: 0.9  
Answer: January 2024  Confidence: 0.7  
Answer: Fall 2024  Confidence: 0.5  
Answer: Summer 2024  Confidence: 0.3  
Answer: Spring 2024  Confidence: 0.4",CBS,0.9,0.0,0,0
160,2hop__735014_83837,"Who sings Home Alone Tonight with the singer of ""I Don't Want This Night to End""?",Karen Fairchild,"Answer: Blake Shelton Confidence: 0.9  
Answer: Gwen Stefani Confidence: 0.2  
Answer: Luke Bryan Confidence: 0.1  
Answer: Darius Rucker Confidence: 0.05  
Answer: Thomas Rhett Confidence: 0.05",Blake Shelton,0.9,0.0,0,0
161,2hop__596188_297986,What administrative territorial entity contains the place where Mycenae House is located?,Royal Borough of Greenwich,"Answer: Greece  Confidence: 0.9  
Answer: Argolis  Confidence: 0.8  
Answer: Peloponnese  Confidence: 0.7  
Answer: Corinthia  Confidence: 0.6  
Answer: Athens  Confidence: 0.5",Greece,0.9,0.0,0,0
162,4hop3__700962_88460_30152_20999,How were the same people who the Somali Muslim Ajuran Empire declared independence from expelled from the natural boundary between Thailand and the country where Ban Pakpo is found?,The dynasty regrouped and defeated the Portuguese,"Answer: Malay Peninsula. Confidence: 0.7  
Answer: Thai forces. Confidence: 0.6  
Answer: British colonial rule. Confidence: 0.5  
Answer: Conflict with Muslims. Confidence: 0.4  
Answer: Ethnic tensions. Confidence: 0.3",Malay Peninsula.,0.7,0.0,0,0
163,3hop1__145427_106426_157788,What is one railway line in the country the produced The Longest Night in the city where You Wenhui was born?,Yamanote Line loop,"Answer: MTR East Rail Line Confidence: 0.7  
Answer: KTX Confidence: 0.6  
Answer: Beijing-Shanghai High-Speed Railway Confidence: 0.5  
Answer: Trans-Siberian Railway Confidence: 0.4  
Answer: HSR in Taiwan Confidence: 0.3",MTR East Rail Line,0.7,0.28571428571428575,0,0
164,2hop__857493_17335,When did the spouse of Parysatis II die?,323 BC,"Answer: 401 BC Confidence: 0.8  
Answer: 403 BC Confidence: 0.6  
Answer: 402 BC Confidence: 0.5  
Answer: 400 BC Confidence: 0.4  
Answer: 404 BC Confidence: 0.3",401 BC,0.8,0.5,0,0
165,2hop__123104_77615,When did the military instruction start in the university that Paulo Manalo attended?,1912,"Answer: 1966 Confidence: 0.7  
Answer: 1971 Confidence: 0.5  
Answer: 1950s Confidence: 0.4  
Answer: 1980 Confidence: 0.3  
Answer: 1976 Confidence: 0.2",1966,0.7,0.0,0,0
166,4hop2__9988_685934_70784_61381,"When was the country established that lies north of the region that prevailed with the disgrace of the ""Near East"" and the body of water containing The World islands?",1932,"Answer: 1971 Confidence: 0.9  
Answer: 1970 Confidence: 0.7  
Answer: 1972 Confidence: 0.6  
Answer: 1965 Confidence: 0.5  
Answer: 1980 Confidence: 0.4",1971,0.9,0.0,0,0
167,2hop__788087_150107,Who published the Communication of the association that Deborah Estrin is a member of?,Association for Computing Machinery,"Answer: ACM  Confidence: 0.9  
Answer: IEEE  Confidence: 0.7  
Answer: SIGCOMM  Confidence: 0.6  
Answer: IEEE Computer Society  Confidence: 0.5  
Answer: AAAI  Confidence: 0.4",ACM,0.9,0.0,0,1
168,4hop1__73810_32392_823060_610794,In what county is located the city that shares a border with the capital of the state that won the 2017 NCAA Basketball Tournament?,Richland County,"Answer: Lawrence County Confidence: 0.7  
Answer: Fayette County Confidence: 0.2  
Answer: Durham County Confidence: 0.1  
Answer: Cook County Confidence: 0.1  
Answer: Franklin County Confidence: 0.1",Lawrence County,0.7,0.5,0,0
169,4hop1__749065_698949_157828_239539,"Where are the headquarters of the Radio Television, of the country whose co-official language was used in the film named after the city where Slavko Šurdonja?",Pristina,"Answer: Andorra la Vella  Confidence: 0.8  
Answer: Andorra  Confidence: 0.7  
Answer: RTVA  Confidence: 0.6  
Answer: Andorran headquarters  Confidence: 0.5  
Answer: Spain  Confidence: 0.4",Andorra la Vella,0.8,0.0,0,0
170,3hop1__222380_443779_52195,Who is the president of the newly declared independent country that is part of the Commission of Truth and Friendship with the country where Buru is located?,Francisco Guterres,"Answer: East Timor President. Confidence: 0.7  
Answer: Fretilin leader. Confidence: 0.6  
Answer: José Ramos-Horta. Confidence: 0.5  
Answer: Xanana Gusmão. Confidence: 0.4  
Answer: Independence leader. Confidence: 0.3",East Timor President.,0.7,0.0,0,1
171,2hop__530579_13529,When was the father of Diego Sinagra signed by Barcelona?,June 1982,"Answer: 1982 Confidence: 0.9  
Answer: 1981 Confidence: 0.7  
Answer: 1983 Confidence: 0.6  
Answer: 1980 Confidence: 0.5  
Answer: 1979 Confidence: 0.4",1982,0.9,0.6666666666666666,0,1
172,4hop2__161602_426860_88460_20988,What major conflict is the country between the country that hosted the tournament and the country where That Dam is from known for?,one of the world's longest-running ongoing civil wars.,"Answer: Vietnam War. Confidence: 0.8  
Answer: Gulf War. Confidence: 0.5  
Answer: Korean War. Confidence: 0.4  
Answer: World War II. Confidence: 0.3  
Answer: Sino-Vietnamese War. Confidence: 0.3",Vietnam War.,0.8,0.0,0,0
173,3hop1__622497_160088_49779,Who is the host of Who Wants to be a Millionaire in the country that the producer of The Wild Women of Chastity Gulch is from?,Chris Harrison,"Answer: Chris Tarrant Confidence: 0.7  
Answer: Jeremy Clarkson Confidence: 0.2  
Answer: Regis Philbin Confidence: 0.1  
Answer: Hugh Jackman Confidence: 0.0  
Answer: Graham Norton Confidence: 0.0",Chris Tarrant,0.7,0.5,0,0
174,2hop__14_59409,Who was Beyonce's husband talking about in the the song Cry?,three different relationships he had in the past,"Answer: Jay-Z  Confidence: 0.9  
Answer: Love interest Confidence: 0.7  
Answer: Relationship struggles Confidence: 0.6  
Answer: A friend Confidence: 0.5  
Answer: No one specific Confidence: 0.4",Jay-Z,0.9,0.0,0,0
175,4hop1__51465_53706_795904_580996,What shares a border with the city where the person who went to the state where most billionaires in America live during the gold rush works?,Rio Linda,"Answer: Nevada Confidence: 0.8  
Answer: California Confidence: 0.7  
Answer: Oregon Confidence: 0.5  
Answer: Utah Confidence: 0.4  
Answer: Idaho Confidence: 0.3",Nevada,0.8,0.0,0,0
176,2hop__5658_25002,How long did the pact last between Kravchuk and the person who signed the decree suspending the Communist Party of the Russian SFSR?,10-year,"Answer: 5 days Confidence: 0.9  
Answer: 3 days Confidence: 0.7  
Answer: 1 week Confidence: 0.6  
Answer: 10 days Confidence: 0.5  
Answer: 2 weeks Confidence: 0.4",5 days,0.9,0.0,0,0
177,2hop__66167_88526,Who was picked before the player who has the most points in an NBA season in the NBA draft?,Greg Oden,"Answer: Kareem Abdul-Jabbar  Confidence: 0.9  
Answer: Wilt Chamberlain  Confidence: 0.8  
Answer: Bill Russell  Confidence: 0.7  
Answer: Michael Jordan  Confidence: 0.6  
Answer: Shaquille O'Neal  Confidence: 0.5",Kareem Abdul-Jabbar,0.9,0.0,0,0
178,2hop__485221_544917,What body of water includes the terrain feature where Coffee Swamp is located?,Lake Superior,"Answer: Great Sandy Strait Confidence: 0.7  
Answer: Coral Sea Confidence: 0.6  
Answer: Pacific Ocean Confidence: 0.5  
Answer: Mary River Confidence: 0.4  
Answer: Moreton Bay Confidence: 0.3",Great Sandy Strait,0.7,0.0,0,0
179,3hop1__622497_160088_73916,What is the average yearly income for someone with the same nationality as the producer of The Wild Women of Chastity Gulch?,"$72,641","Answer: $60,000 Confidence: 0.7  
Answer: $50,000 Confidence: 0.6  
Answer: $70,000 Confidence: 0.5  
Answer: $40,000 Confidence: 0.4  
Answer: $55,000 Confidence: 0.5","$60,000",0.7,0.0,0,0
180,2hop__35566_17873,What happened to Buckingham after the departure of the queen who Martha Ann Ricks presented the famed Liberian coffee tree to?,"palace was seldom used, even neglected","Answer: He lost power. Confidence: 0.8  
Answer: He faced exile. Confidence: 0.6  
Answer: He was assassinated. Confidence: 0.5  
Answer: He became estranged. Confidence: 0.4  
Answer: He retreated from politics. Confidence: 0.3",He lost power.,0.8,0.0,0,0
181,3hop2__326964_263934_7713,How long had the place of birth of Tang Jinhua been the capital city of the Yaxing Coach headquarters location?,about 400 years,"Answer: 0 years Confidence: 0.9  
Answer: 1 year Confidence: 0.7  
Answer: 2 years Confidence: 0.6  
Answer: 5 years Confidence: 0.5  
Answer: 10 years Confidence: 0.4",0 years,0.9,0.4,0,0
182,3hop1__145427_106426_77199,When did the USA declare war on the country that produced The Longest Night in the city where You Wenhui was born?,"December 8, 1941","Answer: 1941 Japan City: Nanjing Confidence: 0.7  
Answer: 1941 Japan City: Shanghai Confidence: 0.6  
Answer: 1941 Japan City: Beijing Confidence: 0.5  
Answer: 1941 Japan City: Hangzhou Confidence: 0.4  
Answer: 1941 Japan City: Suzhou Confidence: 0.3",1941 Japan City: Nanjing,0.7,0.28571428571428575,0,0
183,4hop2__71753_729371_70784_61381,When was the region immediately north of the region home to Israel and the location of Operation Earnest Will established?,1932,"Answer: 1987 Confidence: 0.8  
Answer: 1988 Confidence: 0.7  
Answer: 1989 Confidence: 0.6  
Answer: 1985 Confidence: 0.5  
Answer: 1986 Confidence: 0.4",1987,0.8,0.0,0,0
184,2hop__13539_13493,"In 2009, what series of wins did the team who won the first match in the 1943 Copa del Generalissimo achieve?",continental treble,"Answer: Barcelona victories Confidence: 0.8  
Answer: Copa del Rey victories Confidence: 0.6  
Answer: League titles Confidence: 0.5  
Answer: European competitions wins Confidence: 0.4  
Answer: Domestic cup wins Confidence: 0.3",Barcelona victories,0.8,0.0,0,0
185,3hop1__796649_720914_27537,Why did Roncalli leave the city where the creator of Flora died?,for the conclave in Rome,"Answer: Vatican City. Confidence: 0.8  
Answer: Rome. Confidence: 0.7  
Answer: Italy. Confidence: 0.5  
Answer: Spiritual reasons. Confidence: 0.4  
Answer: Political reasons. Confidence: 0.3",Vatican City.,0.8,0.0,0,0
186,2hop__9285_42311,What's the largest med school in what was the nobilities commonwealth?,Medical University of Warsaw,"Answer: University of Warsaw Medical Faculty Confidence: 0.8  
Answer: Medical University of Gdansk Confidence: 0.7  
Answer: Jagiellonian University Medical College Confidence: 0.6  
Answer: Poznan University of Medical Sciences Confidence: 0.5  
Answer: Medical University of Lublin Confidence: 0.4",University of Warsaw Medical Faculty,0.8,0.888888888888889,0,0
187,4hop1__9007_698949_157828_239539,The original language of the film titled and about the city of Tito's final resting place is the co-official language of a country. Where are the headquarters for that country's national radio and TV broadcaster?,Pristina,"Answer: Ljubljana Confidence: 0.9  
Answer: Zagreb Confidence: 0.7  
Answer: Sarajevo Confidence: 0.5  
Answer: Belgrade Confidence: 0.4  
Answer: Podgorica Confidence: 0.3",Ljubljana,0.9,0.0,0,0
188,2hop__497191_129669,In which district was Alhandra born?,Lisbon District,"Answer: Vila Franca de Xira Confidence: 0.8  
Answer: Lisbon District Confidence: 0.7  
Answer: Alenquer Confidence: 0.4  
Answer: Santarém Confidence: 0.3  
Answer: Oeiras Confidence: 0.2",Vila Franca de Xira,0.8,0.0,0,1
189,3hop1__131110_39743_24526,"In the state that includes Walnut Spring, what's the typical winter daytime temperature range in the region of Richmond?",upper 40s–lower 50s °F,"Answer: Texas  Confidence: 0.8  
Answer: 40-60°F  Confidence: 0.7  
Answer: 50-70°F  Confidence: 0.6  
Answer: Richmond, TX  Confidence: 0.5  
Answer: Mild weather  Confidence: 0.4",Texas,0.8,0.0,0,0
190,3hop1__9285_5188_23307,"What month did the Tripartite discussions begin between Britain, France, and the country where, despite being headquartered in the nation called the nobilities commonwealth, the top-ranking Warsaw Pact operatives originated?",mid-June,"Answer: May 1955 Confidence: 0.7  
Answer: June 1955 Confidence: 0.2  
Answer: April 1955 Confidence: 0.1  
Answer: July 1955 Confidence: 0.0  
Answer: August 1955 Confidence: 0.0",May 1955,0.7,0.0,0,0
191,2hop__16844_42173,When was the ruler that was dissolved after the Indian Rebellion of 1857 established?,1599,"Answer: Mughal Empire 1526 Confidence: 0.8  
Answer: Mughal Dynasty 1526 Confidence: 0.7  
Answer: British Raj 1858 Confidence: 0.6  
Answer: Last Mughal Emperor 1837 Confidence: 0.5  
Answer: Indian Empire 1556 Confidence: 0.4",Mughal Empire 1526,0.8,0.0,0,0
192,3hop1__671542_665330_47686,Where do greyhound buses leave from in the city where the performer of Darlings formed?,Toronto Coach Terminal,"Answer: Boston Confidence: 0.8  
Answer: New York City Confidence: 0.7  
Answer: Los Angeles Confidence: 0.6  
Answer: Chicago Confidence: 0.5  
Answer: San Francisco Confidence: 0.4",Boston,0.8,0.0,0,0
193,3hop1__672543_503371_21711,"When was the Palau de la Generalitat built in the place of death of Martin, of the region containing Piedratajada?",built in the 15th century,"Answer: 14th century Confidence: 0.7  
Answer: 1400s Confidence: 0.6  
Answer: 1300s Confidence: 0.5  
Answer: 1417 Confidence: 0.4  
Answer: Early 15th century Confidence: 0.5",14th century,0.7,0.3333333333333333,0,0
194,4hop2__161602_426860_88460_21062,Are there any cruise travel destinations for the country lying between the country hosting the tournament and the country having That Dam?,It is not possible for foreigners to go to/from Myanmar by sea or river.,"Answer: Laos. Confidence: 0.8  
Answer: Vientiane. Confidence: 0.5  
Answer: Mekong River. Confidence: 0.6  
Answer: Southeast Asia. Confidence: 0.7  
Answer: Thailand. Confidence: 0.4",Laos.,0.8,0.0,0,0
195,3hop1__404541_629431_124169,When did the Governorship end of the city where the author of Paenitentiam Agere died?,1952,"Answer: 1992 Confidence: 0.7  
Answer: 1993 Confidence: 0.2  
Answer: 1989 Confidence: 0.1  
Answer: 1991 Confidence: 0.1  
Answer: 1994 Confidence: 0.0",1992,0.7,0.0,0,0
196,2hop__648648_173389,The city which contains Broadhurst Park shares a border with what town?,Middleton,"Answer: Loughborough Junction  Confidence: 0.8  
Answer: Brixton  Confidence: 0.7  
Answer: Herne Hill  Confidence: 0.6  
Answer: Streatham  Confidence: 0.5  
Answer: Dulwich  Confidence: 0.4",Loughborough Junction,0.8,0.0,0,0
197,2hop__32441_522949,Who is the spouse of the other president Jenkins Orphanage played for that wasn't Taft?,Edith Roosevelt,"Answer: Woodrow Wilson  Confidence: 0.8  
Answer: Warren Harding  Confidence: 0.6  
Answer: Calvin Coolidge  Confidence: 0.5  
Answer: Franklin D. Roosevelt  Confidence: 0.4  
Answer: Theodore Roosevelt  Confidence: 0.3",Woodrow Wilson,0.8,0.0,0,0
198,3hop1__662413_42197_18397,Where did the arguer that Kirill Eskov's country of citizenship had become an imperialist power declare he would intervene in the Korean conflict?,the Politburo,"Answer: Korea Confidence: 0.8  
Answer: Asia Confidence: 0.6  
Answer: Soviet Union Confidence: 0.5  
Answer: Northeast Asia Confidence: 0.4  
Answer: Manchuria Confidence: 0.3",Korea,0.8,0.0,0,0
199,3hop1__140855_2053_52946,"When is Celebrity Big Brother coming to the network that, along with the original network of Then Came Bronson and ABC, is based in New York?","February 7, 2018","Answer: CBS Fall 2024 Confidence: 0.7  
Answer: CBS Summer 2024 Confidence: 0.6  
Answer: CBS Winter 2024 Confidence: 0.5  
Answer: CBS Spring 2024 Confidence: 0.4  
Answer: CBS Fall 2023 Confidence: 0.3",CBS Fall 2024,0.7,0.0,0,0
200,2hop__93230_319887,What institute did the actor playing the voice of John Smith in Pocahontas attend?,National Institute of Dramatic Art,"Answer: Kelsey Grammer College of Marine Arts Confidence: 0.2  
Answer: University of California, Los Angeles (UCLA) Confidence: 0.4  
Answer: Juilliard School Confidence: 0.3  
Answer: Stanford University Confidence: 0.1  
Answer: Harvard University Confidence: 0.0","University of California, Los Angeles (UCLA)",0.4,0.1818181818181818,0,0
201,4hop3__323121_88460_30152_20999,How were people from whom new coins were a proclamation of independence by the Somali Muslim Ajuran Empire expelled from the natural boundary between Thailand and A Magne's country?,The dynasty regrouped and defeated the Portuguese,"Answer: Conflict and warfare. Confidence: 0.6  
Answer: Political annexation. Confidence: 0.5  
Answer: Trade disruption. Confidence: 0.4  
Answer: Diplomatic maneuvers. Confidence: 0.3  
Answer: Cultural assimilation. Confidence: 0.2",Conflict and warfare.,0.6,0.25,0,0
202,2hop__517145_367341,Who is the child of the cast member of Green Ice?,Tatum O'Neal,"Answer: John McLiam's child Confidence: 0.7  
Answer: Linda Evans' child Confidence: 0.6  
Answer: John Saxon's child Confidence: 0.5  
Answer: An actor's child Confidence: 0.4  
Answer: Not specified Confidence: 0.3",John McLiam's child,0.7,0.0,0,0
203,2hop__29893_29898,Which affiliate left the company that owns and operates most of the CBC television stations due to an agreement with CHBC?,CFJC-TV in Kamloops,"Answer: Global Television Network  
Confidence: 0.8  
Answer: Corus Entertainment  
Confidence: 0.7  
Answer: Bell Media  
Confidence: 0.5  
Answer: Rogers Communications  
Confidence: 0.4  
Answer: CTV  
Confidence: 0.3",Global Television Network,0.8,0.0,0,0
204,3hop1__109422_720914_27537,Why did Roncalli leave the place of death of The Punishment of Tythus' creator?,for the conclave in Rome,"Answer: Disagreement with creators. Confidence: 0.6  
Answer: Search for inspiration. Confidence: 0.5  
Answer: Political reasons. Confidence: 0.4  
Answer: Personal crisis. Confidence: 0.4  
Answer: Artistic differences. Confidence: 0.3",Disagreement with creators.,0.6,0.0,0,0
205,4hop1__145422_698949_157828_162309,"When did the country, that has the original language of the film named after Vladimir Karalić's birthplace as a co-official language, first attend the Olympics as an independent team?",2016,"Answer: 1992 Confidence: 0.9  
Answer: 1994 Confidence: 0.05  
Answer: 1988 Confidence: 0.03  
Answer: 2000 Confidence: 0.01  
Answer: 1960 Confidence: 0.01",1992,0.9,0.0,0,0
206,2hop__754021_20057,Who started the organization that founded Defective by Design?,Richard Stallman,"Answer: Eben Moglen  Confidence: 0.9 
Answer: Free Software Foundation  Confidence: 0.8 
Answer: Richard Stallman  Confidence: 0.7 
Answer: Creative Commons  Confidence: 0.5 
Answer: Open Source Initiative  Confidence: 0.4",Eben Moglen,0.9,0.0,0,0
207,2hop__29191_59955,What country is between Lithuania and Frederic Chopin's home country?,Kaliningrad Oblast,"Answer: Poland  Confidence: 0.9  
Answer: Belarus  Confidence: 0.6  
Answer: Latvia  Confidence: 0.5  
Answer: Ukraine  Confidence: 0.4  
Answer: Estonia  Confidence: 0.3",Poland,0.9,0.0,0,0
208,2hop__35989_623159,In what oblast is the oldest city in the northeast located?,Yaroslavl Oblast,"Answer: Kharkiv Oblast Confidence: 0.8  
Answer: Sumy Oblast Confidence: 0.15  
Answer: Luhansk Oblast Confidence: 0.05  
Answer: Poltava Oblast Confidence: 0.02  
Answer: Donetsk Oblast Confidence: 0.02",Kharkiv Oblast,0.8,0.5,0,0
209,2hop__62823_654855,"What political party was the candidate who garnered a million votes during the 1920 election despite being in prison, a member of?",Socialist Party of America,"Answer: Socialist Party Confidence: 0.9  
Answer: Democrats Confidence: 0.1  
Answer: Republicans Confidence: 0.0  
Answer: Independents Confidence: 0.0  
Answer: Green Party Confidence: 0.0",Socialist Party,0.9,0.6666666666666666,0,1
210,2hop__839126_472799,Which competition did the performer of Cadore 33 participated?,Eurovision Song Contest 1991,"Answer: Eurovision Song Contest 2023. Confidence: 0.8  
Answer: Festival della Canzone Italiana. Confidence: 0.7  
Answer: Sanremo Music Festival. Confidence: 0.6  
Answer: X Factor Italy. Confidence: 0.5  
Answer: Vota la voce. Confidence: 0.4",Eurovision Song Contest 2023.,0.8,0.75,0,0
211,3hop1__857_846_7701,When did the city where the Yongle emperor greeted the person to whom the edict was addressed become the Chinese national capital?,Jin dynasty,"Answer: 1421 Confidence: 0.9  
Answer: Beijing Confidence: 0.85  
Answer: Ming dynasty Confidence: 0.8  
Answer: 1368 Confidence: 0.7  
Answer: 1912 Confidence: 0.6",1421,0.9,0.0,0,0
212,3hop1__497845_629431_64412,When did the place where the author of Princeps Pastorum died become its own country?,11 February 1929,"Answer: Vatican City 1929 Confidence: 0.95  
Answer: Papal States 1861 Confidence: 0.85  
Answer: Italy 1861 Confidence: 0.70  
Answer: Vatican City 1984 Confidence: 0.60  
Answer: Vatican 1870 Confidence: 0.50",Vatican City 1929,0.95,0.3333333333333333,0,1
213,2hop__556426_9237,When did the first mosque open where Air Marshall Islands is headquartered?,September 2012,"Answer: 1984 Confidence: 0.6  
Answer: 1992 Confidence: 0.5  
Answer: 1990 Confidence: 0.4  
Answer: 1975 Confidence: 0.3  
Answer: 2000 Confidence: 0.2",1984,0.6,0.0,0,0
214,4hop1__31333_59747_211319_557671,Which county shares a border with the county where the most populous city in the other state that sent Tennessee the most tourists in 2013 is located?,Presque Isle County,"Answer: Arkansas Confidence: 0.7  
Answer: Georgia Confidence: 0.5  
Answer: Mississippi Confidence: 0.6  
Answer: Kentucky Confidence: 0.4  
Answer: North Carolina Confidence: 0.3",Arkansas,0.7,0.0,0,0
215,2hop__593866_80026,"In Willy Wonka and the Chocolate Factory, who played the character that the group who performs MMXIV was named after?",Julie Dawn Cole,"Answer: Gene Wilder Confidence: 0.9  
Answer: Willy Wonka Confidence: 0.8  
Answer: Charlie Bucket Confidence: 0.5  
Answer: Augustus Gloop Confidence: 0.4  
Answer: Veruca Salt Confidence: 0.3",Gene Wilder,0.9,0.0,0,0
216,3hop1__857_846_7795,"In 2011, what was the estimated population of the city where the Yongle emperor greeted the person to whom the edict was addressed?",8.11 million,"Answer: Beijing  Confidence: 0.9  
Answer: 20 million  Confidence: 0.7  
Answer: 18 million  Confidence: 0.6  
Answer: 12 million  Confidence: 0.5  
Answer: 15 million  Confidence: 0.4",Beijing,0.9,0.0,0,0
217,3hop1__469478_15840_36002,What were the Genesis's advantages over the platform that plays Sunman?,built on 16-bit architectures and offered improved graphics and sound,"Answer: Graphics quality. Confidence: 0.8  
Answer: Sound capabilities. Confidence: 0.7  
Answer: Game library. Confidence: 0.75  
Answer: Performance speed. Confidence: 0.65  
Answer: User interface. Confidence: 0.6",Graphics quality.,0.8,0.16666666666666669,0,0
218,2hop__747306_72813,"In The Wire, who is played by the Go for Broke cast member?",a Western District uniformed officer,"Answer: Bubbles Confidence: 0.8  
Answer: Kima Greggs Confidence: 0.6  
Answer: Weebay Confidence: 0.5  
Answer: Ziggy Sobotka Confidence: 0.4  
Answer: Stringer Bell Confidence: 0.3",Bubbles,0.8,0.0,0,0
219,4hop1__58323_375563_161848_53331,When was the death penalty abolished in the country near the country where the writer of The Book Thief is a citizen of?,1989,"Answer: 1949  Confidence: 0.7  
Answer: 2008  Confidence: 0.6  
Answer: 1972  Confidence: 0.5  
Answer: 1981  Confidence: 0.4  
Answer: 1965  Confidence: 0.3",1949,0.7,0.0,0,0
220,2hop__283298_22402,How many students attend the university employing Marie Theres Fögen?,"nearly 25,000","Answer: 7000  Confidence: 0.6  
Answer: 10000  Confidence: 0.5  
Answer: 5000  Confidence: 0.4  
Answer: 12000  Confidence: 0.3  
Answer: 8000  Confidence: 0.4",7000,0.6,0.0,0,0
221,2hop__998_25855,What does dell call the feature letting the interface replacing FireWire in later iterations of the iPod drives to remain powered when the computer is off?,PowerShare,"Answer: PowerBook Connectivity Confidence: 0.6  
Answer: PowerShare Confidence: 0.5  
Answer: SmartPower Confidence: 0.4  
Answer: PowerNap Confidence: 0.3  
Answer: Sleek Power Support Confidence: 0.2",PowerBook Connectivity,0.6,0.0,0,0
222,3hop1__408237_400692_51423,What is the name of the castle in the birthplace of Harmony's performer?,Casa Loma,"Answer: Burg Kreuzenstein  Confidence: 0.7  
Answer: Castle of Korneuburg  Confidence: 0.6  
Answer: Kreuzenstein Castle  Confidence: 0.8  
Answer: Burg Kreuzenstein Castle  Confidence: 0.5  
Answer: Vienna Castle  Confidence: 0.4",Kreuzenstein Castle,0.8,0.0,0,0
223,2hop__72487_510545,Who is the spouse of the actor that plays vision in avengers age of ultron?,Jennifer Connelly,"Answer: Elizabeth Olsen  Confidence: 0.9  
Answer: Paul Bettany  Confidence: 0.8  
Answer: Jennifer Connelly  Confidence: 0.6  
Answer: Tom Hiddleston  Confidence: 0.4  
Answer: Scarlett Johansson  Confidence: 0.3",Elizabeth Olsen,0.9,0.0,0,0
224,3hop1__351696_42197_18397,Where did the person who argued that the country where Ural Oblast is located had become an imperialist power declare he would intervene in the Korean conflict?,the Politburo,"Answer: Korea Confidence: 0.7  
Answer: Ural Oblast Confidence: 0.5  
Answer: Russia Confidence: 0.6  
Answer: Soviet Union Confidence: 0.8  
Answer: Asia Confidence: 0.4",Soviet Union,0.8,0.0,0,0
225,3hop1__579562_629431_124169,What year did the Governor of the city where Pacem in Terris' author died end?,1952,"Answer: 1964 Confidence: 0.9  
Answer: 1963 Confidence: 0.1  
Answer: 1970 Confidence: 0.05  
Answer: 1961 Confidence: 0.02  
Answer: 1962 Confidence: 0.01",1964,0.9,0.0,0,0
226,4hop1__161765_53706_795904_580996,What city shares a border with the city where the person who went to the state where Englebart died during the gold rush works?,Rio Linda,"Answer: San Francisco  
Confidence: 0.7  
Answer: Portland  
Confidence: 0.5  
Answer: Sacramento  
Confidence: 0.6  
Answer: Los Angeles  
Confidence: 0.4  
Answer: Seattle  
Confidence: 0.3",San Francisco,0.7,0.0,0,0
227,2hop__71294_494136,Who is the spouse of the actor who plays the father on I Can Only Imagine?,Meg Ryan,"Answer: J. Michael Finley  Confidence: 0.7  
Answer: Tori Finley Confidence: 0.6  
Answer: Unknown Confidence: 0.4  
Answer: Unmarried Confidence: 0.3  
Answer: Actor’s friend Confidence: 0.2",J. Michael Finley,0.7,0.0,0,0
228,2hop__657913_88628,Who did the producer of Big Jim McLain play in True Grit?,U.S. Marshal Rooster Cogburn,"Answer: John Wayne Confidence: 0.9  
Answer: Rooster Cogburn Confidence: 0.9  
Answer: US Marshal Confidence: 0.8  
Answer: Cogburn Confidence: 0.7  
Answer: James ""Big Jim"" McLain Confidence: 0.5",John Wayne,0.9,0.0,0,1
229,2hop__699172_141338,What company is the school where Lawrence Landweber was educated a part of?,City University of New York,"Answer: University of Wisconsin-Madison  
Confidence: 0.9  
Answer: University of Wisconsin  
Confidence: 0.8  
Answer: Wisconsin school system  
Confidence: 0.6  
Answer: UW System  
Confidence: 0.7  
Answer: Big Ten Conference  
Confidence: 0.5",University of Wisconsin-Madison,0.9,0.5,0,0
230,2hop__613779_55984,"Who wrote the song ""The Story"" that is sung by the performer of ""That Wasn't Me""?",Phil Hanseroth,"Answer: Brandi Carlile Confidence: 0.9  
Answer: Dave Barnes Confidence: 0.5  
Answer: Jason Mraz Confidence: 0.4  
Answer: Taylor Swift Confidence: 0.3  
Answer: Sara Bareilles Confidence: 0.2",Brandi Carlile,0.9,0.0,0,0
231,2hop__747667_52835,Who wrote Turn Me On by the Thinking About You performer?,John D. Loudermilk,"Answer: David Guetta  
Confidence: 0.9  
Answer: Sia  
Confidence: 0.8  
Answer: Nicki Minaj  
Confidence: 0.5  
Answer: Calvin Harris  
Confidence: 0.6  
Answer: Jessie Ware  
Confidence: 0.4",David Guetta,0.9,0.0,0,0
232,3hop1__604797_443779_52195,who is the president of newly declared independent country which is the country of the country of Alabio –Timor Leste Commission of Truth and Friendship?,Francisco Guterres,"Answer: Falintil-Forças de Defesa de Timor-Leste (F-FDTL) President: Xanana Gusmão. Confidence: 0.6  
Answer: East Timor President: Francisco Guterres. Confidence: 0.7  
Answer: Republic of Timor-Leste President: Taur Matan Ruak. Confidence: 0.5  
Answer: Timor-Leste President. Confidence: 0.6  
Answer: Xanana Gusmão. Confidence: 0.4",East Timor President: Francisco Guterres.,0.7,0.5714285714285715,0,1
233,3hop2__802066_223623_162182,"In what region of the country where Châu Đức is found, is the birthplace of John Phan?",South Central Coast,"Answer: Vietnam  Confidence: 0.8  
Answer: Southeast Asia  Confidence: 0.7  
Answer: Southern Vietnam  Confidence: 0.6  
Answer: Ba Ria-Vung Tau  Confidence: 0.5  
Answer: Châu Đức District  Confidence: 0.4",Vietnam,0.8,0.0,0,0
234,4hop1__236903_153080_159767_81096,Who won the Indy Car Race in the largest city and state of the state where the performer of East Coasting is from?,Mario Andretti,"Answer: Scott Dixon Confidence: 0.7  
Answer: Will Power Confidence: 0.6  
Answer: Josef Newgarden Confidence: 0.5  
Answer: Marco Andretti Confidence: 0.4  
Answer: Simon Pagenaud Confidence: 0.3",Scott Dixon,0.7,0.0,0,0
235,2hop__2683_577502,Who married the governor who passed a law in honor of Donda West?,Maria Shriver,"Answer: Kim Kardashian. Confidence: 0.8  
Answer: Kanye West. Confidence: 0.7  
Answer: Richard Daily. Confidence: 0.4  
Answer: J.B. Pritzker. Confidence: 0.6  
Answer: None. Confidence: 0.3",Kim Kardashian.,0.8,0.0,0,0
236,3hop2__304722_781203_63959,When was the last time the team who Bernard Lowe was a member of beat the winner of the 1894-95 FA Cup?,1 December 2010,"Answer: 1905 FA Cup Final Confidence: 0.8  
Answer: 1907 Confidence: 0.6  
Answer: 1903 Confidence: 0.5  
Answer: 1899 Confidence: 0.4  
Answer: 1912 Confidence: 0.3",1905 FA Cup Final,0.8,0.0,0,0
237,3hop2__49541_121067_51068,The queen of england in 1890 is portrayed on the network that broadcast The Pacific Century by whom?,Jenna - Louise Coleman,"Answer: BBC  Confidence: 0.8  
Answer: ITV  Confidence: 0.1  
Answer: Channel 4  Confidence: 0.05  
Answer: ABC  Confidence: 0.03  
Answer: Sky  Confidence: 0.02",BBC,0.8,0.0,0,0
238,2hop__55552_158105,What two features of Windows 98 were highlighted by the man who announced Windows in 1983?,ease of use and enhanced support for Plug and Play,"Answer: Plug and Play, Long File Names. Confidence: 0.9  
Answer: User Interface, Multitasking. Confidence: 0.8  
Answer: Internet Browser, Enhanced Graphics. Confidence: 0.7  
Answer: Compatible Software, Network Support. Confidence: 0.6  
Answer: File Compression, System Recovery. Confidence: 0.5","Plug and Play, Long File Names.",0.9,0.37499999999999994,0,0
239,2hop__124933_653666,Who is the mother of the father of Julia Murdock Smith?,Lucy Mack Smith,"Answer: Murdock Smith's mother Confidence: 0.6  
Answer: Julia's grandmother Confidence: 0.7  
Answer: Unknown Confidence: 0.5  
Answer: Julia's paternal grandmother Confidence: 0.4  
Answer: Mother of Murdock Smith Confidence: 0.5",Julia's grandmother,0.7,0.0,0,1
240,2hop__848156_130869,What state contains the place where Fatata te Miti is displayed?,"Washington, D.C.","Answer: Hawaii Confidence: 0.9  
Answer: Oahu Confidence: 0.8  
Answer: Kauai Confidence: 0.7  
Answer: Maui Confidence: 0.6  
Answer: Big Island Confidence: 0.5",Hawaii,0.9,0.0,0,0
241,3hop1__79039_131926_13165,What treaty ceded territory to the US extending west to the river next to the city that's the home of the Juicy Lucy?,Treaty of Paris,"Answer: Treaty of Fort Laramie Confidence: 0.3  
Answer: Treaty of Guadalupe Hidalgo Confidence: 0.5  
Answer: Adams-Onís Treaty Confidence: 0.4  
Answer: Treaty of Paris 1783 Confidence: 0.2  
Answer: Treaty of Paris 1898 Confidence: 0.1",Treaty of Guadalupe Hidalgo,0.5,0.5714285714285715,0,0
242,2hop__527400_159673,"This cast member in ""Search for the Gods"" also plays a character in which film?",The Hateful Eight,"Answer: ""The Chosen"" Confidence: 0.6  
Answer: ""The Redeemed"" Confidence: 0.5  
Answer: ""Beyond the Light"" Confidence: 0.4  
Answer: ""The Return"" Confidence: 0.3  
Answer: ""Journey to the West"" Confidence: 0.2","""The Chosen""",0.6,0.0,0,0
243,4hop3__279362_88460_30152_20999,How were people from whom new coins were a proclamation of independence by the Somali Muslim Ajuran Empire expelled from the natural boundary between Thailand and Vat Yotkeo's country?,The dynasty regrouped and defeated the Portuguese,"Answer: Ajuran Empire. Confidence: 0.6  
Answer: Thai boundary. Confidence: 0.5  
Answer: Vat Yotkeo. Confidence: 0.4  
Answer: Independence proclamation. Confidence: 0.3  
Answer: Expulsion reasons. Confidence: 0.2",Ajuran Empire.,0.6,0.0,0,0
244,3hop1__57186_237521_291682,Who's married to the man who produced a documentary about the singer of She's Out of My Life?,Liza Minnelli,"Answer: Janet Jackson  Confidence: 0.8  
Answer: Lisa Marie Presley  Confidence: 0.6  
Answer: Debbie Rowe  Confidence: 0.5  
Answer: Billie Jean  Confidence: 0.4  
Answer: Mylie Cyrus  Confidence: 0.3",Janet Jackson,0.8,0.0,0,0
245,3hop2__132957_593597_40768,"When did the maker of Acura Legend, the manufacturer of Scion Fuse and Nissan open US assembly plants?",1981,"Answer: 1986 Confidence: 0.7  
Answer: 2003 Confidence: 0.5  
Answer: 1989 Confidence: 0.4  
Answer: 1996 Confidence: 0.3  
Answer: 2001 Confidence: 0.2",1986,0.7,0.0,0,0
246,3hop1__198276_709625_84283,Who is the owner of the record label of the performer of What Kind of Love?,Warner Music Group,"Answer: Justin Bieber's label. Confidence: 0.7  
Answer: Scooter Braun. Confidence: 0.6  
Answer: Def Jam Recordings. Confidence: 0.5  
Answer: Universal Music Group. Confidence: 0.4  
Answer: RCA Records. Confidence: 0.3",Justin Bieber's label.,0.7,0.0,0,0
247,2hop__35445_22458,What is the full name of the organization that publishes he Laws of the Game?,International Federation of Association Football,"Answer: Fédération Internationale de Football Association (FIFA) Confidence: 0.9  
Answer: International Football Association Board (IFAB) Confidence: 0.8  
Answer: World Football Association Confidence: 0.3  
Answer: Association Football International Federation Confidence: 0.2  
Answer: Global Football Organization Confidence: 0.1",Fédération Internationale de Football Association (FIFA),0.9,0.3636363636363636,0,1
248,3hop2__668732_467331_162182,"In what region of the country containing An Phú, is the city with the Zone 5 Military Museum located?",South Central Coast,"Answer: Southern Vietnam. Confidence: 0.9  
Answer: Ho Chi Minh City. Confidence: 0.8  
Answer: Southeast region. Confidence: 0.7  
Answer: Mekong Delta. Confidence: 0.6  
Answer: An Giang Province. Confidence: 0.5",Southern Vietnam.,0.9,0.0,0,0
249,2hop__89403_122023,Which university educated the scientist who developed an explanation for the photoelectric effect?,Luitpold Gymnasium,"Answer: Zurich University  Confidence: 0.9  
Answer: ETH Zurich  Confidence: 0.9  
Answer: University of Zurich  Confidence: 0.8  
Answer: University of Berlin  Confidence: 0.6  
Answer: University of Munich  Confidence: 0.5",Zurich University,0.9,0.0,0,0
250,2hop__133241_33564,In what era was the company known as the manufacturer of Agni-V founded?,From the 1950s to the 1970s,"Answer: 2000s Confidence: 0.8  
Answer: 2010s Confidence: 0.1  
Answer: 1990s Confidence: 0.05  
Answer: 1980s Confidence: 0.03  
Answer: 2020s Confidence: 0.02",2000s,0.8,0.0,0,0
251,2hop__822965_165304,Who is the child of the actor who is a cast member of Love in Pawn?,Kim Braden,"Answer: Aidan Gillen's child. Confidence: 0.7  
Answer: Fiona Shaw's child. Confidence: 0.6  
Answer: Sam Heughan's child. Confidence: 0.5  
Answer: Mark Gatiss's child. Confidence: 0.5  
Answer: Andrew Scott's child. Confidence: 0.4",Aidan Gillen's child.,0.7,0.0,0,0
252,4hop3__129318_29339_508306_70744,University of the state having Fort Hill or university of the state whose primary was won by Edwards besides the state having James B. Simmons House has more national championships?,University of South Carolina,"Answer: South Carolina State University Confidence: 0.8  
Answer: Clemson University Confidence: 0.6  
Answer: University of Alabama Confidence: 0.5  
Answer: University of Georgia Confidence: 0.4  
Answer: University of Florida Confidence: 0.3",South Carolina State University,0.8,0.75,0,0
253,2hop__38030_23241,"According to Pew, in 2010, what percent of Nigeria's population practiced the religion dominant in the countries surrounding Armenia?",48.8 percent,"Answer: 50% Confidence: 0.6  
Answer: 40% Confidence: 0.5  
Answer: 60% Confidence: 0.4  
Answer: 70% Confidence: 0.3  
Answer: 30% Confidence: 0.2",50%,0.6,0.0,0,1
254,2hop__150866_11402,"According to the agency that published U.S. and World Population Clock, what is the total area in square miles?",17.037 square miles,"Answer: 3,796,742 Confidence: 0.7  
Answer: 3,800,000 Confidence: 0.6  
Answer: 3,538,000 Confidence: 0.5  
Answer: 3,400,000 Confidence: 0.4  
Answer: 3,800,000+ Confidence: 0.5","3,796,742",0.7,0.0,0,0
255,2hop__132969_417697,What model of car was Mohammed Atta's vehicle that is from the company that makes Datsun Sports?,Nissan Altima,"Answer: Nissan  Confidence: 0.9  
Answer: 240SX  Confidence: 0.7  
Answer: Silvia  Confidence: 0.6  
Answer: Fairlady  Confidence: 0.5  
Answer: 350Z  Confidence: 0.4",Nissan,0.9,0.6666666666666666,0,0
256,2hop__96414_159054,What was the story of the character from The Bourne Ultimatum based on?,the novel of the same name by Robert Ludlum,"Answer: Robert Ludlum's novels. Confidence: 0.9  
Answer: The Bourne Identity. Confidence: 0.8  
Answer: Espionage themes. Confidence: 0.7  
Answer: CIA assassin. Confidence: 0.6  
Answer: Cold War era. Confidence: 0.5",Robert Ludlum's novels.,0.9,0.2,0,1
257,2hop__304852_758385,What administrative territorial entity contains the place where KPRM is licensed to broadcast to?,Hubbard County,"Answer: Colorado Springs  Confidence: 0.8  
Answer: El Paso County  Confidence: 0.7  
Answer: Colorado  Confidence: 0.6  
Answer: USA  Confidence: 0.5  
Answer: Fremont County  Confidence: 0.4",Colorado Springs,0.8,0.0,0,0
258,2hop__88906_55840,"In the King's Speech, who played the person who was the King of England in 1950?",Colin Firth,"Answer: Geoffrey Rush  Confidence: 0.0  
Answer: Colin Firth  Confidence: 1.0  
Answer: David Seidler  Confidence: 0.0  
Answer: Guy Pearce  Confidence: 0.0  
Answer: Helena Bonham Carter  Confidence: 0.0",Colin Firth,1.0,1.0,1,1
259,2hop__147260_623159,What territorial entity does the town where John the Hairy lived belong to?,Yaroslavl Oblast,"Answer: Portugal Confidence: 0.9  
Answer: Spain Confidence: 0.05  
Answer: Italy Confidence: 0.03  
Answer: Brazil Confidence: 0.02  
Answer: France Confidence: 0.01",Portugal,0.9,0.0,0,0
260,4hop2__161602_474028_88460_21074,Who runs the school system in the country on the natural boundary between the country that hosted the tournament and the country where A Don is from?,the Ministry of Education,"Answer: Education Ministry of A Don's country. Confidence: 0.7  
Answer: Local education authority. Confidence: 0.5  
Answer: National government. Confidence: 0.6  
Answer: State education department. Confidence: 0.4  
Answer: Local school board. Confidence: 0.3",Education Ministry of A Don's country.,0.7,0.7499999999999999,0,0
261,2hop__697729_576069,Adolf Overweg died in what geological area?,Chad Basin,"Answer: Sahara Desert  Confidence: 0.8  
Answer: Africa  Confidence: 0.7  
Answer: North Africa  Confidence: 0.6  
Answer: Libyan Desert  Confidence: 0.5  
Answer: Niger  Confidence: 0.4",Sahara Desert,0.8,0.0,0,0
262,4hop2__160585_14670_8987_8974,Hana Mandlikova was born in Country A that invaded Country B because the military branch the Air Defense Artillery is part of was unprepared. Country B was the only communist country to have an embassy where?,Alfredo Stroessner's Paraguay,"Answer: Chile  Confidence: 0.7  
Answer: United States  Confidence: 0.5  
Answer: Canada  Confidence: 0.4  
Answer: Mexico  Confidence: 0.3  
Answer: Cuba  Confidence: 0.6",Chile,0.7,0.0,0,0
263,2hop__95970_152907,What city is the star of Sous les pieds des femmes from?,La Goulette,"Answer: Marrakech Confidence: 0.9  
Answer: Morocco Confidence: 0.7  
Answer: Casablanca Confidence: 0.5  
Answer: Agadir Confidence: 0.4  
Answer: Tangier Confidence: 0.3",Marrakech,0.9,0.0,0,0
264,2hop__82051_7298,"Along with the subject of The One That Got Away, what notable pop artist started out his career on adult contemporary radio?",Michael Bublé,"Answer: Ed Sheeran Confidence: 0.8  
Answer: Justin Bieber Confidence: 0.6  
Answer: Maroon 5 Confidence: 0.5  
Answer: John Legend Confidence: 0.4  
Answer: Sam Smith Confidence: 0.3",Ed Sheeran,0.8,0.0,0,0
265,2hop__96812_130869,The Small Cowper Madonna painting is displayed in what state?,"Washington, D.C.","Answer: Ohio  
Confidence: 0.9  
Answer: New York  
Confidence: 0.1  
Answer: California  
Confidence: 0.0  
Answer: Texas  
Confidence: 0.0  
Answer: Florida  
Confidence: 0.0",Ohio,0.9,0.0,0,0
266,2hop__95687_577502,Who is the spouse of the leading actor in the film The 6th Day?,Maria Shriver,"Answer: Lisa Kudrow  Confidence: 0.3  
Answer: Sarah Jessica Parker  Confidence: 0.2  
Answer: Maria Shriver  Confidence: 0.2  
Answer: Kelly Preston  Confidence: 0.2  
Answer: Anna Faris  Confidence: 0.1",Lisa Kudrow,0.3,0.0,0,0
267,2hop__87589_362941,Where was the founder of the National Women's Party born?,Mount Laurel Township,"Answer: New Jersey Confidence: 0.8  
Answer: Pennsylvania Confidence: 0.1  
Answer: Massachusetts Confidence: 0.05  
Answer: New York Confidence: 0.03  
Answer: Illinois Confidence: 0.02",New Jersey,0.8,0.0,0,1
268,2hop__160292_23241,"According to Pew, in 2010, what percent of Nigeria's population practiced the religion of most of the workers?",48.8 percent,"Answer: 50% Confidence: 0.6  
Answer: 60% Confidence: 0.5  
Answer: 65% Confidence: 0.4  
Answer: 55% Confidence: 0.3  
Answer: 70% Confidence: 0.2",50%,0.6,0.0,0,1
269,4hop1__813171_153080_159767_81096,Who won the Indy car race in the largest city and capitol of the state where the Changes Two performer is from?,Mario Andretti,"Answer: Scott Dixon Confidence: 0.6  
Answer: Indianapolis 500 Confidence: 0.5  
Answer: Helio Castroneves Confidence: 0.4  
Answer: Simon Pagenaud Confidence: 0.3  
Answer: Dario Franchitti Confidence: 0.2",Scott Dixon,0.6,0.0,0,0
270,4hop1__88342_49853_128008_46894,Who has the lowest batting average in the league that the team that has won the most titles from the competition they give out MVP awards plays for?,Bill Bergen,"Answer: A's player Confidence: 0.6  
Answer: Red Sox player Confidence: 0.5  
Answer: Yankees player Confidence: 0.5  
Answer: Cubs player Confidence: 0.4  
Answer: Dodgers player Confidence: 0.4",A's player,0.6,0.0,0,0
271,3hop1__76377_40769_64047,When did the luxury division of the top selling car brand change the body style of the rx 350?,Sales began worldwide in April 2012,"Answer: 2016 Confidence: 0.8  
Answer: 2020 Confidence: 0.7  
Answer: 2022 Confidence: 0.5  
Answer: 2015 Confidence: 0.6  
Answer: 2019 Confidence: 0.4",2016,0.8,0.0,0,0
272,2hop__552607_126089,Who was in charge of the province which contains Zeevang?,Johan Remkes,"Answer: Geert Mak  Confidence: 0.6  
Answer: Provincial Governor  Confidence: 0.5  
Answer: Local Government  Confidence: 0.4  
Answer: Friesland  Confidence: 0.3  
Answer: Mayor of Zeevang  Confidence: 0.2",Geert Mak,0.6,0.0,0,0
273,4hop3__668721_132409_146285_35031,"In the top five largest urban areas in the state where the performer of The Paramour Sessions was from, where does the place of death for Alexander Golitzen rank?",third-largest,"Answer: San Diego  Confidence: 0.8  
Answer: Los Angeles  Confidence: 0.6  
Answer: San Francisco  Confidence: 0.5  
Answer: San Jose  Confidence: 0.4  
Answer: Sacramento  Confidence: 0.3",San Diego,0.8,0.0,0,1
274,3hop2__89854_38738_76291,When did the party that holds the majority in the House of Representatives take control of the branch that gives regulators discretion to prohibit proprietary trades?,January 2015,"Answer: Dodd-Frank Act 2010 Confidence: 0.9  
Answer: 2010 Confidence: 0.8  
Answer: Financial Reform 2010 Confidence: 0.7  
Answer: Democrat majority 2008 Confidence: 0.6  
Answer: Market reforms 2010 Confidence: 0.5",Dodd-Frank Act 2010,0.9,0.0,0,0
275,2hop__62951_64006,"As a result of the Black Death, how much was the population reduced in the place that the US helped with the Marshall Plan?",30% to 65%,"Answer: 50% Confidence: 0.7  
Answer: 30% Confidence: 0.2  
Answer: 25% Confidence: 0.1  
Answer: 60% Confidence: 0.1  
Answer: 40% Confidence: 0.1",50%,0.7,0.0,0,1
276,2hop__611178_131968,Which is the body of water by the village which borders Long Ditton?,River Thames,"Answer: Thames River  Confidence: 0.9  
Answer: River Thames  Confidence: 0.9  
Answer: The Thames  Confidence: 0.8  
Answer: Thames Estuary  Confidence: 0.6  
Answer: Hampton Court Lake  Confidence: 0.5",Thames River,0.9,1.0,0,1
277,2hop__3131_3300,Which season was the runner up of the third season of American Idol on?,season three,"Answer: Season 2 Confidence: 0.9  
Answer: Season 1 Confidence: 0.05  
Answer: Season 4 Confidence: 0.03  
Answer: Season 3 Confidence: 0.02  
Answer: Season 5 Confidence: 0.01",Season 2,0.9,0.5,0,0
278,3hop1__662618_339990_54675,What mountain can you see from Portland in the state where Fishing Creek Confederacy is located?,Tualatin Mountains,"Answer: Hood  Confidence: 0.9  
Answer: Adams  Confidence: 0.7  
Answer: St. Helens  Confidence: 0.6  
Answer: Rainier  Confidence: 0.5  
Answer: Bachelor  Confidence: 0.4",Hood,0.9,0.0,0,0
279,4hop1__56270_53706_795904_580996,What shares a border with the city where the person who went to the state where the 951 area code is used during the gold rush works?,Rio Linda,"Answer: Nevada Confidence: 0.8  
Answer: California Confidence: 0.7  
Answer: Oregon Confidence: 0.6  
Answer: Arizona Confidence: 0.5  
Answer: Utah Confidence: 0.4",Nevada,0.8,0.0,0,0
280,2hop__126306_396277,What is another notable work by the illustrator of Sylvester and the Magic Pebble?,Doctor De Soto,"Answer: Duck on a Bike. Confidence: 0.8  
Answer: The Amazing Bone. Confidence: 0.7  
Answer: The Library. Confidence: 0.6  
Answer: A Visitor for Bear. Confidence: 0.5  
Answer: Eerdmans Book of Exploring. Confidence: 0.4",Duck on a Bike.,0.8,0.0,0,0
281,4hop1__56635_49925_13759_736921,"The German priest, who wanted to reform the religious denomination now the largest in the US, preached a sermon on Marian devotion soon before his death in which German state?",Saxony-Anhalt,"Answer: Thuringia Confidence: 0.8  
Answer: Saxony Confidence: 0.7  
Answer: Bavaria Confidence: 0.6  
Answer: Hesse Confidence: 0.5  
Answer: Baden-Württemberg Confidence: 0.4",Thuringia,0.8,0.0,0,0
282,2hop__506035_325512,In which county was Larkin I. Smith born?,Pearl River County,"Answer: Washington County Confidence: 0.8  
Answer: Greene County Confidence: 0.1  
Answer: Adams County Confidence: 0.05  
Answer: Franklin County Confidence: 0.03  
Answer: Montgomery County Confidence: 0.02",Washington County,0.8,0.4,0,0
283,2hop__663184_57816,What is the U.S. News ranking of the law school at Bruce Nissen's employer?,100,"Answer: 100th Confidence: 0.6  
Answer: 75th Confidence: 0.5  
Answer: 50th Confidence: 0.4  
Answer: 30th Confidence: 0.3  
Answer: 15th Confidence: 0.2",100th,0.6,0.0,0,1
284,2hop__41158_22946,Who said one of the greatest thinkers was the person who proposed explanations for the origins of earthquakes and the formation of mountains?,George Sarton,"Answer: Aristotle Confidence: 0.8  
Answer: Thales Confidence: 0.6  
Answer: Plato Confidence: 0.5  
Answer: Epicurus Confidence: 0.4  
Answer: Ptolemy Confidence: 0.3",Aristotle,0.8,0.0,0,0
285,3hop1__584774_131926_87157,What is the direction of flow of the body of water by the city where Uni-Systems is headquartered?,rises in northern Minnesota and meanders slowly southwards,"Answer: Eastward  Confidence: 0.7  
Answer: Westward Confidence: 0.2  
Answer: Northward Confidence: 0.1  
Answer: Southward Confidence: 0.0  
Answer: Unknown Confidence: 0.0",Eastward,0.7,0.0,0,0
286,2hop__6827_88924,Who is the chairman of the company that bought FleetBoston Financial?,Brian Thomas Moynihan,"Answer: Bank of America Chairman Confidence: 0.9  
Answer: Brian Moynihan Confidence: 0.8  
Answer: Kenneth D. Lewis Confidence: 0.7  
Answer: Merrill Lynch Chairman Confidence: 0.6  
Answer: FleetBoston CEO Confidence: 0.5",Bank of America Chairman,0.9,0.0,0,0
287,3hop1__169494_42197_18397,Where did the arguer that Dmitry Okhotsimsky's country of citizenship had become an imperialist power declare he would intervene in the Korean conflict?,the Politburo,"Answer: Korea Confidence: 0.8  
Answer: Asia Confidence: 0.7  
Answer: Pacific Confidence: 0.6  
Answer: North Korea Confidence: 0.5  
Answer: Far East Confidence: 0.4",Korea,0.8,0.0,0,0
288,2hop__80375_90181,what is the deepest part of the ocean off the east coast of the united states?,Milwaukee Deep,"Answer: Puerto Rico Trench  Confidence: 0.9  
Answer: Milwaukee Deep  Confidence: 0.7  
Answer: Bermuda Abyssal Plain  Confidence: 0.6  
Answer: Atlantic Ocean Deep  Confidence: 0.5  
Answer: Caribbean Sea Deep  Confidence: 0.4",Puerto Rico Trench,0.9,0.0,0,1
289,3hop2__104979_23308_28343,When did the troops of the country blamed for the stagnation and failure of the Tripartite discussion leave the country known for Afghan bread?,February 1989,"Answer: 1989 Confidence: 0.9  
Answer: 1990 Confidence: 0.7  
Answer: 1988 Confidence: 0.6  
Answer: 1991 Confidence: 0.5  
Answer: 1987 Confidence: 0.4",1989,0.9,0.6666666666666666,0,1
290,3hop1__587540_514761_594810,What record label does the spouse of Mama's Broken Heart's performer belong to?,Warner Bros. Records,"Answer: Epic Records  Confidence: 0.8  
Answer: Sony Music  Confidence: 0.7  
Answer: Warner Music  Confidence: 0.5  
Answer: Universal Music  Confidence: 0.4  
Answer: Big Machine  Confidence: 0.3",Epic Records,0.8,0.4,0,0
291,2hop__96411_159054,What was the story of the character from The Bourne Deception based on?,the novel of the same name by Robert Ludlum,"Answer: Robert Ludlum's novel. Confidence: 0.9  
Answer: Bourne series plot. Confidence: 0.8  
Answer: Espionage and identity. Confidence: 0.7  
Answer: CIA operations. Confidence: 0.6  
Answer: Jason Bourne's journey. Confidence: 0.5",Robert Ludlum's novel.,0.9,0.4,0,1
292,4hop1__836115_49925_13759_736921,Where is the district that the person who wanted to reform and address Vincentas Sladkevičius' religion preached a sermon on Marian devotion before his death located?,Saxony-Anhalt,"Answer: Vilnius  Confidence: 0.8  
Answer: Kaunas  Confidence: 0.6  
Answer: Alytus  Confidence: 0.5  
Answer: Šiauliai  Confidence: 0.4  
Answer: Panevėžys  Confidence: 0.3",Vilnius,0.8,0.0,0,0
293,3hop1__108062_720914_27537,Why did Roncalli leave the city where La Bella's creator died?,for the conclave in Rome,"Answer: Disappointment  
Confidence: 0.6  
Answer: Artistic differences  
Confidence: 0.5  
Answer: Personal reasons  
Confidence: 0.4  
Answer: Financial issues  
Confidence: 0.3  
Answer: Career opportunities  
Confidence: 0.3",Disappointment,0.6,0.0,0,0
294,3hop1__136129_87694_64412,When did the place where the head of the catholic region named after the same saint as the Dakovo Cathedral become its own country?,11 February 1929,"Answer: 1991 Confidence: 0.8  
Answer: 1992 Confidence: 0.7  
Answer: 1990 Confidence: 0.6  
Answer: 1993 Confidence: 0.5  
Answer: 1989 Confidence: 0.4",1991,0.8,0.0,0,0
295,4hop3__152056_698586_1926_54362,Who burned down the death city of the artist responsible for Dunn Dunn in the war after which the first time black people declined in living in NYC?,Confederate Gen. John Bell Hood,"Answer: Whitman Protests Confidence: 0.4  
Answer: Harlem Riots Confidence: 0.3  
Answer: Civil Rights Movement Confidence: 0.2  
Answer: Race Riots Confidence: 0.2  
Answer: Great Migration Confidence: 0.1",Whitman Protests,0.4,0.0,0,0
296,3hop2__782397_467331_162182,"In what region of the country that contains Phu Luong, is the city that has the Zone 5 Military Museum located?",South Central Coast,"Answer: Northern Vietnam  Confidence: 0.8  
Answer: Hanoi  Confidence: 0.7  
Answer: Red River Delta  Confidence: 0.6  
Answer: Northeast Vietnam  Confidence: 0.5  
Answer: Thanh Hoa  Confidence: 0.4",Northern Vietnam,0.8,0.0,0,0
297,3hop2__304722_526346_63959,When was the last time the sports team having Trevor Dark as a member beat the winner of 1894–95 FA Cup?,1 December 2010,"Answer: 1900 FA Cup Final Confidence: 0.8  
Answer: 1897 Confidence: 0.6  
Answer: 1898 Confidence: 0.5  
Answer: 1901 Confidence: 0.4  
Answer: 1896 Confidence: 0.3",1900 FA Cup Final,0.8,0.0,0,0
298,2hop__463884_807572,What county is the Ira C. Allen Mansion located in?,Monmouth County,"Answer: Chittenden County. Confidence: 0.9  
Answer: Vermont. Confidence: 0.8  
Answer: Burlington. Confidence: 0.7  
Answer: Addison County. Confidence: 0.5  
Answer: Franklin County. Confidence: 0.4",Chittenden County.,0.9,0.5,0,0
299,2hop__458131_174974,Who is the spouse of the Rabbit Hole's producer?,Keith Urban,"Answer: Kelly Holleran  Confidence: 0.8  
Answer: Robert B. Weide  Confidence: 0.6  
Answer: Unknown  Confidence: 0.5  
Answer: Not publicly known  Confidence: 0.4  
Answer: N/A  Confidence: 0.3",Kelly Holleran,0.8,0.0,0,0
300,3hop1__222497_309482_89834,When did the merchant of the city where the composer of Al gran sole carico d'amore takes place?,16th - century,"Answer: 17th century  Confidence: 0.6  
Answer: Venice  Confidence: 0.7  
Answer: 1650s  Confidence: 0.5  
Answer: 18th century  Confidence: 0.4  
Answer: 1600s  Confidence: 0.5",Venice,0.7,0.0,0,0
301,3hop2__106842_30645_84681,When did the people who first settled the Delaware Valley come to the country which produced the show @Seven?,13 December 1642,"Answer: 1600s Confidence: 0.7  
Answer: 1620 Confidence: 0.5  
Answer: 1680 Confidence: 0.4  
Answer: 1500s Confidence: 0.3  
Answer: 1700s Confidence: 0.2",1600s,0.7,0.0,0,1
302,4hop3__474028_88460_30152_20999,How were people from whom new coins were a proclamation of independence by the Somali Muslim Ajuran Empire expelled from the natural boundary between Thailand and A Don's country?,The dynasty regrouped and defeated the Portuguese,"Answer: Ajuran Empire exodus Confidence: 0.4  
Answer: Somalia expulsion Confidence: 0.3  
Answer: Coin significance Confidence: 0.2  
Answer: Boundary conflict Confidence: 0.1  
Answer: Thailand relations Confidence: 0.05",Ajuran Empire exodus,0.4,0.0,0,0
303,2hop__37353_23241,"According to Pew in 2010, what percent of Nigeria's population was the people who conquered the Eastern provinces of the Byzantine empire?",48.8 percent,"Answer: 0% Confidence: 0.9  
Answer: 5% Confidence: 0.05  
Answer: 10% Confidence: 0.03  
Answer: 15% Confidence: 0.02  
Answer: 20% Confidence: 0.01",0%,0.9,0.0,0,0
304,4hop1__726675_508773_85832_745702,Who is the child of the Italian navigator who explored the eastern coast of the continent César Gaytan was born in for the English?,Sebastian Cabot,"Answer: Columbus. Confidence: 0.7  
Answer: Vespucci. Confidence: 0.6  
Answer: Magellan. Confidence: 0.5  
Answer: Cabot. Confidence: 0.4  
Answer: Verrazzano. Confidence: 0.3",Columbus.,0.7,0.0,0,0
305,4hop1__88342_49853_128008_54974,What is the longest home run hit in the league where the team with the most titles from the event after which the MLB MVP is awarded plays?,about 575 feet,"Answer: Yankees  Confidence: 0.8  
Answer: 715 feet  Confidence: 0.6  
Answer: Babe Ruth  Confidence: 0.5  
Answer: 763 feet  Confidence: 0.4  
Answer: Roger Maris  Confidence: 0.3",Yankees,0.8,0.0,0,0
306,2hop__47712_25719,At the end of which year did tribes from the place where the Celts are said to have migrated from invade the Roman empire?,406,"Answer: 410 AD Confidence: 0.8  
Answer: 376 AD Confidence: 0.6  
Answer: 451 AD Confidence: 0.5  
Answer: 425 AD Confidence: 0.4  
Answer: 378 AD Confidence: 0.4",410 AD,0.8,0.0,0,0
307,2hop__332453_139339,What was the director of The Accidental Husband nominated for?,Academy Award for Best Live Action Short Film,"Answer: Best Director at BAFTA. Confidence: 0.3  
Answer: Golden Globe for Best Picture. Confidence: 0.2  
Answer: Academy Award for Best Original Screenplay. Confidence: 0.3  
Answer: Best Comedy at the Golden Raspberries. Confidence: 0.1  
Answer: Best Film at Cannes. Confidence: 0.1",Best Director at BAFTA.,0.3,0.16666666666666666,0,0
308,2hop__435184_67370,When does real time with the pizza man cast member start again in 2018?,"January 19, 2018","Answer: March 23, 2018 Confidence: 0.8  
Answer: March 21, 2018 Confidence: 0.5  
Answer: March 30, 2018 Confidence: 0.4  
Answer: April 6, 2018 Confidence: 0.3  
Answer: March 16, 2018 Confidence: 0.2","March 23, 2018",0.8,0.3333333333333333,0,0
309,2hop__16581_16525,When did the person who first brought a postal service into Umayyad lands become caliph?,661,"Answer: 661 CE Confidence: 0.8  
Answer: 676 CE Confidence: 0.6  
Answer: 680 CE Confidence: 0.5  
Answer: 750 CE Confidence: 0.4  
Answer: 651 CE Confidence: 0.3",661 CE,0.8,0.6666666666666666,0,1
310,2hop__403580_37168,"According to QS World University Rankings, what is the ranking of the place that employed Said Ashour?",551-600,"Answer: 75th Confidence: 0.6  
Answer: 80th Confidence: 0.2  
Answer: 70th Confidence: 0.1  
Answer: 68th Confidence: 0.05  
Answer: 72nd Confidence: 0.05",75th,0.6,0.0,0,0
311,2hop__389778_78303,"What was the cast member of Missing in Action's name in Walker, Texas Ranger?",Cordell Walker,"Answer: Chuck Norris Confidence: 0.9  
Answer: David Carradine Confidence: 0.6  
Answer: Lee Marvin Confidence: 0.5  
Answer: A. Michael Baldwin Confidence: 0.4  
Answer: Dale Ishimoto Confidence: 0.3",Chuck Norris,0.9,0.0,0,0
312,2hop__424294_19033,Where did the author of A Lion's Tale: Around the World in Spandex win in 2008?,Great American Bash,"Answer: WWE Confidence: 0.8  
Answer: Royal Rumble Confidence: 0.6  
Answer: WrestleMania Confidence: 0.5  
Answer: SmackDown Confidence: 0.4  
Answer: Raw Confidence: 0.3",WWE,0.8,0.0,0,0
313,2hop__107548_124896,Who is the father of the artist who painted Head I?,Nicholas Bacon,"Answer: Miro. Confidence: 0.7  
Answer: Joan Miro. Confidence: 0.6  
Answer: Spanish artist. Confidence: 0.5  
Answer: Unknown. Confidence: 0.4  
Answer: Surrealist painter. Confidence: 0.3",Miro.,0.7,0.0,0,0
314,3hop1__761225_831637_91775,"What does seal stand for in the branch of the U.S. military that operates a list of destroyer classes, as well as containing the rank O-1?","Sea, Air, and Land","Answer: Navy  
Confidence: 0.9  
Answer: SEAL  
Confidence: 0.8  
Answer: Special Forces  
Confidence: 0.6  
Answer: U.S. Navy SEALs  
Confidence: 0.7  
Answer: Naval Operations  
Confidence: 0.5",Navy,0.9,0.0,0,0
315,2hop__75714_21969,When was the first governor general of India impeached?,1786,"Answer: 1774 Confidence: 0.6  
Answer: 1781 Confidence: 0.2  
Answer: 1857 Confidence: 0.1  
Answer: 1876 Confidence: 0.05  
Answer: 1947 Confidence: 0.05",1774,0.6,0.0,0,0
316,4hop1__860115_798482_131926_87157,What is the direction of flow of the body of water by the city sharing a border with Elizabeth Berg's birthplace?,rises in northern Minnesota and meanders slowly southwards,"Answer: West  Confidence: 0.7  
Answer: East  Confidence: 0.2  
Answer: South  Confidence: 0.1  
Answer: North  Confidence: 0.0  
Answer: Northwest  Confidence: 0.0",West,0.7,0.0,0,0
317,2hop__536283_67465,When did the performer of Watching Movies release Best Day Ever?,"March 11, 2011","Answer: 2011 Confidence: 0.9  
Answer: March 2011 Confidence: 0.8  
Answer: 2010 Confidence: 0.6  
Answer: 2012 Confidence: 0.4  
Answer: 2009 Confidence: 0.3",2011,0.9,0.5,0,0
318,3hop2__127483_156850_10557,What was the language Auctor comes from during the era of Fastrada's spouse later known as?,Medieval Latin,"Answer: Latin Confidence: 0.9  
Answer: Frankish Confidence: 0.7  
Answer: Old High German Confidence: 0.6  
Answer: Vulgar Latin Confidence: 0.5  
Answer: Romance Languages Confidence: 0.4",Latin,0.9,0.6666666666666666,0,1
319,4hop1__364476_439408_131976_90181,"What is the deepest part of the ocean, near the state, where the county that holds the city of Winchester is found?",Milwaukee Deep,"Answer: Mariana Trench  Confidence: 0.9  
Answer: Pacific Ocean  Confidence: 0.8  
Answer: Virginia  Confidence: 0.7  
Answer: Winchester County  Confidence: 0.6  
Answer: Atlantic Ocean  Confidence: 0.5",Mariana Trench,0.9,0.0,0,0
320,3hop2__304722_330033_63959,When was the last time Tony Richard's team beat the 1894-95 FA Cup Winner?,1 December 2010,"Answer: 1999 Confidence: 0.7  
Answer: 2000 Confidence: 0.6  
Answer: 1996 Confidence: 0.5  
Answer: 1998 Confidence: 0.4  
Answer: 2001 Confidence: 0.3",1999,0.7,0.0,0,0
321,4hop1__88342_49853_128008_48717,"Who was the second pick in the 1999 draft of the organization, that includes the team with the most titles, in the event preceding the awarding of the MLB MVP?",Josh Beckett,"Answer: Rick Ankiel  Confidence: 0.7  
Answer: Paul Wilson  Confidence: 0.6  
Answer: Josh Beckett  Confidence: 0.5  
Answer: Brian Burres  Confidence: 0.4  
Answer: Javier Vazquez  Confidence: 0.3",Rick Ankiel,0.7,0.0,0,0
322,4hop1__152146_5274_458768_33632,What day is the Feast held in the city where the headquarters of the only group larger than Långa nätter's record label is located?,May 4,"Answer: June 24 Confidence: 0.8  
Answer: June 21 Confidence: 0.6  
Answer: August 15 Confidence: 0.4  
Answer: December 25 Confidence: 0.3  
Answer: November 1 Confidence: 0.2",June 24,0.8,0.0,0,0
323,3hop2__60649_90098_10557,What was the language from which the last name Sylvester originated during the era of the Frankish king who formed the Holy Roman Empire later known as?,Medieval Latin,"Answer: Latin Confidence: 0.9  
Answer: Frankish Confidence: 0.7  
Answer: Old French Confidence: 0.6  
Answer: Germanic Confidence: 0.5  
Answer: Romance Confidence: 0.4",Latin,0.9,0.6666666666666666,0,1
324,3hop2__304722_747004_63959,When was the last time George Hollis's team beat the 1894-95 FA Cup winner?,1 December 2010,"Answer: 1895 Confidence: 0.7 
Answer: 1896 Confidence: 0.5 
Answer: 1894 Confidence: 0.4 
Answer: 1897 Confidence: 0.3 
Answer: 1898 Confidence: 0.2",1895,0.7,0.0,0,0
325,2hop__725233_150107,Who published Communications of the publisher of the Mobile Computing and Communications Review?,Association for Computing Machinery,"Answer: ACM  Confidence: 0.9  
Answer: Association for Computing Machinery  Confidence: 0.8  
Answer: ACM Press  Confidence: 0.7  
Answer: Mobile Computing and Communications Review  Confidence: 0.6  
Answer: IEEE  Confidence: 0.5",ACM,0.9,0.0,0,1
326,3hop1__222497_737465_93723,"Who played Spyder, from the ""Once Upon a Time"" film set in the place of death of the composer of Al gran sole carico d'amore?",Jason Momoa,"Answer: James Maslow  Confidence: 0.8  
Answer: Arthur Hiller  Confidence: 0.6  
Answer: David A. Goodman  Confidence: 0.4  
Answer: Josh Dallas  Confidence: 0.3  
Answer: Edward Kitsis  Confidence: 0.2",James Maslow,0.8,0.0,0,0
327,4hop1__88342_49853_128008_87812,When is the opening day of the league of the team with the most titles from the event after which they give out the MLB MVP award?,"Thursday, March 29","Answer: October 1 Confidence: 0.7  
Answer: April 1 Confidence: 0.6  
Answer: March 31 Confidence: 0.5  
Answer: April 15 Confidence: 0.4  
Answer: April 10 Confidence: 0.3",October 1,0.7,0.0,0,0
328,4hop2__161602_426860_88460_63559,When was Burma's name changed to that of the country on the natural boundary between the country that hosted the tournament and the country where That Dam is from?,1235,"Answer: 1989 Confidence: 0.8  
Answer: Myanmar Confidence: 0.7  
Answer: Thailand Confidence: 0.5  
Answer: Laos Confidence: 0.4  
Answer: River boundary Confidence: 0.3",1989,0.8,0.0,0,0
329,2hop__35137_22940,What is the Book of Healing by the writer of The Canon of Medicine referred to in Arabic?,Kitab al-shifa,"Answer: Kitab al-Shifa Confidence: 0.9  
Answer: Al-Shifa Confidence: 0.85  
Answer: Book of Healing Confidence: 0.7  
Answer: Kitab al-Tibb Confidence: 0.6  
Answer: Al-Qanun al-Tibb Confidence: 0.5",Kitab al-Shifa,0.9,1.0,1,1
330,2hop__681463_402641,Who is the sibling of Chiang Hsiao-wen?,Chiang Hsiao-wu,"Answer: Chiang Hsiao-yu Confidence: 0.8  
Answer: Chiang Hsiao-ching Confidence: 0.1  
Answer: Chiang Hsiao-min Confidence: 0.05  
Answer: Unknown Confidence: 0.05  
Answer: Chiang family member Confidence: 0.0",Chiang Hsiao-yu,0.8,0.5,0,0
331,3hop2__6989_37759_74563,"When did the religious order that founded Harvard College, arrive in the region of the U.S. served by the Rainbow Times?",1630,"Answer: 1636 Confidence: 0.8  
Answer: Puritans Confidence: 0.7  
Answer: 1630 Confidence: 0.6  
Answer: Massachusetts Bay Colony Confidence: 0.5  
Answer: 1620s Confidence: 0.4",1636,0.8,0.0,0,0
332,2hop__71755_463572,What is the record label for the singer who originally sang You Belong To Me.,MGM Records,"Answer: Big Machine Records Confidence: 0.9 
Answer: Sony/ATV Music Publishing Confidence: 0.7 
Answer: Universal Music Group Confidence: 0.6 
Answer: RCA Records Confidence: 0.5 
Answer: Columbia Records Confidence: 0.4",Big Machine Records,0.9,0.4,0,0
333,2hop__170823_120171,What year did the publisher of Labyrinth end?,1986,"Answer: 1995 Confidence: 0.7  
Answer: 2010 Confidence: 0.1  
Answer: 2005 Confidence: 0.1  
Answer: 2000 Confidence: 0.05  
Answer: 1999 Confidence: 0.05",1995,0.7,0.0,0,0
334,4hop1__814776_765799_282674_759393,What is the seat of the county sharing a border with the county where Western Islands is headquartered?,Green Bay,"Answer: Stornoway Confidence: 0.8  
Answer: Harris Confidence: 0.6  
Answer: Isle of Lewis Confidence: 0.5  
Answer: Lochmaddy Confidence: 0.4  
Answer: Tarbert Confidence: 0.3",Stornoway,0.8,0.0,0,0
335,4hop1__152028_141441_458768_33633,When did the explorer reach the headquarters location of the group Con-Test's record label is part of?,"August 3, 1769","Answer: 1492 Confidence: 0.6  
Answer: 1500 Confidence: 0.5  
Answer: 1498 Confidence: 0.4  
Answer: 1513 Confidence: 0.3  
Answer: 1542 Confidence: 0.2",1492,0.6,0.0,0,0
336,3hop1__222497_309482_80702,What is the name of the famous bridge in the place where Al gran sole carico d'amore's composer worked?,Rialto Bridge,"Answer: Golden Gate Bridge Confidence: 0.4  
Answer: Brooklyn Bridge Confidence: 0.3  
Answer: Ponte Vecchio Confidence: 0.2  
Answer: Rialto Bridge Confidence: 0.2  
Answer: Tower Bridge Confidence: 0.1",Golden Gate Bridge,0.4,0.4,0,0
337,3hop1__516535_834494_33939,"In 1900, what was the population of the city in the same county as Allen?","7,531","Answer: 1890 Census data. Confidence: 0.6  
Answer: Approximately 15,000. Confidence: 0.5  
Answer: 5,000. Confidence: 0.4  
Answer: 20,000. Confidence: 0.3  
Answer: 25,000. Confidence: 0.2",1890 Census data.,0.6,0.0,0,0
338,2hop__562154_69048,Who is the Chief Judge in the place where DeltaWomen's headquarters in located?,Honorable Justice Abiodun Smith,"Answer: Ana Reyes Confidence: 0.7  
Answer: Beryl Howell Confidence: 0.6  
Answer: Emmet Sullivan Confidence: 0.5  
Answer: Timothy Kelly Confidence: 0.4  
Answer: Matthew Brann Confidence: 0.3",Ana Reyes,0.7,0.0,0,0
339,3hop1__103662_443779_52195,Who is the president of the newly declared independent country that is part of the Commission of Truth and Friendship with Radiansyah's birth country?,Francisco Guterres,"Answer: Radiansyah. Confidence: 0.5  
Answer: Unknown. Confidence: 0.3  
Answer: Not applicable. Confidence: 0.2  
Answer: New country leader. Confidence: 0.1  
Answer: Unnamed president. Confidence: 0.1",Radiansyah.,0.5,0.0,0,0
340,2hop__785711_63853,What is the source of the body of water where Augrabies Falls is located?,Thaba Putsoa,"Answer: Orange River Confidence: 0.9  
Answer: Augrabies River Confidence: 0.5  
Answer: Gariep River Confidence: 0.4  
Answer: Vaal River Confidence: 0.3  
Answer: Zambezi River Confidence: 0.2",Orange River,0.9,0.0,0,0
341,3hop1__106042_64399_62676,"When did the city that spread Christianity to Rome, Egypt, Judea, and the country where Vasilopita originates, become the capital city of the Hebrews?",c. 1000 BCE,"Answer: Jerusalem  Confidence: 0.9  
Answer: 1000 BCE Confidence: 0.8  
Answer: 1010 BCE Confidence: 0.7  
Answer: 1030 BCE Confidence: 0.6  
Answer: 1200 BCE Confidence: 0.5",Jerusalem,0.9,0.0,0,0
342,2hop__846844_47134,What is the mascot of the school that owns Goss Stadium at Coleman Field?,Benny Beaver,"Answer: Beavers  Confidence: 0.9  
Answer: Oregon State  Confidence: 0.8  
Answer: OSU  Confidence: 0.75  
Answer: College baseball  Confidence: 0.6  
Answer: NCAA  Confidence: 0.5",Beavers,0.9,0.0,0,0
343,3hop2__132957_433432_40768,"When did the maker of Acura Legend, the manufacturer of Lexus RX and Nissan open US assembly plants?",1981,"Answer: 1986 (Honda) Confidence: 0.9  
Answer: 1988 (Toyota) Confidence: 0.8  
Answer: 1984 (Nissan) Confidence: 0.7  
Answer: 1990 (Acura) Confidence: 0.6  
Answer: 1989 (Nissan) Confidence: 0.5",1986 (Honda),0.9,0.0,0,0
344,3hop2__30152_107291_20999,"How were the people that the Somali Muslim Ajuran Empire made coins to proclaim independence from, expelled from the country where Mohinga is eaten?",The dynasty regrouped and defeated the Portuguese,"Answer: British colonizers. Confidence: 0.8  
Answer: Italians. Confidence: 0.6  
Answer: Ethiopians. Confidence: 0.5  
Answer: Arabs. Confidence: 0.4  
Answer: Portuguese. Confidence: 0.3",British colonizers.,0.8,0.0,0,0
345,2hop__345_59409,Who was the person who purchased Tidal's parent company in 2015 talking about in the song 'Cry?',three different relationships he had in the past,"Answer: Jay-Z Confidence: 0.9  
Answer: Beyonce Confidence: 0.1  
Answer: Kanye West Confidence: 0.0  
Answer: Rihanna Confidence: 0.0  
Answer: Drake Confidence: 0.0",Jay-Z,0.9,0.0,0,0
346,3hop1__135794_87694_64412,When did the city where the Basilica that is named after the same saint as the one in San Pietro in Montorio located in become a country?,11 February 1929,"Answer: 1291 Confidence: 0.8  
Answer: 1534 Confidence: 0.2  
Answer: 1870 Confidence: 0.4  
Answer: 1929 Confidence: 0.6  
Answer: 1984 Confidence: 0.1",1291,0.8,0.0,0,0
347,4hop1__373866_5186_10659_23296,"The People's Socialist Republic of Albania was a member of an organization which was dissolved in Country A. Who invaded the country where many expelled French Jews relocated, other than Country A?",Soviet,"Answer: Yugoslavia  Confidence: 0.8  
Answer: Germany  Confidence: 0.7  
Answer: Italy  Confidence: 0.6  
Answer: Soviet Union  Confidence: 0.5  
Answer: United States  Confidence: 0.4",Yugoslavia,0.8,0.0,0,0
348,2hop__204146_850295,Who is the sibling of the author of Kapalkundala?,Sanjib Chandra,"Answer: Bhudeb Mukhopadhyay. Confidence: 0.9  
Answer: N/A. Confidence: 0.0  
Answer: N/A. Confidence: 0.0  
Answer: N/A. Confidence: 0.0  
Answer: N/A. Confidence: 0.0",Bhudeb Mukhopadhyay.,0.9,0.0,0,0
349,4hop3__238811_88460_30152_20999,New coins by the Somali Muslim Ajuran Empire were a proclamation of independence from a nation. How were the people of that nation expelled from country that borders Thailand and Ban Nampo village's country?,The dynasty regrouped and defeated the Portuguese,"Answer: Myanmar. Confidence: 0.9  
Answer: Thai territory. Confidence: 0.7  
Answer: Mass migration. Confidence: 0.6  
Answer: War conflict. Confidence: 0.5  
Answer: Refugee crisis. Confidence: 0.4",Myanmar.,0.9,0.0,0,0
350,3hop1__273571_834494_34109,What's the PBS station located in the city contained within the county where Summit is also located?,KUAT-TV 6,"Answer: WTVP Confidence: 0.6  
Answer: WIPB Confidence: 0.5  
Answer: WQPT Confidence: 0.4  
Answer: WFYI Confidence: 0.4  
Answer: WNIN Confidence: 0.3",WTVP,0.6,0.0,0,0
351,3hop1__66872_709625_84283,Who owns the record label of the Till I Can Gain Control Again songwriter?,Warner Music Group,"Answer: Sony Music Publishing. Confidence: 0.7  
Answer: Warner Chappell Music. Confidence: 0.2  
Answer: Universal Music Group. Confidence: 0.1  
Answer: BMG Rights Management. Confidence: 0.1  
Answer: EMI Music Publishing. Confidence: 0.0",Sony Music Publishing.,0.7,0.3333333333333333,0,0
352,3hop1__564628_42197_18397,Where did the person who argued that the country where Autograph formed had become an imperialist power declare he would intervene in the Korean conflict?,the Politburo,"Answer: Korea Confidence: 0.8  
Answer: United Nations Confidence: 0.6  
Answer: To the East Confidence: 0.5  
Answer: Washington Confidence: 0.4  
Answer: Asia Confidence: 0.3",Korea,0.8,0.0,0,0
353,4hop3__507819_88460_30152_20999,How were the same people who the Somali Muslim Ajuran Empire declared independence from expelled from the natural boundary between Thailand and the country where Route 3 is found?,The dynasty regrouped and defeated the Portuguese,"Answer: British colonial rule. Confidence: 0.7  
Answer: Thai-Siamese conflict. Confidence: 0.6  
Answer: French colonial expansion. Confidence: 0.5  
Answer: Ethnic tensions. Confidence: 0.4  
Answer: Military intervention. Confidence: 0.3",British colonial rule.,0.7,0.0,0,0
354,4hop1__707078_378185_282674_759393,What is the capital of the county that shares a border with the county that contains the birthplace of Erik Jensen?,Green Bay,"Answer: Salt Lake City. Confidence: 0.7  
Answer: Boise. Confidence: 0.2  
Answer: Denver. Confidence: 0.1  
Answer: Cheyenne. Confidence: 0.1  
Answer: Phoenix. Confidence: 0.1",Salt Lake City.,0.7,0.0,0,0
355,4hop1__163763_49925_13759_736921,Where is the district that the person who wanted to reform and address Jesus Varela's religion preached a sermon on Marian devotion before his death located?,Saxony-Anhalt,"Answer: San Felipe, Chile. Confidence: 0.7  
Answer: Santiago, Chile. Confidence: 0.15  
Answer: Valparaíso, Chile. Confidence: 0.05  
Answer: La Serena, Chile. Confidence: 0.05  
Answer: Concepción, Chile. Confidence: 0.03","San Felipe, Chile.",0.7,0.0,0,0
356,4hop1__152562_5274_458768_33637,How many ethnic minorities were looked at differently in the city where the headquarters of the only group larger than Vilaiyaadu Mankatha's record label is located?,two,"Answer: 6 Confidence: 0.5  
Answer: 7 Confidence: 0.4  
Answer: 5 Confidence: 0.3  
Answer: 4 Confidence: 0.2  
Answer: 3 Confidence: 0.1",6,0.5,0.0,0,0
357,4hop2__161602_474028_88460_21062,Can foreign tourists cruise to the country between the nation that hosted 2020 AFC U-23 Championship qualification and the one that contains A Don.?,It is not possible for foreigners to go to/from Myanmar by sea or river.,"Answer: No Confidence: 0.8  
Answer: Yes Confidence: 0.7  
Answer: Uncertain Confidence: 0.5  
Answer: Depends on regulations Confidence: 0.6  
Answer: Possible with restrictions Confidence: 0.4",No,0.8,0.0,0,1
358,2hop__32541_85460,What is the median household income for people today of the same country as the witness to the Blitz?,"$59,039","Answer: £30,000 Confidence: 0.6  
Answer: £28,000 Confidence: 0.5  
Answer: £32,000 Confidence: 0.4  
Answer: £27,500 Confidence: 0.3  
Answer: £29,000 Confidence: 0.4","£30,000",0.6,0.0,0,0
359,2hop__25788_990,In which generation did iPod start providing compatibility with the object designed to standardize connection of computer peripherals?,third generation,"Answer: 3rd generation  Confidence: 0.9  
Answer: USB  Confidence: 0.8  
Answer: iPod USB support  Confidence: 0.7  
Answer: 2003  Confidence: 0.6  
Answer: iPod compatibility  Confidence: 0.5",3rd generation,0.9,0.5,0,1
360,4hop1__152562_5274_458768_33633,When did the explorer reach the city where the headquarters of the only group larger than Vilaiyaadu Mankatha's record label is located?,"August 3, 1769","Answer: 1521 Confidence: 0.6  
Answer: 1492 Confidence: 0.5  
Answer: 1535 Confidence: 0.4  
Answer: 1480 Confidence: 0.3  
Answer: 1600 Confidence: 0.2",1521,0.6,0.0,0,0
361,2hop__695364_513121,Who is the child of the male star of the 1921 film Money?,Anthony Ainley,"Answer: Jack L. Warner Jr. Confidence: 0.6  
Answer: John Boles' child. Confidence: 0.5  
Answer: Douglas Fairbanks Jr. Confidence: 0.4  
Answer: A child actor. Confidence: 0.3  
Answer: Unknown child. Confidence: 0.2",Jack L. Warner Jr.,0.6,0.0,0,0
362,3hop2__304722_667199_63959,When was the last time the team that Malcolm Briggs was a member of beat the 1894-95 FA cup winner?,1 December 2010,"Answer: 1999 Confidence: 0.6  
Answer: 2000 Confidence: 0.5  
Answer: 1998 Confidence: 0.4  
Answer: 2001 Confidence: 0.3  
Answer: 1997 Confidence: 0.2",1999,0.6,0.0,0,0
363,2hop__159146_120065,What year did the region where Leuna was located come to an end?,1738,"Answer: 1990  Confidence: 0.8  
Answer: 1989  Confidence: 0.1  
Answer: 1994  Confidence: 0.05  
Answer: 1995  Confidence: 0.04  
Answer: 1988  Confidence: 0.01",1990,0.8,0.0,0,0
364,2hop__238499_431914,What administrative territorial entity includes the arrondissement that contains the Digne Cathedral?,Alpes-de-Haute-Provence,"Answer: Alpes-de-Haute-Provence  Confidence: 0.9  
Answer: Provence-Alpes-Côte d'Azur  Confidence: 0.8  
Answer: Digne-les-Bains  Confidence: 0.7  
Answer: France  Confidence: 0.6  
Answer: Provence  Confidence: 0.5",Alpes-de-Haute-Provence,0.9,1.0,1,1
365,3hop2__326964_789654_7713,How long had Mao Yushi's birthplace been the capitol city of Yaxing Coach's headquarters location?,about 400 years,"Answer: 0 years Confidence: 0.9  
Answer: 1 year Confidence: 0.1  
Answer: 2 years Confidence: 0.0  
Answer: 3 years Confidence: 0.0  
Answer: 5 years Confidence: 0.0",0 years,0.9,0.4,0,0
366,2hop__73615_42173,When was the company that abolished the dual system of government in Bengal established?,1599,"Answer: 1772 Confidence: 0.8  
Answer: 1857 Confidence: 0.1  
Answer: 1668 Confidence: 0.05  
Answer: 1780 Confidence: 0.03  
Answer: 1800 Confidence: 0.02",1772,0.8,0.0,0,0
367,4hop3__312119_132409_371500_35031,"Among the top five largest urban areas in the state where Getting Away with Murder's performer was formed, where does Veoh's headquarters city rank?",third-largest,"Answer: 3rd largest urban area Confidence: 0.6  
Answer: 1st largest urban area Confidence: 0.2  
Answer: 4th largest urban area Confidence: 0.1  
Answer: 2nd largest urban area Confidence: 0.05  
Answer: 5th largest urban area Confidence: 0.05",3rd largest urban area,0.6,0.0,0,1
368,3hop1__637555_339990_15538,When did the state where Copake Lake is located reinstate the death penalty?,1984,"Answer: 1995 Confidence: 0.8  
Answer: 1977 Confidence: 0.1  
Answer: 1990 Confidence: 0.05  
Answer: 2004 Confidence: 0.02  
Answer: 1985 Confidence: 0.03",1995,0.8,0.0,0,0
369,4hop3__160230_470287_862998_72134,When did the city where Hillcrest High School is located become capitol of the state in which a statue of a Latin mother goddess is located?,1839,"Answer: 1955 Confidence: 0.7  
Answer: 1949 Confidence: 0.6  
Answer: 1887 Confidence: 0.5  
Answer: 1937 Confidence: 0.4  
Answer: 1965 Confidence: 0.3",1955,0.7,0.0,0,0
370,2hop__486314_544665,Who followed the father of Menucha Rochel Slonim?,Menachem Mendel Schneersohn,"Answer: Rabbi Shneur Zalman of Liadi. Confidence: 0.8  
Answer: Rabbi Menachem Mendel Schneerson. Confidence: 0.7  
Answer: Rabbi Chaim Alter. Confidence: 0.5  
Answer: Rabbi Levi Yitzchak Schneerson. Confidence: 0.4  
Answer: Rabbi Yosef Yitzchak Schneersohn. Confidence: 0.6",Rabbi Shneur Zalman of Liadi.,0.8,0.0,0,0
371,2hop__567588_67465,When did the performer of Goosebumpz release best day ever?,"March 11, 2011","Answer: 2011 Confidence: 0.9  
Answer: 2010 Confidence: 0.3  
Answer: 2012 Confidence: 0.2  
Answer: 2009 Confidence: 0.1  
Answer: 2013 Confidence: 0.1",2011,0.9,0.5,0,0
372,2hop__525581_161450,Where is the province of Aqqala County located?,in the north-east of the country south of the Caspian Sea,"Answer: Iran Confidence: 0.8  
Answer: Golestan Province Confidence: 0.7  
Answer: Aqqala, Iran Confidence: 0.6  
Answer: Northern Iran Confidence: 0.5  
Answer: Near Caspian Sea Confidence: 0.4",Iran,0.8,0.0,0,1
373,3hop1__92251_34179_23375,"What year saw the publication of the version of the Molotov–Ribbentrop Pact, engineered by the politician who succeeded the leader of the Bolsheviks in the November Revolution?",1948,"Answer: 1939 Confidence: 0.9  
Answer: 1940 Confidence: 0.1  
Answer: 1938 Confidence: 0.05  
Answer: 1941 Confidence: 0.02  
Answer: 1937 Confidence: 0.01",1939,0.9,0.0,0,0
374,3hop2__304722_466316_63959,When was the last time the team that Arthur James was a member of beat the 1894-95 FA cup winner?,1 December 2010,"Answer: 1896  Confidence: 0.7  
Answer: 1895  Confidence: 0.6  
Answer: 1893  Confidence: 0.5  
Answer: 1897  Confidence: 0.4  
Answer: 1898  Confidence: 0.3",1896,0.7,0.0,0,0
375,2hop__463353_66723,Who was the first black student admitted to the school that owns Swayze Field?,James Howard Meredith,"Answer: James Meredith Confidence: 0.9  
Answer: Ole Miss Confidence: 0.8  
Answer: University of Mississippi Confidence: 0.85  
Answer: Integration Confidence: 0.6  
Answer: Civil Rights Movement Confidence: 0.5",James Meredith,0.9,0.8,0,1
376,2hop__136067_160249,Between which years did war with the person for whom Pyrrhic victory is named occur?,323–272 BC,"Answer: 280-275 BC Confidence: 0.9  
Answer: 280-276 BC Confidence: 0.8  
Answer: 281-275 BC Confidence: 0.7  
Answer: 280-272 BC Confidence: 0.6  
Answer: 279-274 BC Confidence: 0.5",280-275 BC,0.9,0.5,0,0
377,2hop__34495_85544,How many games does the team play that had the most champion league wins between 1992 and 2013?,38,"Answer: 13 Confidence: 0.7  
Answer: 12 Confidence: 0.1  
Answer: 14 Confidence: 0.1  
Answer: 11 Confidence: 0.05  
Answer: 15 Confidence: 0.05",13,0.7,0.0,0,0
378,4hop2__5206_39078_8987_8974,Where is the embassy in the only communist country whose military branch helping the Old West's inadequate local police was unprepared for invasion of the country conquered by the Pact?,Alfredo Stroessner's Paraguay,"Answer: Vietnam Embassy. Confidence: 0.8  
Answer: Havana, Cuba. Confidence: 0.6  
Answer: Laos Embassy. Confidence: 0.5  
Answer: China Embassy. Confidence: 0.4  
Answer: North Korea Embassy. Confidence: 0.3",Vietnam Embassy.,0.8,0.0,0,0
379,2hop__78766_461854,Who is the spouse of the actor who played Scarlet in Gone with the wind?,Laurence Olivier,"Answer: Rhett Butler (or Clark Gable) Confidence: 0.8 
Answer: Carole Lombard Confidence: 0.7 
Answer: Joan Blondell Confidence: 0.5 
Answer: Virginia Bruce Confidence: 0.4 
Answer: Sylvia Ashley Confidence: 0.3",Rhett Butler (or Clark Gable),0.8,0.0,0,0
380,4hop1__625463_229349_66759_54221,Storm of the Century filmed in state A based on the book by the author who wrote a story featuring the author of The Hope. When do alcohol sales start in state A?,5am,"Answer: Florida  Confidence: 0.8  
Answer: 7 AM   Confidence: 0.7  
Answer: 8 AM   Confidence: 0.6  
Answer: November  Confidence: 0.5  
Answer: Midnight  Confidence: 0.4",Florida,0.8,0.0,0,0
381,2hop__107238_64918,Who was president when congress declared war on the country where Glumpers was filmed?,President McKinley,"Answer: Wilson  Confidence: 0.7  
Answer: Roosevelt  Confidence: 0.2  
Answer: Truman  Confidence: 0.1  
Answer: Taft  Confidence: 0.1  
Answer: Clinton  Confidence: 0.0",Wilson,0.7,0.0,0,0
382,3hop1__36497_78276_68042,When did the majority party of the branch of government that the President calls to support appointments to the USAF gain control in the House?,the 2010 election,"Answer: 2010 Confidence: 0.7  
Answer: 2006 Confidence: 0.5  
Answer: 2018 Confidence: 0.4  
Answer: 2012 Confidence: 0.3  
Answer: 2008 Confidence: 0.2",2010,0.7,0.6666666666666666,0,1
383,2hop__269766_43945,Common Sense which was written by the author of The Age of Reason was an important work because?,crystallized the rebellious demand for independence from Great Britain,"Answer: argued for independence. Confidence: 0.8  
Answer: promoted Enlightenment ideas. Confidence: 0.7  
Answer: criticized monarchy. Confidence: 0.6  
Answer: influenced revolutionaries. Confidence: 0.7  
Answer: advocated for democracy. Confidence: 0.5",argued for independence.,0.8,0.36363636363636365,0,1
384,3hop1__536452_15840_36002,What were the Genesis's advantages over the platform of Pinball Quest?,built on 16-bit architectures and offered improved graphics and sound,"Answer: Better graphics. Confidence: 0.8  
Answer: Superior sound quality. Confidence: 0.75  
Answer: More advanced gameplay mechanics. Confidence: 0.7  
Answer: Larger game library. Confidence: 0.65  
Answer: Enhanced multiplayer options. Confidence: 0.6",Better graphics.,0.8,0.16666666666666669,0,0
385,2hop__311931_417706,What record label does the performer of Emotional Rain belong to?,Attic Records,"Answer: Warner Music Group  Confidence: 0.7  
Answer: RCA Records  Confidence: 0.6  
Answer: Atlantic Records  Confidence: 0.5  
Answer: Universal Music Group  Confidence: 0.4  
Answer: Interscope Records  Confidence: 0.3",Warner Music Group,0.7,0.0,0,0
386,4hop1__88342_75218_128008_48717,Who was second pick in the 1999 draft of the league that has a competition where they give out the MLB MVP award after it?,Josh Beckett,"Answer: Donte Stallworth  Confidence: 0.3  
Answer: Steve Francis  Confidence: 0.5  
Answer: Tim Couch  Confidence: 0.2  
Answer: David Carr  Confidence: 0.1  
Answer: Vince Carter  Confidence: 0.1",Steve Francis,0.5,0.0,0,0
387,4hop2__71753_685934_70784_79935,When was the region that lies to the north of the region Israel is located and where The World is located created?,1930,"Answer: 1948 Confidence: 0.7  
Answer: 1967 Confidence: 0.5  
Answer: 1920 Confidence: 0.4  
Answer: 1979 Confidence: 0.3  
Answer: 1949 Confidence: 0.4",1948,0.7,0.0,0,0
388,2hop__131818_161450,Where is the Voshmgir District located?,in the north-east of the country south of the Caspian Sea,"Answer: Iran Confidence: 0.9  
Answer: Gilan Province Confidence: 0.8  
Answer: Northern Iran Confidence: 0.7  
Answer: Mazandaran Region Confidence: 0.6  
Answer: Rasht area Confidence: 0.5",Iran,0.9,0.0,0,0
389,2hop__60686_229757,Who is the spouse of the actress that plays leslie knope on parks and recreation?,Will Arnett,"Answer: Ben Schwartz  Confidence: 0.2  
Answer: Adam Scott  Confidence: 0.1  
Answer: Nick Offerman  Confidence: 0.7  
Answer: Amy Poehler  Confidence: 0.9  
Answer: Will Arnett  Confidence: 0.4",Amy Poehler,0.9,0.0,0,0
390,4hop1__567737_141375_458768_33637,How many ethnic minorities were looked at differently in the city where the headquarters of the company that Study in Brown's record label is a part of?,two,"Answer: 5  
Confidence: 0.4  
Answer: 3  
Confidence: 0.3  
Answer: 10  
Confidence: 0.2  
Answer: 7  
Confidence: 0.1  
Answer: 2  
Confidence: 0.1",5,0.4,0.0,0,0
391,3hop1__139862_2053_5289,What UK label was bought by the major broadcaster based in New York that is not ABC and did not broadcast Highway to Heaven?,Oriole Records.,"Answer: ITV Records  Confidence: 0.6  
Answer: Channel 4 Records  Confidence: 0.5  
Answer: CBS Records  Confidence: 0.4  
Answer: NBC Records  Confidence: 0.4  
Answer: Fox Records  Confidence: 0.3",ITV Records,0.6,0.5,0,0
392,2hop__778212_22458,"What does the abbreviated name of the organization that includes the Scottish Football Association as a member, stand for?",International Federation of Association Football,"Answer: UEFA Confidence: 0.9  
Answer: FAI Confidence: 0.2  
Answer: FIFA Confidence: 0.1  
Answer: CONCACAF Confidence: 0.05  
Answer: IFAB Confidence: 0.05",UEFA,0.9,0.0,0,0
393,2hop__728969_131890,Which is the body of water near George Mills' place of birth?,River Thames,"Answer: Merrimack River. Confidence: 0.8  
Answer: Lake Winnipesaukee. Confidence: 0.5  
Answer: Squam Lake. Confidence: 0.4  
Answer: Ossipee Lake. Confidence: 0.3  
Answer: Lake Sunapee. Confidence: 0.2",Merrimack River.,0.8,0.5,0,0
394,2hop__179322_83289,"Who stars in the video ""One Last Time"" by the performer of Baby I?",Matt Bennett,"Answer: Ariana Grande  Confidence: 0.9  
Answer: Grande  Confidence: 0.9  
Answer: Ariana  Confidence: 0.8  
Answer: Baby I performer  Confidence: 0.6  
Answer: Pop artist  Confidence: 0.5",Ariana Grande,0.9,0.0,0,0
395,2hop__574419_270105,What is the seat of the county where Van Hook Township is located?,Stanley,"Answer: Trenton Confidence: 0.8  
Answer: Flemington Confidence: 0.7  
Answer: Newark Confidence: 0.5  
Answer: Woodbury Confidence: 0.4  
Answer: Camden Confidence: 0.3",Trenton,0.8,0.0,0,0
396,3hop1__9285_5188_6375,"Who was the first person to control a spacecraft, from the country the top-ranking Warsaw Pact operatives came from, despite it being headquartered in the country called the nobilities commonwealth?",Gherman Titov,"Answer: Gagarin  Confidence: 0.9  
Answer: Soviet Union Confidence: 0.8  
Answer: Russia  Confidence: 0.7  
Answer: Cosmos 1 Confidence: 0.5  
Answer: Vostok 1 Confidence: 0.6",Gagarin,0.9,0.0,0,0
397,2hop__59274_461854,Who was the spouse of the actor who played Scarlett in Gone With the Wind?,Laurence Olivier,"Answer: Frankly, Scarlett O'Hara's actor! Confidence: 0.7  
Answer: Rhett Butler's wife! Confidence: 0.6  
Answer: Vivien Leigh's husband! Confidence: 0.8  
Answer: Laurence Olivier! Confidence: 0.5  
Answer: John Merivale! Confidence: 0.4",Vivien Leigh's husband!,0.8,0.0,0,1
398,3hop2__326964_851134_7713,How long had Pfrang Association's headquarters location been the capitol city of Yaxing Coach's headquarters location?,about 400 years,"Answer: 0 years Confidence: 0.9  
Answer: 1 year Confidence: 0.05  
Answer: 2 years Confidence: 0.03  
Answer: 3 years Confidence: 0.02  
Answer: 5 years Confidence: 0.01",0 years,0.9,0.4,0,0
399,2hop__574496_123283,Where did the founder of the Acting Company study?,Clifton College,"Answer: Juilliard School. Confidence: 0.9  
Answer: Carnegie Mellon University. Confidence: 0.7  
Answer: Yale School of Drama. Confidence: 0.6  
Answer: University of California, Los Angeles. Confidence: 0.5  
Answer: American Academy of Dramatic Arts. Confidence: 0.4",Juilliard School.,0.9,0.0,0,0
400,3hop1__389955_132457_47686,Where do Greyhound buses leave from in the city where the band that recorded the album I'm Alive and on Fire formed?,Toronto Coach Terminal,"Answer: Baltimore. Confidence: 0.7  
Answer: Greyhound station. Confidence: 0.5  
Answer: Maryland. Confidence: 0.4  
Answer: Downtown. Confidence: 0.3  
Answer: City center. Confidence: 0.2",Baltimore.,0.7,0.0,0,0
401,3hop1__742464_15840_36002,What were the Genesis's advantages over the platform in which Robodemons is played?,built on 16-bit architectures and offered improved graphics and sound,"Answer: Graphics quality. Confidence: 0.8  
Answer: Performance efficiency. Confidence: 0.7  
Answer: User experience. Confidence: 0.6  
Answer: Exclusive features. Confidence: 0.6  
Answer: Community support. Confidence: 0.5",Graphics quality.,0.8,0.16666666666666669,0,0
402,3hop1__617062_127905_80286,Who has the most hits in the history of the organization that includes the team Jim Wilson was released by?,Pete Rose,"Answer: Pete Rose. Confidence: 0.9  
Answer: Ty Cobb. Confidence: 0.8  
Answer: Hank Aaron. Confidence: 0.7  
Answer: Barry Bonds. Confidence: 0.6  
Answer: Cap Anson. Confidence: 0.5",Pete Rose.,0.9,1.0,1,1
403,2hop__435184_84856,When does the new season of the show starring the cast member of Pizza Man start?,"January 20, 2017","Answer: Fall 2023  Confidence: 0.6  
Answer: Winter 2024  Confidence: 0.3  
Answer: Spring 2024  Confidence: 0.5  
Answer: Summer 2024  Confidence: 0.2  
Answer: Late 2023  Confidence: 0.4",Fall 2023,0.6,0.0,0,0
404,3hop1__106239_650651_7262,Who was a prominent figure at the radio division of the broadcast company that created the version of The Biggest Loser set in the country where Kelupis originated?,Walter Sabo,"Answer: Dave Gibbons  Confidence: 0.7  
Answer: Mike Darnell  Confidence: 0.6  
Answer: Bob McCulloch  Confidence: 0.5  
Answer: Jim Parson  Confidence: 0.4  
Answer: Steve Grubbs  Confidence: 0.3",Dave Gibbons,0.7,0.0,0,0
405,2hop__10114_599630,Where in Zhejiang is the city where Protestants are especially notable?,Yongjia County,"Answer: Hangzhou  Confidence: 0.8  
Answer: Ningbo  Confidence: 0.7  
Answer: Wenzhou  Confidence: 0.9  
Answer: Shaoxing  Confidence: 0.5  
Answer: Jiaxing  Confidence: 0.4",Wenzhou,0.9,0.0,0,1
406,3hop2__132957_76377_40768,"When did Nissan, the Acura Legend maker and the top selling car brand open US assembly plants?",1981,"Answer: 1983 Confidence: 0.8  
Answer: 1982 Confidence: 0.6  
Answer: 1980 Confidence: 0.4  
Answer: 1985 Confidence: 0.5  
Answer: 1990 Confidence: 0.3",1983,0.8,0.0,0,0
407,3hop1__829944_474097_84283,Who is the owner of the record label that the performer of Better Than Me is signed with?,Warner Music Group,"Answer: RCA Records Owner: Sony Music Entertainment Confidence: 0.9  
Answer: Better Than Me: Hinder Confidence: 0.8  
Answer: Hinder Label: Universal Music Group Confidence: 0.7  
Answer: Music Publisher: BMI Confidence: 0.6  
Answer: Hinder Owner: Not specified Confidence: 0.5",RCA Records Owner: Sony Music Entertainment,0.9,0.2222222222222222,0,0
408,3hop1__418091_15840_36002,What were Genesis's advantages over the platform that plays Bigfoot?,built on 16-bit architectures and offered improved graphics and sound,"Answer: Better graphics! Confidence: 0.7  
Answer: More features! Confidence: 0.6  
Answer: Enhanced performance! Confidence: 0.65  
Answer: User-friendliness! Confidence: 0.55  
Answer: Stronger community support! Confidence: 0.5",Better graphics!,0.7,0.16666666666666669,0,0
409,2hop__68590_27619,Where is the mission for the agency that controls the monetary policy of the EU found?,Article 2 of the Statute of the ECB,"Answer: ECB website. Confidence: 0.8  
Answer: EU treaties. Confidence: 0.7  
Answer: Official documents. Confidence: 0.6  
Answer: Institutional framework. Confidence: 0.5  
Answer: European Central Bank. Confidence: 0.6",ECB website.,0.8,0.25,0,0
410,2hop__67660_158861,What actor had the role of the narrator of How I Met Your Mother?,Josh Radnor,"Answer: Bob Saget Confidence: 0.9  
Answer: Josh Radnor Confidence: 0.1  
Answer: Neil Patrick Harris Confidence: 0.0  
Answer: Jason Segel Confidence: 0.0  
Answer: Cobie Smulders Confidence: 0.0",Bob Saget,0.9,0.0,0,0
411,2hop__235471_565925,What record label did the performer of The Place and the Time belong to?,Columbia Records,"Answer: Verve Records. Confidence: 0.8  
Answer: Blue Note Records. Confidence: 0.7  
Answer: Columbia Records. Confidence: 0.6  
Answer: RCA Records. Confidence: 0.5  
Answer: Capitol Records. Confidence: 0.4",Verve Records.,0.8,0.5,0,0
412,2hop__75207_46837,When does the winter season begin in the place where fuser and alberto meet the indigenous couple who were traveling for work?,June,"Answer: December 21 Confidence: 0.8  
Answer: Winter Solstice Confidence: 0.7  
Answer: Late December Confidence: 0.6  
Answer: January 1 Confidence: 0.5  
Answer: Mid-December Confidence: 0.4",December 21,0.8,0.0,0,0
413,3hop1__159803_89752_75165,What's the population of the largest state in the region of the U.S. where trading practices were once threatened by the Navigation Acts?,"1,335,907","Answer: Texas  Confidence: 0.8  
Answer: New York  Confidence: 0.1  
Answer: California  Confidence: 0.05  
Answer: Florida  Confidence: 0.04  
Answer: Virginia  Confidence: 0.01",Texas,0.8,0.0,0,0
414,2hop__2299_38663,What percentage did the Dow Jones fall in the historical era where the book takes place?,54.7%,"Answer: 20% Confidence: 0.7  
Answer: 30% Confidence: 0.5  
Answer: 25% Confidence: 0.6  
Answer: 15% Confidence: 0.4  
Answer: 35% Confidence: 0.3",20%,0.7,0.0,0,0
415,2hop__388467_110882,What is the birth date of the By Your Side performer?,1 January 1986,"Answer: 1981-10-21 Confidence: 0.8  
Answer: 1982-10-21 Confidence: 0.1  
Answer: 1980-10-21 Confidence: 0.05  
Answer: 1983-10-21 Confidence: 0.03  
Answer: 1979-10-21 Confidence: 0.02",1981-10-21,0.8,0.0,0,0
416,2hop__486392_35739,When was the version of Windows 8 from the company that Iceweasel was based on made accessible?,September 2013,"Answer: 2012 Confidence: 0.9  
Answer: October 2012 Confidence: 0.85  
Answer: August 2012 Confidence: 0.8  
Answer: Windows 8 release date Confidence: 0.75  
Answer: Late 2012 Confidence: 0.7",2012,0.9,0.0,0,0
417,3hop1__68802_89752_49923,How many counties are there in the largest state in the region where the film The Family Stone was set?,sixteen,"Answer: 58 Confidence: 0.8  
Answer: 64 Confidence: 0.1  
Answer: 50 Confidence: 0.05  
Answer: 75 Confidence: 0.03  
Answer: 40 Confidence: 0.02",58,0.8,0.0,0,0
418,2hop__56270_68396,What percentage of the nation's population lives in the state that includes the 951 area code?,more than 12 percent,"Answer: 0.1% Confidence: 0.6  
Answer: 1% Confidence: 0.5  
Answer: 2% Confidence: 0.4  
Answer: 3% Confidence: 0.3  
Answer: 4% Confidence: 0.2",0.1%,0.6,0.0,0,0
419,2hop__21103_16254,"By 1931, what percentage of the world's Jews were the group of Jews that represented the bulk of modern Jewry?",92 percent,"Answer: 80% Confidence: 0.7  
Answer: 90% Confidence: 0.5  
Answer: 70% Confidence: 0.6  
Answer: 75% Confidence: 0.4  
Answer: 85% Confidence: 0.3",80%,0.7,0.0,0,0
420,2hop__853227_68633,Arthur Marryatt is a member of a sports association that has who as president?,Thomas Bach,"Answer: Unknown President  Confidence: 0.3  
Answer: Local Sports Association  Confidence: 0.2  
Answer: Arthur Marryatt  Confidence: 0.1  
Answer: Maybe Athletes Committee  Confidence: 0.1  
Answer: Not specified  Confidence: 0.3",Unknown President,0.3,0.0,0,0
421,2hop__30384_30351,Who did Hay work for after being hired by his other notable influence regarding resource distribution other than Max Weber?,the Austrian government,"Answer: Peter Kropotkin  Confidence: 0.8  
Answer: Karl Marx  Confidence: 0.6  
Answer: John Stuart Mill  Confidence: 0.5  
Answer: Émile Durkheim  Confidence: 0.4  
Answer: Herbert Spencer  Confidence: 0.3",Peter Kropotkin,0.8,0.0,0,0
422,3hop1__830700_538202_84283,Who owns the record label of the Shake What God Gave Ya performer?,Warner Music Group,"Answer: WMG (Warner Music Group) Confidence: 0.7  
Answer: Universal Music Group Confidence: 0.2  
Answer: Sony Music Entertainment Confidence: 0.1  
Answer: Atlantic Records Confidence: 0.05  
Answer: Interscope Records Confidence: 0.05",WMG (Warner Music Group),0.7,0.8571428571428571,0,1
423,4hop3__673447_132409_371500_35031,"Among the top five largest urban areas in the state where Infest's performer was formed, where does Veoh's headquarters city rank?",third-largest,"Answer: 3rd largest city Confidence: 0.6  
Answer: 2nd largest city Confidence: 0.2  
Answer: 4th largest city Confidence: 0.1  
Answer: 1st largest city Confidence: 0.05  
Answer: 5th largest city Confidence: 0.05",3rd largest city,0.6,0.0,0,1
424,2hop__818692_113442,What date did the creator of Autumn Leaves die?,13 August 1896,"Answer: 2015-12-29 Confidence: 0.9  
Answer: 2016-01-01 Confidence: 0.7  
Answer: 2015-12-31 Confidence: 0.6  
Answer: 2015-12-30 Confidence: 0.5  
Answer: 2016-01-02 Confidence: 0.4",2015-12-29,0.9,0.0,0,0
425,2hop__401710_456439,Who is the spouse of the producer of Dolores Claiborne?,Helen Mirren,"Answer: Darlene K. Love  Confidence: 0.2  
Answer: Not available  Confidence: 0.5  
Answer: No known spouse  Confidence: 0.3  
Answer: Unknown  Confidence: 0.6  
Answer: Actor's spouse  Confidence: 0.4",Unknown,0.6,0.0,0,0
426,2hop__394720_120259,When was the kingdom that Heptarchy was part of abolished?,918,"Answer: 871 Confidence: 0.7  
Answer: 927 Confidence: 0.6  
Answer: 800 Confidence: 0.3  
Answer: 600 Confidence: 0.2  
Answer: 1000 Confidence: 0.1",871,0.7,0.0,0,0
427,2hop__511296_577502,Who married the actor from Terminator?,Maria Shriver,"Answer: Linda Hamilton  Confidence: 0.5  
Answer: Arnold Schwarzenegger  Confidence: 0.7  
Answer: James Cameron  Confidence: 0.4  
Answer: Tia Carrere  Confidence: 0.3  
Answer: Emilia Clarke  Confidence: 0.2",Arnold Schwarzenegger,0.7,0.0,0,0
428,4hop1__17192_17130_70784_61381,When was the region immediately north of the region where the country that secured southern Lebanon is located and the Persian Gulf established?,1932,"Answer: 1971 Confidence: 0.7  
Answer: 1961 Confidence: 0.6  
Answer: 1970 Confidence: 0.5  
Answer: 1975 Confidence: 0.4  
Answer: 1946 Confidence: 0.3",1971,0.7,0.0,0,0
429,4hop3__547073_88460_30152_20999,How were people from whom the new coins were a proclamation of independence by the Somali Muslim Ajuran Empire expelled from the country between Thailand and Si Phan Don's country?,The dynasty regrouped and defeated the Portuguese,"Answer: Colonization. Confidence: 0.6  
Answer: Military invasion. Confidence: 0.5  
Answer: Economic pressure. Confidence: 0.4  
Answer: Diplomatic negotiation. Confidence: 0.3  
Answer: Migration. Confidence: 0.2",Colonization.,0.6,0.0,0,0
430,3hop1__850160_15840_36014,What was Nintendo's limit on games per developer per year on the system which had a three letter abbreviation and was also the platform for Pictionary?,five,"Answer: NES 5   Confidence: 0.8  
Answer: NES 10  Confidence: 0.7  
Answer: SNES 5   Confidence: 0.6  
Answer: SNES 10  Confidence: 0.5  
Answer: N64 5    Confidence: 0.4",NES 5,0.8,0.0,0,0
431,2hop__82378_158266,The top ballet company in the top bauxite producing country is what?,The Australian Ballet,"Answer: Australian Ballet. Confidence: 0.8  
Answer: The Royal Ballet. Confidence: 0.5  
Answer: Bolshoi Ballet. Confidence: 0.4  
Answer: Queensland Ballet. Confidence: 0.3  
Answer: Paris Opera Ballet. Confidence: 0.2",Australian Ballet.,0.8,1.0,1,1
432,3hop1__820301_720914_27537,Why did Roncalli leave the place where Crucifixion's creator died?,for the conclave in Rome,"Answer: Vatican City Conflict  Confidence: 0.6  
Answer: Personal beliefs  Confidence: 0.5  
Answer: Political reasons  Confidence: 0.4  
Answer: Artistic disagreement  Confidence: 0.3  
Answer: Health issues  Confidence: 0.2",Vatican City Conflict,0.6,0.0,0,0
433,4hop1__94201_642284_131926_13165,What treaty ceded territory to the US extending west to the body of water by the city where the designer of Southeast Library died?,Treaty of Paris,"Answer: Guadalupe Hidalgo  Confidence: 0.9  
Answer: Gadsden Purchase  Confidence: 0.7  
Answer: Treaty of Paris  Confidence: 0.6  
Answer: Adams-Onís Treaty  Confidence: 0.5  
Answer: Oregon Treaty  Confidence: 0.4",Guadalupe Hidalgo,0.9,0.0,0,0
434,3hop1__109113_720914_27537,Why did Roncalli leave the city where the painter of Venus with a Mirror died?,for the conclave in Rome,"Answer: To become pope. Confidence: 0.8  
Answer: Religious duties. Confidence: 0.7  
Answer: Vatican responsibilities. Confidence: 0.6  
Answer: Personal reasons. Confidence: 0.5  
Answer: Seeking support. Confidence: 0.4",To become pope.,0.8,0.0,0,1
435,3hop1__106847_160713_77246,What is the meaning in the arabic dictionary of the majority religion in the area of British India that become India when the country for A Music Fairy was created?,the country of India,"Answer: الهندية Confidence: 0.8  
Answer: الإسلام Confidence: 0.7  
Answer: الديانة Confidence: 0.5  
Answer: الثقافة Confidence: 0.4  
Answer: العادات Confidence: 0.3",الهندية,0.8,0.0,0,0
436,2hop__59612_50883,The London broil cut comes from a country with an emergency response guidebook with response guides in which section?,"The fourth section, with orange page borders","Answer: animal products; Confidence: 0.6  
Answer: meat; Confidence: 0.5  
Answer: emergency management; Confidence: 0.4  
Answer: beef; Confidence: 0.4  
Answer: agriculture; Confidence: 0.3",animal products;,0.6,0.0,0,0
437,3hop1__857_846_7770,Where does the Yangtze River flow in the city where the Yongle emperor greeted the person to whom the edict was addressed?,past the west side and then north side,"Answer: Nanjing Confidence: 0.9  
Answer: Yangtze River Confidence: 0.8  
Answer: China Confidence: 0.7  
Answer: Grand Canal Confidence: 0.5  
Answer: Jiangsu Province Confidence: 0.6",Nanjing,0.9,0.0,0,0
438,4hop1__567737_141375_458768_33677,When was the most recent Bicycle Friendly Community Award given to the city where the company Study in Brown's record label is part of is headquartered?,2013,"Answer: 2023 Confidence: 0.6  
Answer: 2022 Confidence: 0.3  
Answer: 2021 Confidence: 0.1  
Answer: 2020 Confidence: 0.0  
Answer: 2019 Confidence: 0.0",2023,0.6,0.0,0,0
439,2hop__42027_42004,"Since 2004, what is the location of the body to which, if a matter is not specifically reserved, it is devolved?",Scottish Parliament Building,"Answer: United Kingdom  Confidence: 0.8  
Answer: England  Confidence: 0.7  
Answer: Scotland  Confidence: 0.6  
Answer: Wales  Confidence: 0.5  
Answer: Northern Ireland  Confidence: 0.4",United Kingdom,0.8,0.0,0,0
440,2hop__644898_64046,Who plays the prison warden in the second movie in the series with the same name as the place where James Trainer died?,Simon Farnaby,"Answer: Morgan Freeman Confidence: 0.8  
Answer: Benjamin Bratt Confidence: 0.1  
Answer: Denzel Washington Confidence: 0.05  
Answer: Steve Buscemi Confidence: 0.03  
Answer: Kevin Bacon Confidence: 0.02",Morgan Freeman,0.8,0.0,0,0
441,2hop__124412_402641,Who is the child of Chiang Hsiao-wen's father?,Chiang Hsiao-wu,"Answer: Chiang Hsiao-wen Confidence: 1.0  
Answer: Hsiao-wen Confidence: 1.0  
Answer: Hsiao-wen's sibling Confidence: 0.5  
Answer: Chiang family's child Confidence: 0.4  
Answer: Unknown sibling Confidence: 0.3",Chiang Hsiao-wen,1.0,0.5,0,0
442,3hop1__140345_2053_5289,"What label was bought by the company which, along with ABC and the network which aired Law of the Plainsman, is the other major broadcaster based in NY?",Oriole Records.,"Answer: NBC Confidence: 0.8  
Answer: CBS Confidence: 0.7  
Answer: Fox Confidence: 0.6  
Answer: PBS Confidence: 0.5  
Answer: HBO Confidence: 0.4",NBC,0.8,0.0,0,0
443,3hop1__132967_40769_64047,When did the rx 350 model of the luxury division of the company that built Daihatsu boon change body style?,Sales began worldwide in April 2012,"Answer: 2015 Confidence: 0.8  
Answer: 2020 Confidence: 0.2  
Answer: 2017 Confidence: 0.1  
Answer: 2018 Confidence: 0.1  
Answer: 2016 Confidence: 0.1",2015,0.8,0.0,0,0
444,2hop__50432_56873,When did the team that won the 1959 fa cup final beating luton town 2-1 win the fa cup?,1898 and 1959,"Answer: 1959 Confidence: 1.0  
Answer: 1960 Confidence: 0.2  
Answer: 1958 Confidence: 0.1  
Answer: 1961 Confidence: 0.1  
Answer: 1955 Confidence: 0.1",1959,1.0,0.5,0,1
445,2hop__30905_213732,"Who is the child of the person who sponsored the resolution to reopen trade with Vietnam, along with Kerry?",Meghan McCain,"Answer: Chelsea Clinton. Confidence: 0.8  
Answer: John Kerry Jr. Confidence: 0.6  
Answer: Bill Clinton. Confidence: 0.5  
Answer: Jennifer Kerry. Confidence: 0.4  
Answer: Blythe Danner. Confidence: 0.3",Chelsea Clinton.,0.8,0.0,0,0
446,2hop__54651_169233,What award did the singer of Never Had a Friend Like Me in Aladdin receive?,Academy Award for Best Supporting Actor,"Answer: Grammy Award  
Confidence: 0.7  
Answer: Broadway World Award  
Confidence: 0.5  
Answer: Tony Award  
Confidence: 0.4  
Answer: Academy Award  
Confidence: 0.3  
Answer: Billboard Music Award  
Confidence: 0.2",Grammy Award,0.7,0.25,0,0
447,2hop__46376_158105,Which two features were played up by the highest paid person in the world?,ease of use and enhanced support for Plug and Play,"Answer: salary, experience  Confidence: 0.7  
Answer: innovation, leadership  Confidence: 0.6  
Answer: impact, vision  Confidence: 0.5  
Answer: risk-taking, strategies  Confidence: 0.4  
Answer: influence, success  Confidence: 0.3","salary, experience",0.7,0.0,0,0
448,4hop1__58323_375563_161848_67585,"How many stars are on the flag of the nation that first participated in the 1952 Olympics, located near the citizen country of the author of the 2005 novel Thief?",four,"Answer: 5 Confidence: 0.7  
Answer: 4 Confidence: 0.2  
Answer: 3 Confidence: 0.1  
Answer: 2 Confidence: 0.0  
Answer: 1 Confidence: 0.0",5,0.7,0.0,0,0
449,2hop__66167_615257,What team does the player with the most points in a NBA season play for?,Oklahoma City Thunder,"Answer: Boston Celtics  Confidence: 0.7  
Answer: Los Angeles Lakers  Confidence: 0.2  
Answer: Chicago Bulls  Confidence: 0.1  
Answer: Golden State Warriors  Confidence: 0.0  
Answer: New York Knicks  Confidence: 0.0",Boston Celtics,0.7,0.0,0,0
450,3hop1__36497_73181_68042,When did the party with a majority in the body the President calls on for support of his appointments to the USAF gain control of the House?,the 2010 election,"Answer: 2010 Confidence: 0.8  
Answer: 2014 Confidence: 0.7  
Answer: 2016 Confidence: 0.6  
Answer: 2008 Confidence: 0.5  
Answer: 2020 Confidence: 0.4",2010,0.8,0.6666666666666666,0,1
451,3hop1__489567_443779_52195,Who is the president of the newly declared independent country that is part of the commission of Truth and Friendship with the country where Inierie is located?,Francisco Guterres,"Answer: Timor-Leste president Confidence: 0.8  
Answer: José Ramos-Horta Confidence: 0.7  
Answer: Independence leader Confidence: 0.6  
Answer: Xanana Gusmão Confidence: 0.5  
Answer: Fretilin party leader Confidence: 0.4",Timor-Leste president,0.8,0.0,0,0
452,2hop__151705_141308,What company is I Dig Love's record label a part of?,Apple Corps,"Answer: Universal Music Group Confidence: 0.8  
Answer: Warner Music Group Confidence: 0.1  
Answer: Sony Music Entertainment Confidence: 0.05  
Answer: Atlantic Records Confidence: 0.03  
Answer: RCA Records Confidence: 0.02",Universal Music Group,0.8,0.0,0,0
453,2hop__257831_123283,Where did the producer of Julius Caesar study or work?,Clifton College,"Answer: Yale University. Confidence: 0.8  
Answer: Columbia University. Confidence: 0.6  
Answer: Harvard University. Confidence: 0.5  
Answer: University of California. Confidence: 0.4  
Answer: Royal Academy of Dramatic Art. Confidence: 0.3",Yale University.,0.8,0.0,0,0
454,4hop2__161602_474028_88460_21057,"During British rule, what wood was mostly produced in the nation that's the boundary between the host of the 2020 AFC U-23 Championship qualification, and the nation containing A Don?",75% of the world's teak,"Answer: Teak  Confidence: 0.8  
Answer: Mahogany  Confidence: 0.6  
Answer: Rosewood  Confidence: 0.5  
Answer: Hardwood  Confidence: 0.4  
Answer: Sandalwood  Confidence: 0.3",Teak,0.8,0.4,0,1
455,2hop__61714_89309,What was the date that Pam got married in The Office?,"October 8, 2009","Answer: July 8, 2009  Confidence: 0.9  
Answer: May 15, 2008  Confidence: 0.5  
Answer: June 10, 2009  Confidence: 0.4  
Answer: August 18, 2008  Confidence: 0.3  
Answer: September 4, 2008  Confidence: 0.2","July 8, 2009",0.9,0.6666666666666666,0,0
456,4hop3__650050_88460_30152_20999,How were people from whom the new coins were a proclamation of independence by the Somali Muslim Ajuran Empire expelled from the natural boundary between Thailand and A Doi's country?,The dynasty regrouped and defeated the Portuguese,"Answer: Military conflict. Confidence: 0.7  
Answer: Economic sanctions. Confidence: 0.5  
Answer: Diplomatic negotiations. Confidence: 0.4  
Answer: Colonization efforts. Confidence: 0.3  
Answer: Forced migration. Confidence: 0.4",Military conflict.,0.7,0.0,0,0
457,2hop__412633_15781,"Who, along with the author of An Essay on the History of Civil Society, criticized the idea of social contract theorists?",David Hume,"Answer: Hume  Confidence: 0.8  
Answer: Rousseau  Confidence: 0.6  
Answer: Hobbes  Confidence: 0.5  
Answer: Locke  Confidence: 0.4  
Answer: Kant  Confidence: 0.3",Hume,0.8,0.6666666666666666,0,1
458,3hop1__145924_131905_41948,"Besides the Irish Channel and the body of water by the city Caspar Voght died in, what else lowered in the last cold phase?",English Channel,"Answer: sea levels  Confidence: 0.7  
Answer: temperatures  Confidence: 0.6  
Answer: glacier sizes  Confidence: 0.5  
Answer: biodiversity  Confidence: 0.4  
Answer: vegetation cover  Confidence: 0.3",sea levels,0.7,0.0,0,0
459,3hop1__715607_792411_51423,What is the name of the castle in the city where the performer of A Collection 1984–1989 was born?,Casa Loma,"Answer: Tretower Castle Confidence: 0.6  
Answer: Cardiff Castle Confidence: 0.7  
Answer: Caerphilly Castle Confidence: 0.5  
Answer: Conwy Castle Confidence: 0.4  
Answer: Pembroke Castle Confidence: 0.3",Cardiff Castle,0.7,0.0,0,0
460,3hop1__595371_40769_64047,When did the RX 350 from the Scion xB manufacturer's luxury division change body style?,Sales began worldwide in April 2012,"Answer: 2015 Confidence: 0.8  
Answer: 2016 Confidence: 0.7  
Answer: 2014 Confidence: 0.6  
Answer: 2013 Confidence: 0.5  
Answer: 2012 Confidence: 0.4",2015,0.8,0.0,0,0
461,3hop1__128554_39743_24526,"What is the average winter daytime temperature in the region where Richmond is found, in the state where WIRR operates?",upper 40s–lower 50s °F,"Answer: 40°F Confidence: 0.6  
Answer: 45°F Confidence: 0.5  
Answer: 38°F Confidence: 0.4  
Answer: 50°F Confidence: 0.3  
Answer: 35°F Confidence: 0.3",40°F,0.6,0.0,0,0
462,4hop1__567737_141375_458768_33633,When did the explorer reach the headquarters location of the group Study in Brown's record label is part of?,"August 3, 1769","Answer: 1997 Confidence: 0.7  
Answer: 1995 Confidence: 0.6  
Answer: 1998 Confidence: 0.5  
Answer: 1996 Confidence: 0.4  
Answer: 2000 Confidence: 0.3",1997,0.7,0.0,0,0
463,3hop1__103197_214799_259594,What country gas the border troops of the country of the literature of the country of Andreas Zülow's citizenship?,GDR,"Answer: Germany Confidence: 0.9  
Answer: Netherlands Confidence: 0.7  
Answer: Austria Confidence: 0.6  
Answer: Switzerland Confidence: 0.5  
Answer: Denmark Confidence: 0.4",Germany,0.9,0.0,0,1
464,2hop__803903_78606,Who plays the wife of Big Stan's director in Grown Ups?,Joyce Van Patten,"Answer: Maria Bello Confidence: 0.9  
Answer: Salma Hayek Confidence: 0.7  
Answer: Maya Rudolph Confidence: 0.6  
Answer: Kevin James Confidence: 0.4  
Answer: Adam Sandler Confidence: 0.3",Maria Bello,0.9,0.0,0,0
465,2hop__27650_27628,Who is the Vice-President of the body that began to increase their coverage of weaker debts?,Vitor Constâncio,"Answer: IMF  Confidence: 0.6  
Answer: World Bank  Confidence: 0.5  
Answer: ECB  Confidence: 0.4  
Answer: BIS  Confidence: 0.3  
Answer: UN  Confidence: 0.2",IMF,0.6,0.0,0,0
466,2hop__10900_21567,Who introduced a system of musical notation in the 14th century used in the area where the Ottoman slave trade flourished?,John Kukuzelis,"Answer: Francesco Landini. Confidence: 0.7  
Answer: Giovanni da Firenze. Confidence: 0.6  
Answer: Philippe de Vitry. Confidence: 0.5  
Answer: Jacopo da Bologna. Confidence: 0.4  
Answer: Anonymous composers. Confidence: 0.3",Francesco Landini.,0.7,0.0,0,0
467,2hop__677160_110882,When was the performer of So Nice born?,1 January 1986,"Answer: 1939 Confidence: 0.8  
Answer: 1941 Confidence: 0.1  
Answer: 1943 Confidence: 0.05  
Answer: 1938 Confidence: 0.04  
Answer: 1940 Confidence: 0.03",1939,0.8,0.0,0,0
468,2hop__603365_120259,When was a participant in the Battle of Maserfield abolished?,918,"Answer: 642 AD Confidence: 0.9  
Answer: 650 AD Confidence: 0.7  
Answer: 640 AD Confidence: 0.6  
Answer: 655 AD Confidence: 0.5  
Answer: 660 AD Confidence: 0.4",642 AD,0.9,0.0,0,0
469,2hop__56806_7298,What pop artist started his career on adult contemporary radio along with the subject of the song The One That Got Away?,Michael Bublé,"Answer: Katy Perry  Confidence: 0.9  
Answer: Jason Mraz  Confidence: 0.7  
Answer: John Mayer  Confidence: 0.6  
Answer: Ed Sheeran  Confidence: 0.5  
Answer: Maroon 5  Confidence: 0.4",Katy Perry,0.9,0.0,0,0
470,2hop__40270_11402,"According to the agency that considers if Los Angeles County is to be a separate metropolitan area, what is the total area in square miles?",17.037 square miles,"Answer: 4,752.0  Confidence: 0.8  
Answer: 4,850.0  Confidence: 0.6  
Answer: 4,700.0  Confidence: 0.5  
Answer: 4,600.0  Confidence: 0.4  
Answer: 5,000.0  Confidence: 0.3","4,752.0",0.8,0.0,0,0
471,2hop__655505_110949,What is the Till dom ensamma performer's birth date?,11 September 1962,"Answer: November 9, 1994 Confidence: 0.8  
Answer: December 3, 1996 Confidence: 0.1  
Answer: October 15, 1992 Confidence: 0.05  
Answer: January 20, 1995 Confidence: 0.03  
Answer: August 28, 1990 Confidence: 0.02","November 9, 1994",0.8,0.0,0,0
472,4hop1__47210_53706_795904_580996,What location borders the city founded by a former newspaper publisher selling supplies in the state where the valley girl accent originated?,Rio Linda,"Answer: Los Angeles  Confidence: 0.8  
Answer: San Fernando Valley  Confidence: 0.7  
Answer: San Diego  Confidence: 0.5  
Answer: Santa Monica  Confidence: 0.4  
Answer: Pasadena  Confidence: 0.3",Los Angeles,0.8,0.0,0,0
473,2hop__434218_29898,Which affiliate left the employer of Don Newman due to an agreement with CHBC?,CFJC-TV in Kamloops,"Answer: CTV Globe Media  Confidence: 0.7  
Answer: CHBC Television  Confidence: 0.6  
Answer: Shaw Communications  Confidence: 0.5  
Answer: Global News  Confidence: 0.4  
Answer: Bell Media  Confidence: 0.3",CTV Globe Media,0.7,0.0,0,0
474,2hop__50936_90973,Who did the original voice of the character that Mila Kunis plays in Family Guy?,Lacey Chabert,"Answer: Seth MacFarlane Confidence: 0.9  
Answer: Alex Borstein Confidence: 0.1  
Answer: Mike Henry Confidence: 0.1  
Answer: Peter Dinklage Confidence: 0.0  
Answer: Adam West Confidence: 0.0",Seth MacFarlane,0.9,0.0,0,0
475,2hop__555792_30351,Who did Hayek work for upon being hired by the author of Omnipotent Government?,the Austrian government,"Answer: Lionel Robbins. Confidence: 0.8  
Answer: London School of Economics. Confidence: 0.7  
Answer: University of London. Confidence: 0.6  
Answer: Austrian School. Confidence: 0.5  
Answer: British Economics. Confidence: 0.4",Lionel Robbins.,0.8,0.0,0,0
476,4hop2__161602_474028_88460_21034,What year did the country that is the natural boundary between where the tournament was hosted and where A Don is located host the ASEAN Conference?,hosted the summit in 2014,"Answer: 1976 Confidence: 0.7  
Answer: 2002 Confidence: 0.2  
Answer: 1987 Confidence: 0.1  
Answer: 1999 Confidence: 0.05  
Answer: 2010 Confidence: 0.03",1976,0.7,0.0,0,0
477,2hop__557743_92763,What is the enrollment at Henry Latimer's alma mater?,"16,801","Answer: 4000 Confidence: 0.4  
Answer: 3000 Confidence: 0.3  
Answer: 5000 Confidence: 0.2  
Answer: 2500 Confidence: 0.1  
Answer: 6000 Confidence: 0.0",4000,0.4,0.0,0,0
478,3hop1__816887_127905_80286,Who has the most hits in the league of the team that Dick Aylward plays for?,Pete Rose,"Answer: Jimmie Foxx  Confidence: 0.7  
Answer: Ted Williams Confidence: 0.6  
Answer: Carl Yastrzemski Confidence: 0.5  
Answer: David Ortiz Confidence: 0.4  
Answer: Wade Boggs Confidence: 0.3",Jimmie Foxx,0.7,0.0,0,0
479,2hop__43776_162341,What other recognition did the Oscar winner for Best Actor in 2006 receive?,nominated for an Academy Award for Best Supporting Actor,"Answer: BAFTA Award  Confidence: 0.8  
Answer: Golden Globe Award  Confidence: 0.7  
Answer: Screen Actors Guild Award  Confidence: 0.6  
Answer: Critics' Choice Award  Confidence: 0.5  
Answer: Cannes Film Festival Award  Confidence: 0.4",BAFTA Award,0.8,0.2,0,0
480,2hop__608902_653666,Who is the mother of Katharine Smith Salisbury's brother?,Lucy Mack Smith,"Answer: Sarah Smith Salisbury   Confidence: 0.9  
Answer: Anna Salisbury   Confidence: 0.6  
Answer: Mary Smith   Confidence: 0.5  
Answer: Elizabeth Smith   Confidence: 0.4  
Answer: Jane Salisbury   Confidence: 0.3",Sarah Smith Salisbury,0.9,0.3333333333333333,0,0
481,2hop__609313_20273,What year did the author of History of the Reformation in Scotland die?,1572,"Answer: 1876 Confidence: 0.9  
Answer: 1890 Confidence: 0.05  
Answer: 1885 Confidence: 0.03  
Answer: 1875 Confidence: 0.01  
Answer: 1880 Confidence: 0.01",1876,0.9,0.0,0,0
482,2hop__6827_55848,When was the first branch of the company that bought FleetBoston Financial established?,"November 3, 1930","Answer: 1982 Confidence: 0.7  
Answer: 1999 Confidence: 0.6  
Answer: 1991 Confidence: 0.5  
Answer: 2001 Confidence: 0.4  
Answer: 1985 Confidence: 0.5",1982,0.7,0.0,0,0
483,2hop__576118_25719,At the end of which year did tribes from the area where Linear Pottery culture was found invade the Roman Empire?,406,"Answer: 375 AD Confidence: 0.9  
Answer: 376 AD Confidence: 0.7  
Answer: 378 AD Confidence: 0.6  
Answer: 350 AD Confidence: 0.5  
Answer: 400 AD Confidence: 0.4",375 AD,0.9,0.0,0,0
484,3hop1__358853_339990_54675,"What mountain can you see from Portland, in the state that Raven Creek is located in?",Tualatin Mountains,"Answer: Hood Confidence: 0.9  
Answer: St. Helens Confidence: 0.7  
Answer: Adams Confidence: 0.6  
Answer: Rainier Confidence: 0.5  
Answer: Olympus Confidence: 0.4",Hood,0.9,0.0,0,0
485,3hop1__186307_503371_21711,When was the Palau de la Generalitat constructed in the city where Martin from where Jaulin is located died?,built in the 15th century,"Answer: 15th century Confidence: 0.7  
Answer: 1400s Confidence: 0.6  
Answer: 1440 Confidence: 0.5  
Answer: 1450 Confidence: 0.4  
Answer: 1500 Confidence: 0.3",15th century,0.7,0.6666666666666666,0,1
486,3hop2__326964_846_7713,How long had the city where the Yongle Emperor greeted the Karmapa been the capitol city of Yaxing Coach's headquarters location?,about 400 years,"Answer: 7 years Confidence: 0.6  
Answer: 10 years Confidence: 0.5  
Answer: 5 years Confidence: 0.4  
Answer: 12 years Confidence: 0.3  
Answer: 3 years Confidence: 0.2",7 years,0.6,0.4,0,0
487,4hop3__577443_88460_30152_20999,How were people from whom new coins were a proclamation of independence by the Somali Muslim Ajuran Empire expelled from the natural boundary between Thailand and Tham Pha's country?,The dynasty regrouped and defeated the Portuguese,"Answer: Somali Ajuran Empire coins expelled Thais. Confidence: 0.3  
Answer: Proclamation of independence through conflict. Confidence: 0.25  
Answer: Ajuran Empire confronted Thais militarily. Confidence: 0.2  
Answer: Borders defined by warfare with Ajuran. Confidence: 0.15  
Answer: Thais resisted Ajuran expansion efforts. Confidence: 0.1",Somali Ajuran Empire coins expelled Thais.,0.3,0.0,0,0
488,3hop1__545624_2053_5289,"What UK label was bought by the company which, along with ABC and the network which broadcasted Here and Now, is the other major broadcaster based in NY?",Oriole Records.,"Answer: EMI Confidence: 0.8  
Answer: CBS Confidence: 0.7  
Answer: Fox Confidence: 0.6  
Answer: NBC Confidence: 0.6  
Answer: Warner Music Confidence: 0.5",EMI,0.8,0.0,0,0
489,2hop__252311_366220,Who founded the company that distributed the film UHF?,Mike Medavoy,"Answer: Orion Pictures  Confidence: 0.9  
Answer: Ted Hartley Confidence: 0.7  
Answer: Richard D. Zanuck Confidence: 0.6  
Answer: John Boorman Confidence: 0.5  
Answer: Paramount Pictures Confidence: 0.4",Orion Pictures,0.9,0.0,0,0
490,3hop1__222497_309482_27537,Why did Roncalli leave the place where the composer of Al gran sole carico d'amore worked?,for the conclave in Rome,"Answer: Disagreements. Confidence: 0.6  
Answer: Personal issues. Confidence: 0.5  
Answer: Career opportunities. Confidence: 0.4  
Answer: Artistic differences. Confidence: 0.3  
Answer: Financial problems. Confidence: 0.2",Disagreements.,0.6,0.0,0,0
491,4hop1__93661_59747_211319_557671,Which county shares a border with the county where the most populous city in the state where season 8 of The Walking Dead was filmed is located?,Presque Isle County,"Answer: Fulton County Confidence: 0.9  
Answer: DeKalb County Confidence: 0.8  
Answer: Cobb County Confidence: 0.7  
Answer: Gwinnett County Confidence: 0.6  
Answer: Clayton County Confidence: 0.5",Fulton County,0.9,0.4,0,0
492,2hop__25344_88628,"In True Grit, who did the star play?",U.S. Marshal Rooster Cogburn,"Answer: Mattie Ross Confidence: 0.9  
Answer: Rooster Cogburn Confidence: 0.1  
Answer: LaBoeuf Confidence: 0.1  
Answer: No guess Confidence: 0.0  
Answer: Other character Confidence: 0.0",Mattie Ross,0.9,0.0,0,0
493,3hop2__222979_132477_40768,"When did the maker of the Acura RLX, the owner of Scion, and Nissan open US assembly plants?",1981,"Answer: 2013 Confidence: 0.6  
Answer: 2014 Confidence: 0.2  
Answer: 2008 Confidence: 0.1  
Answer: 2015 Confidence: 0.1  
Answer: 1999 Confidence: 0.0",2013,0.6,0.0,0,0
494,3hop1__572324_568433_51423,What is the name of the castle in the city where the headquarters of the production company of Care Bear: Journey to Joke-a-lot is located?,Casa Loma,"Answer: Castle Rock Confidence: 0.8  
Answer: Disney Castle Confidence: 0.5  
Answer: Warner Bros. Castle Confidence: 0.4  
Answer: Crystal Castle Confidence: 0.3  
Answer: Friendship Castle Confidence: 0.2",Castle Rock,0.8,0.0,0,0
495,3hop1__208108_547811_80702,What is the name of the famous bridge in the city where the composer of La Silvia was born?,Rialto Bridge,"Answer: Golden Gate Bridge Confidence: 0.6  
Answer: Brooklyn Bridge Confidence: 0.5  
Answer: Tower Bridge Confidence: 0.4  
Answer: Rialto Bridge Confidence: 0.3  
Answer: Westminster Bridge Confidence: 0.3",Golden Gate Bridge,0.6,0.4,0,0
496,3hop1__324448_831637_91775,What does SEAL stand for in the military branch that operates USS Prevail?,"Sea, Air, and Land","Answer: Sea, Air, and Land Confidence: 0.9  
Answer: Special Operations Forces Confidence: 0.6  
Answer: Special Engagement and Assault Team Confidence: 0.5  
Answer: Seal Team Naval Operations Confidence: 0.4  
Answer: Special Elite Assault Lifeguards Confidence: 0.3","Sea, Air, and Land",0.9,1.0,1,1
497,4hop2__5206_14670_8987_8529,"When was ""Slavs"" used in the national anthem of the country whose military having the Air Defense Artillery was unprepared for the invasion of the country conquered by the Pact?",1943–1992,"Answer: 1944 Confidence: 0.8  
Answer: 1943 Confidence: 0.6  
Answer: 1939 Confidence: 0.5  
Answer: 1945 Confidence: 0.4  
Answer: 1920 Confidence: 0.3",1944,0.8,0.0,0,0
498,3hop2__103889_30152_20999,How were the people that the Ajuran Empire declared independence from by minting coins expelled from Zaw Win Thet's country?,The dynasty regrouped and defeated the Portuguese,"Answer: By military confrontation. Confidence: 0.7  
Answer: Through economic measures. Confidence: 0.5  
Answer: Via political negotiations. Confidence: 0.4  
Answer: By diplomatic tactics. Confidence: 0.3  
Answer: Through strategic alliances. Confidence: 0.2",By military confrontation.,0.7,0.0,0,1
499,2hop__706038_14251,What line by a cast member of Birds of Feather is believed to have started the archie nickname?,"""Archibald, certainly not!""","Answer: ""Archie"" Confidence: 0.7  
Answer: ""I am Archie"" Confidence: 0.5  
Answer: ""Archie the lizard"" Confidence: 0.4  
Answer: ""Call me Archie"" Confidence: 0.3  
Answer: ""My name's Archie"" Confidence: 0.2","""Archie""",0.7,0.0,0,0
500,2hop__75207_53316,"Before the military coup was staged, who was the president of the country where Fuser and Alberto met the indigenous couple who were traveling to look for work?",Salvador Allende,"Answer: Ecuador Confidence: 0.8  
Answer: Lenín Moreno Confidence: 0.7  
Answer: Guillermo Lasso Confidence: 0.6  
Answer: Rafael Correa Confidence: 0.5  
Answer: Jamil Mahuad Confidence: 0.4",Ecuador,0.8,0.0,0,0
501,3hop1__765565_326948_86925,What is the symbols of the Saints from the place where Here Come the Girl's performer was born called?,fleur - de-lis,"Answer: Fleur-de-lis Confidence: 0.9  
Answer: Saints logo Confidence: 0.7  
Answer: New Orleans symbol Confidence: 0.8  
Answer: Pelican Confidence: 0.5  
Answer: Gold and black colors Confidence: 0.6",Fleur-de-lis,0.9,0.0,0,1
502,4hop1__711773_508773_85832_745702,Who's the son of the Italian navigator who explored the eastern coast of the continent Manuel Balbi was born in?,Sebastian Cabot,"Answer: Balbi's son Confidence: 0.2  
Answer: Columbus' son Confidence: 0.1  
Answer: Vespucci's son Confidence: 0.1  
Answer: Magellan's son Confidence: 0.1  
Answer: No specific son identified Confidence: 0.5",No specific son identified,0.5,0.0,0,0
503,2hop__170914_152093,"What label is responsible for the performer of ""Friend Like That""?",Fair Trade Services,"Answer: DistroKid Confidence: 0.9  
Answer: Atlantic Records Confidence: 0.7  
Answer: Universal Music Confidence: 0.6  
Answer: Columbia Records Confidence: 0.5  
Answer: RCA Records Confidence: 0.4",DistroKid,0.9,0.0,0,0
504,2hop__761291_87295,Who does the author of Home: A Memoir of My Early Years play in Princess Diaries?,Queen dowager Clarisse Renaldi,"Answer: Clarisse Renaldi  Confidence: 0.9  
Answer: Queen Clarisse  Confidence: 0.85  
Answer: Princess Mia's grandmother  Confidence: 0.8  
Answer: Julie Andrews  Confidence: 0.75  
Answer: Queen of Genovia  Confidence: 0.7",Clarisse Renaldi,0.9,0.6666666666666666,0,1
505,3hop1__465684_160545_62931,Where in the country where Bodindecha was born was The Beach filmed?,island Koh Phi Phi,"Answer: Thailand  Confidence: 0.9  
Answer: Koh Phi Phi  Confidence: 0.8  
Answer: Krabi  Confidence: 0.7  
Answer: Phuket  Confidence: 0.6  
Answer: Bangkok  Confidence: 0.5",Thailand,0.9,0.0,0,0
506,2hop__276637_126089,Who was in charge of the area where Pavilion Welgelegen is located?,Johan Remkes,"Answer: South Africa. Confidence: 0.8  
Answer: Cape Town. Confidence: 0.7  
Answer: Western Cape. Confidence: 0.6  
Answer: City of Cape Town. Confidence: 0.5  
Answer: Provincial government. Confidence: 0.4",South Africa.,0.8,0.0,0,0
507,3hop1__321720_650651_7262,Who was a prominent figure at the radio division of the network that created the version of The Biggest Loser set in the country where Seria is?,Walter Sabo,"Answer: Australia Confidence: 0.8  
Answer: Bob Harper Confidence: 0.7  
Answer: NBC Confidence: 0.6  
Answer: The Biggest Loser Confidence: 0.5  
Answer: Format adaptation Confidence: 0.4",Australia,0.8,0.0,0,0
508,2hop__603598_25719,At the end of what year did the tribes from the place where the Rossen culture is located invade the Roman Empire?,406,"Answer: 271 AD Confidence: 0.8  
Answer: 270 AD Confidence: 0.7  
Answer: 272 AD Confidence: 0.6  
Answer: 260 AD Confidence: 0.5  
Answer: 268 AD Confidence: 0.4",271 AD,0.8,0.0,0,0
509,2hop__160223_58067,Who was given India's highest civilian honor before he became President of India?,A.P.J. Abdul Kalam,"Answer: Pranab Mukherjee Confidence: 0.9  
Answer: Dr. Sarvepalli Radhakrishnan Confidence: 0.7  
Answer: APJ Abdul Kalam Confidence: 0.5  
Answer: Mahatma Gandhi Confidence: 0.3  
Answer: C. Rajagopalachari Confidence: 0.4",Pranab Mukherjee,0.9,0.0,0,0
510,2hop__20268_42004,The Directory of Public Worship was approved by a parliament whose modern equivalent has been based where since 2004?,Scottish Parliament Building,"Answer: Edinburgh Confidence: 0.9  
Answer: Scotland Confidence: 0.8  
Answer: Holyrood Confidence: 0.85  
Answer: United Kingdom Confidence: 0.6  
Answer: Westminster Confidence: 0.5",Edinburgh,0.9,0.0,0,1
511,2hop__478978_124498,Who is the father of the performer of Je dis aime?,Louis Chedid,"Answer: Daniel Balavoine. Confidence: 0.7  
Answer: Michel Berger. Confidence: 0.6  
Answer: Jean-Jacques Goldman. Confidence: 0.5  
Answer: Jacques Brel. Confidence: 0.4  
Answer: Claude François. Confidence: 0.3",Daniel Balavoine.,0.7,0.0,0,0
512,3hop2__132957_379231_40768,"When did Nissan, the Acura Legend maker and the Scion xD manufacturer open US assembly plants?",1981,"Answer: 1983 Confidence: 0.7  
Answer: 1992 Confidence: 0.2  
Answer: 1990 Confidence: 0.1  
Answer: 1989 Confidence: 0.1  
Answer: 1995 Confidence: 0.05",1983,0.7,0.0,0,0
513,2hop__166824_185403,What league does the team that plays in Stadio Ciro Vigorito play for?,Lega Pro Prima Divisione,"Answer: Serie B Confidence: 0.8  
Answer: Serie A Confidence: 0.1  
Answer: Serie C Confidence: 0.05  
Answer: Coppa Italia Confidence: 0.03  
Answer: Lega Pro Confidence: 0.02",Serie B,0.8,0.0,0,0
514,4hop3__130404_29339_508306_70744,"Who has more national championships, the university where Fort Hill is, or the university in the state where Edwards won the primary, along with winning in the state containing WDXQ?",University of South Carolina,"Answer: Maryland Terrapins  Confidence: 0.8  
Answer: University of Alabama  Confidence: 0.6  
Answer: University of North Carolina  Confidence: 0.5  
Answer: University of Florida  Confidence: 0.4  
Answer: University of Texas  Confidence: 0.3",Maryland Terrapins,0.8,0.0,0,0
515,3hop1__857_846_7794,"In 2010, what was the population of the city where the Yongle emperor greeted the person to whom the edict was addressed?",8.005 million,"Answer: Beijing. Confidence: 0.9  
Answer: 20 million. Confidence: 0.7  
Answer: China. Confidence: 0.6  
Answer: 13 million. Confidence: 0.5  
Answer: 25 million. Confidence: 0.4",Beijing.,0.9,0.0,0,0
516,2hop__24697_634490,Who is the sibling of Shu Yu from the Chinese capital that Kanmu modeled his government after?,King Cheng of Zhou,"Answer: Yuan Zheng. Confidence: 0.7  
Answer: Yang Yu. Confidence: 0.6  
Answer: Zhang Yu. Confidence: 0.5  
Answer: Li Yu. Confidence: 0.4  
Answer: Wang Yu. Confidence: 0.3",Yuan Zheng.,0.7,0.0,0,0
517,4hop1__39871_314549_131976_44892,"A line with Williamsburg, Main Street and another station are in a state that's next to an ocean. When did that ocean start to open up?",around 140 million years ago,"Answer: 1607 Confidence: 0.6  
Answer: 1492 Confidence: 0.4  
Answer: 1620 Confidence: 0.3  
Answer: 1580 Confidence: 0.2  
Answer: 1500 Confidence: 0.1",1607,0.6,0.0,0,0
518,2hop__96177_62765,Who did the star of Dark Hazard play in The Ten Commandments?,Dathan,"Answer: Edward G. Robinson as Dathan. Confidence: 0.9  
Answer: Charlton Heston as Moses. Confidence: 0.1  
Answer: Yul Brynner as Ramses. Confidence: 0.0  
Answer: Anne Baxter as Nefretiri. Confidence: 0.0  
Answer: Vincent Price as Rameses. Confidence: 0.0",Edward G. Robinson as Dathan.,0.9,0.33333333333333337,0,1
519,4hop1__166471_49925_13759_736921,In what state is the district where the one who wanted to reform and address the institution behind the religion of Egidio Vagnozzi preached a sermon?,Saxony-Anhalt,"Answer: New York. Confidence: 0.6  
Answer: California. Confidence: 0.2  
Answer: Florida. Confidence: 0.1  
Answer: Texas. Confidence: 0.05  
Answer: Illinois. Confidence: 0.05",New York.,0.6,0.0,0,0
520,2hop__198459_61845,Who has played for both West Ham Ajax and the team that Adam Hammill is on?,Mido,"Answer: Eberechi Eze. Confidence: 0.7  
Answer: Michael Antonio. Confidence: 0.6  
Answer: Victor Obinna. Confidence: 0.5  
Answer: Danny Gabbidon. Confidence: 0.4  
Answer: Jermain Defoe. Confidence: 0.3",Eberechi Eze.,0.7,0.0,0,0
521,3hop1__512574_42197_18397,Where did the arguer that Oleg Lomakin's country of citizenship had become an imperialist power declare he would intervene in the Korean conflict?,the Politburo,"Answer: Korea  Confidence: 0.7  
Answer: South Korea  Confidence: 0.6  
Answer: North Korea  Confidence: 0.5  
Answer: Asia  Confidence: 0.4  
Answer: Pacific  Confidence: 0.3",Korea,0.7,0.0,0,0
522,3hop1__664835_650651_7262,"Who was a prominent figure in the radio division of the network of the version of The Biggest Loser: The Final Chance, set in the country where Bokok is located?",Walter Sabo,"Answer: Bob Harper  Confidence: 0.7  
Answer: Alison Sweeney  Confidence: 0.5  
Answer: Jillian Michaels  Confidence: 0.4  
Answer: Tanya Harding  Confidence: 0.3  
Answer: Chris Powell  Confidence: 0.2",Bob Harper,0.7,0.0,0,0
523,3hop1__527372_339990_54675,"What mountains can you see from Portland, in the state with the county that contains Fester Hollow?",Tualatin Mountains,"Answer: Mount Hood. Confidence: 0.9  
Answer: Mount St. Helens. Confidence: 0.8  
Answer: Mount Adams. Confidence: 0.7  
Answer: Cascades. Confidence: 0.5  
Answer: Olympic Mountains. Confidence: 0.4",Mount Hood.,0.9,0.0,0,0
524,3hop2__20335_82856_9331,"What dissolved the privileges in Poland of the empire that helped the patriots during the Revolutionary War, the Kingdom that acquired some Thuringian territory in 1815, and the Habsburg Monarchy?",March Constitution of Poland,"Answer: Prussia  
Confidence: 0.8  
Answer: Austria  
Confidence: 0.7  
Answer: Russia  
Confidence: 0.6  
Answer: Sweden  
Confidence: 0.5  
Answer: France  
Confidence: 0.4",Prussia,0.8,0.0,0,0
525,2hop__130508_32379,What is the oldest college in the state that contains Borough House Plantation?,College of Charles Towne,"Answer: College of Charleston Confidence: 0.9  
Answer: The Citadel Confidence: 0.7  
Answer: South Carolina College Confidence: 0.6  
Answer: Furman University Confidence: 0.5  
Answer: Wofford College Confidence: 0.4",College of Charleston,0.9,0.5714285714285715,0,1
526,2hop__242045_2684,What law was passed by Maria Shriver's husband?,"""Donda West Law""","Answer: CARE Act. Confidence: 0.9  
Answer: Alzheimer's Act. Confidence: 0.7  
Answer: Family Caregiver Support Law. Confidence: 0.6  
Answer: Health Care Decisions Law. Confidence: 0.5  
Answer: California Family Rights Act. Confidence: 0.4",CARE Act.,0.9,0.0,0,0
527,2hop__422295_8311,"When was the sibling of Alice de Lusignan, Countess of Surrey crowned?",1216,"Answer: 1383 Confidence: 0.7  
Answer: 1362 Confidence: 0.2  
Answer: 1390 Confidence: 0.1  
Answer: 1375 Confidence: 0.1  
Answer: 1400 Confidence: 0.0",1383,0.7,0.0,0,0
528,2hop__170341_43945,"Why was Common Sense, by the same author as Rights of Man, an important work?",crystallized the rebellious demand for independence from Great Britain,"Answer: Influential pamphlet. Confidence: 0.8  
Answer: Promoted American independence. Confidence: 0.9  
Answer: Advocated for democratic ideals. Confidence: 0.75  
Answer: Encouraged revolutionary thinking. Confidence: 0.85  
Answer: Simplified complex political ideas. Confidence: 0.7",Promoted American independence.,0.9,0.18181818181818182,0,1
529,4hop1__429751_32392_823060_610794,What county is the city that shares a border with the state capital of the state where Purrysburg is located?,Richland County,"Answer: Chatham County  Confidence: 0.9  
Answer: Effingham County  Confidence: 0.7  
Answer: Bryan County  Confidence: 0.6  
Answer: Liberty County  Confidence: 0.5  
Answer: Bulloch County  Confidence: 0.4",Chatham County,0.9,0.5,0,0
530,2hop__227791_75487,Who is the federal leader of the political party Ken Epp belongs to?,Andrew Scheer,"Answer: Conservative Party Leader Confidence: 0.9  
Answer: Stephen Harper Confidence: 0.8  
Answer: Erin O'Toole Confidence: 0.7  
Answer: Pierre Poilievre Confidence: 0.6  
Answer: Andrew Scheer Confidence: 0.5",Conservative Party Leader,0.9,0.0,0,0
531,2hop__488811_30078,What military overran much of Erich Zakowski's place of birth?,Russian troops,"Answer: Soviet Union  
Confidence: 0.9  
Answer: Soviet Army  
Confidence: 0.8  
Answer: Red Army  
Confidence: 0.85  
Answer: Russian military  
Confidence: 0.7  
Answer: Eastern Front forces  
Confidence: 0.6",Soviet Union,0.9,0.0,0,1
532,2hop__494659_5385,How many people work at the school that holds the Julian P. Kanter Political Commercial Archive?,"11,900","Answer: University of Oklahoma. Confidence: 0.9  
Answer: 1500. Confidence: 0.6  
Answer: 2000. Confidence: 0.5  
Answer: 1000. Confidence: 0.4  
Answer: 2500. Confidence: 0.3",University of Oklahoma.,0.9,0.0,0,0
533,2hop__286621_67370,When does the show of the cast member of Politically Incorrect start again in 2018?,"January 19, 2018","Answer: January 2018. Confidence: 0.7  
Answer: March 2018. Confidence: 0.2  
Answer: February 2018. Confidence: 0.1  
Answer: April 2018. Confidence: 0.1  
Answer: May 2018. Confidence: 0.0",January 2018.,0.7,0.8,0,1
534,3hop1__178435_547811_41132,How many times did plague occur in the birthplace of the composer of Gloria in D Major?,22,"Answer: 3 times Confidence: 0.6 
Answer: 2 times Confidence: 0.5 
Answer: 4 times Confidence: 0.4 
Answer: 1 time Confidence: 0.3 
Answer: 5 times Confidence: 0.3",3 times,0.6,0.0,0,0
535,3hop1__617062_127905_67954,Who won the All-Star MVP for the league that the team that Jim Wilson plays for is a part of?,Alex Bregman,"Answer: Giannis Antetokounmpo Confidence: 0.7  
Answer: LeBron James Confidence: 0.6  
Answer: Kevin Durant Confidence: 0.5  
Answer: Stephen Curry Confidence: 0.4  
Answer: Nikola Jokic Confidence: 0.3",Giannis Antetokounmpo,0.7,0.0,0,0
536,3hop1__139773_88110_77129,"What was the first OS to support the Hyper-V protocol, developed by the company that the letters MS stand for, in the network where The Rachel Maddow Show is found?",Windows 8,"Answer: Windows Server 2008 Confidence: 0.9  
Answer: Windows 8 Confidence: 0.7  
Answer: Windows Server 2012 Confidence: 0.6  
Answer: Windows Vista Confidence: 0.4  
Answer: Windows 10 Confidence: 0.3",Windows Server 2008,0.9,0.4,0,0
537,3hop2__132957_133292_40768,When did Nissan along with the creator of the Hino Dutro and the maker of the Acura Legend open US assembly plants?,1981,"Answer: 1980s  Confidence: 0.7  
Answer: 1982  Confidence: 0.6  
Answer: 1986  Confidence: 0.5  
Answer: 1981  Confidence: 0.4  
Answer: 1990  Confidence: 0.3",1980s,0.7,0.0,0,1
538,4hop3__387712_132409_146285_35031,Where does the city where Alexander Golitzen died rank in the top five largest urban areas of the state where the band that Jacoby Shaddix is a member of formed?,third-largest,"Answer: San Diego  Confidence: 0.9  
Answer: 2  Confidence: 0.8  
Answer: 1  Confidence: 0.7  
Answer: 3  Confidence: 0.5  
Answer: 5  Confidence: 0.4",San Diego,0.9,0.0,0,0
539,2hop__25797_990,Which iPod generation introduced compatibility with the industry standard connection that was first widely used at version 1.1?,third generation,"Answer: iPod 5th Generation (Video) Confidence: 0.9  
Answer: iPod Classic Confidence: 0.8  
Answer: iPod 5th Gen Confidence: 0.85  
Answer: iPod 6th Generation Confidence: 0.7  
Answer: iPod Nano 2nd Generation Confidence: 0.6",iPod 5th Generation (Video),0.9,0.3333333333333333,0,0
540,3hop2__132957_52222_40768,"When did the maker of Acura Legend, the biggest automobile company in the world, and Nissan open US assembly plants?",1981,"Answer: 1986 Acura Legend launch. Confidence: 0.7  
Answer: 1982 Nissan assembly plants. Confidence: 0.6  
Answer: 1984 Acura US entry. Confidence: 0.5  
Answer: 1991 Nissan plant in Tennessee. Confidence: 0.5  
Answer: 1987 Acura manufacturing in US. Confidence: 0.4",1986 Acura Legend launch.,0.7,0.0,0,0
541,4hop1__788226_32392_823060_610794,The capital of the state where Mary Boykin Chesnut lived borders a city within which county?,Richland County,"Answer: Columbia, SC Confidence: 0.8  
Answer: Richland County Confidence: 0.9  
Answer: Charleston, SC Confidence: 0.5  
Answer: Kershaw County Confidence: 0.4  
Answer: Lexington County Confidence: 0.3",Richland County,0.9,1.0,1,1
542,2hop__554145_88622,Who is the head of the main subject of NSA in popular culture?,ADM Michael S. Rogers,"Answer: Jack Ryan. Confidence: 0.7  
Answer: Carrie Mathison. Confidence: 0.6  
Answer: Edward Snowden. Confidence: 0.5  
Answer: Jason Bourne. Confidence: 0.4  
Answer: John Wick. Confidence: 0.3",Jack Ryan.,0.7,0.0,0,0
543,2hop__312223_144857,What city was the author of What We Talk About When We Talk About love born in?,Clatskanie,"Answer: Lansing Confidence: 0.9  
Answer: Michigan Confidence: 0.8  
Answer: USA Confidence: 0.7  
Answer: East Lansing Confidence: 0.6  
Answer: New York Confidence: 0.5",Lansing,0.9,0.0,0,0
544,3hop1__622145_42197_18397,Where did the arguer that Boris Lagutin's country of citizenship had become an imperialist power declare he would intervene in the Korean conflict?,the Politburo,"Answer: Korea  Confidence: 0.7  
Answer: Asia  Confidence: 0.6  
Answer: Indochina  Confidence: 0.5  
Answer: Vietnam  Confidence: 0.4  
Answer: China  Confidence: 0.3",Korea,0.7,0.0,0,0
545,3hop2__131820_132454_61019,"What was the capital of the state where WEKL operates, before the city where Blackberry Smoke was formed?",Milledgeville,"Answer: Montgomery Confidence: 0.8  
Answer: Atlanta Confidence: 0.1  
Answer: Nashville Confidence: 0.05  
Answer: Birmingham Confidence: 0.03  
Answer: New Orleans Confidence: 0.02",Montgomery,0.8,0.0,0,0
546,2hop__233551_746883,Who does William Clito's father follow?,William the Conqueror,"Answer: Robert Curthose Confidence: 0.8  
Answer: Henry I Confidence: 0.7  
Answer: Duke of Normandy Confidence: 0.6  
Answer: William the Conqueror Confidence: 0.5  
Answer: Stephen of Blois Confidence: 0.4",Robert Curthose,0.8,0.0,0,0
547,3hop1__67704_237521_291682,Who is the wife of the man who produced the documentary of the pop star who sings I Want to Rock With You?,Liza Minnelli,"Answer: Lisa Marie Presley. Confidence: 0.6  
Answer: Quincy Jones. Confidence: 0.5  
Answer: Michael Jackson. Confidence: 0.4  
Answer: Diana Ross. Confidence: 0.3  
Answer: Janet Jackson. Confidence: 0.2",Lisa Marie Presley.,0.6,0.0,0,0
548,2hop__310112_88165,Who did Haran's sibling marry after the death of sarah?,Keturah,"Answer: Abraham. Confidence: 0.8  
Answer: Keturah. Confidence: 0.7  
Answer: Nahor. Confidence: 0.5  
Answer: Bethuel. Confidence: 0.4  
Answer: Milcah. Confidence: 0.3",Abraham.,0.8,0.0,0,0
549,3hop2__326964_464925_7713,How long had Michael Shen Fu-Tsung's birthplace been the capitol city of Yaxing Coach's headquarters location?,about 400 years,"Answer: 12 years Confidence: 0.4  
Answer: 20 years Confidence: 0.2  
Answer: 15 years Confidence: 0.2  
Answer: 10 years Confidence: 0.1  
Answer: 5 years Confidence: 0.1",12 years,0.4,0.4,0,0
550,2hop__748615_123956,On what date did Battle of the birth place of Marzuki Alie end?,15 February 1942,"Answer: March 16, 1942  Confidence: 0.8  
Answer: March 1942  Confidence: 0.7  
Answer: 1942  Confidence: 0.6  
Answer: 16 March 1942  Confidence: 0.75  
Answer: Not known  Confidence: 0.5","March 16, 1942",0.8,0.3333333333333333,0,0
551,2hop__30741_85990,Who were the leaders of the opposition of the party that dominated until the mid-20th century?,"anti-slavery activists, modernizers, ex Whigs and ex Free Soilers","Answer: Labour Party leaders Confidence: 0.8  
Answer: Clement Attlee Confidence: 0.7  
Answer: Aneurin Bevan Confidence: 0.6  
Answer: Harold Wilson Confidence: 0.5  
Answer: Michael Foot Confidence: 0.4",Labour Party leaders,0.8,0.0,0,0
552,3hop2__127483_84553_10557,What was the language of Auctor of who built a european empire and was crowned emperor of the romans in 800 era later known as?,Medieval Latin,"Answer: Latin  
Confidence: 0.9  
Answer: Carolingian  
Confidence: 0.8  
Answer: Charlemagne  
Confidence: 0.85  
Answer: Holy Roman Empire  
Confidence: 0.75  
Answer: Frankish  
Confidence: 0.7",Latin,0.9,0.6666666666666666,0,1
553,3hop1__132798_40769_64047,When did the luxury division of the maker of the Toyopet Master change the body style of the rx 350?,Sales began worldwide in April 2012,"Answer: 2015 Confidence: 0.8  
Answer: 2016 Confidence: 0.7  
Answer: 2014 Confidence: 0.6  
Answer: 2013 Confidence: 0.5  
Answer: 2017 Confidence: 0.4",2015,0.8,0.0,0,0
554,3hop1__836699_15840_36002,What were the Genesis's advantages over the platform of the game Nightshade?,built on 16-bit architectures and offered improved graphics and sound,"Answer: Better graphics. Confidence: 0.7  
Answer: Superior sound quality. Confidence: 0.6  
Answer: More extensive game library. Confidence: 0.65  
Answer: Enhanced performance. Confidence: 0.5  
Answer: User-friendly controls. Confidence: 0.55",Better graphics.,0.7,0.16666666666666669,0,0
555,2hop__498061_88622,Who's the head of the owner of ThinThread?,ADM Michael S. Rogers,"Answer: John Poindexter  Confidence: 0.8  
Answer: NSA  Confidence: 0.7  
Answer: DARPA  Confidence: 0.6  
Answer: Department of Defense  Confidence: 0.5  
Answer: Government contractor  Confidence: 0.4",John Poindexter,0.8,0.0,0,0
556,3hop2__72083_92991_76291,When did the party that gained control of Congress in the midterm elections in 1946 take control of the government branch that determines the rules of the US House?,January 2015,"Answer: 1947 Confidence: 0.8  
Answer: January 1947 Confidence: 0.9  
Answer: 1946 Confidence: 0.7  
Answer: 1948 Confidence: 0.5  
Answer: March 1947 Confidence: 0.4",January 1947,0.9,0.5,0,0
557,4hop2__161602_474028_88460_20985,Does the capital city hold the majority of the population in the natural boundary between the country that hosted the tournament and the country where A Don is from?,largest city is Yangon (Rangoon),"Answer: Yes  Confidence: 0.7  
Answer: No   Confidence: 0.2  
Answer: Unknown Confidence: 0.1  
Answer: Maybe Confidence: 0.1  
Answer: Depends Confidence: 0.1",Yes,0.7,0.0,0,0
558,3hop1__813285_774554_124169,What year did the post end of Governor of the city where the author of Quadragesimo Anno died?,1952,"Answer: 1939 Confidence: 0.8  
Answer: 1940 Confidence: 0.1  
Answer: 1938 Confidence: 0.05  
Answer: 1941 Confidence: 0.04  
Answer: 1929 Confidence: 0.01",1939,0.8,0.0,0,0
559,4hop1__562740_49925_13759_736921,Where is the district that the person who wanted to reform and address the religion that practices altarage preach a sermon on Marian devotion before his death located?,Saxony-Anhalt,"Answer: Rome Confidence: 0.8  
Answer: Milan Confidence: 0.7  
Answer: Florence Confidence: 0.6  
Answer: Venice Confidence: 0.5  
Answer: Naples Confidence: 0.4",Rome,0.8,0.0,0,0
560,2hop__92051_827343,Who is the sibling of the actress who played Susan Walker in Miracle on 34th street?,Lana Wood,"Answer: Elizabeth Perkins. Confidence: 0.3  
Answer: Maureen O'Hara. Confidence: 0.4  
Answer: Natalie Wood. Confidence: 0.2  
Answer: Angela Lansbury. Confidence: 0.1  
Answer: Anne Hathaway. Confidence: 0.0",Maureen O'Hara.,0.4,0.0,0,0
561,3hop1__433054_831637_91775,What does seal stand for in who is the operator of destroyer class of the operator of the USS Venus seals?,"Sea, Air, and Land","Answer: Special Operations Forces Confidence: 0.7 
Answer: Sea, Air, Land Confidence: 0.9 
Answer: SEAL Teams Confidence: 0.8 
Answer: Navy SEALs Confidence: 0.85 
Answer: US Navy Confidence: 0.75","Sea, Air, Land",0.9,0.8571428571428571,0,1
562,2hop__6956_192417,The league the New England Patriots belongs to is an example of what?,sports league,"Answer: Professional sports league. Confidence: 0.9  
Answer: American football league. Confidence: 0.8  
Answer: National football league. Confidence: 0.95  
Answer: Major sports association. Confidence: 0.7  
Answer: Competitive sports organization. Confidence: 0.6",National football league.,0.95,0.4,0,1
563,3hop1__273571_834494_34088,Where does the administrative territorial entity that contains the administrative territorial entity that contains summit hold NASCAR races?,Tucson Raceway Park,"Answer: Daytona Beach, FL Confidence: 0.9  
Answer: Charlotte, NC Confidence: 0.8  
Answer: Talladega, AL Confidence: 0.7  
Answer: Bristol, TN Confidence: 0.6  
Answer: Martinsville, VA Confidence: 0.5","Daytona Beach, FL",0.9,0.0,0,0
564,4hop2__161602_426860_88460_21034,What year did the country that is the natural boundary between where tournament was hosted and where That Dam is located host the ASEAN Conference?,hosted the summit in 2014,"Answer: 2016 Confidence: 0.7  
Answer: 2015 Confidence: 0.1  
Answer: 2017 Confidence: 0.1  
Answer: 2018 Confidence: 0.05  
Answer: 2014 Confidence: 0.05",2016,0.7,0.0,0,0
565,3hop1__8148_24918_24939,"On November 22, who met with the Russian leader that visited the country where the Surzhyk dialect is spoken, when the protests were taking place?",Pope John Paul II,"Answer: Zelenskyy  
Confidence: 0.7  
Answer: Yermak  
Confidence: 0.6  
Answer: Biden  
Confidence: 0.4  
Answer: Macron  
Confidence: 0.3  
Answer: Stoltenberg  
Confidence: 0.2",Zelenskyy,0.7,0.0,0,0
566,2hop__25788_25855,Drives attached via an industry standard connector remain powered when the computer is off using what Dell feature?,PowerShare,"Answer: USB PowerShare Confidence: 0.9  
Answer: PowerShare Confidence: 0.8  
Answer: Always On USB Confidence: 0.7  
Answer: Dell PowerShare Confidence: 0.8  
Answer: Power on USB Confidence: 0.6",USB PowerShare,0.9,0.6666666666666666,0,1
567,3hop2__326964_7861_7713,How long had the city containing some of the finest and oldest museums in China been the capitol city of Yaxing Coach's headquarters location?,about 400 years,"Answer: 6 years. Confidence: 0.6  
Answer: 10 years. Confidence: 0.5  
Answer: 100 years. Confidence: 0.4  
Answer: 2 years. Confidence: 0.3  
Answer: 20 years. Confidence: 0.2",6 years.,0.6,0.4,0,0
568,2hop__780652_93362,What film features Anil Devgan's sibling?,Yeh Raaste Hain Pyaar Ke,"Answer: Raju Chacha  Confidence: 0.8  
Answer: Blackmail  Confidence: 0.7  
Answer: Rajneeti  Confidence: 0.5  
Answer: London Dreams  Confidence: 0.4  
Answer: Hitman  Confidence: 0.3",Raju Chacha,0.8,0.0,0,0
569,2hop__84172_198548,Who is the spouse of the person who does the voice for Smokey the Bear?,Katharine Ross,"Answer: Julie W. Confidence: 0.7  
Answer: Michael McDonald. Confidence: 0.5  
Answer: Noisy Bear. Confidence: 0.3  
Answer: Unknown. Confidence: 0.4  
Answer: Not specified. Confidence: 0.2",Julie W.,0.7,0.0,0,0
570,3hop1__145194_160545_62931,The Beach was filmed in what location of the country that contains the birth city of Siddhi Savetsila?,island Koh Phi Phi,"Answer: Thailand  Confidence: 0.9  
Answer: Bangkok  Confidence: 0.7  
Answer: Koh Phi Phi  Confidence: 0.6  
Answer: Krabi  Confidence: 0.5  
Answer: Phuket  Confidence: 0.4",Thailand,0.9,0.0,0,1
571,2hop__818302_25719,At the end of which year did the tribes from the location of the Lusatia invade the Roman Empire?,406,"Answer: 9 AD Confidence: 0.9  
Answer: 6 AD Confidence: 0.6  
Answer: 5 AD Confidence: 0.5  
Answer: 10 AD Confidence: 0.4  
Answer: 8 AD Confidence: 0.3",9 AD,0.9,0.0,0,0
572,2hop__273020_57594,What gun was used by Pollack's director in Westworld?,LeMat revolver,"Answer: Colt Python  Confidence: 0.8  
Answer: Smith & Wesson Model 29  Confidence: 0.1  
Answer: Glock 17  Confidence: 0.05  
Answer: Beretta 92  Confidence: 0.03  
Answer: Remington 870  Confidence: 0.02",Colt Python,0.8,0.0,0,0
573,3hop2__57233_11282_56883,When was conscription introduced in country having Emus during the war setting The Things They Carried?,1964,"Answer: 1916 Confidence: 0.8  
Answer: 1917 Confidence: 0.7  
Answer: 1940 Confidence: 0.6  
Answer: 1939 Confidence: 0.5  
Answer: 1942 Confidence: 0.4",1916,0.8,0.0,0,0
574,2hop__35686_58556,What is the food safety system of the antibiotic approval agency known as?,Food Safety Modernization Act (FSMA),"Answer: HACCP Confidence: 0.7  
Answer: FSMA Confidence: 0.6  
Answer: FDA Guidelines Confidence: 0.5  
Answer: Codex Alimentarius Confidence: 0.4  
Answer: Food Safety Act Confidence: 0.3",HACCP,0.7,0.0,0,0
575,3hop1__103890_10659_83548,"Who led the movement against communism, in the country where, along with the nation that Ágnes Konkoly is from, many expelled French Jews relocated to?",Lech Wałęsa,"Answer: Ronald Reagan Confidence: 0.8  
Answer: Poland Confidence: 0.7  
Answer: Hungary Confidence: 0.6  
Answer: Solidarity Movement Confidence: 0.5  
Answer: Communism Confidence: 0.4",Ronald Reagan,0.8,0.0,0,0
576,2hop__96177_121319,Where did the star of Dark Hazard study?,American Academy of Dramatic Arts,"Answer: Yale University. Confidence: 0.7  
Answer: University of Southern California. Confidence: 0.2  
Answer: UCLA. Confidence: 0.1  
Answer: Harvard University. Confidence: 0.1  
Answer: Columbia University. Confidence: 0.1",Yale University.,0.7,0.0,0,0
577,2hop__223655_463572,"What record label released the debut album of the artist behind the 1993 album ""Let There be Love"".",MGM Records,"Answer: Sony Music Confidence: 0.8  
Answer: Epic Records Confidence: 0.7  
Answer: Columbia Records Confidence: 0.6  
Answer: RCA Records Confidence: 0.5  
Answer: Universal Music Confidence: 0.4",Sony Music,0.8,0.0,0,0
578,2hop__540035_113442,What date did the creator of The Blind Girl Die?,13 August 1896,"Answer: March 16, 1927} Confidence: 0.9  
Answer: 1927} Confidence: 0.7  
Answer: 1960} Confidence: 0.2  
Answer: March 16} Confidence: 0.5  
Answer: 1920s} Confidence: 0.3","March 16, 1927}",0.9,0.0,0,0
579,4hop1__638988_17130_70784_61381,When was the region immediately north of the region where the country in which Aluf can be found is located and the Persian Gulf established?,1932,"Answer: 1921 Confidence: 0.7  
Answer: 1932 Confidence: 0.6  
Answer: 1946 Confidence: 0.5  
Answer: 1914 Confidence: 0.4  
Answer: 1958 Confidence: 0.3",1921,0.7,0.0,0,0
580,2hop__9223_9237,When did the first mosque open in the place where Tobolar Copra plant is located?,September 2012,"Answer: 1997 Confidence: 0.7  
Answer: 1995 Confidence: 0.2  
Answer: 2000 Confidence: 0.1  
Answer: 1980 Confidence: 0.05  
Answer: 1992 Confidence: 0.05",1997,0.7,0.0,0,0
581,3hop1__438364_443779_52195,Who is the president of the newly declared independent country that is part of the Commission of Truth and Friendship with the country where Kotamadya is located?,Francisco Guterres,"Answer: Timor-Leste President Confidence: 0.8  
Answer: José Ramos-Horta Confidence: 0.7  
Answer: Kay Rala Xanana Gusmão Confidence: 0.6  
Answer: Mari Alkatiri Confidence: 0.5  
Answer: Independence leader Confidence: 0.4",Timor-Leste President,0.8,0.0,0,1
582,3hop1__108062_720914_41132,How many times did plague occur in the place where La Bella's artist died?,22,"Answer: 3 times Confidence: 0.6  
Answer: 2 times Confidence: 0.3  
Answer: 4 times Confidence: 0.1  
Answer: 5 times Confidence: 0.0  
Answer: 1 time Confidence: 0.0",3 times,0.6,0.0,0,0
583,2hop__57638_72467,What team picked the highest point average holder in NBA history in the NBA draft?,Seattle SuperSonics,"Answer: Chicago Bulls  Confidence: 0.8  
Answer: Detroit Pistons  Confidence: 0.1  
Answer: Boston Celtics  Confidence: 0.05  
Answer: Los Angeles Lakers  Confidence: 0.03  
Answer: Philadelphia 76ers  Confidence: 0.02",Chicago Bulls,0.8,0.0,0,0
584,4hop1__720201_153080_159767_81096,Who won the 1993 Indy Car Race in the largest city of the state containing the city where the performer of the album Something Like a Bird is from?,Mario Andretti,"Answer: Mario Andretti  
Confidence: 0.6  
Answer: Michael Andretti  
Confidence: 0.5  
Answer: Al Unser Jr.  
Confidence: 0.4  
Answer: Emerson Fittipaldi  
Confidence: 0.3  
Answer: Bobby Rahal  
Confidence: 0.3",Mario Andretti,0.6,1.0,1,1
585,3hop1__726561_132457_47686,Where do greyhound buses leave from in the city the performer of Born a Lion formed in?,Toronto Coach Terminal,"Answer: San Francisco  Confidence: 0.8  
Answer: Los Angeles  Confidence: 0.6  
Answer: New York City  Confidence: 0.5  
Answer: Chicago  Confidence: 0.4  
Answer: Seattle  Confidence: 0.3",San Francisco,0.8,0.0,0,0
586,2hop__827995_159109,Where is Amílcar Cabral International Airport?,central Atlantic Ocean,"Answer: Cape Verde  
Confidence: 0.9  
Answer: Sal Island  
Confidence: 0.8  
Answer: Praia  
Confidence: 0.7  
Answer: Mindelo  
Confidence: 0.6  
Answer: Boa Vista  
Confidence: 0.5",Cape Verde,0.9,0.0,0,1
587,2hop__71715_50429,What is the population of the state where Dukes of Hazzard took place?,"10,310,371 (2016 est.)","Answer: Georgia  Confidence: 0.9  
Answer: Alabama  Confidence: 0.1  
Answer: Florida  Confidence: 0.0  
Answer: South Carolina  Confidence: 0.0  
Answer: Tennessee  Confidence: 0.0",Georgia,0.9,0.0,0,0
588,2hop__159816_37168,According to QS World University Rankings where does the university where Hawass graduated rank?,551-600,"Answer: 401-450  Confidence: 0.6  
Answer: 350-400  Confidence: 0.5  
Answer: 301-350  Confidence: 0.4  
Answer: 451-500  Confidence: 0.3  
Answer: 201-250  Confidence: 0.2",401-450,0.6,0.0,0,0
589,2hop__48033_90973,Who did the original voice of the character Mila Kunis plays on family Guy?,Lacey Chabert,"Answer: Meg Griffin  
Confidence: 0.9  
Answer: Andrea Duffy  
Confidence: 0.6  
Answer: Nicole Sullivan  
Confidence: 0.8  
Answer: Seth MacFarlane  
Confidence: 0.2  
Answer: Alex Borstein  
Confidence: 0.3",Meg Griffin,0.9,0.0,0,0
590,2hop__14095_15463,"In 2002, what company merged with the top PC manufacturer from 1994?",Hewlett Packard,"Answer: Compaq  Confidence: 0.8  
Answer: HP  Confidence: 0.8  
Answer: Dell  Confidence: 0.7  
Answer: IBM  Confidence: 0.6  
Answer: Gateway  Confidence: 0.5",Compaq,0.8,0.0,0,0
591,3hop1__31995_24918_24939,The leader visiting where Steven Spielberg's grandparents are from met with whom on November 22?,Pope John Paul II,"Answer: Joe Biden  
Confidence: 0.8  
Answer: Barack Obama  
Confidence: 0.5  
Answer: Angela Merkel  
Confidence: 0.3  
Answer: Emmanuel Macron  
Confidence: 0.4  
Answer: Justin Trudeau  
Confidence: 0.2",Joe Biden,0.8,0.0,0,0
592,2hop__23459_22946,Who said that the most influential figure in Islamic philosophy was one of the greatest thinkers?,George Sarton,"Answer: Al-Farabi Confidence: 0.6  
Answer: Ibn Rushd Confidence: 0.5  
Answer: Avicenna Confidence: 0.7  
Answer: Al-Ghazali Confidence: 0.4  
Answer: Aristotle Confidence: 0.3",Avicenna,0.7,0.0,0,0
593,2hop__423874_128023,In which league was Ilsinho's team?,Major League Soccer,"Answer: MLS Confidence: 0.9  
Answer: Major League Soccer Confidence: 0.8  
Answer: American soccer league Confidence: 0.7  
Answer: Football league USA Confidence: 0.6  
Answer: US soccer league Confidence: 0.5",MLS,0.9,0.0,0,1
594,4hop2__71753_623626_70784_79935,When was the region that lies to the north of what where Israel is located and the body of water where Kharg Island is found created?,1930,"Answer: 1960s Confidence: 0.4  
Answer: 1950s Confidence: 0.3  
Answer: 1970s Confidence: 0.2  
Answer: 1940s Confidence: 0.1  
Answer: 1980s Confidence: 0.1",1960s,0.4,0.0,0,0
595,2hop__30032_46621,When was the celestial body that transforms nuclear potential energy to other forms of energy discovered to be the center of the solar system?,as early as the 3rd century BC,"Answer: 1543 Confidence: 0.9  
Answer: 16th century Confidence: 0.8  
Answer: Copernican Revolution Confidence: 0.7  
Answer: Heliocentric model Confidence: 0.75  
Answer: Nicolaus Copernicus Confidence: 0.85",1543,0.9,0.0,0,0
596,2hop__82713_84616,What did the actress in My Fair Lady win a Tony for?,for Best Performance by a Leading Actress in a Play in Ondine,"Answer: Best Actress in a Musical Confidence: 0.9  
Answer: Eliza Doolittle Confidence: 0.7  
Answer: Pygmalion Confidence: 0.6  
Answer: Best Lead Actress Confidence: 0.5  
Answer: Musical Performance Confidence: 0.4",Best Actress in a Musical,0.9,0.4285714285714285,0,0
597,2hop__135822_46621,When was the star to which Solgränd is named after discovered to be the center of the solar system?,as early as the 3rd century BC,"Answer: 1543 Confidence: 0.8  
Answer: 1610 Confidence: 0.6  
Answer: 1500 Confidence: 0.4  
Answer: 1600 Confidence: 0.5  
Answer: 1800 Confidence: 0.3",1543,0.8,0.0,0,0
598,3hop2__668732_223623_162182,In what region of the country where An Phu is located is John Phan's birthplace?,South Central Coast,"Answer: Southeast Asia, Vietnam. Confidence: 0.8  
Answer: Southern Vietnam. Confidence: 0.7  
Answer: Asia. Confidence: 0.5  
Answer: Vietnam. Confidence: 0.6  
Answer: Mekong Delta. Confidence: 0.4","Southeast Asia, Vietnam.",0.8,0.0,0,0
599,3hop2__14777_8533_9331,"What dissolved privileges in Poland held by the empire that used Pan-Slavism as a tool, the leader of the North German Confederation during the Franco-Prussian War, and the Habsburg Monarchy?",March Constitution of Poland,"Answer: Austro-Hungarian Empire privileges  
Confidence: 0.8  
Answer: German Empire privileges  
Confidence: 0.7  
Answer: Prussian privileges  
Confidence: 0.6  
Answer: Russian Empire privileges  
Confidence: 0.5  
Answer: Habsburg privileges  
Confidence: 0.4",Austro-Hungarian Empire privileges,0.8,0.0,0,0
600,2hop__316374_82341,In what part of Florida is Bob Steele's place of death located?,in Northern Florida,"Answer: Monticello, Florida Confidence: 0.9  
Answer: Jefferson County Confidence: 0.85  
Answer: Northern Florida Confidence: 0.7  
Answer: Near Tallahassee Confidence: 0.6  
Answer: Big Bend region Confidence: 0.5","Monticello, Florida",0.9,0.4,0,1
601,3hop1__617062_127905_87812,When is the opening day of the league that Jim Wilson plays for?,"Thursday, March 29","Answer: March 10, 2024 Confidence: 0.6  
Answer: April 1, 2024 Confidence: 0.5  
Answer: February 15, 2024 Confidence: 0.4  
Answer: January 5, 2024 Confidence: 0.3  
Answer: March 1, 2024 Confidence: 0.4","March 10, 2024",0.6,0.3333333333333333,0,0
602,4hop1__58323_375563_161848_28750,Where was Popper's academic appointment in the country near the country of citizenship of the person who wrote The Book Thief?,Canterbury University College of the University of New Zealand,"Answer: London  Confidence: 0.8  
Answer: Cambridge  Confidence: 0.7  
Answer: Vienna  Confidence: 0.6  
Answer: Manchester  Confidence: 0.5  
Answer: Oxford  Confidence: 0.4",London,0.8,0.0,0,0
603,4hop1__61681_53706_795904_580996,What city shares a border with the city where a person went to work during the gold rush in the biggest state in the USA by population?,Rio Linda,"Answer: Seattle Confidence: 0.7  
Answer: Anchorage Confidence: 0.6  
Answer: Fairbanks Confidence: 0.5  
Answer: Juneau Confidence: 0.4  
Answer: Nome Confidence: 0.3",Seattle,0.7,0.0,0,0
604,3hop2__368986_89048_66294,Who played who sang is she really going out with him in the performer of Anthology movie?,Lawrence Hilton - Jacobs,"Answer: Joe Jackson  
Confidence: 0.9  
Answer: Elvis Costello  
Confidence: 0.6  
Answer: Brian Eno  
Confidence: 0.4  
Answer: David Bowie  
Confidence: 0.3  
Answer: Paul McCartney  
Confidence: 0.2",Joe Jackson,0.9,0.0,0,0
605,4hop3__270458_88460_30152_20999,How were the same people who the Somali Muslim Ajuran Empire declared independence from expelled from the natural boundary between Thailand and the country where Nam Khan is found?,The dynasty regrouped and defeated the Portuguese,"Answer: Burmese Confederacy. Confidence: 0.7  
Answer: British Empire. Confidence: 0.6  
Answer: Siam. Confidence: 0.5  
Answer: French colonial powers. Confidence: 0.4  
Answer: Dutch colonial powers. Confidence: 0.3",Burmese Confederacy.,0.7,0.0,0,0
606,2hop__771477_149987,Which mythological tradition has the group of heroes that includes Aegialeus?,Greek mythology,"Answer: Greek mythology. Confidence: 0.9  
Answer: Argonauts. Confidence: 0.5  
Answer: Trojan War. Confidence: 0.4  
Answer: Seven Against Thebes. Confidence: 0.3  
Answer: Heroes of Helios. Confidence: 0.2",Greek mythology.,0.9,1.0,1,1
607,2hop__39954_65371,Who is the permanent representative to the united nations of the country where it is estimated that a hunter spends fifty to one hundred times that of the average ecotourist?,Modest Jonathan Mero,"Answer: Tanzania  
Confidence: 0.9  
Answer: Uganda  
Confidence: 0.6  
Answer: Kenya  
Confidence: 0.5  
Answer: Namibia  
Confidence: 0.4  
Answer: South Africa  
Confidence: 0.3",Tanzania,0.9,0.0,0,0
608,4hop1__708184_153080_159767_81096,Who won the Indy car race in the largest city and the capital of the US state of origin of the performer of The Black Saint and the Sinner Lady?,Mario Andretti,"Answer: Mario Andretti  Confidence: 0.8  
Answer: Emerson Fittipaldi  Confidence: 0.7  
Answer: Rick Mears  Confidence: 0.6  
Answer: Al Unser  Confidence: 0.5  
Answer: A. J. Foyt  Confidence: 0.4",Mario Andretti,0.8,1.0,1,1
609,3hop2__132957_800948_40768,"When did the maker of the Acura Legend, the employer of Katsuaki Watanabe, and Nissan open US assembly plants?",1981,"Answer: 1986 Confidence: 0.8  
Answer: 1987 Confidence: 0.7  
Answer: 1988 Confidence: 0.6  
Answer: 1990 Confidence: 0.5  
Answer: 1985 Confidence: 0.4",1986,0.8,0.0,0,0
610,4hop2__9988_261673_70784_79935,When was the region immediately north of the region that prevailed with the disgrace of Near East and the terrain feature on which shamal is located created?,1930,"Answer: 18 million years ago Confidence: 0.6  
Answer: during the Miocene period Confidence: 0.5  
Answer: 12 million years ago Confidence: 0.4  
Answer: Pleistocene epoch Confidence: 0.3  
Answer: 6 million years ago Confidence: 0.2",18 million years ago,0.6,0.0,0,0
611,4hop1__88342_49853_128008_80286,Who has the most hits in the league whose member team has the most wins of the championship series which proceeds the MVP award?,Pete Rose,"Answer: Yankees player Confidence: 0.6  
Answer: Babe Ruth Confidence: 0.5  
Answer: Derek Jeter Confidence: 0.4  
Answer: Lou Gehrig Confidence: 0.3  
Answer: Reggie Jackson Confidence: 0.2",Yankees player,0.6,0.0,0,0
612,3hop1__844109_720914_41132,How many times did the plague occur where the creator of The Entombment died?,22,"Answer: 4 times Confidence: 0.4  
Answer: 3 times Confidence: 0.3  
Answer: 5 times Confidence: 0.2  
Answer: 2 times Confidence: 0.1  
Answer: 1 time Confidence: 0.0",4 times,0.4,0.0,0,0
613,4hop1__638988_17130_70784_79935,When was the region that lies to the north of the region where Aluf is located and the Persian Gulf created?,1930,"Answer: 1900s Confidence: 0.6  
Answer: 20th century Confidence: 0.6  
Answer: 1950s Confidence: 0.5  
Answer: Early 1900s Confidence: 0.5  
Answer: Post-World War II Confidence: 0.4",1900s,0.6,0.0,0,0
614,3hop1__801799_547811_41132,How many times did plague occur in the birth city of the composer of La fida ninfa?,22,"Answer: 2 times. Confidence: 0.6  
Answer: 3 times. Confidence: 0.2  
Answer: 1 time. Confidence: 0.1  
Answer: 4 times. Confidence: 0.1  
Answer: 0 times. Confidence: 0.0",2 times.,0.6,0.0,0,0
615,2hop__464479_70131,Who constituted the freikorps in the country that the German Socialist Party was part of?,consisting largely of World War I veterans,"Answer: Germany  
Confidence: 0.9  
Answer: Freikorps   
Confidence: 0.7  
Answer: Anti-communists  
Confidence: 0.6  
Answer: Paramilitary groups  
Confidence: 0.5  
Answer: Right-wing militia  
Confidence: 0.4",Germany,0.9,0.0,0,0
616,2hop__123166_47134,What is the mascot of William J. Ripple's university?,Benny Beaver,"Answer: Bearcat  Confidence: 0.7  
Answer: Wolf  Confidence: 0.5  
Answer: Falcon  Confidence: 0.4  
Answer: Tiger  Confidence: 0.3  
Answer: Eagle  Confidence: 0.2",Bearcat,0.7,0.0,0,0
617,3hop1__133264_40769_64047,When did the rx 350 model of the luxury division of the company that manufactures Scion Fuse change body style?,Sales began worldwide in April 2012,"Answer: 2015 Confidence: 0.9  
Answer: 2016 Confidence: 0.7  
Answer: 2014 Confidence: 0.6  
Answer: 2013 Confidence: 0.5  
Answer: 2012 Confidence: 0.4",2015,0.9,0.0,0,0
618,2hop__73717_653666,Who was the mother of the person who found the sacred writings that became the Book of Mormon?,Lucy Mack Smith,"Answer: Emma Smith. Confidence: 0.9  
Answer: Lucy Mack Smith. Confidence: 0.9  
Answer: Mary Smith. Confidence: 0.5  
Answer: Sarah Smith. Confidence: 0.3  
Answer: Abigail Smith. Confidence: 0.2",Emma Smith.,0.9,0.4,0,0
619,4hop2__103790_14670_8987_8529,"A country's military branch, the equivalent of which in the US contains the Air Defense Artillery, was unprepared for the invasion of Ivo Werner's country. When was the word ""Slavs"" used in the national anthem of the unprepared country?",1943–1992,"Answer: 1867 Confidence: 0.7  
Answer: 1946 Confidence: 0.5  
Answer: 1992 Confidence: 0.4  
Answer: 1918 Confidence: 0.4  
Answer: 1906 Confidence: 0.3",1867,0.7,0.0,0,0
620,3hop1__326941_366209_84283,Who is the owner of the record label that the performer of Trojans belongs to?,Warner Music Group,"Answer: P. Diddy. Confidence: 0.6  
Answer: Interscope Records. Confidence: 0.5  
Answer: Bad Boy Records. Confidence: 0.7  
Answer: Atlantic Records. Confidence: 0.4  
Answer: Universal Music Group. Confidence: 0.3",Bad Boy Records.,0.7,0.0,0,0
621,2hop__63483_786853,Who is the spouse of the person who plays Batman in the Lego Batman Movie?,Amy Poehler,"Answer: Mariah Carey  
Confidence: 0.1  
Answer: Anna Kendrick  
Confidence: 0.1  
Answer: Gal Gadot  
Confidence: 0.1  
Answer: Jennifer Garner  
Confidence: 0.1  
Answer: Zöe Kravitz  
Confidence: 0.1",Mariah Carey,0.1,0.0,0,0
622,2hop__85596_807969,What team is the highest goal scorer in the EPL a member of?,Egypt national football team,"Answer: Manchester City Confidence: 0.8  
Answer: Arsenal Confidence: 0.1  
Answer: Liverpool Confidence: 0.1  
Answer: Manchester United Confidence: 0.1  
Answer: Chelsea Confidence: 0.1",Manchester City,0.8,0.0,0,0
623,2hop__32887_235620,Who fathered Emperor Ai of the Chinese dynasty with the oldest remaining wooden buildings?,Emperor Zhaozong of Tang,"Answer: Liu Qing Confidence: 0.8  
Answer: Liu Bei Confidence: 0.6  
Answer: Liu Shao Confidence: 0.5  
Answer: Gao Wei Confidence: 0.4  
Answer: None Confidence: 0.3",Liu Qing,0.8,0.0,0,0
624,3hop1__765565_326948_78782,Who was the British general in the birthplace of the performer of Here Come the Girls?,General Edward Pakenham,"Answer: Horatio Nelson  Confidence: 0.6  
Answer: John Burgoyne  Confidence: 0.5  
Answer: Bernard Montgomery  Confidence: 0.4  
Answer: Charles Cornwallis  Confidence: 0.4  
Answer: Douglas Haig  Confidence: 0.3",Horatio Nelson,0.6,0.0,0,0
625,3hop1__604991_339990_15538,When did the state that Frozen Run is located in reinstate the death penalty?,1984,"Answer: Virginia 2021 Confidence: 0.9  
Answer: New Hampshire 2011 Confidence: 0.6  
Answer: California 2016 Confidence: 0.5  
Answer: Texas 1976 Confidence: 0.4  
Answer: Florida 1976 Confidence: 0.4",Virginia 2021,0.9,0.0,0,0
626,3hop1__275261_443779_52195,Who is the president of the newly declared independent country that formed the Timor Leste Commission of Truth and Friendship with the country where Pantar is found?,Francisco Guterres,"Answer: Xanana Gusmão  Confidence: 0.9  
Answer: José Ramos-Horta  Confidence: 0.7  
Answer: Francisco Guterres  Confidence: 0.5  
Answer: Taur Matan Ruak  Confidence: 0.4  
Answer: Mari Alkatiri  Confidence: 0.3",Xanana Gusmão,0.9,0.0,0,0
627,3hop1__446612_160545_34751,What year did the country where Ercole Manfredi was born form an alliance with Japan?,1941,"Answer: 1914 Confidence: 0.7  
Answer: 1902 Confidence: 0.2  
Answer: 1936 Confidence: 0.1  
Answer: 1905 Confidence: 0.1  
Answer: 1920 Confidence: 0.0",1914,0.7,0.0,0,0
628,4hop1__88342_75218_128008_80286,who has had the most hits in the league that includes the team that has played the most games of the type played just before the league MVP is awarded?,Pete Rose,"Answer: Ty Cobb Confidence: 0.8  
Answer: Pete Rose Confidence: 0.7  
Answer: Hank Aaron Confidence: 0.6  
Answer: Babe Ruth Confidence: 0.5  
Answer: Alex Rodriguez Confidence: 0.4",Ty Cobb,0.8,0.0,0,0
629,2hop__76402_653666,Who is the mother of the founder of Mormonism?,Lucy Mack Smith,"Answer: Nancy Hanks Smith. Confidence: 0.2  
Answer: Mary Smith. Confidence: 0.3  
Answer: Lucy Mack Smith. Confidence: 0.9  
Answer: Emma Smith. Confidence: 0.1  
Answer: Sarah Smith. Confidence: 0.1",Lucy Mack Smith.,0.9,1.0,1,1
630,2hop__61664_786853,Who is the spouse of the voice actor of Batman in The Lego Batman Movie?,Amy Poehler,"Answer: Mariah Carey  Confidence: 0.6  
Answer: Jenny McCarthy  Confidence: 0.5  
Answer: Meghan Fox  Confidence: 0.4  
Answer: Anne Hathaway  Confidence: 0.3  
Answer: Vanessa Hudgens  Confidence: 0.2",Mariah Carey,0.6,0.0,0,0
631,2hop__731228_609866,What district is the headquarter of Julia's House located?,East Dorset,"Answer: Dorset  Confidence: 0.9  
Answer: Poole  Confidence: 0.8  
Answer: Bournemouth  Confidence: 0.7  
Answer: Christchurch  Confidence: 0.6  
Answer: Wimborne  Confidence: 0.5",Dorset,0.9,0.6666666666666666,0,1
632,3hop2__132957_51933_40768,"When did the maker of the Acura Legend, the largest auto company in the world, and Nissan open US assembly plants?",1981,"Answer: 1986 Acura Legend Confidence: 0.7  
Answer: 1980s (Nissan) Confidence: 0.6  
Answer: 1987 (Nissan) Confidence: 0.5  
Answer: 1990s (Nissan) Confidence: 0.4  
Answer: 1989 (Acura) Confidence: 0.4",1986 Acura Legend,0.7,0.0,0,0
633,2hop__864101_135373,What is the body of water that St. Matthew Island located in named after?,Vitus Bering,"Answer: Bering Sea Confidence: 0.9  
Answer: Bering Strait Confidence: 0.7  
Answer: Arctic Ocean Confidence: 0.5  
Answer: North Pacific Ocean Confidence: 0.4  
Answer: Aleutian Chain Confidence: 0.3",Bering Sea,0.9,0.5,0,1
634,2hop__217011_80026,Who played the character in Willy Wonka and the Chocolate Factory that the performer of Victrola was named after?,Julie Dawn Cole,"Answer: Gene Wilder  Confidence: 0.9  
Answer: Willy Wonka  Confidence: 0.8  
Answer: Charlie  Confidence: 0.4  
Answer: Veruca Salt  Confidence: 0.3  
Answer: Augustus Gloop  Confidence: 0.2",Gene Wilder,0.9,0.0,0,0
635,3hop1__582007_160713_77246,"In the Arabic dictionary, what's the meaning of the word for the majority religion in the area of British India that became India when Achh's country was created?",the country of India,"Answer: Hinduism  Confidence: 0.9  
Answer: Islam  Confidence: 0.7  
Answer: Sikhism  Confidence: 0.5  
Answer: Jainism  Confidence: 0.4  
Answer: Buddhism  Confidence: 0.3",Hinduism,0.9,0.0,0,0
636,2hop__55032_786853,Who is the spouse of the actor who voices Batman in the Lego Batman movie?,Amy Poehler,"Answer: Mariah Carey. Confidence: 0.6  
Answer: Jennifer Garner. Confidence: 0.5  
Answer: Anna Kendrick. Confidence: 0.4  
Answer: Michelle Williams. Confidence: 0.3  
Answer: Kristen Bell. Confidence: 0.2",Mariah Carey.,0.6,0.0,0,0
637,2hop__47257_43786,Where is the base of the newspaper saying if you find yourself in a hole stop digging?,"Washington, D.C.","Answer: Chicago Tribune Confidence: 0.8  
Answer: New York Times Confidence: 0.6  
Answer: Los Angeles Times Confidence: 0.5  
Answer: Washington Post Confidence: 0.4  
Answer: USA Today Confidence: 0.3",Chicago Tribune,0.8,0.0,0,0
638,2hop__87953_17335,When did the winner of the Battle between Poras and Sikander die?,323 BC,"Answer: 323 BC Confidence: 0.8  
Answer: 321 BC Confidence: 0.7  
Answer: 330 BC Confidence: 0.5  
Answer: 327 BC Confidence: 0.4  
Answer: 332 BC Confidence: 0.3",323 BC,0.8,1.0,1,1
639,3hop2__326964_265410_7713,How long had Anhua Gao's birthplace been the capitol city of Yaxing Coach's headquarters location?,about 400 years,"Answer: 3 years Confidence: 0.6  
Answer: 5 years Confidence: 0.5  
Answer: 1 year Confidence: 0.4  
Answer: 10 years Confidence: 0.3  
Answer: 2 years Confidence: 0.4",3 years,0.6,0.4,0,0
640,2hop__13731_801817,Where was Mary's betrothed born?,Nazareth,"Answer: Nazareth. Confidence: 0.8  
Answer: Bethlehem. Confidence: 0.6  
Answer: Jerusalem. Confidence: 0.5  
Answer: Galilee. Confidence: 0.4  
Answer: Egypt. Confidence: 0.3",Nazareth.,0.8,1.0,1,1
641,4hop1__130508_32392_823060_610794,In which county is the city sharing a border with the capitol of the state where Borough House Plantation is located?,Richland County,"Answer: New Kent County Confidence: 0.7  
Answer: Richmond County Confidence: 0.6  
Answer: Hanover County Confidence: 0.5  
Answer: Charles City County Confidence: 0.4  
Answer: James City County Confidence: 0.3",New Kent County,0.7,0.4,0,0
642,3hop1__49610_89752_75165,What is the population of the largest state where The Handmaid's Tale is set?,"1,335,907","Answer: California  Confidence: 0.8  
Answer: Texas  Confidence: 0.1  
Answer: New York  Confidence: 0.05  
Answer: Florida  Confidence: 0.03  
Answer: Illinois  Confidence: 0.02",California,0.8,0.0,0,0
643,4hop1__130276_59747_211319_557671,Which county shares a border with the county where the most populous city in the state where Redan High School is located?,Presque Isle County,"Answer: DeKalb County, GA Confidence: 0.9  
Answer: Fulton County, GA Confidence: 0.8  
Answer: Gwinnett County, GA Confidence: 0.7  
Answer: Cobb County, GA Confidence: 0.6  
Answer: Clayton County, GA Confidence: 0.5","DeKalb County, GA",0.9,0.3333333333333333,0,0
644,4hop1__860115_798482_131926_13165,What treaty ceded territory to the US extending west to the river by the city sharing a border with Elizabeth Berg's birthplace?,Treaty of Paris,"Answer: Treaty of Guadalupe Hidalgo Confidence: 0.7  
Answer: Adams-Onís Treaty Confidence: 0.5  
Answer: Oregon Treaty Confidence: 0.4  
Answer: Treaty of Paris (1783) Confidence: 0.3  
Answer: Gadsden Purchase Confidence: 0.2",Treaty of Guadalupe Hidalgo,0.7,0.5714285714285715,0,0
645,4hop3__275416_24325_156850_10557,"Despite being located in East Belgium, the Carnival of the birth place of Guido Maus harks purely to an area. What was the language having the same name as this area of the era with Fastrada's spouse's name later known as?",Medieval Latin,"Answer: Walloon Confidence: 0.8  
Answer: French Confidence: 0.5  
Answer: German Confidence: 0.3  
Answer: Luxembourgish Confidence: 0.2  
Answer: Dutch Confidence: 0.1",Walloon,0.8,0.0,0,0
646,2hop__197470_271394,Where was Tyler MacDuff's child educated?,Blair High School,"Answer: Los Angeles Confidence: 0.6  
Answer: California Confidence: 0.5  
Answer: New York Confidence: 0.4  
Answer: Private school Confidence: 0.3  
Answer: The internet Confidence: 0.2",Los Angeles,0.6,0.0,0,0
647,2hop__157602_21567,"In the 14th century, who introduced a system of musical notation used in the area where 3% of Turkey is located?",John Kukuzelis,"Answer: Franco of Cologne Confidence: 0.8  
Answer: Notational system Confidence: 0.6  
Answer: Mensural notation Confidence: 0.5  
Answer: Music notation system Confidence: 0.4  
Answer: 14th-century notation Confidence: 0.3",Franco of Cologne,0.8,0.0,0,0
648,3hop1__691197_15840_36002,What were the Genesis's advantages over the console whose three letter abbreviation stood for the full console name and also featured the game Yoshi?,built on 16-bit architectures and offered improved graphics and sound,"Answer: Sega Genesis  Confidence: 0.9  
Answer: SNES  Confidence: 0.9  
Answer: Speed  Confidence: 0.7  
Answer: Graphics  Confidence: 0.7  
Answer: Library  Confidence: 0.6",Sega Genesis,0.9,0.0,0,0
649,3hop2__90098_125104_10557,"What was the form of the language that the last name Sylvester comes from, used in the era of Rotrude's father, later known as?",Medieval Latin,"Answer: Latin  
Confidence: 0.8  
Answer: Old French  
Confidence: 0.7  
Answer: Old German  
Confidence: 0.6  
Answer: Medieval Latin  
Confidence: 0.5  
Answer: Vulgar Latin  
Confidence: 0.4",Latin,0.8,0.6666666666666666,0,0
650,2hop__91211_90973,Who did the original voice of the character played by mila kunis in the cleveland show?,Lacey Chabert,"Answer: Laura Prepon Confidence: 0.9  
Answer: Jessica Walter Confidence: 0.7  
Answer: Nicole Sullivan Confidence: 0.6  
Answer: Jennifer Tilly Confidence: 0.5  
Answer: Tress MacNeille Confidence: 0.4",Laura Prepon,0.9,0.0,0,0
651,3hop2__326964_7845_7713,How long had the home of some of the country's most prominent art groups been the capitol city of Yaxing Coach's headquarters location?,about 400 years,"Answer: 20 years Confidence: 0.6  
Answer: 15 years Confidence: 0.5  
Answer: 10 years Confidence: 0.4  
Answer: 25 years Confidence: 0.3  
Answer: 30 years Confidence: 0.2",20 years,0.6,0.4,0,0
652,2hop__93145_54024,"Which king, who was England's rule in 1616, translated the Bible?",King James I of England,"Answer: James I Confidence: 0.9  
Answer: King James Confidence: 0.85  
Answer: James VI and I Confidence: 0.8  
Answer: King of England Confidence: 0.5  
Answer: Protestant Reformation Confidence: 0.4",James I,0.9,0.5714285714285715,0,1
653,2hop__68981_39234,What empire brought the practices of the most common religion in Southeast Asia?,"Hephthalite Empire,","Answer: Srivijaya  Confidence: 0.8  
Answer: Majapahit  Confidence: 0.7  
Answer: Khmer Empire  Confidence: 0.6  
Answer: Funan  Confidence: 0.5  
Answer: Dai Viet  Confidence: 0.4",Srivijaya,0.8,0.0,0,0
654,2hop__271045_68633,Who is the president of the organization Julio Maglione is located?,Thomas Bach,"Answer: Julio Maglione. Confidence: 0.6  
Answer: Unknown. Confidence: 0.4  
Answer: Not specified. Confidence: 0.3  
Answer: Previous president. Confidence: 0.2  
Answer: Organization not clear. Confidence: 0.1",Julio Maglione.,0.6,0.0,0,0
655,2hop__82858_654855,What political party was the socialist candidate part of who ran for president in 1912?,Socialist Party of America,"Answer: Socialist Party  Confidence: 0.9  
Answer: Eugene V. Debs  Confidence: 0.8  
Answer: Progressive Party  Confidence: 0.5  
Answer: Democratic Party  Confidence: 0.4  
Answer: Republican Party  Confidence: 0.3",Socialist Party,0.9,0.6666666666666666,0,1
656,2hop__622308_61845,Who has played for West Ham Ajax and the team from the city where Malcolm Graham died?,Mido,"Answer: Steven Pienaar  Confidence: 0.7  
Answer: Quincy Promes  Confidence: 0.6  
Answer: Dario Šimić  Confidence: 0.5  
Answer: Jermain Defoe  Confidence: 0.4  
Answer: Nigel Reo-Coker  Confidence: 0.3",Steven Pienaar,0.7,0.0,0,0
657,3hop1__139862_2053_52946,"When is Celebrity Big Brother coming to the network which, along with ABC and the network which broadcasted Highway to Heaven, is the other major broadcaster based in NY?","February 7, 2018","Answer: CBS  Confidence: 0.9  
Answer: September 2024  Confidence: 0.7  
Answer: Early 2025  Confidence: 0.6  
Answer: Mid-2024  Confidence: 0.5  
Answer: To be announced  Confidence: 0.4",CBS,0.9,0.0,0,0
658,2hop__16632_110014,What year was the person who described the use of bitumen and pitch to tar ships born?,1517,"Answer: 600 BC Confidence: 0.6  
Answer: 400 BC Confidence: 0.3  
Answer: 300 BC Confidence: 0.3  
Answer: 500 BC Confidence: 0.2  
Answer: 700 BC Confidence: 0.2",600 BC,0.6,0.0,0,0
659,3hop2__569322_467331_162182,In what region of the country of S-Fone is the location of the administrative territorial entity of Zone 5 Military Museum located?,South Central Coast,"Answer: Central region. Confidence: 0.8  
Answer: South region. Confidence: 0.1  
Answer: North region. Confidence: 0.05  
Answer: East region. Confidence: 0.02  
Answer: West region. Confidence: 0.01",Central region.,0.8,0.4,0,1
660,4hop3__193820_466199_695123_72134,When did the town WIZE is licensed in become capitol of the state where Brantley York was born?,1839,"Answer: 1786 Confidence: 0.7  
Answer: 1796 Confidence: 0.2  
Answer: 1732 Confidence: 0.1  
Answer: 1860 Confidence: 0.0  
Answer: 1800 Confidence: 0.0",1786,0.7,0.0,0,0
661,3hop2__49541_140712_51068,Who is the actress who played the woman who was the Queen of England in 1890 on the network that produced Monsterpiece Theater?,Jenna - Louise Coleman,"Answer: Vanessa Redgrave Confidence: 0.8  
Answer: Helen Mirren Confidence: 0.7  
Answer: Judi Dench Confidence: 0.6  
Answer: Emma Thompson Confidence: 0.5  
Answer: Anna Chancellor Confidence: 0.4",Vanessa Redgrave,0.8,0.0,0,0
662,2hop__814856_110882,What is the Smile performer's birthday?,1 January 1986,"Answer: August 16, 1989 Confidence: 0.6  
Answer: January 1, 1990 Confidence: 0.4  
Answer: July 4, 1988 Confidence: 0.3  
Answer: February 14, 1991 Confidence: 0.3  
Answer: December 25, 1992 Confidence: 0.2","August 16, 1989",0.6,0.0,0,0
663,4hop1__726152_153080_159767_81096,Who won the Indy car race in the largest city and capital of the state where the performer of Tijuana Moods was born?,Mario Andretti,"Answer: Scott Dixon Confidence: 0.7  
Answer: Will Power Confidence: 0.6  
Answer: Helio Castroneves Confidence: 0.5  
Answer: Tony Kanaan Confidence: 0.4  
Answer: Graham Rahal Confidence: 0.3",Scott Dixon,0.7,0.0,0,0
664,4hop1__151650_5274_458768_33633,What date did Gaspar reach the region which would be the headquarters of the record label of which the only larger label is the one that signed Desde El Principio?,"August 3, 1769","Answer: December 16, 1998  Confidence: 0.7  
Answer: December 14, 1997  Confidence: 0.5  
Answer: January 1, 2000  Confidence: 0.4  
Answer: March 3, 1999  Confidence: 0.3  
Answer: June 10, 1996  Confidence: 0.2","December 16, 1998",0.7,0.0,0,0
665,3hop1__49236_89752_54221,What time do alcohol sales begin in the largest state of the region where the fictional Gilead is located in The Handmaid's Tale?,5am,"Answer: 10 AM Confidence: 0.8  
Answer: 9 AM Confidence: 0.7  
Answer: 11 AM Confidence: 0.6  
Answer: 8 AM Confidence: 0.5  
Answer: 12 PM Confidence: 0.4",10 AM,0.8,0.0,0,0
666,3hop1__390673_228453_86925,What is the manufacturer of the Kentucky Tavern headquarters location saints symbol called?,fleur - de-lis,"Answer: Brown-Forman Corporation. Confidence: 0.7  
Answer: Kentucky Tavern. Confidence: 0.5  
Answer: Bourbon. Confidence: 0.4  
Answer: Whiskey. Confidence: 0.3  
Answer: St. Louis. Confidence: 0.2",Brown-Forman Corporation.,0.7,0.0,0,0
667,4hop2__160585_39078_8987_8974,Hana Mandlikova was born in Country A that invaded Country B because the military branch that helped Old West's local police was unprepared. Country B was the only communist country to have an embassy where?,Alfredo Stroessner's Paraguay,"Answer: Cuba  Confidence: 0.8  
Answer: Mexico  Confidence: 0.6  
Answer: Puerto Rico  Confidence: 0.5  
Answer: Venezuela  Confidence: 0.4  
Answer: Nicaragua  Confidence: 0.4",Cuba,0.8,0.0,0,0
668,2hop__89764_827343,Who is the sibling of the actress that played the little girl in Miracle on 34th street 1947?,Lana Wood,"Answer: Elizabeth Perkins Confidence: 0.7  
Answer: Maureen O'Hara Confidence: 0.6  
Answer: Susan Walker Confidence: 0.5  
Answer: Natalie Wood Confidence: 0.4  
Answer: Judy Garland Confidence: 0.3",Elizabeth Perkins,0.7,0.0,0,0
669,4hop2__161602_426860_88460_21057,"During British rule, what wood product was produced primarily in the country between the country that hosted the tournament and the country where That Dam is from?",75% of the world's teak,"Answer: Teak wood  Confidence: 0.8  
Answer: Timber  Confidence: 0.7  
Answer: Mahogany  Confidence: 0.6  
Answer: Plywood  Confidence: 0.5  
Answer: Hardwood  Confidence: 0.4",Teak wood,0.8,0.3333333333333333,0,1
670,4hop2__71753_158279_70784_61381,When was the region immediately north of the region where Israel is located and the final destination for the export crops established?,1932,"Answer: 1948 Confidence: 0.7  
Answer: 1967 Confidence: 0.6  
Answer: 1947 Confidence: 0.5  
Answer: 1917 Confidence: 0.4  
Answer: 1922 Confidence: 0.3",1948,0.7,0.0,0,0
671,3hop2__49541_140875_51068,Who is the actress who plays the Queen of England in 1890 on the station that aired High Feather?,Jenna - Louise Coleman,"Answer: Claire Foy  
Confidence: 0.7  
Answer: Olivia Colman  
Confidence: 0.2  
Answer: Helena Bonham Carter  
Confidence: 0.1  
Answer: Vanessa Kirby  
Confidence: 0.1  
Answer: Judi Dench  
Confidence: 0.1",Claire Foy,0.7,0.0,0,0
672,3hop1__157807_19788_15107,What percentage of Eritrea is estimated to adhere to the religion widely practiced in the region that the tentacled snake is native to?,48%,"Answer: 50% Confidence: 0.6  
Answer: 60% Confidence: 0.5  
Answer: 70% Confidence: 0.4  
Answer: 75% Confidence: 0.3  
Answer: 40% Confidence: 0.2",50%,0.6,0.0,0,1
673,3hop1__106864_160713_77246,What is the meaning in the Arabic Dictionary of the word for the majority religion in the area of British India that became India when Bedari's country was created?,the country of India,"Answer: الهندوسية Confidence: 0.9  
Answer: الإسلام Confidence: 0.8  
Answer: الهند Confidence: 0.7  
Answer: الأكثرية Confidence: 0.6  
Answer: الدين الرئيسي Confidence: 0.5",الهندوسية,0.9,0.0,0,0
674,3hop1__796649_720914_41132,How many times did the plague occur in the city where Flora's painter died?,22,"Answer: 3 Confidence: 0.6  
Answer: 1 Confidence: 0.2  
Answer: 2 Confidence: 0.1  
Answer: 4 Confidence: 0.1  
Answer: 0 Confidence: 0.0",3,0.6,0.0,0,0
675,3hop1__462960_160545_34751,What year did the country where Pao Sarasin was born form an alliance with Japan?,1941,"Answer: 1940 Confidence: 0.8  
Answer: 1941 Confidence: 0.1  
Answer: 1939 Confidence: 0.05  
Answer: 1942 Confidence: 0.04  
Answer: 1938 Confidence: 0.01",1940,0.8,0.0,0,0
676,4hop3__754156_88460_30152_20999,How were the people from whom new coins were a proclamation of independence by the Somali Muslim Ajuran Empire expelled from the country between Thailand and A Lim's country?,The dynasty regrouped and defeated the Portuguese,"Answer: Ajuran Empire expelled Muslims. Confidence: 0.6  
Answer: Military conflict in Thailand. Confidence: 0.5  
Answer: Political instability in A Lim's country. Confidence: 0.4  
Answer: Economic sanctions by neighbors. Confidence: 0.3  
Answer: Territorial disputes. Confidence: 0.2",Ajuran Empire expelled Muslims.,0.6,0.0,0,0
677,4hop1__9007_698949_157828_162309,When did the country with a co-official language used in the film titled after the city that is the final resting place of Tito first attend the Olympics games?,2016,"Answer: 1912 Confidence: 0.8  
Answer: 1900 Confidence: 0.1  
Answer: 1960 Confidence: 0.05  
Answer: 1948 Confidence: 0.03  
Answer: 1920 Confidence: 0.02",1912,0.8,0.0,0,0
678,4hop1__145494_698949_157828_162309,When did the country whose co-official language was used in the movie named after the place where Bela Linder died first attend the Olympics games as an independent team?,2016,"Answer: 1994 Confidence: 0.8  
Answer: 1992 Confidence: 0.1  
Answer: 1996 Confidence: 0.05  
Answer: 2000 Confidence: 0.03  
Answer: 1988 Confidence: 0.02",1994,0.8,0.0,0,0
679,2hop__47808_198548,Who is the wife of the actor of Grace's boyfriend in Frankie and Grace?,Katharine Ross,"Answer: Jane Fonda  Confidence: 0.8  
Answer: Lily Tomlin  Confidence: 0.7  
Answer: Sam Elliott  Confidence: 0.6  
Answer: Martin Sheen  Confidence: 0.5  
Answer: Bruce Davison  Confidence: 0.4",Jane Fonda,0.8,0.0,0,0
680,2hop__122565_37168,Where does the university that Mohamed Abu Hamed attended rank according to the QS World University Rankings?,551-600,"Answer: No ranking available. Confidence: 0.8  
Answer: Unavailable data. Confidence: 0.7  
Answer: Check QS website. Confidence: 0.6  
Answer: Not specified. Confidence: 0.5  
Answer: Not listed. Confidence: 0.4",No ranking available.,0.8,0.0,0,0
681,2hop__763380_74735,What song did Paul McCartney write for the person who performed Too Late for Goodbyes?,``Hey Jude '',"Answer: Woman. Confidence: 0.8  
Answer: John Lennon. Confidence: 0.5  
Answer: Julian Lennon. Confidence: 0.4  
Answer: Goodbye. Confidence: 0.6  
Answer: No More Lonely Nights. Confidence: 0.3",Woman.,0.8,0.0,0,0
682,2hop__83460_456238,This is an instance of who was named commander in chief of texas forces by the new national government of texas National Forest?,United States National Forest,"Answer: Sam Houston Confidence: 0.9  
Answer: Stephen F. Austin Confidence: 0.6  
Answer: William B. Travis Confidence: 0.5  
Answer: John H. Moore Confidence: 0.4  
Answer: Edward Burleson Confidence: 0.3",Sam Houston,0.9,0.0,0,0
683,2hop__458672_20057,Who started the foundation that developed the Free Software Directory?,Richard Stallman,"Answer: FSF (Free Software Foundation) Confidence: 0.9  
Answer: Richard Stallman Confidence: 0.95  
Answer: GNU Project Confidence: 0.7  
Answer: Open Source Initiative Confidence: 0.4  
Answer: Software Freedom Law Center Confidence: 0.3",Richard Stallman,0.95,1.0,1,1
684,2hop__85993_512508,What was the person who discovered that nuclei of atoms contained neutrons with no charge a participant in?,Manhattan Project,"Answer: nuclear physics research. Confidence: 0.8  
Answer: atomic structure studies. Confidence: 0.7  
Answer: particle physics experiments. Confidence: 0.6  
Answer: scientific investigations. Confidence: 0.9  
Answer: discovery of the neutron. Confidence: 0.85",scientific investigations.,0.9,0.0,0,0
685,2hop__64537_482364,Who is the father of the man with the same name as the Big Brother hot dog challenge winner?,Aeson,"Answer: Mike Malin  Confidence: 0.85  
Answer: Kevin Malin Confidence: 0.10  
Answer: Big Brother Contestant Confidence: 0.03  
Answer: Hot Dog Challenge Winner Confidence: 0.02  
Answer: Unknown Confidence: 0.00",Mike Malin,0.85,0.0,0,0
686,3hop1__140994_2053_52946,"When is Celebrity Big Brother coming to the network which, along with ABC and the network which broadcasted Hello, Larry?, is the other major broadcaster based in NY?","February 7, 2018","Answer: CBS  Confidence: 0.9  
Answer: NBC  Confidence: 0.8  
Answer: Fox  Confidence: 0.7  
Answer: September  Confidence: 0.6  
Answer: Spring  Confidence: 0.5",CBS,0.9,0.0,0,0
687,3hop2__127483_125104_10557,What was the language Auctor comes from during the era of Rotrude's father later known as?,Medieval Latin,"Answer: Old High German. Confidence: 0.8  
Answer: German. Confidence: 0.7  
Answer: Medieval German. Confidence: 0.5  
Answer: Carolingian Latin. Confidence: 0.4  
Answer: Frankish. Confidence: 0.3",Old High German.,0.8,0.0,0,0
688,2hop__66167_72467,Where did the player who scored the most points in a NBA season go in the NBA Draft?,Seattle SuperSonics,"Answer: Philadelphia 76ers  Confidence: 0.9  
Answer: 1st overall pick Confidence: 0.85  
Answer: College basketball Confidence: 0.7  
Answer: Drafted in 1976 Confidence: 0.6  
Answer: ABA to NBA Confidence: 0.5",Philadelphia 76ers,0.9,0.0,0,0
689,2hop__487706_40502,What was the population of the republic that participated in The Battle of the Kentish Knock before this emigration?,2 million,"Answer: England  Confidence: 0.8  
Answer: Kingdom of England  Confidence: 0.7  
Answer: England and Wales  Confidence: 0.6  
Answer: East England  Confidence: 0.5  
Answer: 160,000  Confidence: 0.4",England,0.8,0.0,0,0
690,4hop1__44149_32392_823060_610794,What county is the city that shares a border with the state capital of the state where the RBC Heritage Golf Tournament is played in?,Richland County,"Answer: Beaufort County  Confidence: 0.9  
Answer: Hampton County  Confidence: 0.1  
Answer: Jasper County  Confidence: 0.05  
Answer: Colleton County  Confidence: 0.04  
Answer: Charleston County  Confidence: 0.01",Beaufort County,0.9,0.5,0,0
691,3hop1__135659_87694_64412,When did the place where St for whom the Mantua Cathedral was named for basilica the head of the catholic religion is located in become its own country?,11 February 1929,"Answer: 1929 Confidence: 0.9  
Answer: Vatican City Confidence: 0.85  
Answer: Lateran Treaty Confidence: 0.8  
Answer: Papal States Confidence: 0.7  
Answer: Sovereign State Confidence: 0.6",1929,0.9,0.5,0,1
692,2hop__8347_8311,When did the crowning of the person under whom the Chapter House was built happen?,1216,"Answer: Henry III  Confidence: 0.9  
Answer: 1250  Confidence: 0.8  
Answer: 1220  Confidence: 0.7  
Answer: Westminster Abbey  Confidence: 0.6  
Answer: 13th century  Confidence: 0.5",Henry III,0.9,0.0,0,0
693,3hop1__857_846_7791,How many parties rule the city where the Yongle emperor greeted the person to whom the edict was addressed?,one-party,"Answer: 1 party. Confidence: 0.9  
Answer: 1. Confidence: 0.8  
Answer: Single party. Confidence: 0.7  
Answer: One ruling party. Confidence: 0.6  
Answer: One. Confidence: 0.5",1 party.,0.9,0.0,0,1
694,3hop2__9951_20335_9331,"What dissolved the privileges in Poland of the empire that the British sided with against the Ottomans, the Kingdom that acquired some Thuringian territory in 1815, and the Habsburg Monarchy?",March Constitution of Poland,"Answer: Congress of Vienna Confidence: 0.9  
Answer: Treaty of Vienna Confidence: 0.7  
Answer: Polish Question Confidence: 0.6  
Answer: Napoleonic Wars Confidence: 0.5  
Answer: Partition of Poland Confidence: 0.4",Congress of Vienna,0.9,0.28571428571428575,0,0
695,3hop2__92991_27069_76291,When did the party Oklahoma's US Senators come from take control of the body determining the rules of the US House and US Senate?,January 2015,"Answer: 1994 Confidence: 0.9  
Answer: 2010 Confidence: 0.7  
Answer: 2022 Confidence: 0.5  
Answer: 1980 Confidence: 0.4  
Answer: 1968 Confidence: 0.3",1994,0.9,0.0,0,0
696,3hop1__131783_131926_87157,What is the direction of flow of the body of water by the city where The Minikahda Club is located?,rises in northern Minnesota and meanders slowly southwards,"Answer: North  Confidence: 0.7  
Answer: Southeast  Confidence: 0.2  
Answer: East  Confidence: 0.1  
Answer: South  Confidence: 0.0  
Answer: West  Confidence: 0.0",North,0.7,0.0,0,0
697,2hop__24973_5674,Who suspended the party that would have maintained power if the treaty was signed in the Russian Soviet Federative Socialist Republic?,Yeltsin,"Answer: Bolsheviks. Confidence: 0.9  
Answer: Lenin. Confidence: 0.8  
Answer: Communist Party. Confidence: 0.7  
Answer: Soviet government. Confidence: 0.6  
Answer: Trotsky. Confidence: 0.5",Bolsheviks.,0.9,0.0,0,0
698,3hop1__404541_629431_64412,When did the place of death of Paenitentiam Agere's author become its own country?,11 February 1929,"Answer: 1993 Confidence: 0.8  
Answer: 1991 Confidence: 0.7  
Answer: 1992 Confidence: 0.6  
Answer: 1990 Confidence: 0.5  
Answer: 2000 Confidence: 0.4",1993,0.8,0.0,0,0
699,3hop1__64957_87694_124169,"When was the position of Governor ended in the city that houses the head of Catholicism, and the basilica of the saint holding a knife in the Last Supper?",1952,"Answer: 1976 Confidence: 0.9  
Answer: 1990 Confidence: 0.6  
Answer: 1946 Confidence: 0.5  
Answer: 1972 Confidence: 0.4  
Answer: 2000 Confidence: 0.3",1976,0.9,0.0,0,0
700,3hop1__106094_443779_52195,Who is the president of the newly declared independent country part of the Commission of Truth and Friendship with the country that made Arisan!??,Francisco Guterres,"Answer: Timor-Leste president. Confidence: 0.8  
Answer: Jose Ramos-Horta. Confidence: 0.7  
Answer: Xanana Gusmão. Confidence: 0.6  
Answer: East Timor president. Confidence: 0.5  
Answer: Fretilin leader. Confidence: 0.4",Timor-Leste president.,0.8,0.0,0,1
701,4hop3__131775_29339_508306_70744,"Which has more national championships, university of the state having Fort Hill or university of the state whose primary was won by Edwards besides the state having Ted Wright Stadium?",University of South Carolina,"Answer: Maryland Terps  Confidence: 0.7  
Answer: West Virginia Mountaineers  Confidence: 0.6  
Answer: Virginia Tech Hokies  Confidence: 0.5  
Answer: Clemson Tigers  Confidence: 0.4  
Answer: North Carolina Tar Heels  Confidence: 0.3",Maryland Terps,0.7,0.0,0,0
702,2hop__593633_82341,Where is New Perry's place of death found in Florida?,in Northern Florida,"Answer: Georgia Coastal Cemetery, Florida  Confidence: 0.7  
Answer: New Perry's residence, Florida  Confidence: 0.6  
Answer: New Perry's gravesite, Florida  Confidence: 0.5  
Answer: Unknown location, Florida  Confidence: 0.4  
Answer: Not specified, Florida  Confidence: 0.3","Georgia Coastal Cemetery, Florida",0.7,0.28571428571428575,0,0
703,2hop__481349_302087,Which company owns the manufacturer of Learjet 60?,Bombardier Inc.,"Answer: Bombardier Aerospace  Confidence: 0.9  
Answer: Bombardier  Confidence: 0.9  
Answer: Learjet  Confidence: 0.6  
Answer: General Dynamics  Confidence: 0.4  
Answer: Textron  Confidence: 0.3",Bombardier Aerospace,0.9,0.5,0,1
704,4hop3__673447_132409_223216_35031,"Among the top five largest urban areas in the state Infest's performers were formed, what is the ranking of the city Pathology was formed in?",third-largest,"Answer: 3rd Confidence: 0.6 
Answer: 2nd Confidence: 0.2 
Answer: 1st Confidence: 0.1 
Answer: 4th Confidence: 0.05 
Answer: 5th Confidence: 0.05",3rd,0.6,0.0,0,1
705,3hop1__504362_443779_52195,Who is the president of the new country that jointly established a Commission of Truth and Friendship with the country that Solor is a part of?,Francisco Guterres,"Answer: Timor-Leste President. Confidence: 0.8  
Answer: José Ramos-Horta. Confidence: 0.7  
Answer: V. Gusmão. Confidence: 0.6  
Answer: Nuno Gomes Nabiam. Confidence: 0.5  
Answer: Alkatiri. Confidence: 0.4",Timor-Leste President.,0.8,0.0,0,1
706,2hop__88632_67668,"In Batman Under the Red Hood, who does the actor of Barney Stinson from How I Met Your Mother play?",Nightwing / Dick Grayson,"Answer: The Joker  
Confidence: 0.9  
Answer: Jason Todd  
Confidence: 0.6  
Answer: Batman  
Confidence: 0.5  
Answer: Red Hood  
Confidence: 0.4  
Answer: Nightwing  
Confidence: 0.3",The Joker,0.9,0.0,0,0
707,2hop__23459_35123,What was the lifespan of the most influential figure in Islamic philosophy?,980–1037,"Answer: Averroes (Ibn Rushd) 1126-1198 Confidence: 0.8  
Answer: Al-Farabi 872-950 Confidence: 0.7  
Answer: Al-Ghazali 1058-1111 Confidence: 0.7  
Answer: Ibn Sina (Avicenna) 980-1037 Confidence: 0.9  
Answer: Ibn Khaldun 1332-1406 Confidence: 0.6",Ibn Sina (Avicenna) 980-1037,0.9,0.0,0,1
708,3hop2__30152_105895_20999,What forced the departure from the country responsible for Phoe Pyonn Cho of the people once defied by new coinage?,The dynasty regrouped and defeated the Portuguese,"Answer: Economic sanctions. Confidence: 0.7  
Answer: Political instability. Confidence: 0.6  
Answer: Military coup. Confidence: 0.5  
Answer: Civil unrest. Confidence: 0.4  
Answer: Government repression. Confidence: 0.3",Economic sanctions.,0.7,0.0,0,0
709,2hop__280451_84616,What did the spouse of Andrea Dotti win a Tony for?,for Best Performance by a Leading Actress in a Play in Ondine,"Answer: Acting Confidence: 0.6  
Answer: Best Supporting Actress Confidence: 0.5  
Answer: Broadway Performance Confidence: 0.4  
Answer: Playwriting Confidence: 0.3  
Answer: Best Featured Actress Confidence: 0.2",Acting,0.6,0.0,0,1
710,3hop1__144439_443779_52195,who is the president of newly declared independent country of the country of the birthplace of Mulham Arufin–Timor Leste Commission of Truth and Friendship?,Francisco Guterres,"Answer: José Ramos-Horta Confidence: 0.9  
Answer: Former president Ramos-Horta Confidence: 0.8  
Answer: Timor-Leste president Confidence: 0.7  
Answer: current president Timor-Leste Confidence: 0.6  
Answer: independence Timor-Leste president Confidence: 0.5",José Ramos-Horta,0.9,0.0,0,0
711,4hop2__103790_39078_8987_8529,"Ivo Werner is from Country A that invaded Country B because their military branch that helped the Old West police was unprepared. When was the word ""Slavs"" used in the national anthem of country B?",1943–1992,"Answer: 1867 Confidence: 0.8  
Answer: 1945 Confidence: 0.6  
Answer: 1918 Confidence: 0.5  
Answer: 1990 Confidence: 0.4  
Answer: 1989 Confidence: 0.3",1867,0.8,0.0,0,0
712,2hop__631024_18974,Who led the military expedition in the province where Gong Beibi was born?,Chen Zheng,"Answer: Zhang Fei  Confidence: 0.7  
Answer: Liu Bei  Confidence: 0.6  
Answer: Cao Cao  Confidence: 0.5  
Answer: Sun Quan  Confidence: 0.4  
Answer: Zhuge Liang  Confidence: 0.3",Zhang Fei,0.7,0.0,0,0
713,3hop1__28841_547811_41132,How many times did the plague occur in the birth place of Concerto in C Major Op 3 6's composer?,22,"Answer: 1 Confidence: 0.7  
Answer: 2 Confidence: 0.2  
Answer: 0 Confidence: 0.1  
Answer: 3 Confidence: 0.0  
Answer: 4 Confidence: 0.0",1,0.7,0.0,0,0
714,2hop__832795_350510,What group was the performer of Be the One a member of?,Jackson 5,"Answer: Dua Lipa Confidence: 0.9  
Answer: None Confidence: 0.1  
Answer: N/A Confidence: 0.1  
Answer: The Other Side Confidence: 0.05  
Answer: Zara Larsson Confidence: 0.05",Dua Lipa,0.9,0.0,0,0
715,3hop2__25177_19506_23299,"After the period which limited the supply of shellac; Białystok, Przemyśl were returned to what country along with the region they had been given in the Treaty of Schönbrunn?",Polish state,"Answer: Poland  Confidence: 0.9  
Answer: Russia  Confidence: 0.1  
Answer: Austria  Confidence: 0.0  
Answer: Germany  Confidence: 0.0  
Answer: Lithuania  Confidence: 0.0",Poland,0.9,0.0,0,1
716,2hop__29606_600504,What field of work was the person who discovered the mathematical relationship between peaks and curves of light at different temperatures in?,physic,"Answer: Physics Confidence: 0.9 
Answer: Astronomy Confidence: 0.8 
Answer: Thermodynamics Confidence: 0.7 
Answer: Chemistry Confidence: 0.6 
Answer: Mathematical Science Confidence: 0.5",Physics,0.9,0.0,0,1
717,2hop__581084_828685,"Who employs the author of ""Ravenswood: The Steelworkers' Victory and the Revival of American Labor""?",Cornell University,"Answer: University of Illinois Press  Confidence: 0.7  
Answer: Labor journalist  Confidence: 0.5  
Answer: Academic institution  Confidence: 0.6  
Answer: Author's own press  Confidence: 0.4  
Answer: Nonprofit organization  Confidence: 0.3",University of Illinois Press,0.7,0.3333333333333333,0,0
718,4hop1__88342_49853_128008_86588,What's the longest homer in the history of the league where the team with the most titles from the event after which they give out the MLB MVP award plays?,582 feet (177 m),"Answer: 575 feet Confidence: 0.7  
Answer: 580 feet Confidence: 0.6  
Answer: 582 feet Confidence: 0.5  
Answer: 583 feet Confidence: 0.4  
Answer: 600 feet Confidence: 0.3",575 feet,0.7,0.3333333333333333,0,0
719,2hop__427249_20057,Who founded the organization that wrote GNU Free Documentation License?,Richard Stallman,"Answer: Free Software Foundation (FSF) Confidence: 0.9  
Answer: Richard Stallman Confidence: 0.95  
Answer: GNU Project Confidence: 0.7  
Answer: MIT License Confidence: 0.5  
Answer: Open Source Initiative Confidence: 0.4",Richard Stallman,0.95,1.0,1,1
720,2hop__82270_177869,Who is the spouse of the first nominated African American presidential candidate?,Helen Pitts Douglass,"Answer: Michelle Obama  Confidence: 0.9  
Answer: Kamala Harris  Confidence: 0.1  
Answer: Jill Biden  Confidence: 0.05  
Answer: Stacie Adams  Confidence: 0.02  
Answer: Michelle Nunn  Confidence: 0.01",Michelle Obama,0.9,0.0,0,0
721,2hop__623931_656446,Who is the spouse of a cast member of Secrets of a Windmill Girl?,John Alderton,"Answer: Zara McDermott's spouse. Confidence: 0.7  
Answer: Nathaniel Anahi's spouse. Confidence: 0.5  
Answer: Bill O'Neill's spouse. Confidence: 0.4  
Answer: Billy Vunipola's spouse. Confidence: 0.4  
Answer: None known. Confidence: 0.3",Zara McDermott's spouse.,0.7,0.0,0,0
722,2hop__145220_58439,Notre Dame is located is what section of Camille Cottin's birthplace?,The Île de la Cité,"Answer: Paris  Confidence: 0.9  
Answer: 17th Arrondissement  Confidence: 0.8  
Answer: Île-de-France  Confidence: 0.7  
Answer: Latin Quarter  Confidence: 0.6  
Answer: Center  Confidence: 0.5",Paris,0.9,0.0,0,1
723,2hop__258940_135844,Who is the city where Lesnoye Sanatorium is located named after?,Palmiro Togliatti,"Answer: Lesnoye Confidence: 0.8  
Answer: Forest Confidence: 0.7  
Answer: Russia Confidence: 0.6  
Answer: Saint-Petersburg Confidence: 0.5  
Answer: Moscow Confidence: 0.4",Lesnoye,0.8,0.0,0,0
724,2hop__520033_123956,On what date did Battle of the birth place of Denny Januar Ali end?,15 February 1942,"Answer: January 17, 1822  
Confidence: 0.9  
Answer: October 14, 1842  
Confidence: 0.7  
Answer: April 21, 1815  
Confidence: 0.6  
Answer: February 23, 1835  
Confidence: 0.5  
Answer: December 12, 1809  
Confidence: 0.4","January 17, 1822",0.9,0.0,0,0
725,2hop__85463_54688,What type of government did North Korea have during the conflict when UN troops approached the Yalu River?,a communist government,"Answer: Communist state  
Confidence: 0.9  
Answer: Totalitarian regime  
Confidence: 0.8  
Answer: Single-party state  
Confidence: 0.85  
Answer: Socialist government  
Confidence: 0.75  
Answer: Authoritarian regime  
Confidence: 0.7",Communist state,0.9,0.5,0,1
726,2hop__91021_19033,Where did the wrestler who has held the intercontinental championship the most times win in 2008?,Great American Bash,"Answer: WWE Unforgiven 2008 Confidence: 0.7  
Answer: WWE Night of Champions 2008 Confidence: 0.6  
Answer: WWE Royal Rumble 2008 Confidence: 0.5  
Answer: WWE WrestleMania XXIV Confidence: 0.4  
Answer: WWE Cyber Sunday 2008 Confidence: 0.3",WWE Unforgiven 2008,0.7,0.0,0,0
727,3hop1__161433_33952_34099,How long are the council terms in the second largest city in the US state focused by the cross-border transactions committee of the Department of Real Estate?,four-year,"Answer: 4 years Confidence: 0.9  
Answer: 2 years Confidence: 0.1  
Answer: 6 years Confidence: 0.0  
Answer: 3 years Confidence: 0.0  
Answer: 1 year Confidence: 0.0",4 years,0.9,0.0,0,1
728,2hop__575282_114648,What year did Allegory of Isabella d'Este's Coronation's creator the Younger die?,1583,"Answer: 1533 Confidence: 0.9  
Answer: 1532 Confidence: 0.7  
Answer: 1534 Confidence: 0.6  
Answer: 1531 Confidence: 0.5  
Answer: 1530 Confidence: 0.4",1533,0.9,0.0,0,0
729,2hop__704217_82341,Where is Sean Hampton's birth place in the state of Florida?,in Northern Florida,"Answer: Clearwater  Confidence: 0.6  
Answer: Orlando  Confidence: 0.5  
Answer: Miami  Confidence: 0.4  
Answer: Tampa  Confidence: 0.3  
Answer: Jacksonville  Confidence: 0.2",Clearwater,0.6,0.0,0,0
730,2hop__6827_75783,When was countrywide bought by the company that bought FleetBoston Financial?,"July 1, 2008","Answer: 2008 Confidence: 0.8  
Answer: 2006 Confidence: 0.2  
Answer: 2004 Confidence: 0.1  
Answer: 2010 Confidence: 0.1  
Answer: 2007 Confidence: 0.1",2008,0.8,0.5,0,1
731,2hop__852657_155922,Into what harbour does the river Lennox Bridge in Parramatta crosses flow?,Sydney Harbour,"Answer: Parramatta River Confidence: 0.8  
Answer: Sydney Harbour Confidence: 0.7  
Answer: Hawkesbury River Confidence: 0.5  
Answer: Port Jackson Confidence: 0.4  
Answer: Parramatta Lakes Confidence: 0.3",Parramatta River,0.8,0.0,0,1
732,4hop2__71753_158985_70784_79935,When was the region that lies to the north of where Israel is located and where the most growth in desalination for agricultural use is taking place created?,1930,"Answer: Lebanon Confidence: 0.7  
Answer: Syria Confidence: 0.6  
Answer: Palestine Confidence: 0.5  
Answer: Jordan Confidence: 0.4  
Answer: Golan Heights Confidence: 0.3",Lebanon,0.7,0.0,0,0
733,2hop__95172_456836,Where was the person who acted in Signora Enrica born?,La Goulette,"Answer: Italy. Confidence: 0.8  
Answer: Rome. Confidence: 0.6  
Answer: Milano. Confidence: 0.5  
Answer: Turin. Confidence: 0.4  
Answer: Florence. Confidence: 0.3",Italy.,0.8,0.0,0,0
734,3hop1__671542_665330_51423,What is the name of the castle in city where the performer of Darlings was formed?,Casa Loma,"Answer: Rookwood Castle Confidence: 0.4  
Answer: Windsor Castle Confidence: 0.3  
Answer: Carisbrooke Castle Confidence: 0.2  
Answer: Neuschwanstein Castle Confidence: 0.1  
Answer: Edinburgh Castle Confidence: 0.1",Rookwood Castle,0.4,0.0,0,0
735,2hop__409884_83837,Who sings Home Alone Tonight with the Country Girl (Shake It for Me) performer?,Karen Fairchild,"Answer: Alan Jackson  Confidence: 0.7  
Answer: Luke Bryan  Confidence: 0.9  
Answer: Jason Aldean  Confidence: 0.6  
Answer: Blake Shelton  Confidence: 0.5  
Answer: Keith Urban  Confidence: 0.4",Luke Bryan,0.9,0.0,0,0
736,2hop__367318_7292,"What artist was featured on Smooth Jazz Stations, along with Kenny G and the performer of The Dance?",George Benson,"Answer: Garth Brooks  
Confidence: 0.8  
Answer: Michael Bublé  
Confidence: 0.7  
Answer: David Sanborn  
Confidence: 0.6  
Answer: Chris Botti  
Confidence: 0.5  
Answer: Norah Jones  
Confidence: 0.4",Garth Brooks,0.8,0.0,0,0
737,4hop3__862_846_613770_7713,How long was the place where the Yongle Emperor greeted who the Ming court thought representatives were sent by the capitol of the city in which Guangling District is located?,about 400 years,"Answer: 10 days Confidence: 0.6  
Answer: 15 days Confidence: 0.5  
Answer: 7 days Confidence: 0.4  
Answer: 30 days Confidence: 0.3  
Answer: 5 days Confidence: 0.2",10 days,0.6,0.0,0,0
738,2hop__398344_439882,Who is the creator of the main character in the Steven the Sword Fighter series?,Rebecca Sugar,"Answer: Koji Igarashi  Confidence: 0.3  
Answer: Craig McCracken  Confidence: 0.2  
Answer: Hiroumi Nakanishi  Confidence: 0.1  
Answer: Johnathan W.  Confidence: 0.1  
Answer: Steven Universe creator  Confidence: 0.1",Koji Igarashi,0.3,0.0,0,0
739,3hop1__857_846_7769,How many square miles is the city where the Yongle emperor greeted the person to whom the edict was addressed?,"2,548 sq mi","Answer: 1839 Confidence: 0.8  
Answer: 1607 Confidence: 0.6  
Answer: 1200 Confidence: 0.5  
Answer: 2000 Confidence: 0.4  
Answer: 1500 Confidence: 0.3",1839,0.8,0.0,0,0
740,3hop1__635099_131926_89261,Where does the body of water by the city where Write This Down was formed empty into the Gulf of Mexico?,the Mississippi River Delta,"Answer: Mississippi River Delta Confidence: 0.8  
Answer: Atchafalaya River Confidence: 0.7  
Answer: Pearl River Delta Confidence: 0.6  
Answer: Sabine River Confidence: 0.5  
Answer: Dog River Confidence: 0.4",Mississippi River Delta,0.8,1.0,1,1
741,3hop1__603558_87694_64412,When did the location of the basilica that is named after the same saint as the San Pietro in Ciel d'Oro become its own country?,11 February 1929,"Answer: 1929 Confidence: 0.9  
Answer: Vatican City Confidence: 0.8  
Answer: 1870 Confidence: 0.5  
Answer: 1984 Confidence: 0.4  
Answer: 1939 Confidence: 0.3",1929,0.9,0.5,0,1
742,2hop__391873_88622,Who is the head of the agency that created MYSTIC?,ADM Michael S. Rogers,"Answer: NSA Chief  Confidence: 0.7  
Answer: General Paul Nakasone  Confidence: 0.6  
Answer: Michael Rogers  Confidence: 0.4  
Answer: Admiral Mike Rogers  Confidence: 0.5  
Answer: Director of NSA  Confidence: 0.3",NSA Chief,0.7,0.0,0,1
743,2hop__106864_80460,What was the 2017 population of the country where Bedari was made?,207.77 million people,"Answer: Pakistan  Confidence: 0.9  
Answer: 199 million  Confidence: 0.8  
Answer: 204 million  Confidence: 0.7  
Answer: South Asia  Confidence: 0.5  
Answer: 200 million  Confidence: 0.6",Pakistan,0.9,0.0,0,0
744,2hop__142621_225454,What is the record label of the co-writer and recording artist of Permission to Fly?,Hollywood Records,"Answer: Def Jam Recordings Confidence: 0.7  
Answer: Universal Music Group Confidence: 0.6  
Answer: Atlantic Records Confidence: 0.5  
Answer: Island Records Confidence: 0.4  
Answer: RCA Records Confidence: 0.3",Def Jam Recordings,0.7,0.0,0,0
745,2hop__147171_27537,Why did Roncalli leave the place where Francesco Fontebasso resided when he died?,for the conclave in Rome,"Answer: Death of Francesco Fontebasso. Confidence: 0.7  
Answer: Personal reasons. Confidence: 0.5  
Answer: Change of location. Confidence: 0.4  
Answer: Artistic pursuits. Confidence: 0.3  
Answer: Family matters. Confidence: 0.2",Death of Francesco Fontebasso.,0.7,0.0,0,0
746,4hop1__752321_153080_33897_81096,Who won the Indy car race in the largest populated city in the state where the Pithecanthropus Erectus performer is from?,Mario Andretti,"Answer: New York City. Confidence: 0.7  
Answer: Marcus Ericsson. Confidence: 0.5  
Answer: Indianapolis. Confidence: 0.6  
Answer: Will Power. Confidence: 0.4  
Answer: Scott Dixon. Confidence: 0.3",New York City.,0.7,0.0,0,0
747,3hop1__487301_443779_52195,Who is the president of newly declared independent country part of the Commission of Truth and Friendship with the country where Kaimana is located?,Francisco Guterres,"Answer: Benny Wenda  Confidence: 0.8  
Answer: West Papua President  Confidence: 0.7  
Answer: Kaimana  Confidence: 0.6  
Answer: Indonesia  Confidence: 0.5  
Answer: Separatist leader  Confidence: 0.4",Benny Wenda,0.8,0.0,0,0
748,2hop__365236_19320,What worldwide ranking is held by Mario Pani's alma mater?,74th,"Answer: UNAM 120th Confidence: 0.7  
Answer: 150th Confidence: 0.2  
Answer: 80th Confidence: 0.1  
Answer: 100th Confidence: 0.1  
Answer: 200th Confidence: 0.0",UNAM 120th,0.7,0.0,0,0
749,3hop1__465684_160545_60577,Where did they film The Beach in the country where Bodindecha died?,Ko Phi Phi Leh,"Answer: Thailand  Confidence: 0.9  
Answer: Krabi  Confidence: 0.8  
Answer: Phi Phi Islands  Confidence: 0.85  
Answer: Koh Phi Phi  Confidence: 0.8  
Answer: Phuket  Confidence: 0.7",Thailand,0.9,0.0,0,1
750,2hop__861047_110949,What is the date of birth for the performer of Beat Hotel?,11 September 1962,"Answer: 1970-01-01 Confidence: 0.2  
Answer: 1980-01-01 Confidence: 0.1  
Answer: 1965-07-15 Confidence: 0.3  
Answer: 1960-05-20 Confidence: 0.2  
Answer: 1975-10-10 Confidence: 0.2",1965-07-15,0.3,0.0,0,0
751,2hop__80_59409,"Who was the artist who did a duet with Beyonce in the single ""Deja Vu"" talking about in the song ""Cry""?",three different relationships he had in the past,"Answer: Jay-Z Confidence: 0.9  
Answer: Usher Confidence: 0.1  
Answer: Chris Brown Confidence: 0.0  
Answer: Kendrick Lamar Confidence: 0.0  
Answer: Drake Confidence: 0.0",Jay-Z,0.9,0.0,0,0
752,2hop__88834_425488,Who is the mother of the person who plays Nim in Return to Nim's Island?,Terri Irwin,"Answer: Jodie Foster  Confidence: 0.9  
Answer: Unknown Confidence: 0.1  
Answer: Elizabeth Perkins Confidence: 0.1  
Answer: Dakota Fanning Confidence: 0.1  
Answer: Abigail Breslin Confidence: 0.1",Jodie Foster,0.9,0.0,0,0
753,4hop2__161602_474028_88460_20988,For what major conflict is the country on the natural boundary between the country that hosted the tournament and the country where A Don is from known?,one of the world's longest-running ongoing civil wars.,"Answer: Korean War Confidence: 0.7  
Answer: Vietnam War Confidence: 0.6  
Answer: Gulf War Confidence: 0.5  
Answer: World War II Confidence: 0.4  
Answer: Cold War Confidence: 0.3",Korean War,0.7,0.0,0,0
754,2hop__77601_814677,What pantheon is the God of the underworld in ancient Egypt a part of?,ancient Egyptian religion,"Answer: Egyptian pantheon. Confidence: 0.9  
Answer: Ancient Egyptian gods. Confidence: 0.8  
Answer: Mythology of Egypt. Confidence: 0.7  
Answer: Egyptian mythology. Confidence: 0.85  
Answer: Deities of Egypt. Confidence: 0.75",Egyptian pantheon.,0.9,0.4,0,1
755,2hop__35137_22901,What Islamic denomination was the author of The Canon of Medicine thought to be a member of?,Sunni,"Answer: Sunni Confidence: 0.7  
Answer: Shia Confidence: 0.2  
Answer: Ismaili Confidence: 0.1  
Answer: Sufi Confidence: 0.05  
Answer: Hanbali Confidence: 0.05",Sunni,0.7,1.0,1,1
756,4hop3__175072_88460_30152_20999,How were the same people who the Somali Muslim Ajuran Empire declared independence from expelled from the natural boundary between Thailand and the country Setthathirath is a citizen of?,The dynasty regrouped and defeated the Portuguese,"Answer: Laos  Confidence: 0.9  
Answer: Thailand  Confidence: 0.7  
Answer: Cambodia  Confidence: 0.5  
Answer: Vietnam  Confidence: 0.4  
Answer: Myanmar  Confidence: 0.3",Laos,0.9,0.0,0,0
757,4hop1__161605_32392_823060_610794,What county is the city that shares a border with the state capital of the state where Darlington County located in?,Richland County,"Answer: Richland County Confidence: 0.9  
Answer: Greenville County Confidence: 0.1  
Answer: Lexington County Confidence: 0.1  
Answer: Florence County Confidence: 0.0  
Answer: Kershaw County Confidence: 0.0",Richland County,0.9,1.0,1,1
758,2hop__58168_1783,Who was the mayor of New York during the time when the US had its highest unemployment rate?,Fiorello La Guardia,"Answer: David Dinkins  Confidence: 0.6  
Answer: Rudy Giuliani  Confidence: 0.3  
Answer: Michael Bloomberg  Confidence: 0.1  
Answer: Fiorello LaGuardia  Confidence: 0.1  
Answer: John Lindsay  Confidence: 0.1",David Dinkins,0.6,0.0,0,0
759,2hop__161151_50883,Which section of the emergency response guidebook of the continent where bison antiquus are found contains the response guides?,"The fourth section, with orange page borders","Answer: Section 2 Confidence: 0.8  
Answer: Response Guides Confidence: 0.7  
Answer: Emergency Response section Confidence: 0.6  
Answer: Guidebook section Confidence: 0.5  
Answer: Procedures section Confidence: 0.4",Section 2,0.8,0.25,0,0
760,4hop1__83058_53706_795904_580996,"What area shares a border, with the city that was the work location of an individual, who went to the U.S. state with a Mediterranean climate, during the Gold Rush?",Rio Linda,"Answer: California  Confidence: 0.9  
Answer: Nevada  Confidence: 0.7  
Answer: San Francisco  Confidence: 0.6  
Answer: Sacramento  Confidence: 0.5  
Answer: Los Angeles  Confidence: 0.4",California,0.9,0.0,0,0
761,2hop__149983_108549,Who wrote the fictional work Doctor Fate exists in?,Alfred Gough,"Answer: Gardner Fox. Confidence: 0.9  
Answer: DC Comics. Confidence: 0.7  
Answer: Justice Society of America. Confidence: 0.5  
Answer: All-Star Comics. Confidence: 0.6  
Answer: John Broome. Confidence: 0.4",Gardner Fox.,0.9,0.0,0,0
762,3hop1__131102_39743_24526,"What is the average winter daytime temperature in the region containing Richmond, in the state where WUSH operates?",upper 40s–lower 50s °F,"Answer: 40°F Confidence: 0.7  
Answer: 42°F Confidence: 0.6  
Answer: 38°F Confidence: 0.5  
Answer: 45°F Confidence: 0.4  
Answer: 36°F Confidence: 0.3",40°F,0.7,0.0,0,0
763,3hop1__159728_91191_156667,What was the name of the spouse of the first convert to the most prevalent religion in Jordan?,Khawlah bint Ja'far,"Answer: Tima Confidence: 0.7  
Answer: Aisha Confidence: 0.5  
Answer: Fatima Confidence: 0.4  
Answer: Zainab Confidence: 0.3  
Answer: Maryam Confidence: 0.2",Tima,0.7,0.0,0,0
764,3hop1__145290_443779_52195,Who is the president of the new country who has jointly established a Commission on Truth and Friendship with the birth country of Satyo Husodo?,Francisco Guterres,"Answer: Joko Widodo  
Confidence: 0.8  
Answer: Indonesia  
Confidence: 0.7  
Answer: Timor-Leste  
Confidence: 0.6  
Answer: Commission on Truth and Friendship  
Confidence: 0.5  
Answer: Dili  
Confidence: 0.4",Joko Widodo,0.8,0.0,0,0
765,3hop1__140994_2053_5289,"What UK label was bought by the company which, along with ABC and the network which broadcasted Hello, Larry, is the other major broadcaster based in NY?",Oriole Records.,"Answer: EMI Music  Confidence: 0.8  
Answer: EMI Records  Confidence: 0.7  
Answer: Virgin Records  Confidence: 0.6  
Answer: Decca Records  Confidence: 0.5  
Answer: Polydor Records  Confidence: 0.4",EMI Music,0.8,0.0,0,0
766,4hop3__152056_698586_89595_54362,Who burned down the city where Dunn Dunn's recording artist died during the conflict after which the historical time period of A Rose for Emily occurred?,Confederate Gen. John Bell Hood,"Answer: not specified; unknown artist/destroyer. Confidence: 0.3  
Answer: Confederates; during Civil War. Confidence: 0.4  
Answer: Emily Grierson; fictional character. Confidence: 0.2  
Answer: Union Army; during warfare. Confidence: 0.5  
Answer: William Faulkner; author. Confidence: 0.3",Union Army; during warfare.,0.5,0.0,0,0
767,2hop__544760_35739,When was the version of the browser that GNU IceCat is based on made accessible on Windows 8?,September 2013,"Answer: 2013  Confidence: 0.7  
Answer: 2014  Confidence: 0.2  
Answer: 2012  Confidence: 0.1  
Answer: 2015  Confidence: 0.0  
Answer: 2016  Confidence: 0.0",2013,0.7,0.6666666666666666,0,0
768,2hop__301011_820181,Which county is the birth place of Keith Sebelius located at?,Norton County,"Answer: Phillips County  Confidence: 0.9  
Answer: Kansas  Confidence: 0.8  
Answer: USA  Confidence: 0.7  
Answer: Norton County  Confidence: 0.5  
Answer: Jefferson County  Confidence: 0.4",Phillips County,0.9,0.5,0,0
769,2hop__691455_64006,By how much of the population of the region where Baton a feu originated reduced by the black death?,30% to 65%,"Answer: 30% Confidence: 0.6  
Answer: 50% Confidence: 0.4  
Answer: 25% Confidence: 0.3  
Answer: 40% Confidence: 0.2  
Answer: 60% Confidence: 0.1",30%,0.6,0.5,0,0
770,2hop__216256_141338,What company is the school where Ernest G. McClain is employed a part of?,City University of New York,"Answer: University of Maryland, Baltimore County (UMBC) Confidence: 0.6  
Answer: University of Maryland Confidence: 0.5  
Answer: University of Maryland system Confidence: 0.4  
Answer: Higher education institution Confidence: 0.3  
Answer: Public university Confidence: 0.3","University of Maryland, Baltimore County (UMBC)",0.6,0.3636363636363636,0,0
771,2hop__25396_212301,Who is the child of the person who issued the Tamworth manifesto?,Arthur Peel,"Answer: Edward Smith-Stanley Jr. Confidence: 0.9  
Answer: William Smith-Stanley Confidence: 0.6  
Answer: Edward Smith-Stanley III Confidence: 0.4  
Answer: Jane Smith-Stanley Confidence: 0.3  
Answer: Alice Smith-Stanley Confidence: 0.2",Edward Smith-Stanley Jr.,0.9,0.0,0,0
772,3hop2__84553_90098_10557,"What was the form of the language where the last name Sylvester originates, used in the era of the man crowned Emperor of the Romans in 800, later known as?",Medieval Latin,"Answer: Latin  
Confidence: 0.9  
Answer: Old French  
Confidence: 0.7  
Answer: Byzantine Greek  
Confidence: 0.5  
Answer: Medieval Latin  
Confidence: 0.6  
Answer: Vulgar Latin  
Confidence: 0.4",Latin,0.9,0.6666666666666666,0,1
773,3hop1__462125_538202_84283,Who is the owner of the record label that the performer of Days of Our Lives is on?,Warner Music Group,"Answer: Universal Music Group. Confidence: 0.8  
Answer: RCA Records. Confidence: 0.7  
Answer: Sony Music. Confidence: 0.6  
Answer: Atlantic Records. Confidence: 0.5  
Answer: Warner Music Group. Confidence: 0.4",Universal Music Group.,0.8,0.6666666666666666,0,0
774,2hop__351275_75487,Who is the federal leader of Leon Benoit's political party?,Andrew Scheer,"Answer: Conservative Party of Canada Leader Confidence: 0.9  
Answer: Pierre Poilievre Confidence: 0.85  
Answer: Erin O'Toole Confidence: 0.7  
Answer: Stephen Harper Confidence: 0.6  
Answer: Andrew Scheer Confidence: 0.5",Conservative Party of Canada Leader,0.9,0.0,0,1
775,4hop1__93963_170667_443779_52195,"Who is the president of the newly declared independent country, that established the Timor Leste Commission of Truth and Friendship, with the country containing the airport that includes Lion Air?",Francisco Guterres,"Answer: Xanana Gusmão  
Confidence: 0.8  
Answer: José Ramos-Horta  
Confidence: 0.7  
Answer: Timor-Leste  
Confidence: 0.6  
Answer: East Timor  
Confidence: 0.5  
Answer: Padang Airport  
Confidence: 0.4",Xanana Gusmão,0.8,0.0,0,0
776,4hop1__443274_17130_70784_61381,When was the region that lies to the north of the country where Sar-El is located and the Persian Gulf established?,1932,"Answer: 1948 Confidence: 0.7  
Answer: 1971 Confidence: 0.2  
Answer: 1963 Confidence: 0.1  
Answer: 1500s Confidence: 0.0  
Answer: 1932 Confidence: 0.0",1948,0.7,0.0,0,0
777,2hop__29339_40482,Who did the Huguenots in the state primary Edwards won outside of Georgia buy land from?,Edmund Bellinger,"Answer: John H. McClellan. Confidence: 0.8  
Answer: John Edwards. Confidence: 0.6  
Answer: Joseph Brant. Confidence: 0.5  
Answer: no specific individual. Confidence: 0.4  
Answer: unspecified landowners. Confidence: 0.3",John H. McClellan.,0.8,0.0,0,0
778,2hop__504464_708278,Who was the company preceding Metalmark Capital named after?,Harold Stanley,"Answer: Metalmark Mining Corp. Confidence: 0.7  
Answer: Mark J. Tencer. Confidence: 0.5  
Answer: Mark in metal. Confidence: 0.4  
Answer: Metalmark. Confidence: 0.3  
Answer: Metalmark Resources. Confidence: 0.2",Metalmark Mining Corp.,0.7,0.0,0,0
779,3hop1__273571_834494_34053,What was the wettest year for the city in the same county as Summit?,1905,"Answer: 2023 Confidence: 0.6  
Answer: 2022 Confidence: 0.2  
Answer: 2020 Confidence: 0.1  
Answer: 2019 Confidence: 0.05  
Answer: 2021 Confidence: 0.05",2023,0.6,0.0,0,0
780,2hop__814671_82341,In what region of Florida is WMOP located?,in Northern Florida,"Answer: North Florida. Confidence: 0.8  
Answer: Central Florida. Confidence: 0.1  
Answer: South Florida. Confidence: 0.05  
Answer: Panhandle. Confidence: 0.02  
Answer: Gulf Coast. Confidence: 0.03",North Florida.,0.8,0.4,0,1
781,4hop3__668721_132409_371500_35031,Where does the city where Veoh's headquarters is located rank in the top five largest urban areas of the state where The Paramour Sessions' performers were formed?,third-largest,"Answer: 3rd largest urban area Confidence: 0.6  
Answer: Los Angeles Confidence: 0.5  
Answer: San Francisco Confidence: 0.4  
Answer: San Diego Confidence: 0.3  
Answer: 2nd largest urban area Confidence: 0.4",3rd largest urban area,0.6,0.0,0,1
782,2hop__524623_82341,Where is Chris Meffert's birth place in the state of Florida?,in Northern Florida,"Answer: Miami, Florida Confidence: 0.6  
Answer: Orlando, Florida Confidence: 0.5  
Answer: Tampa, Florida Confidence: 0.4  
Answer: Jacksonville, Florida Confidence: 0.4  
Answer: St. Petersburg, Florida Confidence: 0.3","Miami, Florida",0.6,0.4,0,0
783,3hop2__655849_223623_162182,In what region of the country containing A Lưới is the birthplace of John Phan located?,South Central Coast,"Answer: Thừa Thiên-Huế  Confidence: 0.9  
Answer: Central Vietnam  Confidence: 0.8  
Answer: Hue province  Confidence: 0.85  
Answer: Northern Central region  Confidence: 0.7  
Answer: A Lưới district  Confidence: 0.6",Thừa Thiên-Huế,0.9,0.0,0,0
784,2hop__231805_514393,What is the birthplace of St. Simeon Stylites' author?,Somersby,"Answer: Antioch Confidence: 0.9  
Answer: Syria Confidence: 0.8  
Answer: Turkey Confidence: 0.6  
Answer: Cilicia Confidence: 0.7  
Answer: Asia Minor Confidence: 0.5",Antioch,0.9,0.0,0,0
785,3hop1__145212_443779_52195,Arie Supriyatna's birth country was one participant in a Commission of Truth and Friendship. Who is the president of the other country that participated?,Francisco Guterres,"Answer: Timor-Leste President. Confidence: 0.7  
Answer: Rui Maria de Araújo. Confidence: 0.6  
Answer: José Ramos-Horta. Confidence: 0.5  
Answer: East Timor leader. Confidence: 0.4  
Answer: Xanana Gusmão. Confidence: 0.3",Timor-Leste President.,0.7,0.0,0,1
786,4hop1__152146_5274_458768_33677,When was the most recent Bicycle Friendly Community Award given to the city where the headquarters of the only group larger than Långa nätter's record label is located?,2013,"Answer: 2021 Confidence: 0.8  
Answer: 2022 Confidence: 0.7  
Answer: 2020 Confidence: 0.6  
Answer: 2019 Confidence: 0.5  
Answer: 2023 Confidence: 0.4",2021,0.8,0.0,0,0
787,3hop1__751782_2053_52946,"When is Celebrity Big Brother coming to the network which, along with ABC and the original broadcaster of Undercovers, is the other major broadcaster based in NY?","February 7, 2018","Answer: CBS  Confidence: 0.9  
Answer: Fall 2024  Confidence: 0.6  
Answer: Summer 2024  Confidence: 0.5  
Answer: Winter 2024  Confidence: 0.4  
Answer: Spring 2024  Confidence: 0.3",CBS,0.9,0.0,0,0
788,3hop1__109196_720914_27537,Why did Roncali leave the place of death of the creator of Malchiostro Annunciation?,for the conclave in Rome,"Answer: Unknown reasons. Confidence: 0.5  
Answer: Personal choice. Confidence: 0.4  
Answer: Artistic conflict. Confidence: 0.3  
Answer: Seeking inspiration. Confidence: 0.2  
Answer: Disagreement with peers. Confidence: 0.3",Unknown reasons.,0.5,0.0,0,0
789,2hop__66149_85990,Who were the leaders of the opposition party that was created as a result of the kansas-nebraska act?,"anti-slavery activists, modernizers, ex Whigs and ex Free Soilers","Answer: Republican Party leaders  Confidence: 0.8  
Answer: John C. Frémont  Confidence: 0.7  
Answer: William H. Seward  Confidence: 0.6  
Answer: Salmon P. Chase  Confidence: 0.5  
Answer: Abraham Lincoln  Confidence: 0.4",Republican Party leaders,0.8,0.0,0,1
790,2hop__132472_684936,The company making ALARM follows which company?,BAC,"Answer: Wala Comms. Confidence: 0.7  
Answer: Gold Coast Studios. Confidence: 0.2  
Answer: MediaWorks. Confidence: 0.1  
Answer: Pinnacle Productions. Confidence: 0.1  
Answer: Locus Production. Confidence: 0.0",Wala Comms.,0.7,0.0,0,0
791,2hop__25788_25839,What is the maximum load drawn by the device that was designed to standardize connection of computer peripherals?,five unit loads,"Answer: USB 2.0 500 mA  Confidence: 0.9  
Answer: USB 3.0 900 mA Confidence: 0.8  
Answer: FireWire 7 W Confidence: 0.7  
Answer: HDMI 50 mA Confidence: 0.6  
Answer: Thunderbolt 100 W Confidence: 0.5",USB 2.0 500 mA,0.9,0.0,0,0
792,4hop1__567737_141375_458768_33632,"What day is the feast held in the city containing the headquarters of the company, that owns the record label that released Study in Brown?",May 4,"Answer: November 1 Confidence: 0.7  
Answer: October 31 Confidence: 0.2  
Answer: September 15 Confidence: 0.1  
Answer: December 25 Confidence: 0.05  
Answer: January 1 Confidence: 0.05",November 1,0.7,0.0,0,0
793,2hop__68322_510545,Who is the spouse of the actor that plays Jarvis in the Avengers Age of Ultron?,Jennifer Connelly,"Answer: Paul Bettany's spouse. Confidence: 0.9  
Answer: Jennifer Connelly. Confidence: 0.9  
Answer: Actress. Confidence: 0.7  
Answer: Married to Paul Bettany. Confidence: 0.8  
Answer: Connelly. Confidence: 0.6",Paul Bettany's spouse.,0.9,0.0,0,1
794,2hop__852122_150107,Who published Communications of the agency that Michael Schroeder is a member of ?,Association for Computing Machinery,"Answer: American Mathematical Society. Confidence: 0.8  
Answer: Society for Industrial and Applied Mathematics. Confidence: 0.6  
Answer: IEEE Communications Society. Confidence: 0.5  
Answer: Association for Computing Machinery. Confidence: 0.4  
Answer: Springer Nature. Confidence: 0.3",American Mathematical Society.,0.8,0.0,0,0
795,2hop__506099_20057,Who founded the organisation that owns Defective by Design?,Richard Stallman,"Answer: Richard Stallman  Confidence: 0.9  
Answer: Free Software Foundation  Confidence: 0.8  
Answer: GNU Project  Confidence: 0.7  
Answer: Software Freedom Conservancy  Confidence: 0.6  
Answer: Open Source Initiative  Confidence: 0.5",Richard Stallman,0.9,1.0,1,1
796,2hop__525242_52835,"Who wrote ""Turn Me On"" by performer of ""Happy Pills""?",John D. Loudermilk,"Answer: David Guetta  Confidence: 0.6  
Answer: Pharrell Williams  Confidence: 0.5  
Answer: Jessie Ware  Confidence: 0.4  
Answer: Calvin Harris  Confidence: 0.3  
Answer: Dua Lipa  Confidence: 0.2",David Guetta,0.6,0.0,0,0
797,2hop__60880_87295,Who does the actor who plays Nanny in Eloise at Christmastime play in Princess Diaries?,Queen dowager Clarisse Renaldi,"Answer: Queen Clarisse Renaldi. Confidence: 0.9  
Answer: Julia Andrews. Confidence: 0.8  
Answer: Clarisse. Confidence: 0.7  
Answer: The queen. Confidence: 0.7  
Answer: Eloise. Confidence: 0.6",Queen Clarisse Renaldi.,0.9,0.8571428571428571,0,1
798,3hop1__222497_309482_41132,How many times did plague occur in Al gran sole carico d'amore's composer's work location?,22,"Answer: 0 Confidence: 0.8  
Answer: 2 Confidence: 0.1  
Answer: 1 Confidence: 0.1  
Answer: 3 Confidence: 0.0  
Answer: 4 Confidence: 0.0",0,0.8,0.0,0,0
799,2hop__671664_646310,What city is in the county where the Red Cross is located?,Albemarle,"Answer: Washington D.C. Confidence: 0.9  
Answer: Atlanta. Confidence: 0.7  
Answer: New York City. Confidence: 0.6  
Answer: Chicago. Confidence: 0.5  
Answer: San Francisco. Confidence: 0.4",Washington D.C.,0.9,0.0,0,0
800,3hop2__125104_90098_10557,What was where the last name sylvester comes from of who was Rotrude's father's era later known as?,Medieval Latin,"Answer: Rotherberg  Confidence: 0.7  
Answer: Rotherwald  Confidence: 0.6  
Answer: Rothergund  Confidence: 0.5  
Answer: Rotherbert  Confidence: 0.4  
Answer: Rotrudis  Confidence: 0.3",Rotherberg,0.7,0.0,0,0
801,4hop1__88342_49853_128008_89859,When does the regular season of the league where the team with the most titles from the series after which the MLB MVP award is given out plays?,"March 29, 2018","Answer: October  Confidence: 0.7  
Answer: September  Confidence: 0.2  
Answer: August  Confidence: 0.1  
Answer: July  Confidence: 0.0  
Answer: June  Confidence: 0.0",October,0.7,0.0,0,0
802,2hop__859431_18803,"In April 2010, what did the company owned by MV Macoma announce it was in the process of doing?",trying to find a potential buyer for all of its operations in Finland,"Answer: Expansion plans. Confidence: 0.6  
Answer: Merging with another company. Confidence: 0.5  
Answer: Acquiring new assets. Confidence: 0.4  
Answer: Launching new services. Confidence: 0.3  
Answer: Restructuring operations. Confidence: 0.2",Expansion plans.,0.6,0.0,0,0
803,4hop1__3496_5274_458768_33677,When was the most recent Bicycle Friendly Community Award given to the city where the headquarters of the only group larger than the company BMG partnered with in 2005-07?,2013,"Answer: 2022 Confidence: 0.6  
Answer: 2023 Confidence: 0.4  
Answer: 2021 Confidence: 0.5  
Answer: 2020 Confidence: 0.3  
Answer: 2019 Confidence: 0.2",2022,0.6,0.0,0,0
804,2hop__24648_192417,What is the league of the Carolina Panthers an example of?,sports league,"Answer: NFL  Confidence: 0.9  
Answer: Professional football  Confidence: 0.85  
Answer: American football league  Confidence: 0.8  
Answer: Major sports league  Confidence: 0.75  
Answer: Sports franchise  Confidence: 0.7",NFL,0.9,0.0,0,1
805,2hop__575797_91104,What is the experimental satellite that was the forerunner to communication satellite of the operator of INSAT-4CR called?,ATS - 6 (Applications Technology Satellite - 6),"Answer: ATS-6 Confidence: 0.9  
Answer: BELL-3 Confidence: 0.7  
Answer: Echo 1 Confidence: 0.6  
Answer: Echo 2 Confidence: 0.5  
Answer: Telstar Confidence: 0.4",ATS-6,0.9,0.0,0,1
806,3hop1__305282_282081_73772,When was the start of the battle of the birthplace of the performer of III?,"December 14, 1814","Answer: 1944  Confidence: 0.7  
Answer: 1945  Confidence: 0.2  
Answer: 1939  Confidence: 0.1  
Answer: 1941  Confidence: 0.1  
Answer: 1942  Confidence: 0.1",1944,0.7,0.0,0,0
807,3hop2__159979_30587_44003,Where does the ocean adjacent to Miami meet the ocean basin at where the tropical Storm Allison ended up?,through the Florida Straits,"Answer: Gulf of Mexico  Confidence: 0.8  
Answer: Biscayne Bay  Confidence: 0.6  
Answer: Atlantic Ocean  Confidence: 0.7  
Answer: Florida Straits  Confidence: 0.5  
Answer: Off the coast of Texas  Confidence: 0.4",Gulf of Mexico,0.8,0.0,0,0
808,2hop__131455_11960,What is the tallest building in the state where KZAR is located?,JPMorgan Chase Tower,"Answer: One World Trade Center Confidence: 0.7  
Answer: Empire State Building Confidence: 0.6  
Answer: Central Park Tower Confidence: 0.5  
Answer: 432 Park Avenue Confidence: 0.4  
Answer: Bank of America Tower Confidence: 0.3",One World Trade Center,0.7,0.0,0,0
809,4hop3__312119_132409_146285_35031,"Among the top five largest urban areas in the state where Getting Away with Murder's performer was formed, where does city in which Alexander Golitzen died rank?",third-largest,"Answer: New Orleans  Confidence: 0.7  
Answer: Baton Rouge  Confidence: 0.5  
Answer: Lafayette  Confidence: 0.4  
Answer: Shreveport  Confidence: 0.3  
Answer: Metairie  Confidence: 0.2",New Orleans,0.7,0.0,0,0
810,2hop__153009_44880,Who is the mayor presiding now where Merrill Elam was born?,Lance Bottoms,"Answer: Atlanta  Confidence: 0.8  
Answer: Keisha Lance Bottoms  Confidence: 0.7  
Answer: Andre Dickens  Confidence: 0.6  
Answer: Fulton County  Confidence: 0.5  
Answer: Georgia  Confidence: 0.4",Atlanta,0.8,0.0,0,0
811,3hop1__389069_132457_51423,What is the name of the castle in the city where the performer of Sleep is the Enemy was formed?,Casa Loma,"Answer: Edinburgh Castle Confidence: 0.8 
Answer: Stirling Castle Confidence: 0.1 
Answer: Edinburgh Fortress Confidence: 0.05 
Answer: Craigmillar Castle Confidence: 0.03 
Answer: Urquhart Castle Confidence: 0.02",Edinburgh Castle,0.8,0.0,0,0
812,3hop1__617062_127905_46894,Who has the lowest batting average in the league that Jim Wilson's team plays for?,Bill Bergen,"Answer: Unknown player Confidence: 0.1  
Answer: Jim Wilson Confidence: 0.2  
Answer: Last place team member Confidence: 0.3  
Answer: League leader Confidence: 0.1  
Answer: Team's weakest hitter Confidence: 0.2",Last place team member,0.3,0.0,0,0
813,3hop1__850160_15840_36002,What were the Genesis's advantage over the platform of Pictionary?,built on 16-bit architectures and offered improved graphics and sound,"Answer: Unique gameplay mechanics. Confidence: 0.7  
Answer: Richer graphics. Confidence: 0.6  
Answer: More player engagement. Confidence: 0.5  
Answer: Enhanced storytelling. Confidence: 0.4  
Answer: Variety of themes. Confidence: 0.3",Unique gameplay mechanics.,0.7,0.0,0,0
814,2hop__656411_345851,"The singer, who starred in Shake It Up, signed to which record label?",Hollywood Records,"Answer: Hollywood Records  
Confidence: 0.9  
Answer: Disney Music Group  
Confidence: 0.7  
Answer: Interscope Records  
Confidence: 0.5  
Answer: RCA Records  
Confidence: 0.4  
Answer: Columbia Records  
Confidence: 0.3",Hollywood Records,0.9,1.0,1,1
815,3hop1__88707_91850_685675,On what team was the player who hit the first home run at the new location of NY Yankees home games?,New York Yankees,"Answer: New York Yankees  Confidence: 0.9  
Answer: Yankees  Confidence: 0.9  
Answer: New York Yankees (2023)  Confidence: 0.8  
Answer: Yankees (new stadium)  Confidence: 0.8  
Answer: NY Yankees  Confidence: 0.9",New York Yankees,0.9,1.0,1,1
816,4hop3__31333_29339_508306_70744,Edwards won the primary in a state excluding the state that sent the most tourists in to Tennessee in 2013. Who has the most national championships between that state's university and Fort Hill's city's university?,University of South Carolina,"Answer: Florida State University (FSU) Confidence: 0.7  
Answer: University of Florida (UF) Confidence: 0.6  
Answer: University of Tennessee (UT) Confidence: 0.5  
Answer: Clemson University Confidence: 0.4  
Answer: Vanderbilt University Confidence: 0.3",Florida State University (FSU),0.7,0.25,0,1
817,2hop__373544_80420,Who was the first African American student at the university Robert Khayat was educated at?,James Howard Meredith,"Answer: James Meredith Confidence: 0.9  
Answer: Charles Evers Confidence: 0.6  
Answer: Medgar Evers Confidence: 0.5  
Answer: John Lewis Confidence: 0.4  
Answer: Thomas Jones Confidence: 0.3",James Meredith,0.9,0.8,0,1
818,4hop1__88342_75218_128008_86588,What is the longest home run in the history of the league of the team that has played the most games in the competition they give out MVP awards after?,582 feet (177 m),"Answer: 763 ft Confidence: 0.7  
Answer: 755 ft Confidence: 0.6  
Answer: 700 ft Confidence: 0.5  
Answer: 580 ft Confidence: 0.4  
Answer: 720 ft Confidence: 0.4",763 ft,0.7,0.0,0,0
819,3hop1__131783_131926_90707,Where does the body of water by the city where The Minikahda Club is located and the Ohio River meet?,"at the city of Cairo, Illinois","Answer: Mississippi River  Confidence: 0.8  
Answer: Ohio River mouth  Confidence: 0.6  
Answer: Cincinnati  Confidence: 0.5  
Answer: St. Louis  Confidence: 0.5  
Answer: Indiana  Confidence: 0.4",Mississippi River,0.8,0.0,0,0
820,2hop__216535_370666,In what city is Alain Lascoux's employer located?,Tianjin,"Answer: Paris. Confidence: 0.7  
Answer: Lyon. Confidence: 0.2  
Answer: Marseille. Confidence: 0.1  
Answer: Nice. Confidence: 0.05  
Answer: Toulouse. Confidence: 0.05",Paris.,0.7,0.0,0,0
821,2hop__215124_83837,Who sings Home Alone Tonight with the Rain is a Good Thing singer?,Karen Fairchild,"Answer: Chris Young  Confidence: 0.9  
Answer: Alan Jackson  Confidence: 0.7  
Answer: Blake Shelton  Confidence: 0.6  
Answer: Luke Bryan  Confidence: 0.5  
Answer: Carrie Underwood  Confidence: 0.4",Chris Young,0.9,0.0,0,0
822,2hop__48481_319887,Where was the actor who plays Kurt in Daddy's Home 2 educated?,National Institute of Dramatic Art,"Answer: University of California, Los Angeles (UCLA) Confidence: 0.8  
Answer: Harvard University Confidence: 0.1  
Answer: New York University (NYU) Confidence: 0.05  
Answer: University of Southern California (USC) Confidence: 0.03  
Answer: Columbia University Confidence: 0.02","University of California, Los Angeles (UCLA)",0.8,0.1818181818181818,0,0
823,2hop__391857_162018,What year did the author of Prince Prigio die?,1912,"Answer: 1882 Confidence: 0.9  
Answer: 1894 Confidence: 0.1  
Answer: 1890 Confidence: 0.0  
Answer: 1883 Confidence: 0.0  
Answer: 1880 Confidence: 0.0",1882,0.9,0.0,0,0
824,2hop__569582_304416,What record label is the performer of Almost Made Ya signed to?,Derrty Entertainment,"Answer: Columbia Records Confidence: 0.8  
Answer: Atlantic Records Confidence: 0.7  
Answer: RCA Records Confidence: 0.6  
Answer: Universal Music Group Confidence: 0.5  
Answer: Warner Music Group Confidence: 0.4",Columbia Records,0.8,0.0,0,0
825,3hop2__222979_132628_40768,"When did the company that built VTEC, the owner of Scion, and Nissan open US Assembly plants?",1981,"Answer: 1984 Confidence: 0.8  
Answer: 2003 Confidence: 0.7  
Answer: 1990 Confidence: 0.6  
Answer: 2001 Confidence: 0.5  
Answer: 1995 Confidence: 0.4",1984,0.8,0.0,0,0
826,2hop__132954_533882,What company was formed after a merger of the company that built ASM-N-5 Gorgon V?,Martin Marietta,"Answer: McDonnell Douglas  Confidence: 0.8  
Answer: Boeing  Confidence: 0.7  
Answer: Lockheed Martin  Confidence: 0.5  
Answer: Northrop Grumman  Confidence: 0.4  
Answer: Raytheon  Confidence: 0.3",McDonnell Douglas,0.8,0.0,0,0
827,2hop__713299_55227,Who plays the wife of a Here Comes the Boom cast member in the movie Grown Ups?,Maria Bello,"Answer: Salma Hayek Confidence: 0.9  
Answer: Maria Bello Confidence: 0.4  
Answer: Maya Rudolph Confidence: 0.3  
Answer: Kevin James' wife Confidence: 0.2  
Answer: Brooklyn Decker Confidence: 0.1",Salma Hayek,0.9,0.0,0,0
828,2hop__58939_213732,Who is the child of Obama's opponent in his first election?,Meghan McCain,"Answer: Meghan McCain  Confidence: 0.8  
Answer: Jack McCain  Confidence: 0.7  
Answer: Cindy McCain  Confidence: 0.6  
Answer: Jimmy McCain  Confidence: 0.5  
Answer: Bridget McCain  Confidence: 0.4",Meghan McCain,0.8,1.0,1,1
829,2hop__68162_482364,Who was the father of the leader of the Argonauts in the search for the golden fleece?,Aeson,"Answer: Aeson. Confidence: 0.9  
Answer: Athamas. Confidence: 0.1  
Answer: Jason. Confidence: 0.1  
Answer: Cretheus. Confidence: 0.1  
Answer: Pelias. Confidence: 0.1",Aeson.,0.9,1.0,1,1
830,2hop__726892_131968,Which is the body of water by Leo Bennett's place of death?,River Thames,"Answer: Lake Ontario Confidence: 0.7  
Answer: Saint Lawrence River Confidence: 0.6  
Answer: Niagara River Confidence: 0.5  
Answer: Erie Canal Confidence: 0.4  
Answer: Hudson River Confidence: 0.3",Lake Ontario,0.7,0.0,0,0
831,3hop1__77966_91191_156667,Who was the spouse of the first convert to the faith that is the most common religion in Lebanon?,Khawlah bint Ja'far,"Answer: Youssef Kazaka. Confidence: 0.7  
Answer: Mary Kazaka. Confidence: 0.5  
Answer: N/A. Confidence: 0.0  
Answer: Unknown. Confidence: 0.2  
Answer: Not applicable. Confidence: 0.1",Youssef Kazaka.,0.7,0.0,0,0
832,3hop2__87184_92991_76291,When did the party that controls the House of Representatives take control of the branch who determines the rules of the US house and Senate?,January 2015,"Answer: 1911 Confidence: 0.8  
Answer: 1975 Confidence: 0.7  
Answer: 2007 Confidence: 0.6  
Answer: 1964 Confidence: 0.5  
Answer: 1995 Confidence: 0.4",1911,0.8,0.0,0,0
833,2hop__135993_160249,In which years did the war with the person who the Ioannina National Airport is name after occur?,323–272 BC,"Answer: 1821-1829 Confidence: 0.8  
Answer: 1800s Confidence: 0.6  
Answer: 1823-1825 Confidence: 0.5  
Answer: 1830s Confidence: 0.4  
Answer: 1820-1830 Confidence: 0.3",1821-1829,0.8,0.0,0,0
834,3hop1__140786_2053_5289,"What UK label was bought by the major broadcaster that, along with ABC and the network of the show Just Men!?, is based in New York?",Oriole Records.,"Answer: EMI Records Confidence: 0.7  
Answer: Capitol Records Confidence: 0.5  
Answer: Decca Records Confidence: 0.4  
Answer: Island Records Confidence: 0.3  
Answer: Polydor Records Confidence: 0.2",EMI Records,0.7,0.5,0,0
835,3hop2__57233_105140_56883,"During the war in which The Things They Carried is set, when was conscription introduced by the country where the film Grievous Bodily Harm was later released?",1964,"Answer: Vietnam War 1964 Confidence: 0.7  
Answer: 1964 Confidence: 0.6  
Answer: 1963 Confidence: 0.5  
Answer: 1965 Confidence: 0.4  
Answer: 1962 Confidence: 0.3",Vietnam War 1964,0.7,0.5,0,1
836,3hop2__89048_860687_66294,Who played who sang is she really going out with him in the performer of The One movie?,Lawrence Hilton - Jacobs,"Answer: Joe Cocker  Confidence: 0.8  
Answer: Barry Manilow  Confidence: 0.5  
Answer: Elvis Costello  Confidence: 0.6  
Answer: Phil Collins  Confidence: 0.4  
Answer: Billy Joel  Confidence: 0.3",Joe Cocker,0.8,0.0,0,0
837,4hop3__129754_29339_508306_70744,"Who has more national championships than the school with Fort Hill or the facility in the location Edwards won the primary, but not the state with the 404 area code?",University of South Carolina,"Answer: Alabama Crimson Tide Championship Count  Confidence: 0.8  
Answer: University of Florida Championship Count  Confidence: 0.7  
Answer: UCLA Bruins Championship Count  Confidence: 0.6  
Answer: University of Texas Championship Count  Confidence: 0.5  
Answer: University of Miami Championship Count  Confidence: 0.4",Alabama Crimson Tide Championship Count,0.8,0.0,0,0
838,3hop1__139773_88110_21193,What compression method is part of the CAB format used by one of the original partners in the TV channel that hosts Rachel Maddow's show?,LZX,"Answer: LZX Compression Confidence: 0.9  
Answer: CAB Compression Confidence: 0.7  
Answer: Microsoft Compression Confidence: 0.6  
Answer: Lossless Compression Confidence: 0.5  
Answer: RLE Compression Confidence: 0.4",LZX Compression,0.9,0.6666666666666666,0,1
839,2hop__28203_55840,Who played king whose regal Name did Albert Adopt in the king's speech?,Colin Firth,"Answer: George VI  Confidence: 0.9  
Answer: Albert  Confidence: 0.7  
Answer: Colin Firth  Confidence: 0.6  
Answer: Bertie  Confidence: 0.5  
Answer: English king  Confidence: 0.4",George VI,0.9,0.0,0,0
840,3hop2__304722_740784_63959,When was the last time Krystian Pearce's sports team beat the winner of the 1894-95 FA Cup?,1 December 2010,"Answer: 2015 Confidence: 0.6  
Answer: 2016 Confidence: 0.5  
Answer: 2014 Confidence: 0.4  
Answer: 2013 Confidence: 0.3  
Answer: 2017 Confidence: 0.2",2015,0.6,0.0,0,0
841,3hop1__756602_831637_91775,What does seal stand for in the U.S. military branch that operates a list of destroyer classes as well as the USS Jason?,"Sea, Air, and Land","Answer: Navy. Confidence: 0.9  
Answer: SEALs. Confidence: 0.8  
Answer: Maritime. Confidence: 0.7  
Answer: Special Forces. Confidence: 0.6  
Answer: Operations. Confidence: 0.5",Navy.,0.9,0.0,0,0
842,3hop2__304722_230978_63959,When was the last time the team Matthew Webb was a member of beat the winner of the 1894-95 FA Cup?,1 December 2010,"Answer: 1887 Confidence: 0.8  
Answer: 1896 Confidence: 0.7  
Answer: 1893 Confidence: 0.6  
Answer: 1895 Confidence: 0.5  
Answer: 1894 Confidence: 0.4",1887,0.8,0.0,0,0
843,2hop__564984_139312,"The author of the novel ""2030"" was nominated for what award for his role in ""Broadcast News""?",Academy Award for Best Supporting Actor,"Answer: Academy Award for Best Supporting Actor Confidence: 0.8  
Answer: Oscar for Best Supporting Actor Confidence: 0.7  
Answer: Best Actor in a Supporting Role Confidence: 0.6  
Answer: BAFTA Award Confidence: 0.5  
Answer: Golden Globe Award Confidence: 0.4",Academy Award for Best Supporting Actor,0.8,1.0,1,1
844,2hop__123545_47134,Who is the mascot of the university related to Randy Conrads?,Benny Beaver,"Answer: Benny the Beaver Confidence: 0.8  
Answer: Oregon State Beaver Confidence: 0.7  
Answer: OSU Beaver Confidence: 0.75  
Answer: Beaver Mascot Confidence: 0.6  
Answer: Conrads' University Mascot Confidence: 0.5",Benny the Beaver,0.8,1.0,1,1
845,4hop3__813358_24325_125104_10557,"The carnival in the town where Jean Mathonet died is rooted in a European culture. In Rotrude's father's era, the language of that culture was later known by what name?",Medieval Latin,"Answer: Frankish Confidence: 0.8  
Answer: Old French Confidence: 0.6  
Answer: Romance Languages Confidence: 0.5  
Answer: Latin Confidence: 0.4  
Answer: Gallo-Roman Confidence: 0.3",Frankish,0.8,0.0,0,0
846,3hop1__140786_2053_52946,"When is Celebrity Big Brother coming to the broadcast company that, along with the network of Just Men!?, and ABC, is one of the major broadcasters based in New York?","February 7, 2018","Answer: CBS  Confidence: 0.9  
Answer: January 2024  Confidence: 0.7  
Answer: Summer 2024  Confidence: 0.5  
Answer: Fall 2023  Confidence: 0.4  
Answer: Winter 2024  Confidence: 0.4",CBS,0.9,0.0,0,0
847,2hop__161507_77849,Who is the newly elected Chief Justice of the country where Masherbrum is located?,Mian Saqib Nisar,"Answer: Umar Ata Bandial  Confidence: 0.8  
Answer: Malik Muhammad Qasim Khan  Confidence: 0.1  
Answer: Syed Mansoor Ali Shah  Confidence: 0.05  
Answer: Mian Saqib Nisar  Confidence: 0.03  
Answer: Sheikh Azmat Saeed  Confidence: 0.02",Umar Ata Bandial,0.8,0.0,0,0
848,2hop__705035_152093,What label is responsible for the performer of Crazy Love?,Fair Trade Services,"Answer: Reprise Records Confidence: 0.9  
Answer: Warner Bros. Records Confidence: 0.7  
Answer: Elektra Records Confidence: 0.5  
Answer: Capitol Records Confidence: 0.4  
Answer: Columbia Records Confidence: 0.3",Reprise Records,0.9,0.0,0,0
849,2hop__807257_590611,Who is a cast member of the show that contains the character Michael Knight?,Deanna Russo,"Answer: David Hasselhoff. Confidence: 0.9  
Answer: Edward Mulhare. Confidence: 0.7  
Answer: Patricia McPherson. Confidence: 0.6  
Answer: William Daniels. Confidence: 0.5  
Answer: Rebecca Holden. Confidence: 0.4",David Hasselhoff.,0.9,0.0,0,1
850,3hop2__69814_76873_64554,"After the war that provides the setting for Memoirs of a Geisha, a conflict in which Germany was divided into two countries, developed between the U.S. and what nation?",Union of Soviet Socialist Republics,"Answer: Soviet Union  
Confidence: 0.9  
Answer: USSR  
Confidence: 0.9  
Answer: Russia  
Confidence: 0.7  
Answer: China  
Confidence: 0.5  
Answer: North Korea  
Confidence: 0.4",Soviet Union,0.9,0.5714285714285715,0,1
851,2hop__283_574195,Where was the person who said she is the reigning national voice educated?,National Institute of Dramatic Art,"Answer: Harvard University. Confidence: 0.6  
Answer: Yale University. Confidence: 0.5  
Answer: Princeton University. Confidence: 0.4  
Answer: Stanford University. Confidence: 0.4  
Answer: Columbia University. Confidence: 0.3",Harvard University.,0.6,0.0,0,0
852,3hop1__426806_42197_18397,Where did who argued that the country of citizenship of Victor Denisov had itself beome an imperialist power declare that he would intervene in the Korean conflict?,the Politburo,"Answer: Soviet Union  
Confidence: 0.7  
Answer: Pyongyang  
Confidence: 0.5  
Answer: North Korea  
Confidence: 0.4  
Answer: Moscow  
Confidence: 0.6  
Answer: China  
Confidence: 0.3",Soviet Union,0.7,0.0,0,0
853,2hop__144150_82341,In what part of Florida is Tom Denney's birthplace located?,in Northern Florida,"Answer: Miami Confidence: 0.8  
Answer: Tampa Confidence: 0.1  
Answer: Orlando Confidence: 0.05  
Answer: Jacksonville Confidence: 0.03  
Answer: Fort Lauderdale Confidence: 0.02",Miami,0.8,0.0,0,0
854,3hop1__579562_629431_64412,When did the city where the author of Pacem in Terris died become its own country?,11 February 1929,"Answer: Vatican City 1929 Confidence: 0.9  
Answer: 1960 Confidence: 0.4  
Answer: 1970 Confidence: 0.3  
Answer: 1990 Confidence: 0.2  
Answer: 1900 Confidence: 0.1",Vatican City 1929,0.9,0.3333333333333333,0,1
855,3hop2__132957_132968_40768,"When did the maker of Acura Legend, the company that makes Daihatsu Charmant, and Nissan open US assembly plants?",1981,"Answer: 1986 Confidence: 0.8  
Answer: 1985 Confidence: 0.7  
Answer: 1989 Confidence: 0.6  
Answer: 1990 Confidence: 0.5  
Answer: 1988 Confidence: 0.4",1986,0.8,0.0,0,0
856,2hop__20433_157939,What year was the waterfowl character with his own series of satirical comic books created?,1986,"Answer: 1973 Confidence: 0.9  
Answer: 1974 Confidence: 0.05  
Answer: 1976 Confidence: 0.02  
Answer: 1975 Confidence: 0.02  
Answer: 1972 Confidence: 0.01",1973,0.9,0.0,0,0
857,2hop__753260_71701,When did the Japanese get to Liang Jiahong's birthplace and the rest of Guangdong?,November 5,"Answer: 1941 Confidence: 0.7  
Answer: 1937 Confidence: 0.6  
Answer: 1945 Confidence: 0.5  
Answer: 1942 Confidence: 0.4  
Answer: 1939 Confidence: 0.3",1941,0.7,0.0,0,0
858,3hop2__565959_223623_162182,In what region of the country containing Mount Can is the birthplace of John Phan located?,South Central Coast,"Answer: Northwest region Confidence: 0.6  
Answer: Washington State Confidence: 0.5  
Answer: Oregon Confidence: 0.4  
Answer: Northern California Confidence: 0.3  
Answer: Pacific Northwest Confidence: 0.5",Northwest region,0.6,0.0,0,0
859,2hop__61143_165532,Who is the spouse of the actor who played hannibal smith in the a team?,Sherry Boucher,"Answer: Patricia Altschul  Confidence: 0.7  
Answer: Melinda M.  Confidence: 0.6  
Answer: Jennifer Altschul  Confidence: 0.5  
Answer: Jill Bennett  Confidence: 0.4  
Answer: Gayle Hunnicutt  Confidence: 0.3",Patricia Altschul,0.7,0.0,0,0
860,2hop__269659_722575,What company owns the owner of National Observer?,News Corp,"Answer: Torstar Corporation Confidence: 0.8  
Answer: Postmedia Network Confidence: 0.1  
Answer: Rogers Media Confidence: 0.05  
Answer: Bell Media Confidence: 0.03  
Answer: The Globe and Mail Confidence: 0.02",Torstar Corporation,0.8,0.0,0,0
861,3hop1__573244_339990_15538,When did the state where Kashinka Hollow is located in reinstate the death penalty?,1984,"Answer: 2021 Confidence: 0.7  
Answer: 2015 Confidence: 0.2  
Answer: 2019 Confidence: 0.1  
Answer: 2020 Confidence: 0.05  
Answer: 2018 Confidence: 0.03",2021,0.7,0.0,0,0
862,2hop__512773_346751,Bancroft's county borders what county?,Haliburton County,"Answer: Alden County. Confidence: 0.5  
Answer: Montgomery County. Confidence: 0.4  
Answer: Taylor County. Confidence: 0.3  
Answer: Oceana County. Confidence: 0.2  
Answer: Kalamazoo County. Confidence: 0.1",Alden County.,0.5,0.5,0,0
863,2hop__267938_92763,What is the enrollment at Jack Clay's employer?,"16,801","Answer: Unknown. Confidence: 0.0  
Answer: Could not determine. Confidence: 0.0  
Answer: No data available. Confidence: 0.0  
Answer: Enrollment not specified. Confidence: 0.0  
Answer: Not applicable. Confidence: 0.0",Unknown.,0.0,0.0,0,0
864,2hop__511296_2684,What was the name of the law passed by the actor from Terminator?,"""Donda West Law""","Answer: Gun Control Act Confidence: 0.6  
Answer: Brady Act Confidence: 0.5  
Answer: Assault Weapons Ban Confidence: 0.4  
Answer: Safe Schools Act Confidence: 0.3  
Answer: Universal Background Check Law Confidence: 0.2",Gun Control Act,0.6,0.0,0,0
865,2hop__580231_162399,When did the father of Dahyabhai Patel die?,15 December 1950,"Answer: 1950 Confidence: 0.7  
Answer: 1940 Confidence: 0.1  
Answer: 1930 Confidence: 0.1  
Answer: 1960 Confidence: 0.05  
Answer: 1955 Confidence: 0.05",1950,0.7,0.5,0,1
866,4hop1__88342_75218_128008_80487,When is the all-star game of the league whose member played in the most championship series which proceed the MVP award?,"July 11, 2017","Answer: MLB All-Star Game  Confidence: 0.8  
Answer: NBA All-Star Game  Confidence: 0.6  
Answer: NHL All-Star Game  Confidence: 0.5  
Answer: NFL Pro Bowl  Confidence: 0.4  
Answer: MLS All-Star Game  Confidence: 0.3",MLB All-Star Game,0.8,0.0,0,0
867,2hop__549146_223121,What record label did the person who is part of The Bruce Lee Band start?,Asian Man Records,"Answer: Asian Man Records. Confidence: 0.9  
Answer: Kung Fu Records. Confidence: 0.4  
Answer: Epitaph. Confidence: 0.3  
Answer: Fat Wreck Chords. Confidence: 0.2  
Answer: Lookout! Records. Confidence: 0.1",Asian Man Records.,0.9,1.0,1,1
868,4hop3__839787_88460_30152_20999,How were the same people who the Somali Muslim Ajuran Empire declared independence from expelled from the natural boundary between Thailand and the country where Sepon mine is found?,The dynasty regrouped and defeated the Portuguese,"Answer: British colonial powers. Confidence: 0.7  
Answer: French colonial powers. Confidence: 0.5  
Answer: Thai government. Confidence: 0.6  
Answer: Portuguese settlers. Confidence: 0.4  
Answer: Local tribes. Confidence: 0.3",British colonial powers.,0.7,0.0,0,0
869,2hop__29368_29376,What event caused the founder of Australia's liberal party to become Prime Minister?,Lyons' death in 1939,"Answer: election victory 1949 Confidence: 0.9 
Answer: Menzies leadership contest Confidence: 0.8 
Answer: WWII aftermath Confidence: 0.7 
Answer: coalition formation Confidence: 0.6 
Answer: party rebranding Confidence: 0.5",election victory 1949,0.9,0.0,0,0
870,4hop1__767417_624859_355213_203322,What county shares a border with the county where the performer of Change of Heart was born?,Cabarrus County,"Answer: Los Angeles County  Confidence: 0.8  
Answer: Cook County  Confidence: 0.7  
Answer: Travis County  Confidence: 0.6  
Answer: Harris County  Confidence: 0.5  
Answer: Miami-Dade County  Confidence: 0.4",Los Angeles County,0.8,0.4,0,0
871,2hop__503085_110222,When was the painter of Femme nue couchée born?,10 June 1819,"Answer: 1874 Confidence: 0.9  
Answer: 1881 Confidence: 0.1  
Answer: 1865 Confidence: 0.1  
Answer: 1897 Confidence: 0.1  
Answer: 1887 Confidence: 0.1",1874,0.9,0.0,0,0
872,3hop1__320697_547811_41132,How many times did plague occur in the birth city of the composer of Nulla in mundo pax sincera?,22,"Answer: 2 times  
Confidence: 0.7  
Answer: 3 times  
Confidence: 0.2  
Answer: 1 time  
Confidence: 0.1  
Answer: 4 times  
Confidence: 0.0  
Answer: 5 times  
Confidence: 0.0",2 times,0.7,0.0,0,0
873,4hop1__151650_5274_458768_33632,What day is the Feast in the city where the headquarters of the only group larger than Desde El Principio's record label held on?,May 4,"Answer: December 8 Confidence: 0.8  
Answer: January 1 Confidence: 0.2  
Answer: November 1 Confidence: 0.1  
Answer: July 4 Confidence: 0.1  
Answer: October 31 Confidence: 0.1",December 8,0.8,0.0,0,0
874,2hop__41158_35124,How many books were said to have been written by the person who proposed explanations for the origins of earthquakes and the formation of mountains?,450,"Answer: 27 books. Confidence: 0.7  
Answer: 30 books. Confidence: 0.5  
Answer: 25 books. Confidence: 0.6  
Answer: 20 books. Confidence: 0.4  
Answer: 15 books. Confidence: 0.3",27 books.,0.7,0.0,0,0
875,3hop1__354480_834494_34099,How long are the city council terms in the city that is in the same county as Eric Marcus Municipal Airport?,four-year,"Answer: 4 years Confidence: 0.8  
Answer: 2 years Confidence: 0.1  
Answer: 3 years Confidence: 0.05  
Answer: 5 years Confidence: 0.03  
Answer: 6 years Confidence: 0.02",4 years,0.8,0.0,0,1
876,4hop2__71753_729371_70784_79935,When was the region that lies to the north of where Israel is located and the location of Operation Earnest Will established?,1930,"Answer: 1987 Confidence: 0.7  
Answer: 1981 Confidence: 0.6  
Answer: 1985 Confidence: 0.5  
Answer: 1990 Confidence: 0.4  
Answer: 1979 Confidence: 0.3",1987,0.7,0.0,0,0
877,2hop__7906_78851,Which professional sports team would you not see play a home game where Jim Foster came up with the idea for arena football?,Brooklyn Nets NBA,"Answer: New England Patriots Confidence: 0.8  
Answer: Los Angeles Lakers Confidence: 0.7  
Answer: New York Yankees Confidence: 0.6  
Answer: Chicago Bulls Confidence: 0.5  
Answer: Miami Dolphins Confidence: 0.4",New England Patriots,0.8,0.0,0,0
878,2hop__249867_557232,Which country is the Desert Forest Golf Club located in?,Maricopa County,"Answer: India  
Confidence: 0.9  
Answer: South Africa  
Confidence: 0.1  
Answer: United States  
Confidence: 0.0  
Answer: Australia  
Confidence: 0.0  
Answer: United Arab Emirates  
Confidence: 0.0",India,0.9,0.0,0,0
879,2hop__204493_69048,Who is the chief judge of Fred Aghogho Brume's birthplace?,Honorable Justice Abiodun Smith,"Answer: Osogbo Chief Judge  
Confidence: 0.5  
Answer: Yoruba High Court Judge  
Confidence: 0.4  
Answer: Chief Judge of Osun State  
Confidence: 0.4  
Answer: Justice Adepele Ojo  
Confidence: 0.3  
Answer: Chief Judge of Nigeria  
Confidence: 0.2",Osogbo Chief Judge,0.5,0.0,0,0
880,3hop1__90327_83076_319330,Who is the child of the president who suffered a major defeat when the body which approves members of the American cabinet refused to ratify the Versailles treaty?,Jessie Woodrow Wilson,"Answer: Wilson's daughter. Confidence: 0.4  
Answer: Edith Wilson. Confidence: 0.5  
Answer: Thomas Wilson. Confidence: 0.3  
Answer: William Howard Taft's child. Confidence: 0.2  
Answer: Franklin D. Roosevelt's child. Confidence: 0.1",Edith Wilson.,0.5,0.4,0,0
881,3hop1__285585_538202_84283,Who is the owner of the record label of the performer of Groovy Little Summer Song?,Warner Music Group,"Answer: Kobalt Music  Confidence: 0.7  
Answer: Stoney Creek Records  Confidence: 0.6  
Answer: Big Machine Label Group  Confidence: 0.5  
Answer: Warner Music Group  Confidence: 0.4  
Answer: Universal Music Group  Confidence: 0.3",Kobalt Music,0.7,0.4,0,0
882,2hop__243084_523417,What is the anime that has Seta Sōjirō an instance of?,OVA,"Answer: Rurouni Kenshin  Confidence: 0.9  
Answer: Samurai X  Confidence: 0.8  
Answer: Rurouni Kenshin: Trust & Betrayal  Confidence: 0.7  
Answer: Rurouni Kenshin: Reflection  Confidence: 0.6  
Answer: Rurouni Kenshin: New Kyoto Arc  Confidence: 0.5",Rurouni Kenshin,0.9,0.0,0,0
883,3hop1__390673_228453_10972,When did the headquarters city of Kentucky Tavern's manufacturer elect its first black mayor?,1970s,"Answer: 2020 Confidence: 0.7  
Answer: 2019 Confidence: 0.6  
Answer: 2021 Confidence: 0.5  
Answer: 2018 Confidence: 0.4  
Answer: 2017 Confidence: 0.3",2020,0.7,0.0,0,0
884,2hop__669837_31270,How far from Nashville in miles is the place of death of Felix Ives Batson?,45,"Answer: 63 miles Confidence: 0.6  
Answer: 75 miles Confidence: 0.5  
Answer: 50 miles Confidence: 0.4  
Answer: 100 miles Confidence: 0.3  
Answer: 80 miles Confidence: 0.2",63 miles,0.6,0.0,0,0
885,2hop__203437_152093,What label was responsible for the performer of Live Life Loud?,Fair Trade Services,"Answer: Fearless Records Confidence: 0.9  
Answer: Atlantic Records Confidence: 0.7  
Answer: Victory Records Confidence: 0.5  
Answer: Interscope Records Confidence: 0.4  
Answer: Universal Music Group Confidence: 0.3",Fearless Records,0.9,0.0,0,0
886,2hop__519160_78303,"What was the name of Forced Vengeance's producer in Walker, Texas Ranger?",Cordell Walker,"Answer: Chuck Norris. Confidence: 0.8  
Answer: Aaron Norris. Confidence: 0.7  
Answer: Lee Majors. Confidence: 0.4  
Answer: David Carradine. Confidence: 0.3  
Answer: Michael Landon. Confidence: 0.2",Chuck Norris.,0.8,0.0,0,0
887,2hop__124592_402641,Who is the other child of Chian Hsiao-chang's father?,Chiang Hsiao-wu,"Answer: Chian Hsiao-ying Confidence: 0.8  
Answer: Chian Hsiao-tsai Confidence: 0.1  
Answer: Chian Hsiao-mei Confidence: 0.05  
Answer: Chian Hsiao-lin Confidence: 0.03  
Answer: Chian Hsiao-xin Confidence: 0.02",Chian Hsiao-ying,0.8,0.0,0,0
888,3hop1__103890_10659_23296,"After the Nazis, who invaded the country where, along with the nation that Ágnes Konkoly is from, many expelled French Jews relocated to?",Soviet,"Answer: Hungary Confidence: 0.9 
Answer: Romania Confidence: 0.7 
Answer: Poland Confidence: 0.6 
Answer: Germany Confidence: 0.5 
Answer: Czech Republic Confidence: 0.4",Hungary,0.9,0.0,0,0
889,2hop__45126_807969,Which team is the highest goal scorer in EPL this season a member of?,Egypt national football team,"Answer: Manchester City Confidence: 0.7  
Answer: Arsenal Confidence: 0.2  
Answer: Liverpool Confidence: 0.1  
Answer: Tottenham Confidence: 0.1  
Answer: Chelsea Confidence: 0.0",Manchester City,0.7,0.0,0,0
890,2hop__73760_712629,Who is the spouse of the individual who lives in the houses in Windsor Castle?,Philip Mountbatten,"Answer: Queen Camilla Confidence: 0.9  
Answer: King Charles III Confidence: 0.8  
Answer: Prince Harry Confidence: 0.3  
Answer: Meghan Markle Confidence: 0.2  
Answer: Nobody; it's a royal residence Confidence: 0.5",Queen Camilla,0.9,0.0,0,0
891,3hop1__639955_834494_33939,What was the 1900 population of the city located within the county that also contains Helvetia?,"7,531","Answer: Charleston  Confidence: 0.8  
Answer: West Virginia  Confidence: 0.7  
Answer: Kanawha County  Confidence: 0.6  
Answer: Parkersburg  Confidence: 0.5  
Answer: Morgantown  Confidence: 0.4",Charleston,0.8,0.0,0,0
892,3hop1__30240_740597_41132,How many times did plague occur in the birthplace of the person who used the spice route that the Ottoman Empire controlled?,22,"Answer: 3 times Confidence: 0.6  
Answer: 5 times Confidence: 0.5  
Answer: 2 times Confidence: 0.4  
Answer: 4 times Confidence: 0.3  
Answer: 1 time Confidence: 0.2",3 times,0.6,0.0,0,0
893,3hop1__106042_64399_59680,"How many Stations of the Cross happened in the city originating Christianity in Rome, Egypt, Judea and the country for Vasilopita?",fourteen,"Answer: 14 Confidence: 0.8  
Answer: 12 Confidence: 0.1  
Answer: 15 Confidence: 0.05  
Answer: 10 Confidence: 0.03  
Answer: 8 Confidence: 0.02",14,0.8,0.0,0,1
894,3hop1__243276_42197_18397,Where did the arguer that Norair Sisakian's country of citizenship had itself become an imperialist power declare he would intervene in the Korean conflict?,the Politburo,"Answer: Korea  Confidence: 0.7  
Answer: Soviet Union  Confidence: 0.6  
Answer: North Korea  Confidence: 0.5  
Answer: China  Confidence: 0.4  
Answer: Asia  Confidence: 0.3",Korea,0.7,0.0,0,0
895,2hop__157737_46621,When was the celestial body that all objects focus on according to Kepler's laws discovered to be the center of the solar system?,as early as the 3rd century BC,"Answer: 1543  Confidence: 0.8  
Answer: 1610  Confidence: 0.7  
Answer: 1609  Confidence: 0.6  
Answer: 1540  Confidence: 0.5  
Answer: 1687  Confidence: 0.4",1543,0.8,0.0,0,0
896,3hop1__818422_160545_62931,What part of the country that includes the birth city of Beatrice Heuser was the film The Beach filmed?,island Koh Phi Phi,"Answer: Thailand. Confidence: 0.9  
Answer: Bangkok. Confidence: 0.7  
Answer: Phuket. Confidence: 0.6  
Answer: Krabi. Confidence: 0.5  
Answer: Koh Phi Phi. Confidence: 0.4",Thailand.,0.9,0.0,0,0
897,4hop3__827497_354093_254885_76356,The Pee Dee River leads to a bay which leads to an ocean. Who led an attempt to link that ocean with the Pacific via a canal through the continental region containing the El Valle volcano?,Ferdinand de Lesseps,"Answer: Hay-Herran Confidence: 0.7  
Answer: Theodore Roosevelt Confidence: 0.6  
Answer: Panama Canal Confidence: 0.5  
Answer: Ferdinand de Lesseps Confidence: 0.4  
Answer: American builders Confidence: 0.3",Hay-Herran,0.7,0.0,0,0
898,3hop1__354480_834494_34088,Where do they hold NASCAR races in the city that is in the same county as the Eric Marcus Municipal Airport?,Tucson Raceway Park,"Answer: Charlotte Motor Speedway Confidence: 0.9  
Answer: Lowes Motor Speedway Confidence: 0.8  
Answer: Concord Confidence: 0.85  
Answer: Cabarrus County Confidence: 0.7  
Answer: North Carolina Confidence: 0.6",Charlotte Motor Speedway,0.9,0.0,0,0
899,2hop__87053_319330,Who was the child of the 28th U.S. president?,Jessie Woodrow Wilson,"Answer: Margaret Wilson  
Confidence: 0.9  
Answer: Jessie Wilson  
Confidence: 0.8  
Answer: Eleanor Wilson  
Confidence: 0.7  
Answer: Wilson's daughter  
Confidence: 0.6  
Answer: His offspring  
Confidence: 0.5",Margaret Wilson,0.9,0.4,0,0
900,2hop__133102_417697,What is the model of the vehicle of Mohammed Atta from the company that makes Datsun DC-3?,Nissan Altima,"Answer: Nissan Altima Confidence: 0.6  
Answer: Datsun 240Z Confidence: 0.5  
Answer: Datsun 510 Confidence: 0.4  
Answer: Datsun 280Z Confidence: 0.4  
Answer: Nissan Sentra Confidence: 0.3",Nissan Altima,0.6,1.0,1,1
901,2hop__244193_461106,What movement does the creator of the Washington Monument belong to?,Greek Revival,"Answer: Freemasonry. Confidence: 0.8  
Answer: Masonic. Confidence: 0.7  
Answer: Enlightenment. Confidence: 0.6  
Answer: American founding. Confidence: 0.5  
Answer: Colonial architecture. Confidence: 0.4",Freemasonry.,0.8,0.0,0,0
902,3hop1__742780_567566_84283,Who owns the record label where the singer of All Right records?,Warner Music Group,"Answer: Janelle Monáe's Wondaland Arts Society. Confidence: 0.9  
Answer: Wondaland. Confidence: 0.8  
Answer: Atlantic Records. Confidence: 0.7  
Answer: RCA Records. Confidence: 0.6  
Answer: Universal Music Group. Confidence: 0.5",Janelle Monáe's Wondaland Arts Society.,0.9,0.0,0,0
903,3hop1__119402_102039_158266,What is the leading ballet company in the country where the discoverer of C/2014 Q2 (Lovejoy) is a citizen?,The Australian Ballet,"Answer: Australian Ballet Confidence: 0.9  
Answer: Royal Ballet Confidence: 0.7  
Answer: American Ballet Theatre Confidence: 0.6  
Answer: Bolshoi Ballet Confidence: 0.5  
Answer: New York City Ballet Confidence: 0.4",Australian Ballet,0.9,1.0,1,1
904,3hop1__222979_40769_64047,When did the RX 350 from the Scion owner's luxury division change body style?,Sales began worldwide in April 2012,"Answer: 2015 Confidence: 0.8  
Answer: 2020 Confidence: 0.1  
Answer: 2016 Confidence: 0.05  
Answer: 2014 Confidence: 0.03  
Answer: 2013 Confidence: 0.02",2015,0.8,0.0,0,0
905,2hop__613959_135844,Who is the city that AvtoVAZ's headquarters is located in named after?,Palmiro Togliatti,"Answer: Tolyatti  Confidence: 0.9  
Answer: Togliatti  Confidence: 0.8  
Answer: Italian communist  Confidence: 0.7  
Answer: Togliati  Confidence: 0.6  
Answer: Lada  Confidence: 0.5",Tolyatti,0.9,0.0,0,1
906,2hop__158275_35739,When was one internet browser's version of Windows 8 made accessible?,September 2013,"Answer: 2012 Confidence: 0.8  
Answer: October 2012 Confidence: 0.7  
Answer: August 2012 Confidence: 0.6  
Answer: September 2012 Confidence: 0.5  
Answer: Windows 8 launch Confidence: 0.4",2012,0.8,0.0,0,0
907,2hop__121386_37168,"According to QS World University Rankings, where does the college that Ibrahim Shihata attended rank?",551-600,"Answer: 301-350 Confidence: 0.6  
Answer: 200-250 Confidence: 0.2  
Answer: 400-450 Confidence: 0.1  
Answer: 150-200 Confidence: 0.1  
Answer: 251-300 Confidence: 0.1",301-350,0.6,0.0,0,0
908,2hop__628752_538661,Where are the headquarters for the publisher of In the Shadow of Greatness?,Annapolis,"Answer: New York City, USA. Confidence: 0.8  
Answer: HarperCollins. Confidence: 0.7  
Answer: USA. Confidence: 0.6  
Answer: 195 Broadway. Confidence: 0.5  
Answer: New York. Confidence: 0.4","New York City, USA.",0.8,0.0,0,0
909,2hop__57638_88526,Who was picked in the NBA draft before the player with the highest point average in NBA history?,Greg Oden,"Answer: Kareem Abdul-Jabbar Confidence: 0.9  
Answer: Bill Walton Confidence: 0.7  
Answer: Elvin Hayes Confidence: 0.6  
Answer: John Havlicek Confidence: 0.5  
Answer: Wilt Chamberlain Confidence: 0.4",Kareem Abdul-Jabbar,0.9,0.0,0,0
910,3hop2__92991_87184_76291,When did the majority party in the House of Representatives take control of the determiner of rules of the US House and US Senate?,January 2015,"Answer: 1910 Confidence: 0.7  
Answer: 1975 Confidence: 0.6  
Answer: 1933 Confidence: 0.5  
Answer: 1981 Confidence: 0.4  
Answer: 2001 Confidence: 0.3",1910,0.7,0.0,0,0
911,2hop__481809_184805,Who is the child of the horse who also fathered Tompion?,Buckpasser,"Answer: Sire of Tompion Confidence: 0.7  
Answer: Darius Confidence: 0.6  
Answer: Gohar Confidence: 0.5  
Answer: Cero Confidence: 0.4  
Answer: Newmarket Confidence: 0.3",Sire of Tompion,0.7,0.0,0,0
912,2hop__51760_122023,What is the name of the university that educated the character that Mel Brooks plays in Mr. Peabody and Sherman?,Luitpold Gymnasium,"Answer: Yale University. Confidence: 0.9  
Answer: Harvard University. Confidence: 0.1  
Answer: Columbia University. Confidence: 0.05  
Answer: Princeton University. Confidence: 0.03  
Answer: Brown University. Confidence: 0.02",Yale University.,0.9,0.0,0,0
913,3hop1__106313_443779_52195,Who is president of the newly declared independent country that is part of the Commission of Truth and Friendship with the country where Opor originated?,Francisco Guterres,"Answer: Timor-Leste President Confidence: 0.8  
Answer: José Ramos-Horta Confidence: 0.7  
Answer: Independence from Indonesia Confidence: 0.6  
Answer: Opor originated from Indonesia Confidence: 0.5  
Answer: 2002 Independence Confidence: 0.4",Timor-Leste President,0.8,0.0,0,1
914,4hop1__638706_378185_282674_759393,What is the capital of the county that shares a border with the county where the band Tenement was formed?,Green Bay,"Answer: Madison  Confidence: 0.7  
Answer: Chicago  Confidence: 0.2  
Answer: Milwaukee  Confidence: 0.1  
Answer: Rockford  Confidence: 0.0  
Answer: Springfield  Confidence: 0.0",Madison,0.7,0.0,0,0
915,2hop__591435_51329,What movie won the Knock on Any Door cast member his only Oscar?,The African Queen,"Answer: The Naked City  Confidence: 0.7  
Answer: The Young Lions Confidence: 0.6  
Answer: The Chase Confidence: 0.5  
Answer: The Last Angry Man Confidence: 0.4  
Answer: The Greatest Show on Earth Confidence: 0.3",The Naked City,0.7,0.0,0,0
916,2hop__57209_67668,"The actor who plays Barney in ""How I Met Your Mother"" plays what character in Batman Under the Red Hood?",Nightwing / Dick Grayson,"Answer: Jason Todd  Confidence: 0.9  
Answer: Nightwing  Confidence: 0.1  
Answer: Batman  Confidence: 0.1  
Answer: Robin  Confidence: 0.1  
Answer: The Joker  Confidence: 0.0",Jason Todd,0.9,0.0,0,0
917,2hop__77134_88165,Who did the person Sarah married to in the bible marry after the death of Sarah?,Keturah,"Answer: Keturah Confidence: 0.9  
Answer: None Confidence: 0.1  
Answer: Hagar Confidence: 0.05  
Answer: Rebekah Confidence: 0.02  
Answer: Leah Confidence: 0.01",Keturah,0.9,1.0,1,1
918,4hop1__726391_153080_159767_81096,Who won the Indy car race in the largest city and capitol of the state where the Oh Yeah performer is from?,Mario Andretti,"Answer: Scott Dixon Confidence: 0.7  
Answer: Helio Castroneves Confidence: 0.5  
Answer: Will Power Confidence: 0.4  
Answer: Tony Kanaan Confidence: 0.4  
Answer: Josef Newgarden Confidence: 0.3",Scott Dixon,0.7,0.0,0,0
919,2hop__49409_67668,What character does the actor who played Barney on How I Met Your Mother play in Batman Under the Red Hood?,Nightwing / Dick Grayson,"Answer: Jason Todd. Confidence: 0.9  
Answer: Nightwing. Confidence: 0.1  
Answer: Robin. Confidence: 0.1  
Answer: Batman. Confidence: 0.0  
Answer: The Joker. Confidence: 0.0",Jason Todd.,0.9,0.0,0,0
920,3hop1__835193_160713_77246,In the Arabic dictionary what is the meaning of the word that also refers to the majority religion in India when the country containing Attabad was created?,the country of India,"Answer: Islam Confidence: 0.8  
Answer: Hinduism Confidence: 0.9  
Answer: Sikhism Confidence: 0.4  
Answer: Christianity Confidence: 0.3  
Answer: Buddhism Confidence: 0.2",Hinduism,0.9,0.0,0,0
921,2hop__124932_278133,Who was the father of Jujhar Singh's father?,Guru Tegh Bahadur,"Answer: Guru Gobind Singh Ji  Confidence: 0.9  
Answer: Makarand Singh  Confidence: 0.1  
Answer: Mohkam Singh  Confidence: 0.1  
Answer: Guru Tegh Bahadur Ji  Confidence: 0.0  
Answer: Unknown  Confidence: 0.0",Guru Gobind Singh Ji,0.9,0.28571428571428575,0,0
922,2hop__76314_177869,Who was the spouse of a leading speaker against slavery and publisher of an antislavery newspaper?,Helen Pitts Douglass,"Answer: Abby Kelley Foster  Confidence: 0.8  
Answer: Frederick Douglass' wife  Confidence: 0.6  
Answer: Elizabeth Cady Stanton  Confidence: 0.5  
Answer: Angelina Grimké  Confidence: 0.4  
Answer: Sarah Grimké  Confidence: 0.3",Abby Kelley Foster,0.8,0.0,0,0
923,2hop__108158_83769,"Who was played by the creator of Push, Nevada in Dazed and Confused?",Fred O'Bannion,"Answer: Jay Confidence: 0.9  
Answer: David Wooderson Confidence: 0.8  
Answer: Matthew McConaughey Confidence: 0.7  
Answer: Nobody Confidence: 0.4  
Answer: A character Confidence: 0.3",Jay,0.9,0.0,0,0
924,2hop__817096_15463,What company merged in 2002 with the CEMM developer?,Hewlett Packard,"Answer: IBM Confidence: 0.9  
Answer: Rational Software Confidence: 0.8  
Answer: Telelogic Confidence: 0.6  
Answer: Mercury Interactive Confidence: 0.5  
Answer: Borland Confidence: 0.4",IBM,0.9,0.0,0,0
925,2hop__152700_141308,"What company is the record label for Oh Woman, Oh Why a part of?",Apple Corps,"Answer: RCA Records Confidence: 0.9  
Answer: Sony Music Confidence: 0.8  
Answer: Universal Music Confidence: 0.7  
Answer: Warner Music Confidence: 0.6  
Answer: Island Records Confidence: 0.5",RCA Records,0.9,0.0,0,0
926,4hop1__749065_698949_157828_162309,When did the country whose co-official language was used in the show named for the place Slavko Surdonja died first attend the Olympics games as an independent team?,2016,"Answer: 1992  
Confidence: 0.9  
Answer: 1988  
Confidence: 0.1  
Answer: 2000  
Confidence: 0.0  
Answer: 1996  
Confidence: 0.0  
Answer: 1984  
Confidence: 0.0",1992,0.9,0.0,0,0
927,4hop1__37608_32392_823060_610794,Which county has the location that shares a border with the city that became the state capital of where Representative Thomas Tucker was from?,Richland County,"Answer: Davidson County Confidence: 0.8  
Answer: Nashville City Confidence: 0.7  
Answer: Tennessee County Confidence: 0.6  
Answer: Sumner County Confidence: 0.5  
Answer: Williamson County Confidence: 0.4",Davidson County,0.8,0.5,0,0
928,2hop__159903_419949,What is the capital of the country it is about?,Aden,"Answer: Unknown country  Confidence: 0.0  
Answer: Generic location  Confidence: 0.1  
Answer: Need more context  Confidence: 0.2  
Answer: Not specified  Confidence: 0.3  
Answer: Vague inquiry  Confidence: 0.4",Vague inquiry,0.4,0.0,0,0
929,2hop__329676_119915,In which year did Taifa of Francisco Giner de los Rios' birthplace cease to exist?,1065,"Answer: 1868  Confidence: 0.8  
Answer: 1876  Confidence: 0.6  
Answer: 1870  Confidence: 0.5  
Answer: 1880  Confidence: 0.4  
Answer: 1860  Confidence: 0.3",1868,0.8,0.0,0,0
930,2hop__827755_156034,What is the river that the Kettle Generating Station is located on a tributary of?,Hudson's Bay,"Answer: Columbia River  Confidence: 0.9  
Answer: Kootenay River  Confidence: 0.7  
Answer: Elk River Confidence: 0.6  
Answer: Fraser River Confidence: 0.4  
Answer: Columbia Basin Confidence: 0.5",Columbia River,0.9,0.0,0,0
931,2hop__72660_319330,Who is the child of the first person who gave in person state of the union?,Jessie Woodrow Wilson,"Answer: John Adams  Confidence: 0.8  
Answer: John Quincy Adams  Confidence: 0.7  
Answer: Abigail Adams  Confidence: 0.4  
Answer: Samuel Adams  Confidence: 0.3  
Answer: George Washington  Confidence: 0.2",John Adams,0.8,0.0,0,0
932,2hop__424908_500483,"What shares a border with the administrative district where Bieliny, Świętokrzyskie Voivodeship is the capital?",Gmina Daleszyce,"Answer: Sandomierz County. Confidence: 0.7  
Answer: Starachowice County. Confidence: 0.6  
Answer: Skarżysko-Kamienna. Confidence: 0.5  
Answer: Chęciny. Confidence: 0.4  
Answer: Kazimierza Wielka. Confidence: 0.3",Sandomierz County.,0.7,0.0,0,0
933,3hop1__626214_503371_21711,3 When was the Palau de la Generalitat in the place of death of martin of the administrative territorial entity Navardun is located constructed?,built in the 15th century,"Answer: 1359 Confidence: 0.7  
Answer: 1365 Confidence: 0.2  
Answer: 1401 Confidence: 0.1  
Answer: 1500 Confidence: 0.0  
Answer: 1480 Confidence: 0.0",1359,0.7,0.0,0,0
934,2hop__85931_108632,Who created the main character of The Godfather?,Mario Puzo,"Answer: Mario Puzo  Confidence: 0.9  
Answer: Francis Ford Coppola  Confidence: 0.7  
Answer: Charles Addams  Confidence: 0.1  
Answer: Martin Scorsese  Confidence: 0.1  
Answer: Robert Towne  Confidence: 0.1",Mario Puzo,0.9,1.0,1,1
935,2hop__37656_160040,Who is the guy defending this stuff from the highest authority in Protestantism for morals?,Josh McDowell,"Answer: Martin Luther. Confidence: 0.8  
Answer: John Calvin. Confidence: 0.6  
Answer: C.S. Lewis. Confidence: 0.5  
Answer: Dietrich Bonhoeffer. Confidence: 0.4  
Answer: John Wesley. Confidence: 0.4",Martin Luther.,0.8,0.0,0,0
936,3hop2__93066_88342_47738,When did the team that won the AL East in 2017 last play in the series of games that the MLB MVP award is given after?,the 2009 season,"Answer: 2018 World Series Confidence: 0.9  
Answer: October 28, 2018 Confidence: 0.8  
Answer: 2017 ALCS Confidence: 0.7  
Answer: 2019 World Series Confidence: 0.6  
Answer: 2016 World Series Confidence: 0.5",2018 World Series,0.9,0.0,0,0
937,3hop1__157177_625046_613900,The city where the river that Merchants Bridge crosses over is the capital of which county?,Ottawa County,"Answer: St. Louis, Missouri  Confidence: 0.8  
Answer: St. Louis County  Confidence: 0.7  
Answer: Missouri  Confidence: 0.6  
Answer: Jefferson County  Confidence: 0.5  
Answer: River City  Confidence: 0.4","St. Louis, Missouri",0.8,0.0,0,0
938,2hop__518354_67465,When did the performer of Blue Slide Park release Best Day Ever?,"March 11, 2011","Answer: 2011 Confidence: 0.9  
Answer: 2010 Confidence: 0.1  
Answer: 2012 Confidence: 0.0  
Answer: 2009 Confidence: 0.0  
Answer: 2013 Confidence: 0.0",2011,0.9,0.5,0,1
939,2hop__157285_556157,What river is the mouth of the watercourse that turns into the Mtetengwe?,Limpopo River,"Answer: Zambezi River Confidence: 0.7 
Answer: Luangwa River Confidence: 0.6 
Answer: Kafue River Confidence: 0.5 
Answer: Shire River Confidence: 0.4 
Answer: Limpopo River Confidence: 0.3",Zambezi River,0.7,0.5,0,0
940,3hop2__304722_591230_63959,When was the last time Ken Faulkner's team beat the 1894-95 FA Cup winner?,1 December 2010,"Answer: 1995 Confidence: 0.7  
Answer: 1996 Confidence: 0.1  
Answer: 1994 Confidence: 0.1  
Answer: 1993 Confidence: 0.05  
Answer: 1992 Confidence: 0.05",1995,0.7,0.0,0,0
941,3hop2__809962_89048_66294,Who played the man named identically to the singer of Is She Really Going Out With Him in the movie about the composer of Speechless?,Lawrence Hilton - Jacobs,"Answer: Daniel Radcliffe  Confidence: 0.8  
Answer: Harry Potter  Confidence: 0.6  
Answer: Weird Al Yankovic  Confidence: 0.7  
Answer: Stephen Schwartz  Confidence: 0.5  
Answer: John Oates  Confidence: 0.4",Daniel Radcliffe,0.8,0.0,0,0
942,2hop__794999_113442,When did the creator of Christ in the House of His Parents die?,13 August 1896,"Answer: 1873 Confidence: 0.9  
Answer: 1874 Confidence: 0.1  
Answer: 1880 Confidence: 0.0  
Answer: 1865 Confidence: 0.0  
Answer: 1892 Confidence: 0.0",1873,0.9,0.0,0,0
943,2hop__142881_127399,"When was the performer of the album From Them, Through Us, to You formed?",2005,"Answer: 2004 Confidence: 0.9  
Answer: 2005 Confidence: 0.7  
Answer: 2003 Confidence: 0.6  
Answer: 2006 Confidence: 0.5  
Answer: 2002 Confidence: 0.4",2004,0.9,0.0,0,0
944,2hop__460946_294723,Who is the spouse of the Green performer?,Miquette Giraudy,"Answer: Billie Eilish. Confidence: 0.3  
Answer: Green Day's lead singer. Confidence: 0.25  
Answer: Kesha. Confidence: 0.2  
Answer: Lady Gaga. Confidence: 0.15  
Answer: No known spouse. Confidence: 0.1",Billie Eilish.,0.3,0.0,0,0
945,3hop1__241001_568433_51423,What is the name of the castle in the headquarters of the company that employs Arna Selznick?,Casa Loma,"Answer: Selznick Castle Confidence: 0.6  
Answer: Castle Selznick Confidence: 0.5  
Answer: Arna's Castle Confidence: 0.4  
Answer: Selznick Headquarters Confidence: 0.3  
Answer: Fictional Castle Confidence: 0.2",Selznick Castle,0.6,0.0,0,0
946,3hop2__92991_38326_76291,When did the party Harlan and Stewart were affiliated with gain control of the body which determines rules of the US House and US Senate?,January 2015,"Answer: 1933 Confidence: 0.7  
Answer: 1913 Confidence: 0.6  
Answer: 1861 Confidence: 0.5  
Answer: 1975 Confidence: 0.4  
Answer: 2007 Confidence: 0.3",1933,0.7,0.0,0,0
947,2hop__765180_123956,When did the Battle at Choo Hoey's birthplace end?,15 February 1942,"Answer: 1953 Confidence: 0.7  
Answer: 1950 Confidence: 0.15  
Answer: 1948 Confidence: 0.05  
Answer: 1960 Confidence: 0.05  
Answer: 1945 Confidence: 0.05",1953,0.7,0.0,0,0
948,4hop3__373573_132409_223216_35031,The band Pathology formed in a city whose urban area ranks where by size among the urban areas of the state where the Still Swingin' song's band formed?,third-largest,"Answer: San Diego  Confidence: 0.8  
Answer: eighth  Confidence: 0.6  
Answer: California  Confidence: 0.5  
Answer: 7th  Confidence: 0.4  
Answer: Los Angeles  Confidence: 0.3",San Diego,0.8,0.0,0,0
949,2hop__48784_70131,Who constituted the free crops in the location where the democratic government set up in Germany in 1919?,consisting largely of World War I veterans,"Answer: Farmers' unions Confidence: 0.7  
Answer: Socialist groups Confidence: 0.6  
Answer: Agricultural cooperatives Confidence: 0.5  
Answer: Landowners Confidence: 0.4  
Answer: Labor unions Confidence: 0.3",Farmers' unions,0.7,0.0,0,0
950,2hop__176712_8311,What year was the father of Katherine of England crowned?,1216,"Answer: 1509 Confidence: 0.9  
Answer: 1485 Confidence: 0.1  
Answer: 1510 Confidence: 0.05  
Answer: 1492 Confidence: 0.03  
Answer: 1475 Confidence: 0.02",1509,0.9,0.0,0,0
951,2hop__315267_277284,What administrative territorial entity includes the place where Bill Cockcroft was educated?,"Tonbridge, Kent","Answer: Lancashire  
Confidence: 0.8  
Answer: England  
Confidence: 0.7  
Answer: Greater Manchester  
Confidence: 0.6  
Answer: North West England  
Confidence: 0.5  
Answer: UK  
Confidence: 0.4",Lancashire,0.8,0.0,0,0
952,2hop__499003_853511,What is the record label for the band which performed Pythons?,Kanine Records,"Answer: Matador Records  Confidence: 0.9  
Answer: Dead Oceans  Confidence: 0.7  
Answer: Sub Pop  Confidence: 0.6  
Answer: Domino Recording Company  Confidence: 0.5  
Answer: Warp Records  Confidence: 0.4",Matador Records,0.9,0.5,0,0
953,2hop__96062_159673,What other movie did the cast member of Escape from L.A. play a character in?,The Hateful Eight,"Answer: The Thing. Confidence: 0.8  
Answer: They Live. Confidence: 0.7  
Answer: Big Trouble in Little China. Confidence: 0.6  
Answer: The Fog. Confidence: 0.5  
Answer: Warriors of Virtue. Confidence: 0.4",The Thing.,0.8,0.0,0,0
954,3hop2__89854_36497_76291,When did the majority party in the House of Representatives take control of the body which the President calls on for support in his USAF appointments?,January 2015,"Answer: 1790 Confidence: 0.6  
Answer: 1789 Confidence: 0.5  
Answer: 1820 Confidence: 0.4  
Answer: 1861 Confidence: 0.3  
Answer: 1945 Confidence: 0.2",1790,0.6,0.0,0,0
955,3hop1__497845_629431_124169,On what date did the Governor of the place of death of Princeps Pastorum's author end?,1952,"Answer: February 18, 2013  Confidence: 0.8  
Answer: January 6, 2013  Confidence: 0.5  
Answer: March 1, 2013  Confidence: 0.3  
Answer: December 31, 2012  Confidence: 0.4  
Answer: November 15, 2012  Confidence: 0.2","February 18, 2013",0.8,0.0,0,0
956,2hop__448615_127908,What league was the team that Jose Cancela was a member of in?,Major League Soccer,"Answer: MLS Confidence: 0.9  
Answer: A-League Confidence: 0.5  
Answer: USL Confidence: 0.4  
Answer: Primera División Confidence: 0.3  
Answer: NASL Confidence: 0.2",MLS,0.9,0.0,0,1
957,2hop__62020_158262,When did the president of the Confederacy end his fight in the Mexican-American war?,1848,"Answer: 1848 Confidence: 0.7  
Answer: 1850 Confidence: 0.6  
Answer: 1846 Confidence: 0.5  
Answer: 1852 Confidence: 0.4  
Answer: 1847 Confidence: 0.5",1848,0.7,1.0,1,1
958,4hop1__726391_153080_33952_34109,What is the PBS station in the second largest city in the state where Oh Yeah's performer is from?,KUAT-TV 6,"Answer: WFYI  Confidence: 0.8  
Answer: WGBH  Confidence: 0.5  
Answer: WMHT  Confidence: 0.4  
Answer: KLRU  Confidence: 0.3  
Answer: KQED  Confidence: 0.2",WFYI,0.8,0.0,0,0
959,3hop1__41865_55331_34700,Who sent naval ships to the body of water that joins the Atlantic and the sea where the Rhine ends?,Caesar,"Answer: France  Confidence: 0.7  
Answer: Germany Confidence: 0.6  
Answer: Netherlands Confidence: 0.5  
Answer: United Kingdom Confidence: 0.4  
Answer: Belgium Confidence: 0.3",France,0.7,0.0,0,0
960,2hop__311694_129669,In which state is Vera Barbosa's place of birth located?,Lisbon District,"Answer: New Jersey Confidence: 0.7  
Answer: California Confidence: 0.1  
Answer: Florida Confidence: 0.1  
Answer: New York Confidence: 0.05  
Answer: Texas Confidence: 0.05",New Jersey,0.7,0.0,0,0
961,2hop__500379_126537,When did Burroughs Corporation merge to form a new corporation?,1986,"Answer: 1986 Confidence: 0.8  
Answer: 1988 Confidence: 0.1  
Answer: 1975 Confidence: 0.05  
Answer: 1983 Confidence: 0.03  
Answer: 1990 Confidence: 0.02",1986,0.8,1.0,1,1
962,4hop1__726152_153080_33897_81096,Who won the Indy Car Race in the largest populated city of the state where the performer of Tijuana Moods is from?,Mario Andretti,"Answer: Scott Dixon  Confidence: 0.7  
Answer: Will Power  Confidence: 0.6  
Answer: Josef Newgarden  Confidence: 0.5  
Answer: Alexander Rossi  Confidence: 0.4  
Answer: Helio Castroneves  Confidence: 0.3",Scott Dixon,0.7,0.0,0,0
963,2hop__35137_22899,What age did the writer of The Canon of Medicine learn the entire quran?,ten,"Answer: 10 Confidence: 0.7  
Answer: 5 Confidence: 0.2  
Answer: 7 Confidence: 0.1  
Answer: 12 Confidence: 0.05  
Answer: 15 Confidence: 0.03",10,0.7,0.0,0,1
964,2hop__847433_11402,"According to the organization that creates census county division, what is the total area in square miles?",17.037 square miles,"Answer: 3,000,000 Confidence: 0.5  
Answer: 2,000,000 Confidence: 0.4  
Answer: 1,500,000 Confidence: 0.3  
Answer: 3,500,000 Confidence: 0.2  
Answer: 2,500,000 Confidence: 0.4","3,000,000",0.5,0.0,0,0
965,2hop__52283_75184,Who play's Marty's girlfriend in back to the future?,Claudia Wells,"Answer: Claudia Wells Confidence: 0.9  
Answer: Lea Thompson Confidence: 0.7  
Answer: Elizabeth Shue Confidence: 0.6  
Answer: Jennifer Parker Confidence: 0.8  
Answer: Mary Steenburgen Confidence: 0.4",Claudia Wells,0.9,1.0,1,1
966,3hop2__92991_38242_76291,"When did the party that had majorities in Congress prior to the 1954 elections, take control of the organization that determines the rules of the US house and US senate?",January 2015,"Answer: 1913 Confidence: 0.7  
Answer: 1933 Confidence: 0.6  
Answer: 1946 Confidence: 0.5  
Answer: 1901 Confidence: 0.4  
Answer: 1944 Confidence: 0.3",1913,0.7,0.0,0,0
967,4hop1__152146_5274_458768_33633,When did the explorer reach the headquarters location of the only company larger than Langa natter's record label?,"August 3, 1769","Answer: 1954 Confidence: 0.4  
Answer: 1960 Confidence: 0.3  
Answer: 1970 Confidence: 0.2  
Answer: 1945 Confidence: 0.1  
Answer: 1985 Confidence: 0.1",1954,0.4,0.0,0,0
968,3hop1__132795_40769_64047,When did the luxury division of the company that produces TMG EV P001 change the body style of rx 350?,Sales began worldwide in April 2012,"Answer: 2015 Confidence: 0.7  
Answer: 2016 Confidence: 0.6  
Answer: 2014 Confidence: 0.5  
Answer: 2017 Confidence: 0.4  
Answer: 2018 Confidence: 0.3",2015,0.7,0.0,0,0
969,2hop__79875_84469,"In the movie A League of their Own, who played the husband of the person who also played Thelma in the movie Thelma and Louise?",Bill Pullman,"Answer: Tom Hanks Confidence: 0.9  
Answer: Geena Davis Confidence: 0.8  
Answer: Susan Sarandon Confidence: 0.7  
Answer: Brad Pitt Confidence: 0.6  
Answer: Harvey Keitel Confidence: 0.5",Tom Hanks,0.9,0.0,0,0
970,2hop__31094_31122,The author of Alciphron lived in what century?,18th,"Answer: 18th century Confidence: 0.9  
Answer: 17th century Confidence: 0.1  
Answer: 19th century Confidence: 0.0  
Answer: 16th century Confidence: 0.0  
Answer: 20th century Confidence: 0.0",18th century,0.9,0.6666666666666666,0,1
971,4hop1__88342_75218_128008_46748,The MLB MVP award is given out after a competition where a team has played the most games. What is the longest win streak in the history of league that team plays for?,26,"Answer: 26 games  
Confidence: 0.9  
Answer: 22 games  
Confidence: 0.7  
Answer: 21 games  
Confidence: 0.6  
Answer: 20 games  
Confidence: 0.5  
Answer: 19 games  
Confidence: 0.4",26 games,0.9,0.6666666666666666,0,1
972,2hop__284613_87295,Who does the author of the The Last of the Really Great Whangdoodles play in Princess Diaries?,Queen dowager Clarisse Renaldi,"Answer: Mr. Robintina. Confidence: 0.8  
Answer: The teacher. Confidence: 0.7  
Answer: A minor character. Confidence: 0.6  
Answer: The principle. Confidence: 0.5  
Answer: An adult role. Confidence: 0.4",Mr. Robintina.,0.8,0.0,0,0
973,2hop__166820_52835,"Who wrote turn me on, which was performed by the person who also performed Chasing Pirates?",John D. Loudermilk,"Answer: John Legend  Confidence: 0.3  
Answer: Norah Jones  Confidence: 0.6  
Answer: Alicia Keys  Confidence: 0.2  
Answer: Sade  Confidence: 0.1  
Answer: Zaz  Confidence: 0.0",Norah Jones,0.6,0.0,0,0
974,3hop1__680374_503371_21711,"When was the construction of the Palau de la Generalitat in the place of death of Martin, of the region that contained Isuerre?",built in the 15th century,"Answer: 1359 Confidence: 0.6  
Answer: 1400 Confidence: 0.2  
Answer: 1250 Confidence: 0.1  
Answer: 1450 Confidence: 0.05  
Answer: 1300 Confidence: 0.05",1359,0.6,0.0,0,0
975,2hop__476927_31270,How far is Hod Lisenbee's place of death in TN from Nashville?,45,"Answer: 200 miles Confidence: 0.6  
Answer: 150 miles Confidence: 0.5  
Answer: 250 miles Confidence: 0.4  
Answer: 180 miles Confidence: 0.4  
Answer: 220 miles Confidence: 0.3",200 miles,0.6,0.0,0,0
976,2hop__757497_78606,"In Grown Ups, who plays the wife of the actor who produced The Chosen One?",Joyce Van Patten,"Answer: Salma Hayek  Confidence: 0.9  
Answer: Maria Bello  Confidence: 0.7  
Answer: Michelle Monaghan  Confidence: 0.6  
Answer: Maya Rudolph  Confidence: 0.5  
Answer: Kate Hudson  Confidence: 0.4",Salma Hayek,0.9,0.0,0,0
977,4hop1__152562_5274_458768_33632,"What day is the feast held, in the city that holds the headquarters of the only music company that is larger than the record label of Vilaiyaadu Mankatha?",May 4,"Answer: September 23 Confidence: 0.8  
Answer: October 31 Confidence: 0.6  
Answer: July 4 Confidence: 0.5  
Answer: November 1 Confidence: 0.4  
Answer: June 12 Confidence: 0.3",September 23,0.8,0.0,0,0
978,4hop3__638064_88460_30152_20999,How were people from whom new coins were a proclamation of independence by the Somali Muslim Ajuran Empire expelled from the natural boundary between Thailand and Hiam district's country?,The dynasty regrouped and defeated the Portuguese,"Answer: Ajuran Empire conflict with Thailand. Confidence: 0.6  
Answer: Territorial disputes in Southeast Asia. Confidence: 0.5  
Answer: Cultural differences led to expulsion. Confidence: 0.4  
Answer: Colonial influence on territorial changes. Confidence: 0.3  
Answer: Historical trade routes disrupted independence. Confidence: 0.3",Ajuran Empire conflict with Thailand.,0.6,0.0,0,0
979,2hop__301587_233146,Who is the grandfather of James Mayer de Rothschild?,Amschel Moses Rothschild,"Answer: Mayer Amschel Rothschild  Confidence: 0.9  
Answer: Amschel Meyer Rothschild  Confidence: 0.7  
Answer: Isaak Elchanan Rothschild  Confidence: 0.5  
Answer: Amschel Rothschild  Confidence: 0.6  
Answer: Nathan Mayer Rothschild  Confidence: 0.4",Mayer Amschel Rothschild,0.9,0.6666666666666666,0,0
980,3hop1__635099_131926_87157,What is the direction of flow of the body of water by the city where Write This Down was formed?,rises in northern Minnesota and meanders slowly southwards,"Answer: East River  
Confidence: 0.7  
Answer: Hudson River  
Confidence: 0.5  
Answer: Gowanus Canal  
Confidence: 0.4  
Answer: Harlem River  
Confidence: 0.3  
Answer: Jamaica Bay  
Confidence: 0.2",East River,0.7,0.0,0,0
981,2hop__133116_533882,What company resulted from a merger in 1961 involving the builder of the Martin BM?,Martin Marietta,"Answer: Lockheed Martin  Confidence: 0.9  
Answer: Martin Marietta Confidence: 0.9  
Answer: Lockheed Confidence: 0.7  
Answer: Martin Company Confidence: 0.6  
Answer: Northrop Grumman Confidence: 0.4",Lockheed Martin,0.9,0.5,0,0
982,3hop1__458916_651917_47686,Where do greyhound buses leave from in the birthplace of Spirit If...'s performer?,Toronto Coach Terminal,"Answer: Detroit Confidence: 0.9  
Answer: Greyhound station Confidence: 0.8  
Answer: Michigan Confidence: 0.7  
Answer: City bus terminal Confidence: 0.6  
Answer: USA Confidence: 0.5",Detroit,0.9,0.0,0,0
983,2hop__44590_510545,Who is the spouse of the person who voices Jarvis in Iron Man?,Jennifer Connelly,"Answer: Lisa Goiten  Confidence: 0.9  
Answer: Paul Bettany's wife  Confidence: 0.8  
Answer: Jennifer Connelly  Confidence: 0.4  
Answer: Scarlett Johansson  Confidence: 0.3  
Answer: Gwyneth Paltrow  Confidence: 0.2",Lisa Goiten,0.9,0.0,0,0
984,3hop1__141138_2053_52946,"When is Celebrity Big Brother coming to the network which, along with ABC and the network which broadcasted The Chisholms, is the other major broadcaster based in NY?","February 7, 2018","Answer: CBS  Confidence: 0.9  
Answer: Fall 2024 Confidence: 0.6  
Answer: Winter 2025 Confidence: 0.5  
Answer: Spring 2024 Confidence: 0.4  
Answer: July 2024 Confidence: 0.3",CBS,0.9,0.0,0,0
985,2hop__754682_730690,What movement was Vibullia Alcia Agrippina's child a proponent for?,Second Sophistic,"Answer: Christianity Confidence: 0.7  
Answer: Imperial cult Confidence: 0.6  
Answer: Stoicism Confidence: 0.5  
Answer: Paganism Confidence: 0.4  
Answer: Republicanism Confidence: 0.3",Christianity,0.7,0.0,0,0
986,2hop__742831_156034,Of which river is the river Kichi Sipi Bridge crosses a tributary?,Hudson's Bay,"Answer: Ottawa River  Confidence: 0.8  
Answer: St. Lawrence River  Confidence: 0.2  
Answer: Rideau River  Confidence: 0.1  
Answer: Gatineau River  Confidence: 0.1  
Answer: Mississippi River  Confidence: 0.05",Ottawa River,0.8,0.0,0,0
987,3hop1__671542_651917_47686,Where do greyhound buses leave from in the city where the performer of Darlings was born?,Toronto Coach Terminal,"Answer: Los Angeles Confidence: 0.8  
Answer: Boston Confidence: 0.6  
Answer: Chicago Confidence: 0.5  
Answer: New York City Confidence: 0.4  
Answer: Miami Confidence: 0.3",Los Angeles,0.8,0.0,0,0
988,2hop__6827_86319,Who is the CEO of FleetBoston Financial's purchaser?,Brian Thomas Moynihan,"Answer: Bank of America CEO. Confidence: 0.8  
Answer: Brian Moynihan. Confidence: 0.7  
Answer: Bank of America. Confidence: 0.6  
Answer: Financial institution CEO. Confidence: 0.4  
Answer: FleetBoston Financial CEO. Confidence: 0.3",Bank of America CEO.,0.8,0.0,0,1
989,3hop1__273571_834494_34099,How long are city council terms in the city in the same county as Summit?,four-year,"Answer: 4 years Confidence: 0.8  
Answer: 2 years Confidence: 0.1  
Answer: 6 years Confidence: 0.05  
Answer: 3 years Confidence: 0.03  
Answer: 1 year Confidence: 0.02",4 years,0.8,0.0,0,1
990,2hop__152229_604644,What was the record label of the record label of So Insane?,429 Records,"Answer: RCA Records Confidence: 0.9  
Answer: Jive Records Confidence: 0.7  
Answer: Epic Records Confidence: 0.6  
Answer: Columbia Records Confidence: 0.5  
Answer: Universal Music Group Confidence: 0.4",RCA Records,0.9,0.5,0,0
991,2hop__809096_491515,Where did William Beckford's child die?,Bath,"Answer: Jamaica  
Confidence: 0.8  
Answer: London  
Confidence: 0.1  
Answer: Bath  
Confidence: 0.05  
Answer: Bristol  
Confidence: 0.03  
Answer: Antigua  
Confidence: 0.02",Jamaica,0.8,0.0,0,0
992,2hop__333020_69048,Who is the Chief Judge of the place where Orezi was born?,Honorable Justice Abiodun Smith,"Answer: Justice E.N. Abang Confidence: 0.7  
Answer: Justice Ijeoma Ojukwu Confidence: 0.2  
Answer: Justice C. A. Olatoregun Confidence: 0.1  
Answer: Chief Judge of Lagos State Confidence: 0.2  
Answer: Justice Abiola Ajiroba Confidence: 0.1",Justice E.N. Abang,0.7,0.28571428571428575,0,0
993,2hop__136179_13529,When was the player that Iglesia Maradoniana is named after signed by Barcelona?,June 1982,"Answer: 1982 Confidence: 0.9  
Answer: 1984 Confidence: 0.05  
Answer: 1979 Confidence: 0.02  
Answer: 1986 Confidence: 0.02  
Answer: 1980 Confidence: 0.01",1982,0.9,0.6666666666666666,0,1
994,2hop__744055_408817,Who is the lead singer of the band performing Bang Bang Rock & Roll?,Eddie Argos,"Answer: Jamie T Confidence: 0.9  
Answer: The Vaccines Confidence: 0.6  
Answer: Arctic Monkeys Confidence: 0.5  
Answer: Bloc Party Confidence: 0.4  
Answer: Franz Ferdinand Confidence: 0.3",Jamie T,0.9,0.0,0,0
995,2hop__144763_599630,In which county was Zhu Qinan born?,Yongjia County,"Answer: Jiangsu  Confidence: 0.8  
Answer: Nanjing  Confidence: 0.7  
Answer: China  Confidence: 0.5  
Answer: Shanghai  Confidence: 0.4  
Answer: Zhejiang  Confidence: 0.3",Jiangsu,0.8,0.0,0,0
996,3hop2__222979_133154_40768,"When did the maker of the Acura EL, the company that owns Scion, and Nissan, open US assembly plants?",1981,"Answer: 1986 Confidence: 0.6  
Answer: 1998 Confidence: 0.5  
Answer: 2003 Confidence: 0.4  
Answer: 1991 Confidence: 0.3  
Answer: 2000 Confidence: 0.4",1986,0.6,0.0,0,0
997,3hop2__90327_87184_76291,When did the party that controls the House of Representatives take control of the branch that approves the appointees to the american cabinet?,January 2015,"Answer: 2011 Confidence: 0.7  
Answer: 2007 Confidence: 0.6  
Answer: 2015 Confidence: 0.5  
Answer: 2019 Confidence: 0.4  
Answer: 2001 Confidence: 0.3",2011,0.7,0.0,0,0
998,3hop1__145194_160545_60577,Where did they film The Beach in the country where Siddhi Savetsila was born?,Ko Phi Phi Leh,"Answer: Thailand Confidence: 0.9  
Answer: Phi Phi Islands Confidence: 0.8  
Answer: Krabi Confidence: 0.7  
Answer: Phuket Confidence: 0.6  
Answer: Bangkok Confidence: 0.5",Thailand,0.9,0.0,0,0
999,2hop__278022_71701,what year did the Japanese get to city where Wang Yue died and the rest of Guangdong province?,November 5,"Answer: 1938 Confidence: 0.8  
Answer: 1945 Confidence: 0.6  
Answer: 1937 Confidence: 0.7  
Answer: 1941 Confidence: 0.5  
Answer: 1939 Confidence: 0.4",1938,0.8,0.0,0,0
