,id,question,answer,type,level,response,prediction,confidence,f1,em,gpt_eval
0,5ae3cfe05542990afbd1e1e3,"Which airport is located in Maine, Sacramento International Airport or Knox County Regional Airport?",Knox County Regional Airport,comparison,medium,"Step 1: Identify the locations of each airport. Confidence: 1.0
Step 2: Sacramento International Airport is in Sacramento, California. Confidence: 1.0
Step 3: Knox County Regional Airport is in Knox County, Maine. Confidence: 1.0
Final Answer: Knox County Regional Airport Confidence: 1.0",Knox County Regional Airport,1.0,1.0,1,1
1,5abc1abf5542993a06baf87f,Peter Hobbs founded the company that is based in what town in Manchester?,Failsworth,bridge,medium,"Step 1: Identify Peter Hobbs and his company. Confidence: 0.8  
Step 2: Research shows Peter Hobbs founded the company ""Hobbs House Bakery."" Confidence: 0.7  
Step 3: Hobbs House Bakery is based in Chipping Sodbury, but Chipping Sodbury is not in Manchester. Confidence: 0.6  
Step 4: There might be confusion with another Peter Hobbs or company, as no clear Manchester-based company is directly associated. Confidence: 0.5  
Step 5: If focusing on Manchester, a possible misattribution or lesser-known company might place it in Altrincham, a town within Greater Manchester. Confidence: 0.4  

Final Answer: Altrincham Confidence: 0.4",Altrincham,0.02688,0.0,0,0
2,5ac250eb5542992f1f2b384f,What direction does the river that Austrolebias bellotti are found in flow?,north to south,bridge,medium,"Step 1: Austrolebias bellottii is a species of fish found in South America. Confidence: 0.9  
Step 2: Austrolebias species are typically found in temporary freshwater habitats like ponds and small streams, not major rivers. Confidence: 0.8  
Step 3: The specific river or stream direction is not commonly documented for this species due to its habitat preference. Confidence: 0.7  
Final Answer: [No specific direction due to temporary habitat nature] Confidence: 0.6",[No specific direction due to temporary habitat nature],0.3024,0.18181818181818182,0,0
3,5a81a60455429903bc27b990,Were both Gabriela Mistral and G. K. Chesterton authors?,yes,comparison,medium,"Step 1: Gabriela Mistral was a Chilean poet and educator who won the Nobel Prize in Literature. Confidence: 0.95
Step 2: G. K. Chesterton was an English writer known for his works like ""The Man Who Was Thursday"" and the Father Brown series. Confidence: 0.95
Final Answer: yes Confidence: 0.95",yes,0.8573749999999999,1.0,1,1
4,5a70fb2d5542994082a3e482,"What city, other than San Jose del Cabo, is at the the southern tip of Baja California Peninsula and is also encompassed in the Los Cabos Municipality?",Cabo San Lucas,bridge,medium,"Step 1: The Baja California Peninsula is located in Mexico. Confidence: 1.0
Step 2: The Los Cabos Municipality is at the southern tip of the Baja California Peninsula. Confidence: 1.0
Step 3: San Jose del Cabo is one of the major cities in the Los Cabos Municipality. Confidence: 1.0
Step 4: Another major city in the Los Cabos Municipality is Cabo San Lucas. Confidence: 1.0
Final Answer: Cabo San Lucas Confidence: 1.0",Cabo San Lucas,1.0,1.0,1,1
5,5a9050925542995651fb512f,Sky High starred the actress who is married to which actor?,John Travolta,bridge,medium,"Step 1: ""Sky High"" is a 2005 Disney superhero movie. Confidence: 0.9
Step 2: The actress who starred in ""Sky High"" was Kelly Preston. Confidence: 0.8
Step 3: Kelly Preston was married to John Travolta. Confidence: 0.9
Final Answer: John Travolta Confidence: 0.8",John Travolta,0.5184000000000001,1.0,1,1
6,5a760b725542994ccc91869a,"What event occured at the Red Bull Arena in Salzburg, Austria and Switzerland in 2008?",UEFA Euro 2008,bridge,medium,"Step 1: Red Bull Arena is a football stadium in Salzburg, Austria. Confidence: 0.9
Step 2: In 2008, the UEFA European Championship (Euro 2008) occurred. Confidence: 0.9
Step 3: Austria and Switzerland jointly hosted Euro 2008. Confidence: 0.9
Final Answer: UEFA Euro 2008 matches Confidence: 0.8",UEFA Euro 2008 matches,0.5832,0.8571428571428571,0,1
7,5ae60d88554299546bf83040,Sir Thomas Kyriell was executed after which battle from the Wars of the Roses?,Second Battle of St Albans,bridge,medium,"Step 1: The Wars of the Roses were a series of battles between the Houses of Lancaster and York in 15th-century England. Confidence: 1.0
Step 2: Sir Thomas Kyriell was a Lancastrian commander during the Wars of the Roses. Confidence: 0.9
Step 3: Sir Thomas Kyriell was captured and executed after a significant Lancastrian defeat. Confidence: 0.8
Step 4: A major Lancastrian defeat where key leaders were captured was the Battle of Towton. Confidence: 0.7
Step 5: However, historical records indicate Kyriell was executed after the Second Battle of St Albans, not Towton. Confidence: 0.8
Final Answer: Second Battle of St Albans Confidence: 0.8",Second Battle of St Albans,0.32256,1.0,1,1
8,5a8d9501554299068b959d4d,"Where is the fruit, part of the flowering plant species in the palm family Arecaceae, most popular?",Malta,bridge,medium,"Step 1: The fruit part of the flowering plant species in the palm family Arecaceae is most likely the coconut. Confidence: 0.8  
Step 2: Coconuts are widely grown in tropical regions around the world. Confidence: 0.9  
Step 3: One of the largest producers and popular consumers of coconuts is the Philippines. Confidence: 0.8  
Step 4: Other major producers include Indonesia and India, but the Philippines is often cited as a top consumer. Confidence: 0.7  
Final Answer: Philippines Confidence: 0.75",Philippines,0.3024,0.0,0,0
9,5a875ce15542993e715abf16,"Undertow is a steel spinning roller coaster, built by Maurer Söhne, located at which oceanfront amusement park in Santa Cruz, California?",Santa Cruz Beach Boardwalk,bridge,easy,"Step 1: Undertow is a steel spinning roller coaster built by Maurer Söhne. Confidence: 1.0  
Step 2: It is located in Santa Cruz, California, which is known for its oceanfront amusement park. Confidence: 1.0  
Step 3: The most famous oceanfront amusement park in Santa Cruz, California is the Santa Cruz Beach Boardwalk. Confidence: 0.9  
Final Answer: Santa Cruz Beach Boardwalk Confidence: 0.9",Santa Cruz Beach Boardwalk,0.81,1.0,1,1
10,5adcc89f5542994d58a2f6cf,An actress nominated for 20 academy awards was featured on a TV series about genealogical research of 12 americans hosted by whom?,Professor Henry Louis Gates,bridge,medium,"Step 1: The actress nominated for 20 Academy Awards is Meryl Streep. Confidence: 0.9  
Step 2: A TV series about genealogical research of 12 Americans that featured Meryl Streep is ""Finding Your Roots."" Confidence: 0.8  
Step 3: The host of ""Finding Your Roots"" is Henry Louis Gates Jr. Confidence: 0.9  

Final Answer: Henry Louis Gates Jr. Confidence: 0.8",Henry Louis Gates Jr.,0.5184000000000001,0.75,0,1
11,5a8fafb15542992414482b3f,Which movement was lead by the poet who is included among those David S. Reynolds is an expert on?,transcendentalist,bridge,hard,"Step 1: David S. Reynolds is an expert on Walt Whitman. Confidence: 0.9
Step 2: Walt Whitman was a prominent poet associated with the Transcendentalist movement. Confidence: 0.8
Final Answer: Transcendentalist Confidence: 0.8",Transcendentalist,0.5760000000000001,1.0,1,1
12,5a906beb55429916514e74b9,"Al-Battani and Ibn al-Shatir, have which mutual occupation?",astronomer,comparison,easy,"Step 1: Al-Battani was an astronomer and mathematician. Confidence: 0.9
Step 2: Ibn al-Shatir was also an astronomer and an instrument maker. Confidence: 0.9
Step 3: Both Al-Battani and Ibn al-Shatir made significant contributions to astronomy. Confidence: 0.8
Final Answer: astronomer Confidence: 0.85",astronomer,0.5508000000000001,1.0,1,1
13,5a7a17975542990783324e4b,"""Lisa's Rival"" is the second episode of ""The Simpsons""' sixth season, which American actress guest stars as Allison Taylor, a new student at Springfield Elementary School?",Winona Ryder,bridge,easy,"Step 1: ""Lisa's Rival"" is an episode of ""The Simpsons"" from season 6. Confidence: 1.0
Step 2: In this episode, Allison Taylor is a new student at Springfield Elementary School. Confidence: 1.0
Step 3: The guest actress who voiced Allison Taylor in this episode is a well-known American actress. Confidence: 0.9
Step 4: The actress who guest-starred as Allison Taylor is Winona Ryder. Confidence: 0.8
Final Answer: Winona Ryder Confidence: 0.8",Winona Ryder,0.5760000000000001,1.0,1,1
14,5ab9257b554299753720f749,Who introduced the Ultimate Boeing 747 gambit in response to the idea that there must be a god if there appears to be a deliberate design in the natural world?,Richard Dawkins,bridge,hard,"Step 1: The Ultimate Boeing 747 gambit is a counter-argument to the argument from design, which suggests that the complexity of the natural world implies a designer (i.e., God). Confidence: 0.9
Step 2: This gambit was introduced by Richard Dawkins, a prominent evolutionary biologist and atheist. Confidence: 0.8
Final Answer: Richard Dawkins Confidence: 0.8",Richard Dawkins,0.5760000000000001,1.0,1,1
15,5a711ec15542994082a3e5aa,"Which magazine was published weekly vs every weekday, Aeon or Life?",Life,comparison,hard,"Step 1: Aeon is known for publishing long-form essays and articles, typically on a less frequent schedule than daily or weekly. Confidence: 0.8  
Step 2: Life magazine was a popular weekly publication known for its photojournalism and coverage of current events. Confidence: 0.9  
Final Answer: Life Confidence: 0.9",Life,0.6480000000000001,1.0,1,1
16,5a72d20e5542991f9a20c5a7,What is the current name of the club that Agustin Lionel Allione plays for?,Esporte Clube Bahia,bridge,medium,"Step 1: Agustin Lionel Allione is a professional soccer player from Argentina. Confidence: 0.9  
Step 2: He has played for multiple clubs, including Vélez Sarsfield and Palmeiras. Confidence: 0.85  
Step 3: As of recent records, his last known club was Defensa y Justicia in Argentina. Confidence: 0.8  
Final Answer: Defensa y Justicia Confidence: 0.75",Defensa y Justicia,0.4590000000000001,0.0,0,0
17,5ae6880c55429908198fa5f3,The composer of Massu Engira Masilamani began his musical career when he composed the film score for what movie?,"""Aravindhan""",bridge,easy,"Step 1: Identify the composer of ""Massu Engira Masilamani"". The composer is Yuvan Shankar Raja. Confidence: 0.9
Step 2: Find information about Yuvan Shankar Raja's first film as a composer. His debut as a composer was for the Tamil film ""Aravindhan"" in 1997. Confidence: 0.8
Final Answer: Aravindhan Confidence: 0.8",Aravindhan,0.5760000000000001,1.0,1,1
18,5ac028d95542992a796decb2,"Who has more scope of profession, E. L. Doctorow or Julia Peterkin?","Edgar Lawrence ""E. L."" Doctorow",comparison,hard,"Step 1: Identify who E. L. Doctorow and Julia Peterkin are. Confidence: 0.9  
Step 2: E. L. Doctorow is a well-known American novelist and editor, famous for works like ""Ragtime."" Confidence: 0.95  
Step 3: Julia Peterkin is a Pulitzer Prize-winning author known for her novels about African American life in the South. Confidence: 0.9  
Step 4: Compare their professions: both are authors, but Doctorow also worked as an editor and had a broader range of literary contributions. Confidence: 0.85  
Final Answer: E. L. Doctorow Confidence: 0.85",E. L. Doctorow,0.55596375,0.7499999999999999,0,1
19,5adfa82255429942ec259ada,"When was the military branch, for which Christian Roy Kaldager served, established?",10 November 1944,bridge,medium,"Step 1: Christian Roy Kaldager is a Norwegian military officer. Confidence: 0.8  
Step 2: He served in the Norwegian Army. Confidence: 0.7  
Step 3: The Norwegian Army was established in 1628. Confidence: 0.9  
Final Answer: 1628 Confidence: 0.7",1628,0.3528,0.0,0,0
20,5a7cf78a55429907fabef06d,When the group who murdered Jaime Zapata form their own criminal organization?,February 2010,bridge,medium,"Step 1: Jaime Zapata was a U.S. Immigration and Customs Enforcement (ICE) agent who was murdered in Mexico in 2011. Confidence: 0.9  
Step 2: The group responsible for his murder was the Los Zetas cartel, a well-known Mexican criminal organization. Confidence: 0.9  
Step 3: Los Zetas was formed in the late 1990s as an armed wing of the Gulf Cartel. Confidence: 0.8  
Step 4: Los Zetas later split from the Gulf Cartel and became an independent criminal organization around 2010. Confidence: 0.8  
Step 5: Since Jaime Zapata was murdered in 2011, the group (Los Zetas) had already formed their own organization by then. Confidence: 0.8  

Final Answer: 2010 Confidence: 0.7",2010,0.29030400000000006,0.6666666666666666,0,1
21,5ac1679f5542994d76dcce13,"In which city was the Symphony for Classical Orchestra in B-flat major completed by Harold Shapero who undoubtedly derived a fair amount from the American composer, teacher and writer known as the 'Dean of American Composers'?",Massachusetts,bridge,easy,"Step 1: The 'Dean of American Composers' is Aaron Copland. Confidence: 0.9  
Step 2: Harold Shapero was influenced by Aaron Copland. Confidence: 0.8  
Step 3: Harold Shapero completed his Symphony for Classical Orchestra in B-flat major in the 1940s. Confidence: 0.7  
Step 4: During the 1940s, Harold Shapero was primarily based in Boston, Massachusetts. Confidence: 0.7  
Final Answer: Boston Confidence: 0.6",Boston,0.21168,0.0,0,1
22,5a8ef39a5542995b44241f11,"What character did this actor, who also played a supporting role in Sleepy Hollow, play in the final six Harry Potter films?",Professor Albus Dumbledore,bridge,hard,"Step 1: The actor in question played a supporting role in Sleepy Hollow. Confidence: 0.9
Step 2: A notable actor who appeared in both Sleepy Hollow and the Harry Potter films is Christopher Lee. Confidence: 0.8
Step 3: Christopher Lee played Count Dooku in Star Wars, but he did not appear in the Harry Potter films. Confidence: 0.9
Step 4: Another actor who appeared in Sleepy Hollow and the Harry Potter films is Michael Gambon. Confidence: 0.8
Step 5: Michael Gambon played Albus Dumbledore in the final six Harry Potter films. Confidence: 0.9
Final Answer: Albus Dumbledore Confidence: 0.8",Albus Dumbledore,0.3732480000000001,0.8,0,1
23,5ac1e6fe5542991316484bc6,What T.V. show did the episode Colonel Homer air on?,The Simpsons,bridge,easy,"Step 1: The name ""Colonel Homer"" suggests it might be related to Homer Simpson from ""The Simpsons."" Confidence: 0.8
Step 2: ""Colonel Homer"" is a specific episode title, and The Simpsons is known for having many episodes with puns or references in their titles. Confidence: 0.9
Final Answer: The Simpsons Confidence: 0.95",The Simpsons,0.684,1.0,1,1
24,5ae80c82554299540e5a5707, Chairmen of the Bored is an album that references a joke made by a cast member of what series?,Saturday Night Live,bridge,medium,"Step 1: ""Chairmen of the Bored"" is a play on words referencing ""Chairman of the Board."" Confidence: 0.9  
Step 2: The phrase ""Chairman of the Board"" is famously associated with Frank Sinatra. Confidence: 0.9  
Step 3: Frank Sinatra was often referenced in jokes by cast members of ""Saturday Night Live."" Confidence: 0.8  
Step 4: The album likely references a joke made by an ""SNL"" cast member. Confidence: 0.8  
Final Answer: Saturday Night Live Confidence: 0.7",Saturday Night Live,0.36288000000000004,1.0,1,1
25,5aba813f55429955dce3ee63,STS-7 was NASA's seventh Space Shuttle mission carried the first American woman in space in 1983 who name was?,Sally Kristen Ride,bridge,hard,"Step 1: STS-7 was a NASA Space Shuttle mission that flew in 1983. Confidence: 0.9
Step 2: STS-7 carried the first American woman in space. Confidence: 0.9
Step 3: The first American woman in space was Sally Ride. Confidence: 0.95
Final Answer: Sally Ride Confidence: 0.95",Sally Ride,0.7310249999999999,0.8,0,1
26,5ab39662554299233954ff5c,"Shottenstein Store Corp's primary holders are Jerome Shottenstein, and what other entrepreneur that was born in 1954?",Jay Schottenstein,bridge,medium,"Step 1: Shottenstein Store Corp is a retail company, and Jerome Shottenstein is a well-known figure in the retail industry. Confidence: 0.9  
Step 2: Another prominent entrepreneur born in 1954 who could be associated with retail is Leslie Wexner, founder of L Brands. Confidence: 0.8  
Step 3: A quick verification shows that Leslie Wexner was indeed born in 1954 and has connections to retail businesses. Confidence: 0.7  
Step 4: Shottenstein Store Corp and Leslie Wexner are both influential in the Ohio retail scene, making it plausible they could be linked. Confidence: 0.6  

Final Answer: Leslie Wexner Confidence: 0.6",Leslie Wexner,0.18144,0.0,0,0
27,5a7b13b25542992d025e6746,"Which is from farther west, Woman's Viewpoint or Al Jamila?",Woman's Viewpoint,comparison,medium,"Step 1: Determine the locations of Woman's Viewpoint and Al Jamila. Confidence: 0.7
Step 2: Woman's Viewpoint is a location in Kazakhstan. Confidence: 0.8
Step 3: Al Jamila is a location in the United Arab Emirates. Confidence: 0.9
Step 4: Compare the longitudes of Kazakhstan and the United Arab Emirates. Confidence: 0.7
Final Answer: Al Jamila Confidence: 0.7",Al Jamila,0.24695999999999999,0.0,0,0
28,5ae7aae35542993210983ee6,What was the duck character's name in the Disney cartoon with the music that sounded like The Mexican Hat Dance?,Donna,bridge,hard,"Step 1: The music that sounds like ""The Mexican Hat Dance"" is often associated with the character Jose Carioca from Disney. Confidence: 0.8
Step 2: Jose Carioca is a Brazilian parrot, not a duck. Confidence: 0.9
Step 3: The duck character in Disney cartoons who often appears alongside Jose Carioca is Donald Duck. Confidence: 0.7
Step 4: Another duck character who appears with Jose Carioca is Panchito Pistoles from ""The Three Caballeros."" Confidence: 0.8
Final Answer: Panchito Pistoles Confidence: 0.7",Panchito Pistoles,0.28224,0.0,0,0
29,5ae3641e5542992e3233c3d6,"The singer who released the single ""Kid Stuff"" in 1973 is best known for what other song?",The Teddy Bear Song,bridge,medium,"Step 1: First, I need to identify the singer who released ""Kid Stuff"" in 1973. Confidence: 0.8  
Step 2: A quick search suggests that ""Kid Stuff"" was a single by Carly Simon. Confidence: 0.7  
Step 3: Carly Simon is best known for several hits, but ""You're So Vain"" is one of her most iconic songs. Confidence: 0.9  
Final Answer: You're So Vain Confidence: 0.8",You're So Vain,0.4032,0.0,0,0
30,5ae0cb11554299603e41845d,What instrument did Shannon Leto play in his band Thirty Seconds to Mars?,"drums, percussion",bridge,easy,"Step 1: Shannon Leto is a member of the band Thirty Seconds to Mars. Confidence: 1.0  
Step 2: Shannon Leto is the drummer for Thirty Seconds to Mars. Confidence: 0.9  
Final Answer: drums Confidence: 0.9",drums,0.81,0.6666666666666666,0,1
31,5a7c947455429935c91b523c,In which year was the farming simulation video game published by Chucklefish released for Microsoft Windows?,2016,bridge,medium,"Step 1: Chucklefish is the publisher of the farming simulation video game ""Stardew Valley."" Confidence: 0.9  
Step 2: ""Stardew Valley"" was developed by ConcernedApe (Eric Barone) and published by Chucklefish. Confidence: 0.9  
Step 3: ""Stardew Valley"" was released for Microsoft Windows on February 26, 2016. Confidence: 0.9  
Final Answer: 2016 Confidence: 0.9",2016,0.6561000000000001,1.0,1,1
32,5a7db4eb5542997cc2c47474,"Which Australian locality is 110 km north form the city affectionally named ""The City""?",Kangaroo Head,bridge,medium,"Step 1: Identify ""The City"" as a nickname for Sydney, Australia. Confidence: 0.8
Step 2: Determine locations approximately 110 km north of Sydney. Confidence: 0.7
Step 3: Recognize Newcastle as a major locality roughly 110 km north of Sydney. Confidence: 0.6
Final Answer: Newcastle Confidence: 0.6",Newcastle,0.20159999999999997,0.0,0,0
33,5ab9dbf055429901930fa735,What musical did Dan Domenech perform in that was based on a book by Jack Murphy and Gregory Boyd?,Wonderland,bridge,easy,"Step 1: Dan Domenech is an actor known for his performances in musical theater. Confidence: 0.9  
Step 2: Jack Murphy and Gregory Boyd collaborated on the musical ""Chess."" Confidence: 0.7  
Step 3: Dan Domenech has performed in ""Chess"" in various productions. Confidence: 0.8  
Final Answer: Chess Confidence: 0.8",Chess,0.4032,0.0,0,0
34,5a7291195542991f9a20c4f0,When did the singer of Mestarit salilla serve in the Finnish Parliament?,from 2003 to 2007,bridge,hard,"Step 1: Mestarit salilla is a song by the Finnish rapper Cheek. Confidence: 0.9
Step 2: Cheek's real name is Jare Tiihonen. Confidence: 0.9
Step 3: Jare Tiihonen has never served in the Finnish Parliament. Confidence: 0.8
Final Answer: Never Confidence: 0.8",Never,0.5184000000000001,0.0,0,0
35,5a847de2554299123d8c226f,Along what road was the former mall near White Flint station located?,Rockville Pike,bridge,medium,"Step 1: White Flint station is a Metro station in Maryland, USA, on the Red Line. Confidence: 0.9
Step 2: The former mall near White Flint station was called White Flint Mall. Confidence: 0.8
Step 3: White Flint Mall was located along Rockville Pike (also known as Maryland Route 355). Confidence: 0.85
Final Answer: Rockville Pike Confidence: 0.8",Rockville Pike,0.4896000000000001,1.0,1,1
36,5a72fcdc5542991f9a20c5eb,"Who lived longer, Lothar von Richthofen or  Wolfram Freiherr von Richthofen ?",Wolfram Freiherr von Richthofen,bridge,medium,"Step 1: First, we need to identify who Lothar von Richthofen and Wolfram Freiherr von Richthofen are. They are both members of the Richthofen family, known for their military careers. Confidence: 0.9
Step 2: Lothar von Richthofen was a German flying ace in World War I and the younger brother of the famous ""Red Baron,"" Manfred von Richthofen. Confidence: 0.9
Step 3: Wolfram Freiherr von Richthofen was a German field marshal in World War II and a cousin of Manfred and Lothar von Richthofen. Confidence: 0.9
Step 4: Lothar von Richthofen was born in 1894 and died in 1922. Confidence: 0.8
Step 5: Wolfram Freiherr von Richthofen was born in 1895 and died in 1945. Confidence: 0.8
Final Answer: Wolfram Freiherr von Richthofen Confidence: 0.9",Wolfram Freiherr von Richthofen,0.4199040000000001,1.0,1,1
37,5a863fc855429960ec39b659,"Which court case occurred first, Phillips v. Martin Marietta Corp. or United States v. Miller",United States v. Miller,comparison,medium,"Step 1: Phillips v. Martin Marietta Corp. was a landmark employment discrimination case decided by the U.S. Supreme Court in 1971. Confidence: 0.9
Step 2: United States v. Miller was a Supreme Court case decided in 1939, regarding the Second Amendment. Confidence: 0.9
Final Answer: United States v. Miller Confidence: 0.95",United States v. Miller,0.7695,1.0,1,1
38,5a819c5155429903bc27b985,Andrew Jaspan is the co-founder of a website that launched in which year ?,2011,bridge,medium,"Step 1: Andrew Jaspan is a journalist and media executive. Confidence: 0.9
Step 2: He is best known as the co-founder of The Conversation. Confidence: 0.9
Step 3: The Conversation is a website that publishes news and analysis written by academics and researchers. Confidence: 0.9
Step 4: The Conversation launched in 2011. Confidence: 0.8
Final Answer: 2011 Confidence: 0.8",2011,0.4665600000000001,1.0,1,1
39,5a82030755429926c1cdade7,"The 2009 Louisiana Tech Bulldogs football team was coached by someone in their third year with the program, and who currently serves as the wide receivers coach for what NFL team?",Dallas Cowboys,bridge,medium,"Step 1: The 2009 Louisiana Tech Bulldogs football team was coached by Derek Dooley. Confidence: 0.9  
Step 2: Derek Dooley was in his third year as head coach of Louisiana Tech in 2009. Confidence: 0.9  
Step 3: Derek Dooley currently serves as the wide receivers coach for the New York Jets. Confidence: 0.8  
Final Answer: New York Jets Confidence: 0.8",New York Jets,0.5184000000000001,0.0,0,0
40,5ae01a0f55429942ec259c20,Were Richard Bach and Paul Celan from the same country?,no,comparison,medium,"Step 1: Richard Bach is an American author known for ""Jonathan Livingston Seagull."" Confidence: 0.9
Step 2: Paul Celan was a poet who wrote in German and is associated with the Holocaust. Confidence: 0.9
Step 3: Paul Celan was born in Romania but lived in France and wrote in German, though his cultural identity is often tied to Jewish heritage rather than a specific country. Confidence: 0.8
Step 4: Richard Bach was born and raised in the United States. Confidence: 0.9
Final Answer: No Confidence: 0.8",No,0.46656000000000014,1.0,1,1
41,5ab72be75542993667793f68,Ernest Davies' successor was born on what date?,10 October 1940,bridge,hard,"Step 1: Ernest Davies was a British politician. Confidence: 0.8
Step 2: Ernest Davies was succeeded by John Diamond, another British politician. Confidence: 0.7
Step 3: John Diamond was born on 10 April 1927. Confidence: 0.6
Final Answer: 10 April 1927 Confidence: 0.6",10 April 1927,0.20159999999999997,0.3333333333333333,0,0
42,5adfc1bd55429906c02daa2c,"When was the delusional anarchist from the television film ""The Revenge of Al Capone"" born?","September 7, 1900",bridge,medium,"Step 1: Identify the character referred to as the ""delusional anarchist"" in ""The Revenge of Al Capone."" Confidence: 0.7  
Step 2: Research the television film ""The Revenge of Al Capone"" to find the character's name and background. Confidence: 0.6  
Step 3: If the character is fictional, determine if the film provides a birth date or historical context for the character. Confidence: 0.5  
Step 4: If no information is available, conclude that the birth date is unspecified in the film or related materials. Confidence: 0.8  
Final Answer: Unknown Confidence: 0.9",Unknown,0.1512,0.0,0,0
43,5ab708fe5542992aa3b8c788,Mandarin Oriental Macau is a hotel that overlooks what man-made lake in Macau?,Nam Van Lake,bridge,medium,"Step 1: Mandarin Oriental Macau is located in Macau Peninsula. Confidence: 0.9
Step 2: A notable man-made lake in Macau Peninsula is Nam Van Lake. Confidence: 0.8
Final Answer: Nam Van Lake Confidence: 0.8",Nam Van Lake,0.5760000000000001,1.0,1,1
44,5a7772ac55429967ab105181,"Who was drafted into the 2009 NFL Draft, during the he seventy-fourth annual meeting of National Football League (NFL)?",Darrius Ramar Heyward-Bey,bridge,hard,"Step 1: The 2009 NFL Draft refers to the selection process where NFL teams choose eligible football players. Confidence: 1.0
Step 2: The ""seventy-fourth annual meeting"" confirms it is the 2009 NFL Draft, as the first NFL Draft was in 1936 (1936 + 73 = 2009). Confidence: 1.0
Step 3: The 2009 NFL Draft had several notable players, including Matthew Stafford, who was the first overall pick. Confidence: 0.9
Final Answer: Matthew Stafford Confidence: 0.8",Matthew Stafford,0.7200000000000001,0.0,0,0
45,5ab98602554299131ca42361,Mustang television and cinema promoted which brand of Irish dry stout beer?,Guinness,bridge,easy,"Step 1: Mustang television and cinema is likely related to Ford Mustang, a popular car brand. Confidence: 0.8  
Step 2: Ford Mustang is an American car brand, not directly linked to Ireland. Confidence: 0.9  
Step 3: The question is about promoting an Irish dry stout beer, a famous example being Guinness. Confidence: 0.9  
Step 4: If Mustang television and cinema refers to media promotions, Guinness is a likely candidate due to its global advertising presence. Confidence: 0.7  
Final Answer: Guinness Confidence: 0.8",Guinness,0.3628800000000001,1.0,1,1
46,5ade8f87554299728e26c732,"What is one of the many universities that Lennart Anderson taught at that is located in Upper Manhattan, New York City?",Columbia University,bridge,medium,"Step 1: Lennart Anderson is known as an American painter and teacher. Confidence: 0.9  
Step 2: He taught at several universities during his career. Confidence: 0.8  
Step 3: Upper Manhattan includes areas like Morningside Heights and Washington Heights, home to institutions like Columbia University and City College of New York (CCNY). Confidence: 0.7  
Step 4: Columbia University is located in Upper Manhattan. Confidence: 0.9  
Step 5: Lennart Anderson taught at Brooklyn College and Pratt Institute, but these are not in Upper Manhattan. Checking further, he also taught at CCNY, which is in Upper Manhattan. Confidence: 0.6  

Final Answer: City College of New York Confidence: 0.6",City College of New York,0.163296,0.0,0,0
47,5aba91cd5542994dbf01994c,"For what team is the cricket bowler, who is considered to be the fastest, play a role of captain?",Karachi Dolphins,bridge,medium,"Step 1: Identify the fastest cricket bowler. Currently, it is widely considered to be Shoaib Akhtar, who holds the record for the fastest delivery. Confidence: 0.9
Step 2: Determine if Shoaib Akhtar has ever served as a captain for any team. Research indicates he captained the Pakistan team in a few matches. Confidence: 0.7
Final Answer: Pakistan Confidence: 0.7",Pakistan,0.44099999999999995,0.0,0,0
48,5a84b7785542991dd0999dad,"What was the nationality of the comedian who died the day after the final filming of a show featuring ""Father Ted?""",Irish,bridge,medium,"Step 1: The show featuring ""Father Ted"" is ""Father Ted,"" a popular British sitcom. Confidence: 0.9  
Step 2: The final filming of ""Father Ted"" occurred in 1998. Confidence: 0.8  
Step 3: The main actor who played Father Ted was Dermot Morgan, who passed away soon after filming wrapped. Confidence: 0.85  
Step 4: Dermot Morgan was Irish. Confidence: 0.9  
Final Answer: Irish Confidence: 0.85",Irish,0.46818000000000004,1.0,1,1
49,5a7dbe215542997cc2c47490,WikiLeak: Inside Julian Assange's War on Secrecy tells the story of a leak by a soldier born with what full name?,Bradley Edward Manning,bridge,medium,"Step 1: The question refers to a leak by a soldier, which likely relates to Chelsea Manning, a known whistleblower who leaked documents to WikiLeaks. Confidence: 0.9  
Step 2: Chelsea Manning was born as Bradley Edward Manning before transitioning. Confidence: 0.8  
Final Answer: Bradley Edward Manning Confidence: 0.8",Bradley Edward Manning,0.5760000000000001,1.0,1,1
50,5ab6e1ef55429954757d33a5,"In the 2004-05 Season, The Houston Rockets acquired a center from Chicago Bulls who played how many seasons of NBA ?",18 seasons,bridge,hard,"Step 1: The Houston Rockets acquired a center from the Chicago Bulls during the 2004-05 season. Confidence: 0.9  
Step 2: The center traded from the Chicago Bulls to the Houston Rockets during that time was Eddy Curry. Confidence: 0.8  
Step 3: Eddy Curry entered the NBA in the 2001-02 season. Confidence: 0.9  
Step 4: Eddy Curry played in the NBA until the 2011-12 season. Confidence: 0.8  
Step 5: Calculating the number of seasons from 2001-02 to 2011-12 (inclusive) gives 11 seasons. Confidence: 0.9  
Final Answer: 11 Confidence: 0.8",11,0.3732480000000001,0.0,0,0
51,5a861e335542994775f606fd,David Snoke co-published a paper in 2004 with what Lehigh University professor?,Michael J. Behe,bridge,medium,"Step 1: David Snoke is a physicist known for his work in condensed matter physics. Confidence: 0.8
Step 2: A search for David Snoke's publications around 2004 would reveal his co-authors. Confidence: 0.7
Step 3: One of his notable co-authors from Lehigh University around that time was Slava V. Rotkin. Confidence: 0.6
Final Answer: Slava V. Rotkin Confidence: 0.6",Slava V. Rotkin,0.20159999999999997,0.0,0,0
52,5adf957e5542995534e8c7f9,"The Adventures of Elmo in Grouchland was a 1999 film which involved the use of puppets from a puppeteer who was also the voice of what character from ""Star Wars""?",Yoda,bridge,medium,"Step 1: The Adventures of Elmo in Grouchland is a Sesame Street-related film. Confidence: 0.9
Step 2: The puppeteer referred to in the question would be one of the main Sesame Street puppeteers, such as Kevin Clash (Elmo's puppeteer) or Frank Oz. Confidence: 0.8
Step 3: Frank Oz is known for voicing Yoda in ""Star Wars"" and was also a key puppeteer for Sesame Street characters like Cookie Monster and Bert. Confidence: 0.9
Final Answer: Yoda Confidence: 0.85",Yoda,0.5508000000000001,1.0,1,1
53,5ae1b3765542997283cd2249,"Which company is in the discount travel market, The Walt Disney Company or Priceline.com?",Priceline.com,comparison,hard,"Step 1: The Walt Disney Company is primarily known for its entertainment offerings, including theme parks, movies, and media networks. Confidence: 0.95
Step 2: Priceline.com is a well-known online travel agency that offers discounted travel services such as flights, hotels, and car rentals. Confidence: 0.95
Final Answer: Priceline.com Confidence: 0.98",Priceline.com,0.88445,1.0,1,1
54,5ab73f9a5542992aa3b8c7f5,"Juliana Maria of Brunswick-Wolfenbüttel is a descendant of the King of what country, who took over its throne in 1814?",Norway,bridge,medium,"Step 1: Juliana Maria of Brunswick-Wolfenbüttel was a Danish queen consort, married to King Frederick V of Denmark. Confidence: 0.9
Step 2: Denmark had a change in monarchy in 1814 due to the Treaty of Kiel, which ended the Dano-Norwegian union. Confidence: 0.8
Step 3: The King who took over the Danish throne in 1814 was Frederick VI, who was already ruling but retained the Danish throne after Norway was ceded to Sweden. Confidence: 0.7
Step 4: Juliana Maria was the stepmother of Frederick VI, making her a descendant of the Danish royal line. Confidence: 0.7
Final Answer: Denmark Confidence: 0.7",Denmark,0.24695999999999999,0.0,0,0
55,5aba91505542994dbf01994b,"Chris Bosh took over the role of fan favorite, and face/leader of the Raptors from the man who played for what team?",Sacramento Kings,bridge,medium,"Step 1: Chris Bosh played for the Toronto Raptors from 2003 to 2010. Confidence: 0.9  
Step 2: Before Chris Bosh became the leader of the Raptors, Vince Carter was the fan favorite and team leader. Confidence: 0.9  
Step 3: Vince Carter played for the New Jersey Nets after leaving the Toronto Raptors. Confidence: 0.8  
Step 4: However, the question is asking about the team the predecessor played for before Chris Bosh took over, which would be the team Vince Carter was on before leaving the Raptors. Confidence: 0.8  
Final Answer: Toronto Raptors Confidence: 0.8",Toronto Raptors,0.4147200000000001,0.0,0,0
56,5a73fce35542993a88ae2eda,"What flowering plant, first classified by Carl Linnaeus in 1753, produces   Penicillium copticola?",Cannabis sativa,bridge,medium,"Step 1: Identify that Penicillium copticola is a type of fungus. Confidence: 0.9  
Step 2: Recognize that fungi often form symbiotic or parasitic relationships with plants. Confidence: 0.8  
Step 3: Recall that Carl Linnaeus classified many plants in 1753, but we need one associated with Penicillium copticola. Confidence: 0.7  
Step 4: Research suggests Penicillium copticola is found on the Indian Bdellium plant (Commiphora wightii). Confidence: 0.6  
Step 5: Verify that Commiphora wightii was indeed classified by Linnaeus in 1753. Confidence: 0.5  
Final Answer: Commiphora wightii Confidence: 0.5",Commiphora wightii,0.0756,0.0,0,0
57,5ae63d8555429908198fa538,What was the name of a United Stated Army officer during World War 2 and served again later in the Korean war and was later featured on a HBO miniseries where his character was played by played by Matthew Settle?,Ronald Speirs,bridge,medium,"Step 1: The question asks for a U.S. Army officer who served in both World War 2 and the Korean War and was later featured in an HBO miniseries. Confidence: 1.0  
Step 2: The HBO miniseries likely refers to ""Band of Brothers,"" which focused on the experiences of Easy Company, part of the 506th Parachute Infantry Regiment, 101st Airborne Division. Confidence: 0.9  
Step 3: One of the prominent officers featured in ""Band of Brothers"" was Ronald Speirs, who was portrayed by Matthew Settle. Confidence: 0.8  
Step 4: Ronald Speirs served in World War 2 and later in the Korean War, fulfilling the military service criteria. Confidence: 0.7  
Final Answer: Ronald Speirs Confidence: 0.7",Ronald Speirs,0.3528,1.0,1,1
58,5a7c6c0655429907fabeef7f,"Which band currently has more members, Last Dinosaurs or Primal Scream?",Primal Scream,comparison,medium,"Step 1: Last Dinosaurs is an Australian indie rock band formed in 2011. Confidence: 0.9  
Step 2: Last Dinosaurs currently consists of four members: Sean Caskey, Lachlan Caskey, Dan Koyama, and Michael Sloane. Confidence: 0.8  
Step 3: Primal Scream is a Scottish rock band formed in 1982. Confidence: 0.9  
Step 4: Primal Scream currently has five members: Bobby Gillespie, Andrew Innes, Simone Butler, Darrin Mooney, and Martin Duffy. Confidence: 0.7  
Final Answer: Primal Scream Confidence: 0.7",Primal Scream,0.31752,1.0,1,1
59,5a7fa1535542994857a7678d,What building in the 14th largest city in Georgia was a work of architect Lloyd Barton Greer?,Barber-Pittman House,bridge,medium,"Step 1: First, we need to identify the 14th largest city in Georgia. Confidence: 0.9  
Step 2: Based on population data, the 14th largest city in Georgia is likely Warner Robins. Confidence: 0.8  
Step 3: Next, we need to find notable buildings in Warner Robins designed by Lloyd Barton Greer. Confidence: 0.7  
Step 4: One of Greer's known works in Warner Robins is the Warner Robins City Hall. Confidence: 0.6  
Final Answer: Warner Robins City Hall Confidence: 0.6",Warner Robins City Hall,0.18144,0.0,0,0
60,5a8b85f355429971feec4731,Jean-Baptiste Andrea wrote and directed what 2003 French horror drama that was remade in 2014?,Dead End,bridge,medium,"Step 1: Jean-Baptiste Andrea is a French director known for his work in the 2000s. Confidence: 0.8  
Step 2: In 2003, he directed a horror drama titled ""Dead End."" Confidence: 0.7  
Step 3: ""Dead End"" was remade in 2014 under the same title by another director. Confidence: 0.6  
Final Answer: Dead End Confidence: 0.6",Dead End,0.20159999999999997,1.0,1,1
61,5a7a7d6d55429941d65f2679,When was the founder of The City of Oxford High School for Boys born?,7 April 1836,bridge,medium,"Step 1: The City of Oxford High School for Boys is now known as Oxford High School. Confidence: 0.8
Step 2: The school was founded in 1875. Confidence: 0.7
Step 3: The founder of the school was likely a prominent figure in education in Oxford during the 19th century. Confidence: 0.6
Step 4: Unfortunately, the name of the founder or their birthdate is not widely known or easily accessible. Confidence: 0.5
Final Answer: Unknown Confidence: 0.4",Unknown,0.0672,0.0,0,0
62,5a802bfd554299485f59857d,"South Korean actress Bae Doona, known for her role in 2000 television series ""Look Back in Anger"", had an English-speaking role in which 2012 film directed by the Wachowski siblings?","""Cloud Atlas""",bridge,hard,"Step 1: Bae Doona is a South Korean actress known for her roles in various films and TV series. Confidence: 0.9
Step 2: She had a role in the 2000 TV series ""Look Back in Anger"". Confidence: 0.9
Step 3: Bae Doona had English-speaking roles in several international films. Confidence: 0.8
Step 4: The Wachowski siblings directed the 2012 film ""Cloud Atlas"". Confidence: 0.9
Step 5: Bae Doona played an English-speaking role in ""Cloud Atlas"". Confidence: 0.8
Final Answer: Cloud Atlas Confidence: 0.8",Cloud Atlas,0.37324800000000014,1.0,1,1
63,5ae405d955429970de88d860,Uyirodu Uyiraga was a film that starred the Indian actor who participated in what 2004 sporting event?,British Formula 3 season,bridge,hard,"Step 1: Uyirodu Uyiraga is a Tamil film. Confidence: 0.9
Step 2: The Indian actor who starred in Uyirodu Uyiraga is Vijayakanth. Confidence: 0.8
Step 3: Vijayakanth is known for his acting career but did not participate in any notable sporting events. Confidence: 0.7
Step 4: Considering the mix-up, it might refer to a different actor who participated in a 2004 sporting event, possibly Olympic Games. Confidence: 0.6
Step 5: Actor and athlete Milkha Singh's son, Jeev Milkha Singh, participated in golf but not in 2004. Alternatively, actor Rajiv Kapoor is not known for sports. Confidence: 0.5
Final Answer: None Confidence: 0.4",None,0.060480000000000006,0.0,0,0
64,5a7e8f6d554299306751357d,The Creators and Best Boy were both produced before 2000 ?,no,comparison,medium,"Step 1: First, I need to identify what ""The Creators"" and ""Best Boy"" refer to. They are likely titles of movies or TV shows. Confidence: 0.8
Step 2: I recall that ""Best Boy"" is a documentary film directed by Ira Wohl, which was released in 1979. Confidence: 0.9
Step 3: I'm less familiar with ""The Creators,"" but a quick search shows it might refer to ""The Creators: A History of Heroes of the Imagination,"" a documentary series from 1993. Confidence: 0.7
Step 4: Both the 1979 and 1993 release dates are before the year 2000. Confidence: 1.0
Final Answer: yes Confidence: 0.8",yes,0.4032,0.0,0,0
65,5ae10f0d554299422ee995ec,what does Weihui and Weinan have in common?,China,comparison,easy,"Step 1: Weihui and Weinan are both names of places in China. Confidence: 0.9  
Step 2: Weihui is a county-level city in Henan Province. Confidence: 0.8  
Step 3: Weinan is a prefecture-level city in Shaanxi Province. Confidence: 0.8  
Step 4: Both names start with ""Wei,"" which is a common prefix in Chinese place names, often referring to the Wei River or its historical significance. Confidence: 0.7  
Final Answer: Both start with ""Wei"" Confidence: 0.8","Both start with ""Wei""",0.32256,0.0,0,0
66,5a7772d25542997042120a4a,What is the name of the chartered trade company in which Jan Valckenburgh served as an assistant trader?,Dutch West India Company,bridge,medium,"Step 1: Jan Valckenburgh was associated with Dutch trading activities. Confidence: 0.8
Step 2: The Dutch East India Company (VOC) was a prominent chartered trade company in Dutch history. Confidence: 0.9
Step 3: Jan Valckenburgh served in roles connected to Dutch colonial trade, likely the VOC. Confidence: 0.7
Final Answer: Dutch East India Company Confidence: 0.8",Dutch East India Company,0.4032,0.75,0,0
67,5ae333f05542990afbd1e0dc,What type of institution are Kathmandu University and Brown University?,University,comparison,medium,"Step 1: Both Kathmandu University and Brown University are referred to as ""universities"" in their names. Confidence: 1.0  
Step 2: Universities are higher education institutions that offer undergraduate and graduate degree programs. Confidence: 1.0  
Final Answer: universities Confidence: 1.0",universities,1.0,0.0,0,1
68,5aba934d554299232ef4a33a,"Which league does the team, where Alan McNeill played for in Oldham, compete in?",League One,bridge,medium,"Step 1: Alan McNeill is a former professional soccer player. Confidence: 0.9
Step 2: Alan McNeill played for Oldham Athletic during his career. Confidence: 0.8
Step 3: Oldham Athletic is an English football club. Confidence: 0.95
Step 4: Oldham Athletic currently competes in the National League, the fifth tier of English football. Confidence: 0.85
Final Answer: National League Confidence: 0.8",National League,0.46512000000000003,0.5,0,0
69,5adefa295542993a75d263cb,"Which filmmaker created the award winning film ""La battaglia di Algeri"", Takashi Miike or Gillo Pontecorvo?",Gillo Pontecorvo,comparison,medium,"Step 1: First, I need to determine which of the two filmmakers, Takashi Miike or Gillo Pontecorvo, is more likely associated with an Italian-sounding title like ""La battaglia di Algeri"" (The Battle of Algiers). Confidence: 0.8  
Step 2: Takashi Miike is a Japanese filmmaker known for works like ""Audition"" and ""Ichi the Killer,"" which are stylistically different from the historical-political theme suggested by ""La battaglia di Algeri."" Confidence: 0.9  
Step 3: Gillo Pontecorvo, on the other hand, is an Italian filmmaker known for politically charged films, such as ""The Battle of Algiers,"" which is the English title of ""La battaglia di Algeri."" Confidence: 0.95  
Final Answer: Gillo Pontecorvo Confidence: 0.95",Gillo Pontecorvo,0.6498,1.0,1,1
70,5ac3015655429921a00ab0d1,Were the Pecom 32 and the Apple I both produced before 1990?,yes,comparison,medium,"Step 1: The Apple I was released in 1976. Confidence: 0.95
Step 2: The Pecom 32 was a personal computer produced in Yugoslavia in the 1980s. Confidence: 0.85
Final Answer: Yes Confidence: 0.9",Yes,0.72675,1.0,1,1
71,5a74fa4c5542993748c89770,"which Magazine was founded first, First for Women or Hennes ?",Hennes,comparison,medium,"Step 1: I need to find the founding years of First for Women and Hennes magazines. Confidence: 0.9
Step 2: First for Women was founded in 1989. Confidence: 0.8
Step 3: Hennes magazine is not widely known, but Henne (a similar name) was founded in 1948 as a German fashion magazine. Confidence: 0.7
Step 4: Assuming Hennes is a variation or typo for Henne, Henne was founded earlier than First for Women. Confidence: 0.6
Final Answer: Hennes Confidence: 0.6",Hennes,0.18144,1.0,1,1
72,5ac50b0a55429924173fb57c,What TV network founded in 1984 is co owned by the Hearst Corporation and Disney?,Arts and Entertainment Network,bridge,easy,"Step 1: The question asks about a TV network founded in 1984. Confidence: 1.0
Step 2: The TV network is co-owned by Hearst Corporation and Disney. Confidence: 1.0
Step 3: A well-known TV network co-owned by Hearst and Disney is A&E. Confidence: 0.9
Step 4: A&E was founded in 1984. Confidence: 0.8
Final Answer: A&E Confidence: 0.8",A&E,0.5760000000000001,0.0,0,1
73,5a8353935542996488c2e40f,The best know of Austrian author Leopold von Sacher-Masoch's works was made into a French film in what year?,2013,bridge,medium,"Step 1: Leopold von Sacher-Masoch is best known for his novel ""Venus in Furs."" Confidence: 0.9  
Step 2: ""Venus in Furs"" was adapted into a French film titled ""Venus in Fur"" by director Roman Polanski. Confidence: 0.8  
Step 3: The film ""Venus in Fur"" was released in 2013. Confidence: 0.7  
Final Answer: 2013 Confidence: 0.7",2013,0.3528,1.0,1,1
74,5ade956b554299728e26c743,"What is the 2011 census population of this village and civil parish in Lincolnshire, England, where High Dyke road runs between it and Colsterworth?","1,647",bridge,medium,"Step 1: The village and civil parish in Lincolnshire, England, where High Dyke road runs between it and Colsterworth is likely to be Stainby. Confidence: 0.8  
Step 2: The 2011 census population of Stainby, Lincolnshire, can be found by searching official census records or reliable sources. Confidence: 0.7  
Final Answer: 160 Confidence: 0.6",160,0.33599999999999997,0.0,0,0
75,5abce6d4554299114383a185,What year was the football player drafted that Nick Collin intercepted in Super Bowl XLV?,2004,bridge,hard,"Step 1: Nick Collins is a former NFL player who played for the Green Bay Packers. Confidence: 0.9
Step 2: Super Bowl XLV was played in 2011, featuring the Green Bay Packers against the Pittsburgh Steelers. Confidence: 0.9
Step 3: Nick Collins intercepted a pass from Ben Roethlisberger in Super Bowl XLV. Confidence: 0.8
Step 4: Ben Roethlisberger was drafted in the 2004 NFL Draft. Confidence: 0.9
Final Answer: 2004 Confidence: 0.8",2004,0.46656000000000014,1.0,1,1
76,5a838e9c5542992ef85e22fd,Are both tennis players Kathy Jordan and Daniel Vacek from the same country?,no,comparison,medium,"Step 1: Kathy Jordan is a former professional tennis player from the United States. Confidence: 0.9
Step 2: Daniel Vacek is a former professional tennis player from the Czech Republic. Confidence: 0.9
Final Answer: No Confidence: 0.9",No,0.7290000000000001,1.0,1,1
77,5a833d8855429966c78a6b58,"Chuck Jones directed a Warner Bros version of Jack and the Beanstalk in 1955. Elmer Fudd was the giant, and who played Jack?",Daffy Duck,bridge,medium,"Step 1: Chuck Jones directed a 1955 Warner Bros version of Jack and the Beanstalk starring Elmer Fudd as the giant. Confidence: 0.9  
Step 2: Warner Bros cartoons from the 1950s often featured Bugs Bunny, Daffy Duck, or other popular Looney Tunes characters. Confidence: 0.8  
Step 3: Given Elmer Fudd's usual adversaries, Bugs Bunny would likely be the character to play Jack. Confidence: 0.7  
Final Answer: Bugs Bunny Confidence: 0.7",Bugs Bunny,0.3528,0.0,0,0
78,5a7709905542993569682ca8,What is one of the oldest beverages humans have produced with recipes found in Sumerian writings?,Beer,bridge,medium,"Step 1: The Sumerians were one of the earliest civilizations, known for their advancements in agriculture and writing. Confidence: 0.9
Step 2: Sumerian writings include some of the oldest known recipes, particularly for fermented beverages. Confidence: 0.8
Step 3: One of the most well-documented ancient beverages from this region is beer. Confidence: 0.85
Final Answer: beer Confidence: 0.8",beer,0.4896000000000001,1.0,1,1
79,5abe777855429976d4830b22,What German theoretical physicist has a chemistry rule named after him?,Arnold Johannes Wilhelm Sommerfeld,bridge,medium,"Step 1: The question is looking for a German theoretical physicist who has a chemistry rule named after him. Confidence: 1.0
Step 2: There are several famous German theoretical physicists, but the most well-known is Albert Einstein. Confidence: 0.9
Step 3: However, Einstein is not known for any specific chemistry rule. Confidence: 0.9
Step 4: Another famous German theoretical physicist is Max Planck, but he is primarily associated with quantum theory, not chemistry. Confidence: 0.8
Step 5: A more likely candidate is Niels Bohr, but he is Danish, not German. Confidence: 0.7
Step 6: Considering German physicists with chemistry-related contributions, Friedrich Hund is known for Hund's rules in atomic physics and chemistry. Confidence: 0.8
Final Answer: Friedrich Hund Confidence: 0.8",Friedrich Hund,0.29030400000000006,0.0,0,0
80,5a8303d855429966c78a6ae6,What U.S. Navy battleship was in the movie Under Siege and was also the last battleship commissioned by the United States?,"USS ""Missouri""",bridge,medium,"Step 1: The movie ""Under Siege"" features a U.S. Navy battleship as its main setting. Confidence: 0.9  
Step 2: The battleship shown in ""Under Siege"" is the USS Missouri (BB-63). Confidence: 0.8  
Step 3: The USS Missouri was the last battleship commissioned by the United States. Confidence: 0.9  
Final Answer: USS Missouri Confidence: 0.8",USS Missouri,0.5184000000000001,1.0,1,1
81,5ae40a5255429970de88d8a5,Where does the hockey team based in for which Darrel Scoville played in National Hockey League in addition to Calgary Flames?,"Columbus, Ohio",bridge,hard,"Step 1: Darrel Scoville is a former NHL player who played for multiple teams during his career. Confidence: 0.95
Step 2: One of the teams Darrel Scoville played for is the Calgary Flames. Confidence: 0.95
Step 3: In addition to the Calgary Flames, Darrel Scoville also played for the Florida Panthers and the Ottawa Senators. Confidence: 0.90
Final Answer: Ottawa Senators Confidence: 0.85 OR Final Answer: Florida Panthers Confidence: 0.85

(Note: Since the question asks for ""the hockey team,"" but Scoville played for two other teams besides the Flames, both answers are plausible. The confidence reflects this ambiguity.)",Florida Panthers,0.586850625,0.0,0,0
82,5a8c47c7554299653c1aa018,"During the 1985 World Games that took place at Slazenger Racquet Club, what days did it take place?",July 25 to August 4,bridge,medium,"Step 1: Identify the 1985 World Games as the Special Olympics World Games. Confidence: 0.8  
Step 2: The 1985 Special Olympics World Games were held in Baton Rouge, Louisiana, USA. Confidence: 0.9  
Step 3: The Slazenger Racquet Club was one of the venues for the 1985 Special Olympics World Games. Confidence: 0.7  
Step 4: The 1985 Special Olympics World Games took place from July 12 to July 20, 1985. Confidence: 0.85  
Final Answer: July 12-20, 1985 Confidence: 0.75","July 12-20, 1985",0.32130000000000003,0.25,0,0
83,5adfbccf55429942ec259b2e,What UNESCO World Heritage Site is located in Tamar Ziskind's hometown?,Bahá'í World Centre,bridge,easy,"Step 1: Tamar Ziskind is a relatively unknown figure, so we might need to find her hometown first. Confidence: 0.3  
Step 2: Assuming Tamar Ziskind is from Israel (a common assumption based on the name ""Tamar"" and ""Ziskind""), we can look for UNESCO sites there. Confidence: 0.5  
Step 3: Israel has multiple UNESCO World Heritage Sites, including Masada and the Old City of Acre. Confidence: 0.8  
Step 4: Without specific information about Tamar Ziskind's hometown, we might default to a prominent site like Masada, located near the Dead Sea. Confidence: 0.4  
Final Answer: Masada Confidence: 0.4",Masada,0.019200000000000002,0.0,0,0
84,5ac24c435542992f1f2b3839,"Which British Olympic gold medalist participated in a boxing club, located on the Lancaster West Estate, during his youth?",James DeGale,bridge,medium,"Step 1: Identify British Olympic gold medalists who are known for boxing. Confidence: 0.8
Step 2: Consider notable British boxers who won Olympic gold, such as Anthony Joshua. Confidence: 0.7
Step 3: Research if Anthony Joshua grew up or trained on the Lancaster West Estate. Confidence: 0.6
Step 4: Verify that Anthony Joshua participated in a boxing club during his youth in that area. Confidence: 0.5
Final Answer: Anthony Joshua Confidence: 0.5",Anthony Joshua,0.08399999999999999,0.0,0,0
85,5a791a8055429907847277b7,Who is younger Stanley Kwan or Atom Egoyan?,Atom Egoyan,comparison,easy,"Step 1: First, we need to find the birth years of Stanley Kwan and Atom Egoyan. Confidence: 0.9  
Step 2: Stanley Kwan was born on October 9, 1957. Confidence: 0.8  
Step 3: Atom Egoyan was born on July 19, 1960. Confidence: 0.8  
Final Answer: Atom Egoyan Confidence: 0.8",Atom Egoyan,0.4608000000000001,1.0,1,1
86,5a8e05ce5542995a26add460,"How tall (in meters) is the mountain which was named after a pilot from the airline based in Calgary, Alberta, Canada?","1,750",bridge,medium,"Step 1: The airline based in Calgary, Alberta, Canada is WestJet. Confidence: 0.9
Step 2: A mountain named after a WestJet pilot would likely be Mount Benson, named after Captain Robert (Bob) Benson. Confidence: 0.7
Step 3: Mount Benson is located in British Columbia, Canada. Confidence: 0.8
Step 4: The height of Mount Benson is approximately 1,095 meters. Confidence: 0.6
Final Answer: 1095 Confidence: 0.6",1095,0.18144,0.0,0,0
87,5ab4154b55429969a97a8237,"When was the political party, which along with the Socialist Workers Movement are the chief contributors to the United Left in Argentina, founded",1918,bridge,hard,"Step 1: The United Left in Argentina is a coalition of left-wing political parties. Confidence: 0.9
Step 2: The Socialist Workers Movement (Movimiento Socialista de los Trabajadores, MST) is one of the chief contributors to the United Left. Confidence: 0.9
Step 3: The other chief contributor to the United Left, alongside MST, is likely the Workers' Party (Partido de los Trabajadores Socialistas, PTS), another significant left-wing party in Argentina. Confidence: 0.8
Step 4: The Workers' Party (PTS) was founded in 1988. Confidence: 0.7
Final Answer: 1988 Confidence: 0.7",1988,0.31752,0.0,0,0
88,5adf67195542992d7e9f9335,"In 2014, Clemson Tigers football team were invited to the Russell Athletic Bowl where they defeated a team led by which coach ?",Bob Stoops,bridge,medium,"Step 1: The Clemson Tigers football team participated in the 2014 Russell Athletic Bowl. Confidence: 0.95  
Step 2: The opponent in the 2014 Russell Athletic Bowl was the Oklahoma Sooners. Confidence: 0.90  
Step 3: The head coach of the Oklahoma Sooners in 2014 was Bob Stoops. Confidence: 0.95  
Final Answer: Bob Stoops Confidence: 0.90",Bob Stoops,0.7310249999999999,1.0,1,1
89,5a772e6055429972597f146e,What journalist born in 1966 served on the staff of a satirical monthy magazine published from 1986 to 1998?,Mark Strauss,bridge,medium,"Step 1: Identify satirical monthly magazines published from 1986 to 1998. Confidence: 0.8
Step 2: ""The Onion"" is a well-known satirical publication, but it's weekly, not monthly. Confidence: 0.7
Step 3: ""Spy Magazine"" was a satirical monthly published during that period (1986-1998). Confidence: 0.9
Step 4: Look for journalists born in 1966 who worked at ""Spy Magazine"". Confidence: 0.8
Step 5: Kurt Andersen, born in 1954, co-founded ""Spy Magazine"" but doesn't fit the birth year. Confidence: 0.9
Step 6: Another notable journalist from ""Spy Magazine"" is Maureen Dowd, but her birth year is 1952. Confidence: 0.9
Step 7: No prominent ""Spy Magazine"" journalist matches the birth year 1966 based on available information. Confidence: 0.7

Final Answer: Unknown Confidence: 0.5",Unknown,0.11430720000000001,0.0,0,0
90,5a907ba555429916514e74da,Were the bands Adam Again and Mastodon active at the same time?,no,comparison,hard,"Step 1: Adam Again was a Christian alternative rock band formed in the early 1980s and disbanded in 2000. Confidence: 0.9  
Step 2: Mastodon is a heavy metal band formed in 2000 and is still active. Confidence: 0.9  
Step 3: Comparing the timelines, Adam Again disbanded in 2000, the same year Mastodon was formed. Confidence: 0.8  
Final Answer: No Confidence: 0.8",No,0.5184000000000001,1.0,1,1
91,5ac49f315542996feb3fe91c,What do the roots that the alternative name of a Haugtusse derive from mean?,"""covered"" or ""secret""",bridge,medium,"Step 1: Haugtusse is a term from Scandinavian folklore, specifically Norwegian. Confidence: 0.8
Step 2: The alternative name for Haugtusse is ""Haugtuss"" or ""Haugtussar,"" which are related to ""haug"" and ""tusse."" Confidence: 0.7
Step 3: ""Haug"" in Norwegian means ""hill"" or ""mound,"" referring to burial mounds or small hills. Confidence: 0.9
Step 4: ""Tusse"" is derived from Old Norse ""þurs,"" meaning a supernatural being, often a troll or spirit. Confidence: 0.8
Final Answer: hill spirit Confidence: 0.75",hill spirit,0.3024,0.0,0,0
92,5a86e6525542994775f6077b,In what year was the University that Clive Baldock received his Masters of Tertiary Education Management degree from founded?,1853,bridge,medium,"Step 1: Identify Clive Baldock's educational background to determine which university he received his Masters of Tertiary Education Management degree from. Confidence: 0.7
Step 2: Assuming Clive Baldock received his degree from a well-known university, research indicates this was from the University of Melbourne. Confidence: 0.6
Step 3: Verify the founding year of the University of Melbourne, which is 1853. Confidence: 0.9
Final Answer: 1853 Confidence: 0.6",1853,0.2268,1.0,1,1
93,5ac40ff05542997ea680c9cf,Name the country where both Aynalıkavak Palace and Italian Synagogue are located in.,Turkey,comparison,medium,"Step 1: Aynalıkavak Palace is located in Istanbul, Turkey. Confidence: 0.9
Step 2: Italian Synagogue is also located in Istanbul, Turkey. Confidence: 0.8
Final Answer: Turkey Confidence: 0.8",Turkey,0.5760000000000001,1.0,1,1
94,5a8a2b2155429930ff3c0cd0," Semi-Tough is a 1977 American comedy film starring  an American actor and host for ""Tattletales"", ""Super Password"" and what other show?","Win, Lose or Draw",bridge,medium,"Step 1: The film ""Semi-Tough"" stars Burt Reynolds. Confidence: 0.8
Step 2: Burt Reynolds hosted ""Tattletales,"" ""Super Password,"" and ""Win, Lose or Draw."" Confidence: 0.8
Final Answer: Win, Lose or Draw Confidence: 0.8","Win, Lose or Draw",0.5120000000000001,1.0,1,1
95,5a877b665542993e715abf67,What year did the second series of the show Colin Morgan is best known for begin?,2009,bridge,medium,"Step 1: Colin Morgan is best known for his role in the TV show ""Merlin."" Confidence: 0.9  
Step 2: ""Merlin"" originally aired from 2008 to 2012. Confidence: 0.9  
Step 3: The first series of ""Merlin"" began in 2008. Confidence: 0.9  
Step 4: Each series of ""Merlin"" was released yearly, so the second series began in 2009. Confidence: 0.8  
Final Answer: 2009 Confidence: 0.8",2009,0.4665600000000001,1.0,1,1
96,5a7e04fa5542995f4f40238c,Al Hirt played the theme song for the ABC US television series starring whom?,Van Williams,bridge,medium,"Step 1: Al Hirt was a famous jazz trumpeter known for his work in the mid-20th century. Confidence: 0.9  
Step 2: The ABC US television series whose theme Al Hirt played is likely from the 1960s or 1970s, given his prominence during that time. Confidence: 0.8  
Step 3: A well-known ABC series from that era with a jazz-inspired theme is *The Green Hornet*. Confidence: 0.7  
Step 4: *The Green Hornet* starred Van Williams as the titular character and Bruce Lee as Kato. Confidence: 0.8  
Final Answer: Van Williams Confidence: 0.7",Van Williams,0.28224,1.0,1,1
97,5add75a35542992200553b27,"The movie ""3 Ninjas"" was released by which American film distribution label of Walt Disney Studios Motion Pictures?",Touchstone Pictures,bridge,medium,"Step 1: The movie ""3 Ninjas"" was released in 1992. Confidence: 0.9  
Step 2: In 1992, Walt Disney Studios Motion Pictures distributed films under the label ""Hollywood Pictures."" Confidence: 0.8  
Final Answer: Hollywood Pictures Confidence: 0.8",Hollywood Pictures,0.5760000000000001,0.5,0,0
98,5abe9cc65542997ec76fd321,In which town was the subject of the nursery rhyme with Roud Fold Song Index number of 7622 born in?,Sterling,bridge,hard,"Step 1: The Roud Folk Song Index is a database of folk songs and their variations, and the number 7622 corresponds to a specific song. Confidence: 0.9  
Step 2: The nursery rhyme with Roud number 7622 is ""Mary Had a Little Lamb."" Confidence: 0.8  
Step 3: The subject of the nursery rhyme ""Mary Had a Little Lamb"" is Mary Sawyer. Confidence: 0.7  
Step 4: Mary Sawyer was born in Sterling, Massachusetts. Confidence: 0.6  
Final Answer: Sterling Confidence: 0.6",Sterling,0.18144,1.0,1,1
99,5a775a455542994aec3b72a0,Which Australian actress and musician starred in little Miss Sunshine ?,Toni Collette,bridge,medium,"Step 1: The movie ""Little Miss Sunshine"" was released in 2006. Confidence: 0.9  
Step 2: An Australian actress in ""Little Miss Sunshine"" is Toni Collette. Confidence: 0.8  
Step 3: Toni Collette is also a musician. Confidence: 0.7  
Final Answer: Toni Collette Confidence: 0.7",Toni Collette,0.3528,1.0,1,1
100,5ab5a878554299494045f02d,Who was the African-American woman that succeeded Catherine Waynick as bishop?,Jennifer Baskerville-Burrows,bridge,medium,"Step 1: Catherine Waynick was a bishop in the Episcopal Church. Confidence: 0.9  
Step 2: Catherine Waynick served as the bishop of the Episcopal Diocese of Indianapolis. Confidence: 0.8  
Step 3: After Catherine Waynick, Jennifer Baskerville-Burrows became the next bishop of the Episcopal Diocese of Indianapolis. Confidence: 0.9  
Final Answer: Jennifer Baskerville-Burrows Confidence: 0.85",Jennifer Baskerville-Burrows,0.5508000000000001,1.0,1,1
101,5a7a41c65542996a35c17168,Paul Pumphrey went to high school with a former WWE wrestler who was born in what year?,1974,bridge,medium,"Step 1: Identify who Paul Pumphrey is. Paul Pumphrey is a contestant from the TV show ""Survivor: Maryland."" Confidence: 0.8
Step 2: Determine which former WWE wrestler went to high school with Paul Pumphrey. Paul went to high school with Mick Foley, a famous WWE wrestler. Confidence: 0.7
Step 3: Find Mick Foley's birth year. Mick Foley was born in 1965. Confidence: 0.9
Final Answer: 1965 Confidence: 0.7",1965,0.3528,0.0,0,0
102,5ab3033455429976abd1bc20,At what university in Georgia is Scott Lilienfeld a psychology professor?,Emory University,bridge,medium,"Step 1: Scott Lilienfeld was a well-known psychology professor. Confidence: 0.9
Step 2: He was affiliated with Emory University in Georgia. Confidence: 0.8
Final Answer: Emory University Confidence: 0.8",Emory University,0.5760000000000001,1.0,1,1
103,5a7a82365542994f819ef200,The professional ice hockey league that the Peoria Rivermen are part of is based in what state?,North Carolina,bridge,medium,"Step 1: The Peoria Rivermen are a minor league ice hockey team. Confidence: 0.9  
Step 2: The Rivermen currently play in the Southern Professional Hockey League (SPHL). Confidence: 0.8  
Step 3: The SPHL is a regional league primarily based in the southern United States. Confidence: 0.7  
Step 4: The league headquarters is located in Huntsville, Alabama. Confidence: 0.8  
Final Answer: Alabama Confidence: 0.7",Alabama,0.28224,0.0,0,0
104,5a762c895542992d0ec0604a,"Which national park is located in more provinces, Sierra Nevada National Park or Monfragüe?",Sierra Nevada National Park,comparison,medium,"Step 1: Sierra Nevada National Park is located in the provinces of Granada and Almería in Spain. Confidence: 0.9
Step 2: Monfragüe National Park is located in the province of Cáceres in Spain. Confidence: 0.9
Final Answer: Sierra Nevada National Park Confidence: 0.9",Sierra Nevada National Park,0.7290000000000001,1.0,1,1
105,5ae588d15542993aec5ec1b1,"""Gone with the Wind"" is set during what era?",American Civil War and Reconstruction Era,bridge,easy,"Step 1: ""Gone with the Wind"" is a famous novel written by Margaret Mitchell. Confidence: 1.0
Step 2: The novel is widely known for its historical setting in the American South. Confidence: 0.9
Step 3: The story focuses on the Civil War and its aftermath. Confidence: 0.9
Step 4: The Civil War took place in the 1860s. Confidence: 0.9
Final Answer: American Civil War era Confidence: 0.9",American Civil War era,0.6561000000000001,0.8,0,1
106,5ae5168f55429913cc204588,"The actor that played Sandy Stumphill in the sitcom ""Flo"" also stars with Mary McDonnell and Alfre Woodard in a 1992 film written by who?",John Sayles,bridge,medium,"Step 1: The actor who played Sandy Stumphill in the sitcom ""Flo"" is Jim Varney. Confidence: 0.9  
Step 2: Jim Varney starred with Mary McDonnell and Alfre Woodard in the 1992 film ""Passion Fish."" Confidence: 0.8  
Step 3: The writer of ""Passion Fish"" is John Sayles. Confidence: 0.9  

Final Answer: John Sayles Confidence: 0.8",John Sayles,0.5184000000000001,1.0,1,1
107,5a73849b55429908901be2df,Which store located in the Gateway Fashion Mall is currently in bankruptcy liquidation?,Hancock Fabrics,bridge,medium,"Step 1: Gateway Fashion Mall is a shopping center in Salt Lake City, Utah. Confidence: 0.9
Step 2: The mall houses various retailers, including national chains and local stores. Confidence: 0.8
Step 3: Bankruptcy liquidation typically involves larger chains rather than small local stores. Confidence: 0.7
Step 4: A recent retailer in bankruptcy liquidation is Bed Bath & Beyond. Confidence: 0.8
Step 5: Bed Bath & Beyond had a location in Gateway Fashion Mall before its liquidation. Confidence: 0.7
Final Answer: Bed Bath & Beyond Confidence: 0.7",Bed Bath & Beyond,0.197568,0.0,0,0
108,5ae7e45755429952e35ea9d1,What film type has been around since the early years of Korean cinema and includes Whispering Cooridors as an example?,Korean horror,bridge,medium,"Step 1: Korean cinema has a long history with various film genres, including horror, drama, and historical films. Confidence: 0.8
Step 2: ""Whispering Corridors"" is a well-known South Korean horror film series. Confidence: 0.9
Step 3: The horror genre has been present in Korean cinema since its early years, with films like ""A Public Cemetery under the Moon"" from the 1960s. Confidence: 0.7
Final Answer: Horror Confidence: 0.8",Horror,0.4032,0.6666666666666666,0,1
109,5ab5e3375542992aa134a3c7,"Pauline was a journalist and the second wife of which American novelist, short story writer, and journalist?",Ernest Hemingway,bridge,hard,"Step 1: Identify the American novelists known for having multiple wives. Confidence: 0.8  
Step 2: Consider famous American authors like Ernest Hemingway, who was married multiple times. Confidence: 0.9  
Step 3: Check if Hemingway's second wife was named Pauline. Confidence: 0.85  
Step 4: Confirm that Pauline Pfeiffer was Hemingway's second wife and a journalist. Confidence: 0.9  

Final Answer: Ernest Hemingway Confidence: 0.85",Ernest Hemingway,0.46818000000000004,1.0,1,1
110,5ae1020c554299422ee995bd,"Which Premier League team does the Nike Hypervenom-wearing, Belgian footballer play for?",Manchester United,bridge,medium,"Step 1: Identify prominent Belgian footballers who have played in the Premier League. Confidence: 0.9
Step 2: Among the prominent Belgian footballers, consider those associated with Nike Hypervenom boots. Confidence: 0.8
Step 3: Kevin De Bruyne is a high-profile Belgian footballer known for wearing Nike boots, including Hypervenom models. Confidence: 0.7
Step 4: Kevin De Bruyne currently plays for Manchester City in the Premier League. Confidence: 0.9
Final Answer: Manchester City Confidence: 0.8",Manchester City,0.36288000000000004,0.5,0,0
111,5a892591554299669944a4c7,"Who was formerly editor-in-chief of Marvel Comics, Arnold Bennett or Stan Lee ?",Stan Lee,comparison,easy,"Step 1: Arnold Bennett was a British novelist and not associated with Marvel Comics. Confidence: 0.9
Step 2: Stan Lee was a prominent figure in the comic book industry and closely associated with Marvel Comics. Confidence: 0.95
Final Answer: Stan Lee Confidence: 0.95",Stan Lee,0.8122499999999999,1.0,1,1
112,5a89fccc55429970aeb701e4,In which film did Shirley Henderson appear with Tilda Swinton,Okja,bridge,medium,"Step 1: Shirley Henderson is a Scottish actress known for her roles in films like ""Harry Potter"" and ""Trainspotting."" Confidence: 0.9  
Step 2: Tilda Swinton is also a well-known actress, famous for films like ""The Chronicles of Narnia"" and ""Doctor Strange."" Confidence: 0.9  
Step 3: Both Shirley Henderson and Tilda Swinton appeared in the film ""The Beach"" (2000). Confidence: 0.8  
Final Answer: The Beach Confidence: 0.8",The Beach,0.5184000000000001,0.0,0,0
113,5a81b4855542995ce29dcc3a,"""I'm a Little Bit Country"" is the fourth episode of the seventh season of a tv series created by what two people?",Trey Parker and Matt Stone,bridge,medium,"Step 1: ""I'm a Little Bit Country"" is an episode from the TV series ""Family Guy."" Confidence: 0.9
Step 2: ""Family Guy"" was created by Seth MacFarlane. Confidence: 0.9
Step 3: Seth MacFarlane co-created ""Family Guy"" with David Zuckerman. Confidence: 0.8
Final Answer: Seth MacFarlane and David Zuckerman Confidence: 0.8",Seth MacFarlane and David Zuckerman,0.5184000000000001,0.20000000000000004,0,0
114,5a8b3ae055429950cd6afc87,"What was the famous work of an astronomer, mathematician and physicist originally from a city in modern-day Uzbekistan and is one of the oldest inhabited cities in Central Asia ?",Zij-i-Sultani,bridge,easy,"Step 1: The description matches a polymath from Central Asia who was an astronomer, mathematician, and physicist. Confidence: 0.9
Step 2: One of the most famous polymaths from this region is Al-Biruni. Confidence: 0.8
Step 3: Al-Biruni was originally from Khwarazm, a region in modern-day Uzbekistan. Confidence: 0.7
Step 4: One of his most famous works is ""The Mas'udi Canon."" Confidence: 0.6
Step 5: Alternatively, another famous work is ""Tarikh al-Hind"" (The History of India). Confidence: 0.5
Final Answer: The Mas'udi Canon Confidence: 0.6",The Mas'udi Canon,0.09072,0.0,0,0
115,5a84b9ba5542991dd0999db8,Who inspired a themed area included a dark ride attraction with the Kasvapan River?,James Cameron,bridge,medium,"Step 1: The themed area with the Kasvapan River and a dark ride attraction is likely from a Disney park. Confidence: 0.7  
Step 2: The description matches Pandora – The World of Avatar, which includes the Na'vi River Journey dark ride. Confidence: 0.9  
Step 3: The Kasvapan River is fictional, but it resembles the bioluminescent river in Pandora. Confidence: 0.8  
Step 4: Pandora – The World of Avatar was inspired by the movie ""Avatar"" directed by James Cameron. Confidence: 0.95  
Final Answer: James Cameron Confidence: 0.9",James Cameron,0.43092,1.0,1,1
116,5ab3d31e554299233954ffba,Where was the second most penalized brawl in the NBA?,Madison Square Garden,bridge,hard,"Step 1: The most penalized brawl in NBA history is the ""Malice at the Palace,"" which occurred in Auburn Hills, Michigan. Confidence: 1.0
Step 2: The second most penalized brawl in the NBA is likely another high-profile brawl with significant suspensions and fines. Confidence: 0.9
Step 3: Another notable NBA brawl is the ""Knicks-Nuggets brawl"" in 2006, which resulted in multiple suspensions. Confidence: 0.8
Step 4: The Knicks-Nuggets brawl took place in Madison Square Garden, New York. Confidence: 0.7
Final Answer: Madison Square Garden, New York Confidence: 0.7","Madison Square Garden, New York",0.3528,0.7499999999999999,0,1
117,5a8f7f64554299458435d65b,Who directed the film in which Matthew Lintz plays Matty?,Chris Columbus,bridge,medium,"Step 1: Identify the film where Matthew Lintz plays a character named Matty. Confidence: 0.8
Step 2: The film where Matthew Lintz plays Matty is ""The Walking Dead: World Beyond."" Confidence: 0.7
Step 3: ""The Walking Dead: World Beyond"" is a TV series, not a film. Confidence: 0.9
Step 4: There may be confusion with another project; Matthew Lintz played Matty Simms in the film ""The 5th Wave."" Confidence: 0.8
Step 5: The director of ""The 5th Wave"" is J Blakeson. Confidence: 0.9

Final Answer: J Blakeson Confidence: 0.8",J Blakeson,0.29030400000000006,0.0,0,0
118,5a7b69f75542997c3ec97157,How many acres of land is the Box Moor Trust responsible for to include the parishes of Hemel Hempstead and Bovingdon?,500 acres,bridge,medium,"Step 1: Box Moor Trust is a land management organization in Hertfordshire, UK. Confidence: 0.9  
Step 2: The Box Moor Trust manages land in the parishes of Hemel Hempstead and Bovingdon. Confidence: 0.8  
Step 3: The total area managed by Box Moor Trust is approximately 500 acres. Confidence: 0.7  

Final Answer: 500 Confidence: 0.7",500,0.3528,0.6666666666666666,0,1
119,5ae58e1f5542993aec5ec1bb,"Who is more of an independent artist, Pop Evil or Imogen Heap?",Imogen Heap,comparison,easy,"Step 1: Identify the genre and background of Pop Evil. Confidence: 0.7
Step 2: Identify the genre and background of Imogen Heap. Confidence: 0.8
Step 3: Compare the level of major label involvement for Pop Evil. Confidence: 0.6
Step 4: Compare the level of major label involvement for Imogen Heap. Confidence: 0.7
Final Answer: Imogen Heap Confidence: 0.7",Imogen Heap,0.16463999999999995,1.0,1,1
120,5a84b8ac5542991dd0999db4,What type of fils are the Blue Vinyl and Girl 27?,documentary film,comparison,medium,"Step 1: The question mentions ""Blue Vinyl"" and ""Girl 27"" as examples of ""fils."" Confidence: 0.9
Step 2: ""Fils"" is likely a typo or shorthand for ""films."" Confidence: 0.8
Step 3: ""Blue Vinyl"" is a documentary film about the vinyl industry and its environmental impact. Confidence: 0.7
Step 4: ""Girl 27"" is a 2007 documentary film about a scandal in Hollywood. Confidence: 0.7
Final Answer: documentaries Confidence: 0.7",documentaries,0.24695999999999999,0.0,0,1
121,5ae295a35542994d89d5b42c,"What recognitions did David Alan Mamet receive for the play ""Glengary Glen Ross?""",Pulitzer Prize,bridge,hard,"Step 1: David Alan Mamet is a renowned playwright and screenwriter, known for works like ""Glengary Glen Ross."" Confidence: 0.9  
Step 2: ""Glengary Glen Ross"" is a well-known play written by Mamet, first performed in 1983. Confidence: 0.9  
Step 3: The play has received significant critical acclaim and awards. Confidence: 0.8  
Step 4: Specifically, ""Glengary Glen Ross"" won the Pulitzer Prize for Drama in 1984. Confidence: 0.8  
Final Answer: Pulitzer Prize for Drama Confidence: 0.8",Pulitzer Prize for Drama,0.4147200000000001,0.6666666666666666,0,1
122,5ae1363255429920d5234321,"James M. Long, was an American baseball player who played outfielder in the Major Leagues from 1891 to 1893, and was born in which city in Kentucky?",Louisville,bridge,easy,"Step 1: James M. Long was a baseball player who played in the MLB from 1891 to 1893. Confidence: 0.9  
Step 2: James M. Long was born in Kentucky. Confidence: 0.9  
Step 3: Researching historical records shows James M. Long was born in Louisville, Kentucky. Confidence: 0.7  
Final Answer: Louisville Confidence: 0.7",Louisville,0.3968999999999999,1.0,1,1
123,5ae50aff55429960a22e0254,"Which documentary film was released first, ""Seal Island"" or ""Paper Clips"" (about the Paper Clips Project)?",Seal Island,comparison,medium,"Step 1: ""Seal Island"" is a Disney nature documentary released as part of the True-Life Adventures series. Confidence: 0.9  
Step 2: ""Seal Island"" was released in 1948. Confidence: 0.8  
Step 3: ""Paper Clips"" is a documentary about the Paper Clips Project, which gained attention in the early 2000s. Confidence: 0.9  
Step 4: ""Paper Clips"" was released in 2004. Confidence: 0.8  
Final Answer: ""Seal Island"" Confidence: 0.85","""Seal Island""",0.44064000000000003,1.0,1,1
124,5adbf9d855429947ff173882,What is the main focus of both paragraphs?,building construction.,bridge,hard,"Step 1: Identify that the question is asking for the main focus shared by two paragraphs. Confidence: 1.0  
Step 2: Recognize that without the actual paragraphs, the answer must be based on the general interpretation of the question. Confidence: 1.0  
Step 3: Assume the main focus is a central theme or idea common to both paragraphs. Confidence: 0.8  
Final Answer: shared central theme Confidence: 0.7",shared central theme,0.5599999999999999,0.0,0,0
125,5ae75dd15542997b22f6a6ff,"When was the leader of ""Citizens for Constitutional Freedom"" born? ","September 1, 1975",bridge,medium,"Step 1: Identify the leader of ""Citizens for Constitutional Freedom"". Confidence: 0.6  
Step 2: ""Citizens for Constitutional Freedom"" was a group involved in the 2016 Oregon standoff, led by Ammon Bundy. Confidence: 0.8  
Step 3: Ammon Bundy was born on September 1, 1975. Confidence: 0.9  
Final Answer: September 1, 1975 Confidence: 0.8","September 1, 1975",0.3456,1.0,1,1
126,5ac10090554299294b21906a,Which river in the English county of Warwickshire has a ferry named after the main antagonist from the William Shakespeare comedy Twelfth Night?,River Avon,bridge,medium,"Step 1: The main antagonist in Shakespeare's comedy ""Twelfth Night"" is Malvolio. Confidence: 0.9
Step 2: The ferry named after Malvolio would likely be called the Malvolio Ferry. Confidence: 0.8
Step 3: Warwickshire is associated with the River Avon, which is the most famous river in the county. Confidence: 0.8
Final Answer: River Avon Confidence: 0.7",River Avon,0.4032,1.0,1,1
127,5a846e4c5542992ef85e23f5,"Drivers Republic was founded in March 2008 by Steve Davies together with Richard Meaden; a co-founder of Evo, a British automobile magazine dedicated to what?",performance cars,bridge,easy,"Step 1: Richard Meaden is a co-founder of Evo, a British automobile magazine. Confidence: 0.9  
Step 2: Evo is known for focusing on high-performance cars and motorsport. Confidence: 0.8  
Final Answer: high-performance cars Confidence: 0.8",high-performance cars,0.5760000000000001,0.5,0,1
128,5ab2a2745542997061209679,"Tourist Season, which is the first solo novel by Carl Hiaasen was written in what year?",1986,bridge,medium,"Step 1: Carl Hiaasen is an American journalist and novelist known for his satirical and humorous writing. Confidence: 0.9
Step 2: ""Tourist Season"" is indeed Carl Hiaasen's first solo novel. Confidence: 0.85
Step 3: Carl Hiaasen began his solo novel career in the 1980s. Confidence: 0.8
Step 4: ""Tourist Season"" was published in 1986. Confidence: 0.7
Final Answer: 1986 Confidence: 0.7",1986,0.29988000000000004,1.0,1,1
129,5ade55955542992fa25da755,"What was the 2010 census population of the county in which Dry Valley, Nevada is located?","5,345",bridge,medium,"Step 1: Dry Valley, Nevada is located in Washoe County. Confidence: 0.9
Step 2: The 2010 census population of Washoe County was 421,407. Confidence: 0.8
Final Answer: 421,407 Confidence: 0.72","421,407",0.5184000000000001,0.0,0,0
130,5ade55c75542997c77adee01,"Zwan and Noir Désir, have which genre in common?",rock,comparison,easy,"Step 1: Zwan is a band formed by Billy Corgan, known for his work in The Smashing Pumpkins. Confidence: 0.9
Step 2: The Smashing Pumpkins are primarily associated with the alternative rock genre. Confidence: 0.9
Step 3: Noir Désir is a French band known for their alternative rock and post-punk sound. Confidence: 0.8
Step 4: Both Zwan and Noir Désir share the alternative rock genre in their music. Confidence: 0.8
Final Answer: alternative rock Confidence: 0.8",alternative rock,0.4147200000000001,0.6666666666666666,0,1
131,5abfce0e5542997719eab6d4,Who did Leonid Kerber work with who was born in 1888?,Andrei Tupolev,bridge,medium,"Step 1: Leonid Kerber was a Soviet aircraft designer who worked during the mid-20th century. Confidence: 0.8  
Step 2: A prominent figure in Soviet aviation born in 1888 was Andrei Tupolev. Confidence: 0.9  
Step 3: Kerber was known to collaborate with Tupolev on several aircraft projects. Confidence: 0.7  
Final Answer: Andrei Tupolev Confidence: 0.7",Andrei Tupolev,0.3528,1.0,1,1
132,5a8050655542996402f6a4b5,Both Ruby Yang and Marc Caro are french ?,no,comparison,medium,"Step 1: Ruby Yang is a film director known for her work in Hong Kong. Confidence: 0.8
Step 2: Marc Caro is a French film director and comic book artist. Confidence: 0.9
Final Answer: No Confidence: 0.85",No,0.6120000000000001,1.0,1,1
133,5ae325445542990afbd1e0b4,What year did Les Scadding win the EuroMillions lottery?,in 2009.,bridge,hard,"Step 1: Les Scadding is known for winning a significant lottery prize. Confidence: 0.9  
Step 2: The EuroMillions lottery is a popular European lottery. Confidence: 1.0  
Step 3: Les Scadding won the EuroMillions lottery in 2009. Confidence: 0.8  

Final Answer: 2009 Confidence: 0.8",2009,0.5760000000000001,0.6666666666666666,0,1
134,5a7e70545542991319bc94b5,"Medfield College is a fictitious university used as the setting for several films by The Walt Disney Company, Among them are the two ""Professor Brainard"" movies, one is The Computer Wore Tennis Shoes is a 1969 American comedy film starring who?",Kurt Russell,bridge,easy,"Step 1: The question mentions that Medfield College is the setting for several Disney films, including the ""Professor Brainard"" movies. Confidence: 0.9  
Step 2: One of the ""Professor Brainard"" movies is ""The Computer Wore Tennis Shoes,"" released in 1969. Confidence: 0.9  
Step 3: ""The Computer Wore Tennis Shoes"" is a comedy film, and the main actor would likely be a prominent Disney star of that era. Confidence: 0.8  
Step 4: Kurt Russell was a well-known Disney actor in the late 1960s and starred in several Disney films during that time. Confidence: 0.8  
Step 5: Checking further confirms that Kurt Russell starred in ""The Computer Wore Tennis Shoes."" Confidence: 0.9  

Final Answer: Kurt Russell Confidence: 0.9",Kurt Russell,0.4199040000000001,1.0,1,1
135,5ab989735542996be2020545,What is the nationality of the person who played drums in the supergroup Planet Us?,American,bridge,medium,"Step 1: The supergroup Planet Us included musicians from different bands. Confidence: 0.9  
Step 2: The drummer for Planet Us was Deen Castronovo. Confidence: 0.8  
Step 3: Deen Castronovo is an American musician. Confidence: 0.9  
Final Answer: American Confidence: 0.8",American,0.5184000000000001,1.0,1,1
136,5a90a2205542990a98493675,Mark of the Gorilla is 1950 Jungle Jim film that starred an actor best known for playing which character ?,Tarzan,bridge,medium,"Step 1: ""Mark of the Gorilla"" is a 1950 Jungle Jim film. Confidence: 0.9
Step 2: The Jungle Jim series starred Johnny Weissmuller. Confidence: 0.8
Step 3: Johnny Weissmuller is best known for playing Tarzan. Confidence: 0.95
Final Answer: Tarzan Confidence: 0.9",Tarzan,0.6156,1.0,1,1
137,5ac486785542997ea680ca78, Les nuits d'été is a song cycle by a romantic composer who made significant contributions to the modern orchestra with what?,Treatise on Instrumentation,bridge,medium,"Step 1: ""Les nuits d'été"" is a song cycle by Hector Berlioz. Confidence: 0.9  
Step 2: Hector Berlioz is a Romantic composer. Confidence: 0.9  
Step 3: Berlioz made significant contributions to the modern orchestra through his innovations in orchestration. Confidence: 0.8  
Final Answer: orchestration Confidence: 0.8",orchestration,0.5184000000000001,0.0,0,1
138,5ae2d44055429928c42394e7,"On what date was the man whom Jamie Maclachlan played in ""Four Minutes"" born?",23 March 1929,bridge,medium,"Step 1: First, identify who Jamie Maclachlan played in ""Four Minutes"". Confidence: 0.8
Step 2: Jamie Maclachlan played Roger Bannister in ""Four Minutes"". Confidence: 0.9
Step 3: Find the birth date of Roger Bannister. Confidence: 0.9
Final Answer: March 23, 1929 Confidence: 0.85","March 23, 1929",0.5508000000000001,1.0,0,1
139,5abee0fe5542994516f45461,Which of the following is usually garnished with a slice of lime: Old Fashioned or Gin and tonic?,gin and tonic,comparison,medium,"Step 1: An Old Fashioned is typically made with whiskey, sugar, and bitters, and is often garnished with an orange peel or cherry. Confidence: 0.9  
Step 2: A Gin and tonic is made with gin, tonic water, and is commonly garnished with a slice of lime. Confidence: 0.9  
Final Answer: Gin and tonic Confidence: 0.9",Gin and tonic,0.7290000000000001,1.0,1,1
140,5ae015a0554299025d62a3e8,"The 2001 Rockingham 500 was a Championship Auto Racing Teams (CART) motor race held on 22 September 2001 at the Rockingham Motor Speedway in Corby, Northamptonshire, England, which Swedish former race car driver, finished second for Team Rahal?",Kenny Bräck,bridge,easy,"Step 1: The 2001 Rockingham 500 was a CART race held in England. Confidence: 0.9
Step 2: Team Rahal participated in the 2001 CART season. Confidence: 0.9
Step 3: A Swedish former race car driver raced for Team Rahal in 2001. Confidence: 0.8
Step 4: The Swedish driver in Team Rahal in 2001 was Kenny Bräck. Confidence: 0.7
Final Answer: Kenny Bräck Confidence: 0.7",Kenny Bräck,0.31752,1.0,1,1
141,5a74e31a55429974ef308c88,What did Wendy Toye and Paul Schrader both do for an occupation?,film director,comparison,medium,"Step 1: First, identify who Wendy Toye and Paul Schrader are. Confidence: 0.8
Step 2: Wendy Toye was a British choreographer, dancer, and film director. Confidence: 0.7
Step 3: Paul Schrader is an American screenwriter and film director. Confidence: 0.9
Step 4: Compare their occupations to find the commonality. Confidence: 0.8
Final Answer: film director Confidence: 0.8",film director,0.32256,1.0,1,1
142,5ab2c99b55429916697740d4,"Which private, nonsectarian institution has a famous artist featured in major museum solo shows?",Pratt Institute,bridge,easy,"Step 1: Identify famous artists who have had major museum solo shows. Confidence: 0.9
Step 2: Think of private, nonsectarian institutions associated with such artists (e.g., art schools, universities, or foundations). Confidence: 0.8
Step 3: Consider the Rhode Island School of Design (RISD) as a prominent private, nonsectarian institution known for producing famous artists. Confidence: 0.7
Step 4: Recall that RISD alums like Jenny Holzer have had major museum solo shows. Confidence: 0.6
Final Answer: Rhode Island School of Design Confidence: 0.7",Rhode Island School of Design,0.21167999999999998,0.0,0,0
143,5addfd775542997545bbbde4,What role did Kurt McKinney play in the 1986 American martial arts film directed by Corey Yuen?,Jason Stillwell,bridge,medium,"Step 1: Identify the 1986 American martial arts film directed by Corey Yuen. Confidence: 0.9
Step 2: The film is ""No Retreat, No Surrender."" Confidence: 0.8
Step 3: Kurt McKinney starred in ""No Retreat, No Surrender."" Confidence: 0.7
Step 4: Determine Kurt McKinney's role in the film. Confidence: 0.6
Final Answer: Jason Stillwell Confidence: 0.6",Jason Stillwell,0.18144,1.0,1,1
144,5a873cb855429960ec39b770,What was the debut album of the founder of Reprise Records?,"""The Voice of Frank Sinatra""",bridge,medium,"Step 1: Reprise Records was founded by Frank Sinatra. Confidence: 0.9  
Step 2: Frank Sinatra's debut album was ""The Voice of Frank Sinatra."" Confidence: 0.8  
Final Answer: The Voice of Frank Sinatra Confidence: 0.8",The Voice of Frank Sinatra,0.5760000000000001,1.0,1,1
145,5adc85305542994d58a2f628,"Which breed of hound is known by more names, the Austrian Black and Tan Hound or the Tyrolean Hound?",The Tyrolean Hound,comparison,hard,"Step 1: The Austrian Black and Tan Hound is also known as the Brandlbracke or Vieräugl. Confidence: 0.9
Step 2: The Tyrolean Hound is also known as the Tiroler Bracke. Confidence: 0.9
Step 3: The Austrian Black and Tan Hound has two additional names, while the Tyrolean Hound has one. Confidence: 0.8
Final Answer: Austrian Black and Tan Hound Confidence: 0.8",Austrian Black and Tan Hound,0.5184000000000001,0.28571428571428575,0,0
146,5a70fc435542994082a3e48a,What album has the song Stray Heart and was released through Reprise Records?,¡Dos!,bridge,medium,"Step 1: First, identify the artist who performs the song ""Stray Heart."" Confidence: 0.9  
Step 2: ""Stray Heart"" is a song by the band Green Day. Confidence: 0.9  
Step 3: Research which Green Day album contains the song ""Stray Heart."" Confidence: 0.8  
Step 4: The album is ""¡Dos!"" which is part of their trilogy released in 2012. Confidence: 0.8  
Step 5: Check if ""¡Dos!"" was released through Reprise Records. Confidence: 0.9  
Final Answer: ¡Dos! Confidence: 0.8",¡Dos!,0.3732480000000001,1.0,1,1
147,5a727c995542991f9a20c491,What is the name of the album by the English rock band Arctic Monkeys that features the song Cornerstone,Humbug,bridge,medium,"Step 1: The Arctic Monkeys are an English rock band known for several albums. Confidence: 0.9  
Step 2: ""Cornerstone"" is one of their popular songs. Confidence: 0.9  
Step 3: ""Cornerstone"" was released as a single in 2009. Confidence: 0.85  
Step 4: The album that features ""Cornerstone"" is ""Humbug."" Confidence: 0.8  
Final Answer: Humbug Confidence: 0.8",Humbug,0.4406400000000001,1.0,1,1
148,5aba4c9155429939ce03dc82,"What Hawaiian island is home to Taro, the most widely cultivated species of plants in the Araceae family, and the Kaukini Gallery?",Maui,bridge,hard,"Step 1: Identify the key elements in the question - Taro cultivation and Kaukini Gallery in Hawaii. Confidence: 1.0
Step 2: Taro is extensively cultivated on the island of Maui. Confidence: 0.9
Step 3: Kaukini Gallery is a well-known art gallery located in Maui. Confidence: 0.8
Final Answer: Maui Confidence: 0.85",Maui,0.6120000000000001,1.0,1,1
149,5a7c60bb554299683c1c62f1,"Who was born first, American novelist Tom Robbins or marine biologist Rachel Carson?",Rachel Louise Carson,comparison,medium,"Step 1: Tom Robbins was born in 1936. Confidence: 1.0  
Step 2: Rachel Carson was born in 1907. Confidence: 1.0  
Final Answer: Rachel Carson Confidence: 1.0",Rachel Carson,1.0,0.8,0,1
150,5ab85f435542992aa3b8c8c9,What member of nobility does Dalmeny House and Barnbougle Castle have in common?,Earl,bridge,hard,"Step 1: Dalmeny House is a historic house in Scotland, located near Edinburgh. Confidence: 0.9  
Step 2: Barnbougle Castle is also a historic property in Scotland, near Dalmeny House. Confidence: 0.9  
Step 3: Both properties are associated with the Rosebery family, a noble family in Scotland. Confidence: 0.8  
Final Answer: Earl of Rosebery Confidence: 0.8",Earl of Rosebery,0.5184000000000001,0.5,0,1
151,5ac2604e5542996366519994,Joel Meyerowitz taught photography at what privately funded college located in Cooper Square in the East Village neighborhood of Manhattan?,Cooper Union,bridge,medium,"Step 1: Joel Meyerowitz is a well-known photographer. Confidence: 0.9
Step 2: Cooper Square in the East Village is known for being home to Cooper Union. Confidence: 0.8
Step 3: Cooper Union is a privately funded college. Confidence: 0.9
Step 4: Joel Meyerowitz taught photography at Cooper Union. Confidence: 0.7
Final Answer: Cooper Union Confidence: 0.7",Cooper Union,0.31752,1.0,1,1
152,5ac3c23c5542993915413948,What country does Andhra Pradesh Randomized Evaluation Studies ande Azim Premji have in common?,India,bridge,medium,"Step 1: Andhra Pradesh is a state in India. Confidence: 0.9  
Step 2: Azim Premji is an Indian billionaire and philanthropist. Confidence: 0.9  
Final Answer: India Confidence: 0.9",India,0.7290000000000001,1.0,1,1
153,5abde91e55429933744ab82d,What was the nationality of the winner of the 2007 Masters of Formula 3?,German,bridge,hard,"Step 1: The Masters of Formula 3 is an annual motorsport event for Formula Three cars. Confidence: 0.9  
Step 2: The 2007 Masters of Formula 3 was held at Zandvoort in the Netherlands. Confidence: 0.9  
Step 3: The winner of the 2007 Masters of Formula 3 was Romain Grosjean. Confidence: 0.8  
Step 4: Romain Grosjean was born in Geneva, Switzerland. Confidence: 0.9  
Final Answer: Swiss Confidence: 0.8",Swiss,0.46656000000000014,0.0,0,0
154,5a7128905542994082a3e5f0,Which singer debuted as a member of Super Junior and released a mini album called Spring Falling?,Yesung,bridge,medium,"Step 1: Super Junior is a South Korean boy band with multiple members who have also pursued solo careers. Confidence: 0.9  
Step 2: One of the well-known members who released solo music is Kyuhyun. Confidence: 0.8  
Step 3: Kyuhyun released a mini album, but I'm unsure if it was called ""Spring Falling."" Confidence: 0.6  
Step 4: Checking the timeline, Kyuhyun's most notable mini album matching this theme is ""Waiting, Still,"" not ""Spring Falling."" Confidence: 0.7  
Step 5: Another Super Junior member, Ryeowook, released a mini album titled ""The Little Prince,"" which still doesn't match ""Spring Falling."" Confidence: 0.7  
Final Answer: Zhou Mi Confidence: 0.5",Zhou Mi,0.10583999999999999,0.0,0,0
155,5ae533d75542992663a4f15c,What country is the movie Waisa Bhi Hota Hai Part II and singer Shibani Kashyap from?,India,bridge,medium,"Step 1: The movie ""Waisa Bhi Hota Hai Part II"" is an Indian film. Confidence: 0.8  
Step 2: Singer Shibani Kashyap is also from India. Confidence: 0.9  
Final Answer: India Confidence: 0.85",India,0.6120000000000001,1.0,1,1
156,5a72d67255429901807daf4f,Which prominent mathematician in the Bernoulli family did Jakob II Bernoulli study under?,Daniel Bernoulli,bridge,medium,"Step 1: Jakob II Bernoulli was a member of the famous Bernoulli family of mathematicians. Confidence: 0.9  
Step 2: The Bernoulli family includes notable mathematicians like Johann Bernoulli and Daniel Bernoulli. Confidence: 0.9  
Step 3: Jakob II Bernoulli was the nephew of Johann Bernoulli. Confidence: 0.8  
Step 4: Johann Bernoulli was a prominent mathematician who taught his nephew Jakob II. Confidence: 0.7  
Final Answer: Johann Bernoulli Confidence: 0.7",Johann Bernoulli,0.31752,0.5,0,0
157,5a7da8625542990b8f503a0a,Is the Herald or The Liberator Magazine published further north?,The Liberator Magazine,comparison,hard,"Step 1: The Herald is a newspaper based in Glasgow, Scotland. Confidence: 0.9  
Step 2: The Liberator Magazine is a publication associated with the abolitionist movement in the United States, likely based in New York or Boston. Confidence: 0.8  
Step 3: Glasgow is further north than New York or Boston. Confidence: 0.9  
Final Answer: The Herald Confidence: 0.8",The Herald,0.5184000000000001,0.0,0,0
158,5ab2dd2d5542992953946886,"Which genus contais more species, Crowea or Zamioculcas?",Crowea,comparison,medium,"Step 1: Crowea is a genus of flowering plants in the family Rutaceae, native to Australia. Confidence: 0.9
Step 2: Zamioculcas is a genus of flowering plants in the family Araceae, containing the single species Zamioculcas zamiifolia. Confidence: 0.9
Step 3: Crowea has three known species: Crowea angustifolia, Crowea exalata, and Crowea saligna. Confidence: 0.8
Final Answer: Crowea Confidence: 0.85",Crowea,0.5508000000000001,1.0,1,1
159,5ae209445542997f29b3c217,"The non-profit organization, Simon Youth Foundation's parent company is an American commercial real estate company and also the largest what in the United States?",shopping mall operator,bridge,hard,"Step 1: Simon Youth Foundation is associated with a commercial real estate company. Confidence: 0.9
Step 2: The parent company is Simon Property Group, a major commercial real estate firm. Confidence: 0.9
Step 3: Simon Property Group is the largest mall operator in the United States. Confidence: 0.8
Final Answer: mall operator Confidence: 0.8",mall operator,0.5184000000000001,0.8,0,1
160,5ab1f811554299340b525445,"Game Face and March of the Penguins, are which type of film?",documentary,comparison,easy,"Step 1: ""Game Face"" is a documentary about transgender athletes. Confidence: 0.9
Step 2: ""March of the Penguins"" is a documentary about emperor penguins. Confidence: 0.9
Final Answer: documentary Confidence: 0.9",documentary,0.7290000000000001,1.0,1,1
161,5abe93775542991f661061a1,In which year was the arena opened in which Demi Lovato began the first leg of 2014 concert tour ?,1995,bridge,medium,"Step 1: Demi Lovato's 2014 concert tour is called the ""Neon Lights Tour"". Confidence: 0.9
Step 2: The first leg of the Neon Lights Tour began in Vancouver, Canada. Confidence: 0.8
Step 3: The arena in Vancouver where concerts are typically held is the Rogers Arena. Confidence: 0.8
Step 4: The Rogers Arena was opened in 1995. Confidence: 0.9
Final Answer: 1995 Confidence: 0.8",1995,0.4147200000000001,1.0,1,1
162,5ab4f7b75542991779162d41,The actress who played Margaret in The Wars of the Roses was of what nationality?,English,bridge,medium,"Step 1: First, I need to identify ""The Wars of the Roses"" to understand what it refers to. It could be a historical drama or a play. Confidence: 0.8
Step 2: ""The Wars of the Roses"" is a famous adaptation of Shakespeare's history plays, specifically the Henry VI trilogy and Richard III, by the Royal Shakespeare Company. Confidence: 0.9
Step 3: The actress who played Margaret in this adaptation was Peggy Ashcroft, a renowned British actress. Confidence: 0.7
Final Answer: British Confidence: 0.7",British,0.3528,0.0,0,1
163,5ac2c3be5542990b17b1548d,The Nutcracker and the Four Realms is an upcoming film staring an actress who made her film debut when? ,1995,bridge,medium,"Step 1: The actress in ""The Nutcracker and the Four Realms"" is Mackenzie Foy. Confidence: 0.9  
Step 2: Mackenzie Foy made her film debut in ""The Twilight Saga: Eclipse"" in 2010. Confidence: 0.8  
Final Answer: 2010 Confidence: 0.8",2010,0.5760000000000001,0.0,0,0
164,5ae53b3f55429908b632658f,This EA video games series with Sweedish developers featured Frostbrite game engine before any other games of it's kind?,Battlefield,bridge,easy,"Step 1: The question refers to a video game series developed by Swedish developers and published by EA. Confidence: 0.9
Step 2: The series used the Frostbite game engine before other games of its kind. Confidence: 0.8
Step 3: The Frostbite engine was notably used by EA for the Battlefield series, but the developers (DICE) are Swedish. Confidence: 0.9
Step 4: The Battlefield series fits the description of being a high-profile EA series with Swedish developers and early adoption of Frostbite. Confidence: 0.8
Final Answer: Battlefield Confidence: 0.8",Battlefield,0.4147200000000001,1.0,1,1
165,5a7f36b055429930675136ad,"What band  consists of lead vocalist and guitarist Jon Fratelli , bass guitarist Barry Fratelli , and drummer and backing vocalist Mince Fratelli that released their third single from their second album ""Here We Stand"", released on 22 December 2008? ",The Fratellis,bridge,easy,"Step 1: The band description mentions members Jon Fratelli, Barry Fratelli, and Mince Fratelli. Confidence: 0.95
Step 2: These members are part of the Scottish rock band The Fratellis. Confidence: 0.90
Step 3: Their second album is ""Here We Stand,"" released in 2008. Confidence: 0.85
Step 4: The third single from ""Here We Stand"" is likely one of their popular tracks from that album. Confidence: 0.80
Final Answer: The Fratellis Confidence: 0.85",The Fratellis,0.49419,1.0,1,1
166,5ac194dc5542994ab5c67d85,"The Mitchell County School District is a public school district in Mitchell County, Georgia, based in Camilla, a city in Mitchell County, Georgia, and is its county seat, is in which country?",United States,bridge,easy,"Step 1: The Mitchell County School District is based in Camilla, Georgia. Confidence: 1.0
Step 2: Camilla is the county seat of Mitchell County, Georgia. Confidence: 1.0
Step 3: Mitchell County is located in the state of Georgia, USA. Confidence: 1.0
Final Answer: United States Confidence: 1.0",United States,1.0,1.0,1,1
167,5ab5bee0554299494045f04f,"""On a Good Night"" is a song written by Larry Boone, Don Cook and Paul Nelson, and recorded by Tony Wade Hayes, is an American country music artist, that signed to which organization?",Columbia Records,bridge,easy,"Step 1: ""On a Good Night"" is a song recorded by Tony Wade Hayes. Confidence: 0.9
Step 2: Tony Wade Hayes is an American country music artist. Confidence: 0.9
Step 3: Artists in the country music industry typically sign with record labels. Confidence: 0.8
Step 4: Tony Wade Hayes is known to have been signed to Columbia Records. Confidence: 0.7
Final Answer: Columbia Records Confidence: 0.7",Columbia Records,0.31752,1.0,1,1
168,5addf8585542995b365faba6,Who is the current director for the state pageant title that went on to win the 2006 Miss USA pageant?,Connie Clark Harrison,bridge,medium,"Step 1: The 2006 Miss USA pageant was won by Tara Conner. Confidence: 1.0
Step 2: Tara Conner won the Miss Kentucky USA 2006 title before winning Miss USA. Confidence: 1.0
Step 3: The director of the Miss Kentucky USA pageant in 2006 would be the person in question. Confidence: 1.0
Step 4: The current director of Miss Kentucky USA is not easily found through common knowledge. Confidence: 0.3
Final Answer: Unknown Confidence: 0.3",Unknown,0.09,0.0,0,0
169,5a736f3855429901807db05c,What is the chemical formula of the kind of ash of which Middlewich Folk and Boat Festival celebrates the raw materials needed for the manufacturing?,NaCO,bridge,medium,"Step 1: Middlewich Folk and Boat Festival is located in Middlewich, England, which is known for its salt production. Confidence: 0.8  
Step 2: The festival celebrates the town's historical salt industry. Confidence: 0.9  
Step 3: The raw material for salt production is typically sodium chloride. Confidence: 0.9  
Step 4: The ash produced during salt manufacturing is mainly sodium chloride residue. Confidence: 0.8  
Final Answer: NaCl Confidence: 0.8",NaCl,0.4147200000000001,0.0,0,0
170,5a86a4175542991e77181674,Do both Platystemon and Aulax grow in soils?,yes,comparison,medium,"Step 1: Platystemon is a genus of flowering plants, commonly known as creamcups, which are native to western North America. Confidence: 0.9
Step 2: Aulax is a genus of flowering plants in the family Proteaceae, native to South Africa. Confidence: 0.9
Step 3: Most flowering plants, including Platystemon and Aulax, grow in soil as they require nutrients and water from the ground. Confidence: 0.8
Final Answer: yes Confidence: 0.8",yes,0.5184000000000001,1.0,1,1
171,5ae745595542997b22f6a66c,"The character Michael Guerin in the tv series ""Roswell"" is played by an actor that plays what role on ""The Night Shift""?",Dr. Drew Alister,bridge,medium,"Step 1: Identify the actor who played Michael Guerin in ""Roswell"". Confidence: 0.9
Step 2: The actor who played Michael Guerin in ""Roswell"" is Brendan Fehr. Confidence: 0.8
Step 3: Find the role Brendan Fehr played in ""The Night Shift"". Confidence: 0.7
Step 4: Brendan Fehr played the role of Dr. Drew Alister in ""The Night Shift"". Confidence: 0.6
Final Answer: Dr. Drew Alister Confidence: 0.6",Dr. Drew Alister,0.18144,1.0,1,1
172,5adcc3ff554299438c868e1b,Who did Seymour Heller represent?,Count Basie,bridge,easy,"Step 1: Seymour Heller was a talent manager. Confidence: 0.9  
Step 2: He is best known for representing Liberace. Confidence: 0.8  
Final Answer: Liberace Confidence: 0.8",Liberace,0.5760000000000001,0.0,0,0
173,5ae3bf0e5542992e3233c470,"Rich Kids were a short-lived new wave band from London, founded in 1977 by Glen Matlock, the band also included which Scottish musician, singer-songwriter and producer, and future Ultravox member?",Midge Ure,bridge,easy,"Step 1: Glen Matlock was a member of the Sex Pistols before forming Rich Kids. Confidence: 0.9
Step 2: Rich Kids included a Scottish musician who later joined Ultravox. Confidence: 0.9
Step 3: Midge Ure is a Scottish musician, singer-songwriter, and producer who was in Ultravox. Confidence: 0.9
Final Answer: Midge Ure Confidence: 0.9",Midge Ure,0.6561000000000001,1.0,1,1
174,5ae2399f5542992decbdcc84,Henry Durant went to this constituent college that has over how many students and fellows?,seven hundred,bridge,medium,"Step 1: Henry Durant is known as a co-founder of the University of California, Berkeley. Confidence: 0.9
Step 2: The University of California, Berkeley is a large public university with over 30,000 undergraduate students. Confidence: 0.8
Step 3: The term ""constituent college"" refers to colleges within a larger university system, but Berkeley itself is a single campus under the UC system. Confidence: 0.7
Step 4: Fellows typically refer to academic staff or graduate students, but the exact number is less commonly cited than undergraduate enrollment. Confidence: 0.6
Final Answer: 30,000 Confidence: 0.7","30,000",0.21167999999999998,0.0,0,0
175,5ae5608a5542992663a4f1ef,What kind of compound is Oxalic acid?,organic compound,bridge,medium,"Step 1: Oxalic acid is an organic compound. Confidence: 0.9  
Step 2: It is a dicarboxylic acid, meaning it has two carboxyl groups (-COOH). Confidence: 0.85  
Final Answer: dicarboxylic acid Confidence: 0.85",dicarboxylic acid,0.65025,0.0,0,1
176,5a76ab385542993735360146,"What film is a remake of the 1975 Disney film ""Escape to Witch Mountain"", Phineas and Ferb or Race to Witch Mountain?",Race to Witch Mountain,comparison,easy,"Step 1: First, I need to determine which of the two options, ""Phineas and Ferb"" or ""Race to Witch Mountain,"" is a film. Confidence: 0.9
Step 2: ""Phineas and Ferb"" is a TV show, not a film, so it likely isn't the correct answer. Confidence: 0.95
Step 3: ""Race to Witch Mountain"" is a film released in 2009, which could be a remake of the 1975 film. Confidence: 0.85
Step 4: Checking the plot similarities, ""Race to Witch Mountain"" involves supernatural elements and a journey similar to ""Escape to Witch Mountain,"" suggesting it's a remake. Confidence: 0.8
Final Answer: Race to Witch Mountain Confidence: 0.85",Race to Witch Mountain,0.49419,1.0,1,1
177,5a79628555429907847277fa,Elisabeth Marschall was the Head Nurse at Ravensbruck during what war? ,World War II,bridge,medium,"Step 1: Elisabeth Marschall was a Nazi official. Confidence: 0.9
Step 2: Ravensbruck was a concentration camp during World War II. Confidence: 0.95
Step 3: Therefore, Elisabeth Marschall was the Head Nurse at Ravensbruck during World War II. Confidence: 0.85
Final Answer: World War II Confidence: 0.85",World War II,0.6177374999999999,1.0,1,1
178,5a7338135542994cef4bc4d3,"Which film based on a novel written by Mary Hayley Bell in 1959, had cast member Ashley Lloyd?",Whistle Down the Wind,bridge,medium,"Step 1: Mary Hayley Bell is the mother of actress Hayley Mills. Confidence: 0.9  
Step 2: Hayley Mills starred in several films based on her mother's works. Confidence: 0.8  
Step 3: One of Mary Hayley Bell's notable novels is ""Whistle Down the Wind,"" published in 1959. Confidence: 0.85  
Step 4: The 1961 film adaptation of ""Whistle Down the Wind"" starred Hayley Mills. Confidence: 0.8  
Step 5: Ashley Lloyd does not appear to be a known cast member of the film ""Whistle Down the Wind."" The question may contain incorrect information. Confidence: 0.7  

Final Answer: Whistle Down the Wind Confidence: 0.7",Whistle Down the Wind,0.239904,1.0,1,1
179,5ade39cd554299728e26c683,Vladmir Filatov was able to save the eyesight of sniper Vasily Zaytsev during what battle?,Battle of Stalingrad,bridge,medium,"Step 1: Vladmir Filatov was a Soviet ophthalmologist known for his work in eye surgeries. Confidence: 0.9
Step 2: Vasily Zaytsev was a famous Soviet sniper during World War II. Confidence: 0.9
Step 3: Vasily Zaytsev participated prominently in the Battle of Stalingrad. Confidence: 0.9
Final Answer: Battle of Stalingrad Confidence: 0.8",Battle of Stalingrad,0.5832,1.0,1,1
180,5ae01fcf554299025d62a412,Where is the hockey team based on with which  Sebastian Strandberg most recently played?,"Evansville, Indiana",bridge,medium,"Step 1: Sebastian Strandberg is a Swedish ice hockey player. Confidence: 0.9  
Step 2: He most recently played for Växjö Lakers HC in the Swedish Hockey League (SHL). Confidence: 0.8  
Final Answer: Växjö Confidence: 0.8",Växjö,0.5760000000000001,0.0,0,0
181,5adfe65555429925eb1afb17,What is the name of this American football coach and former player who was head football coach at Indiana University and led the Hoosiers football team in their third season?,Kevin Wilson,bridge,medium,"Step 1: The question is asking for the name of an American football coach who was both a former player and a head coach at Indiana University. Confidence: 0.9
Step 2: The coach led the Hoosiers football team in their third season, which implies he was the head coach during a specific early period in the team's history. Confidence: 0.8
Step 3: A well-known former player and head coach at Indiana University is Bill Mallory, who was head coach from 1984 to 1996. Confidence: 0.7
Step 4: However, the third season would likely refer to an earlier coach, such as Bo McMillin, who was head coach from 1934 to 1947. Confidence: 0.6
Step 5: Determining the exact coach for the third season is difficult without the specific year, but Bo McMillin is a plausible guess given the timeframe. Confidence: 0.5
Final Answer: Bo McMillin Confidence: 0.5",Bo McMillin,0.0756,0.0,0,0
182,5ae120535542997b2ef7d0ea,In what county is the university at which Walter Oechel teaches located?,San Diego County,bridge,medium,"Step 1: Walter Oechel is a professor known for his work in Arctic ecology and climate change. Confidence: 0.8
Step 2: Walter Oechel is affiliated with San Diego State University (SDSU). Confidence: 0.9
Step 3: San Diego State University is located in San Diego, California. Confidence: 0.95
Step 4: San Diego is located in San Diego County. Confidence: 0.98
Final Answer: San Diego County Confidence: 0.95",San Diego County,0.636804,1.0,1,1
183,5a8b191a5542996c9b8d5f9b,"What 1999 film, considered by many as one of the worst films of all time, was directed by ""The ShamWow Guy""?",The Underground Comedy Movie,bridge,medium,"Step 1: The ""ShamWow Guy"" is Vince Offer, known for his infomercials. Confidence: 1.0
Step 2: Vince Offer directed a film in 1999 called ""The Underground Comedy Movie."" Confidence: 0.8
Final Answer: The Underground Comedy Movie Confidence: 0.8",The Underground Comedy Movie,0.6400000000000001,1.0,1,1
184,5ac1bc045542996366519901,Wyckoff Company and Pacific Creosoting Company have been located on what Washington island?,Bainbridge Island,bridge,medium,"Step 1: I recall that the Wyckoff Company and Pacific Creosoting Company were involved in wood treatment operations, which were historically prominent in the Pacific Northwest. Confidence: 0.8
Step 2: These companies are known for environmental contamination due to their use of creosote, a wood preservative. Confidence: 0.9
Step 3: One of the most infamous Superfund sites in Washington state related to creosote contamination is on Bainbridge Island. Confidence: 0.85
Final Answer: Bainbridge Island Confidence: 0.85",Bainbridge Island,0.5202000000000001,1.0,1,1
185,5ae776b1554299540e5a55ae,"From which city comes the band that put out the album ""Nothing Is Sound""?",San Diego,bridge,medium,"Step 1: The album ""Nothing Is Sound"" was released by the band Switchfoot. Confidence: 0.9
Step 2: Switchfoot originated from San Diego, California. Confidence: 0.85
Final Answer: San Diego Confidence: 0.85",San Diego,0.65025,1.0,1,1
186,5ab2091e554299722f9b4ca0,"Who is a guest rapper in the song ""Frankie Sinatra"" and whose debut studio album was named ""The Hybrid""?",Danny Brown,bridge,medium,"Step 1: The song ""Frankie Sinatra"" is by The Avalanches, featuring guest rappers. Confidence: 0.8
Step 2: One of the guest rappers is Danny Brown. Confidence: 0.7
Step 3: Danny Brown's debut studio album is titled ""The Hybrid."" Confidence: 0.9
Final Answer: Danny Brown Confidence: 0.8",Danny Brown,0.4032,1.0,1,1
187,5a73856255429908901be2e1,Arturo's right hand man was arrested for what charges in August 2010?,large scale drug trafficking.,bridge,hard,"Step 1: Arturo is likely referring to Arturo Beltrán Leyva, a Mexican drug lord. Confidence: 0.8  
Step 2: Arturo Beltrán Leyva's right-hand man was Edgar Valdez Villarreal, also known as ""La Barbie."" Confidence: 0.7  
Step 3: Edgar Valdez Villarreal was arrested in August 2010 in Mexico. Confidence: 0.9  
Step 4: He was arrested on charges related to drug trafficking, organized crime, and other violent crimes. Confidence: 0.8  
Final Answer: drug trafficking, organized crime Confidence: 0.7","drug trafficking, organized crime",0.28224,0.5,0,0
188,5ab466185542991751b4d75c,"In between The Murder of Fred Hampton and Comandante, which film crew members visited Castro in Cuba in 2002?",Comandante,comparison,medium,"Step 1: Identify the films mentioned - The Murder of Fred Hampton and Comandante. Confidence: 1.0
Step 2: Research notable crew members associated with The Murder of Fred Hampton, a documentary about the Black Panther leader. Confidence: 0.8
Step 3: Research notable crew members associated with Comandante, a documentary about Fidel Castro directed by Oliver Stone. Confidence: 0.9
Step 4: Determine which crew members from these films were in Cuba in 2002, the year Comandante was filmed. Confidence: 0.7
Final Answer: Oliver Stone Confidence: 0.9",Oliver Stone,0.4536,0.0,0,0
189,5ab6dea655429953192ad3a0,Bill Erwin played the bellhop Arthur in a 1980 movie that was adapted from what novel?,"""Bid Time Return""",bridge,medium,"Step 1: Bill Erwin played the bellhop Arthur in the 1980 movie ""Somewhere in Time."" Confidence: 0.9  
Step 2: ""Somewhere in Time"" was adapted from the novel ""Bid Time Return"" by Richard Matheson. Confidence: 0.8  
Final Answer: Bid Time Return Confidence: 0.8",Bid Time Return,0.5760000000000001,1.0,1,1
190,5a7b19fb554299042af8f6cb,"Which college offers more majors, Western Institute of Technology or University of Maryland, College Park?","University of Maryland, College Park",comparison,medium,"Step 1: The Western Institute of Technology is likely a smaller, specialized institution compared to the University of Maryland, College Park. Confidence: 0.8
Step 2: The University of Maryland, College Park is a large public research university, which typically offers a wide variety of majors. Confidence: 0.9
Step 3: Smaller institutions like Western Institute of Technology generally have fewer majors than large universities. Confidence: 0.85
Final Answer: University of Maryland, College Park Confidence: 0.9","University of Maryland, College Park",0.5508000000000001,1.0,1,1
191,5adf82a35542993344016ca6,"What is the name of the Brewery in Germany, which shares its name with German basketball Oettinger Rockets club sponsor?",Oettinger Brauerei,bridge,medium,"Step 1: The German basketball club Oettinger Rockets is sponsored by a company named Oettinger. Confidence: 0.8
Step 2: In Germany, breweries often share their names with their parent companies or sponsors. Confidence: 0.7
Step 3: The brewery sharing its name with the sponsor Oettinger would be the Oettinger Brewery. Confidence: 0.9
Final Answer: Oettinger Confidence: 0.8",Oettinger,0.4032,0.6666666666666666,0,1
192,5abdab0a55429965af743db2,"When was the English poet, painter, and printmaker died who wrote the poem ""A Poison Tree""?",12 August 1827,bridge,medium,"Step 1: The poem ""A Poison Tree"" was written by William Blake. Confidence: 0.9
Step 2: William Blake was an English poet, painter, and printmaker. Confidence: 0.9
Step 3: William Blake died in 1827. Confidence: 0.9
Final Answer: 1827 Confidence: 0.9",1827,0.6561000000000001,0.5,0,1
193,5adecf675542995ec70e8f24,"Russian Dolls, is a 2005 French-British film, the sequel to ""L'Auberge Espagnole"", a 2002 French-Spanish film, directed and written by who?",Cédric Klapisch,bridge,easy,"Step 1: The film ""L'Auberge Espagnole"" is a 2002 French-Spanish film. Confidence: 0.9  
Step 2: ""Russian Dolls"" is the sequel to ""L'Auberge Espagnole"". Confidence: 0.9  
Step 3: Both films are part of the same series, so they likely share the same director and writer. Confidence: 0.8  
Step 4: The director and writer of ""L'Auberge Espagnole"" is Cédric Klapisch. Confidence: 0.9  
Final Answer: Cédric Klapisch Confidence: 0.8",Cédric Klapisch,0.46656000000000014,1.0,1,1
194,5a7e41c2554299495941994e,What profession have both Guy Manos and Stanley Kramer held?,film director,comparison,medium,"Step 1: Identify Guy Manos's profession. Confidence: 0.8
Step 2: Identify Stanley Kramer's profession. Confidence: 0.9
Step 3: Compare the professions of Guy Manos and Stanley Kramer to find a common one. Confidence: 0.7
Final Answer: Film director Confidence: 0.7",Film director,0.3528,1.0,1,1
195,5a7cde46554299683c1c63ab,Which President of Bayern Munich scored twice in the final to win the European Cup for the club in 1974?,Uli Hoeneß,bridge,medium,"Step 1: Identify the President of Bayern Munich in 1974. Confidence: 0.8  
Step 2: Research historical records to confirm that Franz Beckenbauer was a key figure at Bayern Munich during that time. Confidence: 0.9  
Step 3: Verify if Franz Beckenbauer played in the 1974 European Cup final. Confidence: 0.85  
Step 4: Check match statistics to see if he scored twice in the final. Confidence: 0.8  
Final Answer: Franz Beckenbauer Confidence: 0.8",Franz Beckenbauer,0.3916800000000001,0.0,0,0
196,5a7fbe2c5542995d8a8ddf0e,"Julin Bristol is the codename given to a nuclear weapon test conducted at the Nevada Test Site on 26 November 1991, as part of which United States's  nuclear test series was a group of 7 nuclear tests conducted in 1991–1992, the final series of US nuclear tests, it was the last test explosion of a British nuclear weapon?",Operation Julin,bridge,easy,"Step 1: First, identify the timeframe given for the nuclear test series in question, which is 1991-1992. Confidence: 1.0  
Step 2: Recognize that the Julin Bristol test was part of a group of 7 nuclear tests. Confidence: 1.0  
Step 3: Note that this series was the final series of US nuclear tests. Confidence: 1.0  
Step 4: Recall that the series in question also included the last test explosion of a British nuclear weapon. Confidence: 0.9  
Step 5: Based on historical records, the final US nuclear test series in 1991-1992 was called ""Operation Julin."" Confidence: 0.8  

Final Answer: Operation Julin Confidence: 0.8",Operation Julin,0.5760000000000001,1.0,1,1
197,5a8b07ef55429971feec4624,"Barrier Device starred which Canadian actress, known for a role on ""Grey's Anatomy"", as a sex researcher?",Sandra Miju Oh,bridge,medium,"Step 1: The actress in question is known for a role on ""Grey's Anatomy"" and is Canadian. Confidence: 0.9  
Step 2: One prominent Canadian actress from ""Grey's Anatomy"" is Sandra Oh. Confidence: 0.8  
Step 3: Sandra Oh is known for her role as Dr. Cristina Yang on ""Grey's Anatomy."" Confidence: 0.9  
Step 4: Sandra Oh played a sex researcher in the movie ""Barrier Device."" Confidence: 0.7  
Final Answer: Sandra Oh Confidence: 0.7",Sandra Oh,0.31752,0.8,0,1
198,5a775bce5542994aec3b72a9,"What kind of wood-bodied , single cone resonator instrument did a member of the Wild horses play?",Dobro,bridge,medium,"Step 1: The Wild Horses were a rock band formed in 1980 by former Rolling Stones guitarist Mick Taylor. Confidence: 0.9
Step 2: Mick Taylor is known for playing various guitars, including resonator guitars. Confidence: 0.8
Step 3: Resonator guitars with a wood body and single cone are typically called ""National-style"" or ""wood-bodied resonator guitars"". Confidence: 0.7
Final Answer: National-style wood-bodied resonator guitar Confidence: 0.7",National-style wood-bodied resonator guitar,0.3528,0.0,0,1
199,5ae82f855542997ec2727751,Which Halime Hatun son was the leader of the Ottoman Turks and the founder of the Ottoman dynasty?,Osman I,bridge,medium,"Step 1: Halime Hatun was the wife of Ertuğrul Gazi, the father of Osman I. Confidence: 0.9  
Step 2: Osman I is known as the founder of the Ottoman dynasty. Confidence: 1.0  
Final Answer: Osman I Confidence: 0.95",Osman I,0.855,1.0,1,1
200,5ae3b8e95542992e3233c45a,"Family Circle and Avantages, are which forms of publication?",magazine,comparison,easy,"Step 1: Family Circle is a well-known magazine focused on family and lifestyle topics. Confidence: 0.9
Step 2: Avantages is a French magazine that also focuses on lifestyle, tips, and consumer advice. Confidence: 0.8
Step 3: Both publications are regularly issued with multiple editions per year. Confidence: 0.7
Final Answer: magazines Confidence: 0.8",magazines,0.4032,0.0,0,1
201,5ae70e6f5542991bbc9761af,"What's the nickname for Grodziskie, the beer from Poland with unusually high carbonation level?",Polish Champagne,bridge,medium,"Step 1: Grodziskie is a Polish beer known for its high carbonation. Confidence: 0.9  
Step 2: Grodziskie is also known for its light, smoky flavor due to the use of smoked wheat malt. Confidence: 0.8  
Step 3: Due to its high carbonation, Grodziskie is sometimes called ""Polish Champagne."" Confidence: 0.7  
Final Answer: Polish Champagne Confidence: 0.7",Polish Champagne,0.3528,1.0,1,1
202,5a7eb22b5542994959419a58,"Greenville, Indiana sits in a county of what population as of 2012?","75,283",bridge,medium,"Step 1: Identify the county where Greenville, Indiana is located. Confidence: 0.9  
Step 2: Greenville, Indiana is located in Floyd County. Confidence: 0.8  
Step 3: Find the population of Floyd County, Indiana as of 2012. Confidence: 0.7  
Step 4: The population of Floyd County, Indiana in 2012 was approximately 76,000. Confidence: 0.6  
Final Answer: 76,000 Confidence: 0.6","76,000",0.18144,0.0,0,0
203,5ae160505542997b2ef7d1b5,In what year was the British historian who was arrested in 2005 for Holocaust denial in Austria born?,1938,bridge,medium,"Step 1: The British historian arrested in 2005 for Holocaust denial in Austria is David Irving. Confidence: 0.95
Step 2: David Irving was born in 1938. Confidence: 0.90
Final Answer: 1938 Confidence: 0.90",1938,0.7695,1.0,1,1
204,5a7dc9425542990b8f503aa3,Suzy starred the actress who was a sex symbol of what decade?,1930s,bridge,medium,"Step 1: Suzy is likely referring to Suzy Parker, who was a famous model and actress in the 1950s and 1960s. Confidence: 0.8
Step 2: Suzy Parker starred in films with actresses like Brigitte Bardot and Marilyn Monroe. Confidence: 0.7
Step 3: Brigitte Bardot and Marilyn Monroe were notable sex symbols of the 1950s and 1960s. Confidence: 0.9
Final Answer: 1950s Confidence: 0.8",1950s,0.4032,0.0,0,0
205,5ae36cf75542992f92d822bf,"In what year was the actress who played Holly Holliday in ""New Directions"" born?",1972,bridge,medium,"Step 1: Holly Holliday is a character in the TV show ""Glee."" Confidence: 1.0
Step 2: The actress who played Holly Holliday in ""Glee"" is Gwyneth Paltrow. Confidence: 0.95
Step 3: Gwyneth Paltrow was born on September 27, 1972. Confidence: 0.9
Final Answer: 1972 Confidence: 0.9",1972,0.7695,1.0,1,1
206,5abe6ebe55429965af743efe,Liquid computing was coined in July 2014 by which information technology media business formerly The Intelligent Machines Journal?,InfoWorld,bridge,medium,"Step 1: The Intelligent Machines Journal is the former name of a well-known IT media company. Confidence: 0.8
Step 2: The company that was formerly known as The Intelligent Machines Journal is Ziff Davis. Confidence: 0.7
Final Answer: Ziff Davis Confidence: 0.7",Ziff Davis,0.39199999999999996,0.0,0,0
207,5a74f6b85542993748c8975c,"Who is older, Jennifer Capriati or Pierre-Hugues Herbert?",Jennifer Maria Capriati,comparison,medium,"Step 1: Jennifer Capriati is a retired professional tennis player who was born on March 29, 1976. Confidence: 0.9
Step 2: Pierre-Hugues Herbert is a professional tennis player who was born on March 18, 1991. Confidence: 0.9
Final Answer: Jennifer Capriati Confidence: 0.95",Jennifer Capriati,0.7695,0.8,0,1
208,5a8e46e75542995a26add4bc,Alan Schilke is an engineer who made is mark on a steel roller coaster operating at Six Flags Magic Mountain which is located where?,"Valencia, California",bridge,medium,"Step 1: Alan Schilke is known for designing roller coasters. Confidence: 0.9  
Step 2: One of his notable designs is a steel roller coaster at Six Flags Magic Mountain. Confidence: 0.8  
Step 3: Six Flags Magic Mountain is a well-known amusement park. Confidence: 0.9  
Step 4: Six Flags Magic Mountain is located in Valencia. Confidence: 0.7  
Step 5: Valencia is a neighborhood in the city of Santa Clarita, California. Confidence: 0.8  
Final Answer: Santa Clarita, California Confidence: 0.7","Santa Clarita, California",0.2540160000000001,0.4,0,1
209,5ae0f6805542990adbacf6f2,what does 1977–78 UCLA Bruins men's basketball team and John Wooden have in common?,University of California,bridge,easy,"Step 1: The 1977-78 UCLA Bruins men's basketball team was a college basketball team. Confidence: 0.9
Step 2: John Wooden is a famous college basketball coach. Confidence: 0.9
Step 3: John Wooden coached at UCLA. Confidence: 0.9
Step 4: The 1977-78 season was after John Wooden retired from coaching in 1975. Confidence: 0.8
Final Answer: Nothing (John Wooden did not coach the 1977-78 UCLA Bruins) Confidence: 0.7",Nothing (John Wooden did not coach the 1977-78 UCLA Bruins),0.40824,0.0,0,0
210,5a8431b55542996488c2e50a,Lane Boy was written by the musical duo hailing from which Ohio city?,Columbus,bridge,medium,"Step 1: Lane Boy is a song by Twenty One Pilots. Confidence: 0.95  
Step 2: Twenty One Pilots is a musical duo. Confidence: 0.95  
Step 3: Twenty One Pilots is from Columbus, Ohio. Confidence: 0.90  
Final Answer: Columbus Confidence: 0.85",Columbus,0.6904125,1.0,1,1
211,5a8aba9f5542996c9b8d5f62,"After he dissolved the monasteries, in 1545 Henry VIII sold Richard Brooke the manor of Norton, in which English county?",Cheshire,bridge,medium,"Step 1: The question mentions Henry VIII dissolving the monasteries in 1545, which is a historic event related to the English Reformation. Confidence: 1.0  
Step 2: The manor of Norton is mentioned as being sold to Richard Brooke. Norton is a common place name in England, so further context is needed. Confidence: 0.9  
Step 3: Richard Brooke was a known historical figure associated with Cheshire, as he was a prominent landowner and MP for Chester. Confidence: 0.85  
Step 4: The manor of Norton in question is likely Norton Priory, a former monastery in Cheshire dissolved during Henry VIII's reign. Confidence: 0.8  
Final Answer: Cheshire Confidence: 0.75",Cheshire,0.4590000000000001,1.0,1,1
212,5ac554ab5542993e66e82311,"The Trials of Henry Kissinger and The Judge and the General, is which type of film?",documentary,comparison,easy,"Step 1: ""The Trials of Henry Kissinger"" is a documentary film about Henry Kissinger's role in global politics. Confidence: 0.9  
Step 2: ""The Judge and the General"" is a documentary film about the judicial pursuit of Augusto Pinochet. Confidence: 0.9  
Step 3: Both films focus on historical and political figures and their legal or ethical implications. Confidence: 0.8  
Final Answer: documentary Confidence: 0.85",documentary,0.5508000000000001,1.0,1,1
213,5ade98925542997c77adee7c,The leader of the band that came out with Monuments to an Elegy was born on what date?,"March 17, 1967",bridge,medium,"Step 1: The band that released ""Monuments to an Elegy"" is The Smashing Pumpkins. Confidence: 0.95  
Step 2: The leader of The Smashing Pumpkins is Billy Corgan. Confidence: 0.95  
Step 3: Billy Corgan was born on March 17, 1967. Confidence: 0.90  
Final Answer: March 17, 1967 Confidence: 0.85","March 17, 1967",0.6904125,1.0,1,1
214,5addaf4b5542997545bbbda9,"Were ""Oceans"" and ""Race to Witch Mountain"" released in the same year?",yes,comparison,medium,"Step 1: ""Oceans"" likely refers to the documentary film ""Oceans"" released by Disneynature. Confidence: 0.9
Step 2: ""Race to Witch Mountain"" is a Disney adventure film. Confidence: 0.9
Step 3: ""Oceans"" was released in 2010. Confidence: 0.8
Step 4: ""Race to Witch Mountain"" was released in 2009. Confidence: 0.8
Final Answer: No Confidence: 0.8",No,0.4147200000000001,0.0,0,0
215,5a8510785542997b5ce3ffa0,"What kind of persona does the artist who released Special Herbs, Vols. 4, 5 & 6 adopt?",super villain,bridge,medium,"Step 1: Special Herbs, Vols. 4, 5 & 6 is a series of instrumental hip-hop albums. Confidence: 0.9
Step 2: The artist behind Special Herbs is MF DOOM, a highly influential underground hip-hop artist. Confidence: 0.9
Step 3: MF DOOM is known for adopting a supervillain persona, often wearing a metal mask and referencing comic book themes in his music. Confidence: 0.9
Final Answer: supervillain Confidence: 0.9",supervillain,0.6561000000000001,0.0,0,1
216,5a846191554299123d8c222d,"Community is an American television sitcom that follows an ensemble cast, including what actress who played Trudy Campbell in the AMC drama Mad Men?",Alison Brie Schermerhorn,bridge,hard,"Step 1: Identify the actress who played Trudy Campbell in Mad Men. Confidence: 0.9
Step 2: Trudy Campbell was played by Alison Brie. Confidence: 0.95
Step 3: Check if Alison Brie was part of the ensemble cast in Community. Confidence: 0.9
Step 4: Alison Brie played Annie Edison in Community. Confidence: 0.95
Final Answer: Alison Brie Confidence: 0.9",Alison Brie,0.6579225,0.8,0,1
217,5a7e08255542997cc2c474fb,The Orford Express operates seasonally on a former line headquartered in what city?,"Hermon, Maine",bridge,medium,"Step 1: The Orford Express is a tourist train service. Confidence: 0.9  
Step 2: The Orford Express operates in Quebec, Canada. Confidence: 0.8  
Step 3: The former line it operates on is the Montreal and Atlantic Railway. Confidence: 0.7  
Step 4: The headquarters city of the Orford Express is likely a major city in the region it operates. Confidence: 0.6  
Final Answer: Sherbrooke Confidence: 0.5",Sherbrooke,0.1512,0.0,0,0
218,5a80005f5542994857a7688b,"What was a brief but violent period of civil unrest in response to the Maine law, who's opponents of an American Prohibition advocate and politician Nicknamed the ""Napoleon of Temperance"" rioted ?",Portland Rum Riot,bridge,easy,"Step 1: The ""Maine law"" refers to the prohibition laws passed in the state of Maine in the mid-19th century. Confidence: 0.9  
Step 2: Neal Dow, an American politician and prohibition advocate, was nicknamed the ""Napoleon of Temperance"" for his strong support of temperance and prohibition. Confidence: 0.9  
Step 3: A violent period of civil unrest related to the Maine law was the Portland Rum Riot of 1855. Confidence: 0.8  
Final Answer: Portland Rum Riot Confidence: 0.8",Portland Rum Riot,0.5184000000000001,1.0,1,1
219,5ae1d605554299234fd0431d,Which English poet wrote travel ,Rupert Chawner Brooke,bridge,easy,"Step 1: The question seems to be asking about an English poet who wrote about travel. Confidence: 0.9  
Step 2: One famous English poet known for travel-related works is Lord Byron. Confidence: 0.8  
Step 3: Lord Byron wrote ""Childe Harold's Pilgrimage,"" which is a travelogue in verse form. Confidence: 0.7  

Final Answer: Lord Byron Confidence: 0.7",Lord Byron,0.3528,0.0,0,0
220,5a7a244c5542990783324e89,What is the country of origin of Brian Stepanek and the film The Island?,American,bridge,medium,"Step 1: Brian Stepanek is an American actor and voice actor. Confidence: 0.9
Step 2: The film *The Island* was produced by DreamWorks Pictures, an American film studio. Confidence: 0.9
Final Answer: United States Confidence: 0.85",United States,0.6885,0.0,0,1
221,5a78f73c55429974737f7929,Chilly sings its popular songs such as 'Come to L.A.' and 'Simply a Love Song' in what language?,English,bridge,medium,"Step 1: Identify that ""Chilly"" is likely a musical artist or band based on the mention of songs. Confidence: 0.9
Step 2: Recognize that 'Come to L.A.' and 'Simply a Love Song' are songs by a band named ""Chilly,"" which is known as ""Chilly"" in some regions but might have a different name internationally. Confidence: 0.8
Step 3: Recall that ""Chilly"" is the Italian name for the band ""Kylie,"" which performs pop music. Confidence: 0.7
Step 4: Determine that Kylie Minogue, an Australian artist, sings primarily in English. Confidence: 0.9
Final Answer: English Confidence: 0.8",English,0.36288000000000004,1.0,1,1
222,5adff3bc55429925eb1afb81,You're No Good: was covered in a charting version by which soul singer and pianist?,Betty Everett,bridge,medium,"Step 1: The song ""You're No Good"" is a popular song that has been covered by several artists. Confidence: 0.9  
Step 2: A well-known soul singer and pianist who covered ""You're No Good"" is Linda Ronstadt. Confidence: 0.7  
Step 3: Linda Ronstadt is not primarily known as a soul singer, but rather as a rock/country artist. Confidence: 0.8  
Step 4: Another notable soul singer and pianist who covered ""You're No Good"" is Betty Everett. Confidence: 0.6  
Final Answer: Betty Everett Confidence: 0.6",Betty Everett,0.18144,1.0,1,1
223,5a84a29d5542991dd0999d52,"Geraldine ""Gerry"" Cowper, an English actress who is best known for playing Rowan Morrison in The Wicker Man, a 1973 British mystery horror film, directed by who?",Robin Hardy,bridge,easy,"Step 1: Geraldine ""Gerry"" Cowper played Rowan Morrison in The Wicker Man (1973). Confidence: 1.0
Step 2: The Wicker Man is a 1973 British mystery horror film. Confidence: 1.0
Step 3: The director of The Wicker Man (1973) is Robin Hardy. Confidence: 0.9
Final Answer: Robin Hardy Confidence: 0.9",Robin Hardy,0.81,1.0,1,1
224,5abbe3e055429931dba145cc,Which cricketer is the younger brother of Jack Lindwall and played top-flight rugby league football with St. George?,Ray Lindwall,bridge,hard,"Step 1: The surname ""Lindwall"" is associated with famous Australian cricketer Ray Lindwall. Confidence: 0.9
Step 2: Ray Lindwall was known for his cricket career and also played rugby league for St. George. Confidence: 0.8
Step 3: If Jack Lindwall is the older brother, then Ray Lindwall would be the younger brother. Confidence: 0.7
Final Answer: Ray Lindwall Confidence: 0.7",Ray Lindwall,0.3528,1.0,1,1
225,5a7b5e55554299042af8f755,"Which author was born first, Lorraine Hansberry or Sandra Gulland?",Lorraine Vivian Hansberry,comparison,hard,"Step 1: Lorraine Hansberry was born on May 19, 1930. Confidence: 0.9
Step 2: Sandra Gulland was born on December 23, 1944. Confidence: 0.8
Final Answer: Lorraine Hansberry Confidence: 0.85",Lorraine Hansberry,0.6120000000000001,0.8,0,1
226,5abcfe43554299114383a1be,The 1905-1904 college basketball team lead by G.W. Leach represented a university founded in what year?,1846,bridge,medium,"Step 1: G.W. Leach coached the 1904-1905 college basketball team for Dartmouth College. Confidence: 0.8
Step 2: Dartmouth College was founded in 1769. Confidence: 0.9
Final Answer: 1769 Confidence: 0.72",1769,0.5184000000000001,0.0,0,0
227,5a825f9555429940e5e1a891,Which co-founder of DreamWorks Studios directed two movies starring Pacharo Mzembe?,Steven Spielberg,bridge,medium,"Step 1: DreamWorks Studios was co-founded by Steven Spielberg, Jeffrey Katzenberg, and David Geffen. Confidence: 1.0
Step 2: Among these co-founders, only Steven Spielberg is a director. Confidence: 0.9
Step 3: Steven Spielberg has directed many films, but we need to find ones starring Pacharo Mzembe. Confidence: 0.8
Step 4: Pacharo Mzembe is an Australian actor who appeared in ""The Pacific"" (2010) and ""The Code"" (2014), but these are not films directed by Spielberg. Confidence: 0.7
Step 5: After checking Spielberg's filmography, there are no films directed by him that feature Pacharo Mzembe. Confidence: 0.8
Final Answer: None Confidence: 0.8",None,0.32256,0.0,0,0
228,5ae534135542990ba0bbb216,"When was the American singer, guitarist, songwriter, and producer born who is known for his work in the hard rock bands Rainbow and also performed with Jason Hartless?","August 2, 1951",bridge,medium,"Step 1: The question refers to a singer, guitarist, songwriter, and producer known for work in Rainbow and collaborations with Jason Hartless. Confidence: 0.8
Step 2: Rainbow is a hard rock band, and one of its most famous members is Ritchie Blackmore, but he is primarily known as a guitarist, not a singer. Confidence: 0.7
Step 3: Another prominent figure associated with Rainbow is Ronnie James Dio, who was the singer, but he passed away in 2010 and did not collaborate with Jason Hartless. Confidence: 0.8
Step 4: Jason Hartless is a drummer who has worked with artists like Ted Nugent and is younger, suggesting the question might refer to a more recent artist. Confidence: 0.9
Step 5: The description matches Joe Lynn Turner, a singer who worked with Rainbow and has collaborated with Jason Hartless. Confidence: 0.7
Final Answer: 1951 Confidence: 0.6",1951,0.16934399999999997,0.5,0,1
229,5a84b8ff5542997b5ce3ff30,"Which state was this American lawyer and Republican politician from, who started his new position in 2017 backed by Trump but failed to work well with the senior White House adviser Don Benton?",Oklahoma,bridge,medium,"Step 1: The question describes an American lawyer and Republican politician who started a new position in 2017 backed by Trump. Confidence: 0.9  
Step 2: The person failed to work well with the senior White House adviser Don Benton. Confidence: 0.8  
Step 3: Don Benton was a senior White House adviser during the Trump administration, which helps narrow down the timeframe. Confidence: 0.7  
Step 4: A prominent Republican lawyer who started a position in 2017 and had conflicts with Benton could be Jeff Sessions, who was Attorney General. Confidence: 0.6  
Step 5: Jeff Sessions is from Alabama. Confidence: 0.9  
Final Answer: Alabama Confidence: 0.8",Alabama,0.21772800000000003,0.0,0,0
230,5abfb1c85542990832d3a1ae,Rocket Science featured an interview with what US Air Force test pilot?,"Charles Elwood ""Chuck"" Yeager",bridge,medium,"Step 1: ""Rocket Science"" is a 2007 film. Confidence: 0.9  
Step 2: The film features interviews with real-life pilots and astronauts. Confidence: 0.8  
Step 3: One notable US Air Force test pilot associated with spaceflight is Chuck Yeager. Confidence: 0.7  
Final Answer: Chuck Yeager Confidence: 0.7",Chuck Yeager,0.3528,0.6666666666666666,0,1
231,5a8abd765542996c9b8d5f69,"Which character is nicknamed ""The Mountain"" and played by Hafþór Júlíus Björnsson in the TV version of Game of Thrones?",Gregor Clegane,bridge,hard,"Step 1: ""The Mountain"" is a nickname for a character in the ""Game of Thrones"" series. Confidence: 1.0  
Step 2: The character's full name is Gregor Clegane. Confidence: 0.9  
Step 3: Hafþór Júlíus Björnsson portrayed Gregor Clegane in the TV adaptation. Confidence: 0.95  
Final Answer: Gregor Clegane Confidence: 0.95",Gregor Clegane,0.8122499999999999,1.0,1,1
232,5ab982725542996be2020536,Do either Chamaelirium or Aphyllanthes have more than one species?,no,comparison,medium,"Step 1: Chamaelirium is a genus of flowering plants in the family Melanthiaceae. Confidence: 0.9  
Step 2: Chamaelirium currently has only one recognized species, Chamaelirium luteum (fairy wand). Confidence: 0.8  
Step 3: Aphyllanthes is a genus of flowering plants in the family Asparagaceae. Confidence: 0.9  
Step 4: Aphyllanthes also has only one recognized species, Aphyllanthes monspeliensis. Confidence: 0.8  
Final Answer: No Confidence: 0.8",No,0.4147200000000001,1.0,1,1
233,5ac17a8c5542994d76dcce66,"Which mountain is higher, Broad Peak or Skyang Kangri?",Skyang Kangri,comparison,hard,"Step 1: Broad Peak is a well-known 8000-meter peak in the Karakoram range. Confidence: 0.9
Step 2: Skyang Kangri is also located in the Karakoram range near K2. Confidence: 0.8
Step 3: Broad Peak's elevation is 8,051 meters above sea level. Confidence: 0.9
Step 4: Skyang Kangri's elevation is 7,544 meters above sea level. Confidence: 0.8
Final Answer: Broad Peak Confidence: 0.85",Broad Peak,0.44064000000000003,0.0,0,0
234,5ae39fa05542991a06ce9a03,"What is the name of this Catholic University in Philidelphia, nicknamed the Wildcats, that had a football team captained by William Moore in 1905?",Villanova University,bridge,medium,"Step 1: The question mentions a Catholic University in Philadelphia. Confidence: 1.0
Step 2: The university is nicknamed the Wildcats. Confidence: 1.0
Step 3: The football team was captained by William Moore in 1905. Confidence: 1.0
Step 4: Villanova University is a Catholic university in Philadelphia nicknamed the Wildcats. Confidence: 0.9
Step 5: Villanova University had a football team in 1905 that could have been captained by William Moore. Confidence: 0.7
Final Answer: Villanova University Confidence: 0.8",Villanova University,0.504,1.0,1,1
235,5ac3013655429921a00ab0d0,Are Pamianthe and Manglietia in the same family?,no,comparison,medium,"Step 1: Pamianthe is a genus of flowering plants in the family Amaryllidaceae. Confidence: 0.9
Step 2: Manglietia is a genus of flowering plants in the family Magnoliaceae. Confidence: 0.9
Step 3: Amaryllidaceae and Magnoliaceae are distinct botanical families. Confidence: 1.0
Final Answer: No Confidence: 0.95",No,0.7695,1.0,1,1
236,5a77511655429966f1a36cf2,What British-American actor born in 1952 starred in The Last Castle?,Delroy Lindo,bridge,medium,"Step 1: The actor in question is British-American and born in 1952. Confidence: 0.9
Step 2: The Last Castle is a 2001 film featuring Robert Redford, but he was not born in 1952. Confidence: 0.8
Step 3: Another British-American actor born in 1952 is Tim Curry, but he is not known for starring in The Last Castle. Confidence: 0.8
Step 4: The correct actor is likely Robert Redford, but the birth year seems to be a discrepancy. Confidence: 0.7
Step 5: Upon verification, Robert Redford was born in 1936, not 1952. The question might have incorrect details. Confidence: 0.9
Final Answer: Robert Redford Confidence: 0.7",Robert Redford,0.254016,0.0,0,1
237,5ab578c65542992aa134a328,Where is the company that owns 13th Street Universal headquartered?,"Midtown Manhattan, New York City",bridge,hard,"Step 1: 13th Street Universal is a television channel. Confidence: 0.9  
Step 2: It is owned by NBCUniversal. Confidence: 0.9  
Step 3: NBCUniversal is headquartered in New York City, USA. Confidence: 0.8  
Final Answer: New York City Confidence: 0.8",New York City,0.5184000000000001,0.7499999999999999,0,1
238,5abe5bb755429965af743ede,When was the group founded which recorded the song Play Something Country ?,1990,bridge,medium,"Step 1: The song ""Play Something Country"" was recorded by the group Brooks & Dunn. Confidence: 0.9
Step 2: Brooks & Dunn was founded in 1990. Confidence: 0.8
Final Answer: 1990 Confidence: 0.8",1990,0.5760000000000001,1.0,1,1
239,5abc7b8f5542993a06baf8ee,The Nakajima Ki-87 was a type of fighter aircraft designed specifically to attack what?,enemy aircraft,bridge,medium,"Step 1: The Nakajima Ki-87 was a Japanese fighter aircraft developed during World War II. Confidence: 0.9
Step 2: During World War II, Japanese fighter aircraft were often designed to counter Allied bombers. Confidence: 0.8
Step 3: The Ki-87 was specifically optimized for high-altitude performance. Confidence: 0.7
Step 4: High-altitude performance was crucial for intercepting Allied B-29 bombers, which operated at high altitudes. Confidence: 0.7
Final Answer: B-29 bombers Confidence: 0.6",B-29 bombers,0.21168,0.0,0,1
240,5ab9023555429934fafe6e46,Sid Haig had a role in the exploitation horror film released in what year?,2003,bridge,medium,"Step 1: Identify Sid Haig's notable exploitation horror film roles. Confidence: 0.9  
Step 2: Sid Haig is best known for his role as Captain Spaulding in Rob Zombie's ""House of 1000 Corpses."" Confidence: 0.9  
Step 3: ""House of 1000 Corpses"" was released in 2003. Confidence: 0.9  
Final Answer: 2003 Confidence: 0.9",2003,0.6561000000000001,1.0,1,1
241,5a8f10bd5542995b44241f47,"Brett Dier, who starred in ""Jane the Virgin"" appears on what Canadian TV shows?","Canadian TV shows ""Bomb Girls"" and ""The L.A. Complex""",bridge,easy,"Step 1: Brett Dier is a Canadian actor known for his role in ""Jane the Virgin."" Confidence: 0.9  
Step 2: Brett Dier's other notable works include ""The L.A. Complex"" and ""Ravenswood."" Confidence: 0.8  
Step 3: ""The L.A. Complex"" is a Canadian TV show that aired on MuchMusic. Confidence: 0.7  
Step 4: ""Ravenswood"" is not a Canadian production but an American TV show. Confidence: 0.9  
Step 5: Based on the above steps, the Canadian TV show Brett Dier appeared in is ""The L.A. Complex."" Confidence: 0.8  

Final Answer: The L.A. Complex Confidence: 0.8",The L.A. Complex,0.29030400000000006,0.4,0,0
242,5a8c7cdf554299240d9c218d,Michael Kelso is one of the male leads on the show that was set in what fictional Wisconsin town?,Point Place,bridge,medium,"Step 1: Michael Kelso is a character from the TV show ""That '70s Show"". Confidence: 0.95
Step 2: ""That '70s Show"" is set in a fictional town in Wisconsin. Confidence: 0.90
Step 3: The name of the fictional town in ""That '70s Show"" is Point Place. Confidence: 0.85
Final Answer: Point Place Confidence: 0.85",Point Place,0.6177374999999999,1.0,1,1
243,5ab2ecb35542991669774139,"Between University of Wyoming and Clarkson University, which institution was founded earlier?",University of Wyoming,comparison,medium,"Step 1: I need to find the founding year of the University of Wyoming. Confidence: 0.95
Step 2: The University of Wyoming was founded in 1886. Confidence: 0.90
Step 3: I need to find the founding year of Clarkson University. Confidence: 0.95
Step 4: Clarkson University was founded in 1896. Confidence: 0.90
Final Answer: University of Wyoming Confidence: 0.85",University of Wyoming,0.6213712499999999,1.0,1,1
244,5adea69055429939a52fe924,"Here Is Always Somewhere Else and Football Under Cover, are films of which genre?",documentary,comparison,easy,"Step 1: The titles ""Here Is Always Somewhere Else"" and ""Football Under Cover"" sound like documentary films. Confidence: 0.7  
Step 2: ""Football Under Cover"" is known to be a documentary about women's football in Iran. Confidence: 0.8  
Step 3: ""Here Is Always Somewhere Else"" is documented as an experimental documentary about artist Bas Jan Ader. Confidence: 0.7  
Final Answer: documentary Confidence: 0.75",documentary,0.294,1.0,1,1
245,5ac1b7495542994ab5c67dd9,What genre of music is the solo artist that contributed to Real Damage a variant of?,synth-pop,bridge,hard,"Step 1: ""Real Damage"" is a song by the artist Frank Turner. Confidence: 0.9  
Step 2: Frank Turner is primarily known as a folk punk and alternative rock artist. Confidence: 0.8  
Final Answer: folk punk Confidence: 0.7",folk punk,0.504,0.0,0,0
246,5a80ac8c5542992bc0c4a79c,Guitarist Dave Gregory is known best for his work with a rock band  lead by what two songwriters?,Andy Partridge and Colin Moulding,bridge,medium,"Step 1: Dave Gregory is a guitarist best known for his work with the band XTC. Confidence: 0.9  
Step 2: XTC was led by two primary songwriters, Andy Partridge and Colin Moulding. Confidence: 0.9  
Final Answer: Andy Partridge and Colin Moulding Confidence: 0.9",Andy Partridge and Colin Moulding,0.7290000000000001,1.0,1,1
247,5ae669ac5542992ae0d1633a,In what year was Joy Enriquez's husband born?,1977,bridge,medium,"Step 1: Joy Enriquez is a singer and actress, and her husband is Lanny Cordola, a musician. Confidence: 0.9  
Step 2: Lanny Cordola was born on October 26, 1958. Confidence: 0.8  
Final Answer: 1958 Confidence: 0.8",1958,0.5760000000000001,0.0,0,0
248,5a72948c5542994cef4bc353,Which episode of Glee is named after a power ballad from the 1973 Aerosmith debut album?,Dream On,bridge,medium,"Step 1: Identify Aerosmith's debut album, which is self-titled and released in 1973. Confidence: 0.9  
Step 2: Identify power ballads from the 1973 Aerosmith album; notable tracks include ""Dream On,"" but is it a power ballad? Confidence: 0.8  
Step 3: ""Dream On"" is classified as a power ballad and one of Aerosmith's most iconic songs. Confidence: 0.9  
Step 4: Look up Glee episodes named after songs, specifically one referencing ""Dream On."" Confidence: 0.8  
Step 5: Find that Season 1, Episode 19 of Glee is titled ""Dream On,"" matching the Aerosmith song. Confidence: 0.85  

Final Answer: ""Dream On"" Confidence: 0.85","""Dream On""",0.37454400000000004,1.0,1,1
249,5a88aca55542997e5c09a6a4,In what city does Mike Carey coach women's basketball ?,Morgantown,bridge,medium,"Step 1: Mike Carey is a well-known women's basketball coach, primarily associated with West Virginia University. Confidence: 0.8  
Step 2: He served as the head coach of the West Virginia Mountaineers women's basketball team. Confidence: 0.9  
Step 3: West Virginia University is located in Morgantown, West Virginia. Confidence: 0.9  
Final Answer: Morgantown Confidence: 0.8",Morgantown,0.5184000000000001,1.0,1,1
250,5a7ae06955429931da12c975,Giovanni Battista Castiglione was imprisoned in a tower located on the north bank of which river ?,River Thames,bridge,medium,"Step 1: Giovanni Battista Castiglione was an Italian artist and diplomat active in the 17th century. Confidence: 0.9
Step 2: Castiglione served as a diplomat for the Duchy of Mantua, which was in northern Italy. Confidence: 0.8
Step 3: The Po River is the major river in northern Italy, flowing near Mantua. Confidence: 0.85
Step 4: Historically, important prisoners were often held in towers along major rivers for security. Confidence: 0.75
Final Answer: Po Confidence: 0.8",Po,0.3672000000000001,0.0,0,0
251,5a7c61d455429907fabeef75,The actor who played John Aubrey in many productions of Brief Lives is also known for narrating the audio book versions of what series?,"""A Song of Ice and Fire""",bridge,medium,"Step 1: The actor who played John Aubrey in many productions of Brief Lives is Patrick Malahide. Confidence: 0.8  
Step 2: Patrick Malahide is known for narrating several audiobooks. Confidence: 0.9  
Step 3: One of the notable series he has narrated is ""The Lord of the Rings"" by J.R.R. Tolkien. Confidence: 0.7  
Final Answer: The Lord of the Rings Confidence: 0.7",The Lord of the Rings,0.3528,0.25,0,0
252,5ae490e55542995ad6573da1,Bill Harry is the creator of the publication that was founded in what city?,Liverpool,bridge,medium,"Step 1: Bill Harry is best known for creating the music publication ""Mersey Beat."" Confidence: 0.9
Step 2: ""Mersey Beat"" was founded in Liverpool, UK. Confidence: 0.9
Final Answer: Liverpool Confidence: 0.8",Liverpool,0.6480000000000001,1.0,1,1
253,5ac3a8665542993915413896,"What 1980s soap opera did the actress, who also starred in ""The Omega Code,"" become notable for?",Dynasty,bridge,medium,"Step 1: The actress who starred in ""The Omega Code"" is Catherine Oxenberg. Confidence: 0.9
Step 2: Catherine Oxenberg is best known for her role in the 1980s soap opera ""Dynasty."" Confidence: 0.8
Final Answer: Dynasty Confidence: 0.8",Dynasty,0.5760000000000001,1.0,1,1
254,5ae78cef5542994a481bbd98,"The Wave is the debut solo studio album by the English singer-songwriter Tom Chaplin, best known as the lead singer of which British pop rock band?",Keane,bridge,easy,"Step 1: Tom Chaplin is known as the lead singer of a British pop rock band. Confidence: 0.95
Step 2: One of the most famous British pop rock bands is Keane. Confidence: 0.90
Step 3: Tom Chaplin is the lead singer of Keane. Confidence: 0.85
Final Answer: Keane Confidence: 0.85",Keane,0.6177374999999999,1.0,1,1
255,5ab37b8455429969a97a815d,Are Jenůfa and The Knot Garden operas?,yes,comparison,medium,"Step 1: Jenůfa is an opera composed by Leoš Janáček. Confidence: 0.9
Step 2: The Knot Garden is an opera composed by Michael Tippett. Confidence: 0.8
Final Answer: Yes Confidence: 0.8",Yes,0.5760000000000001,1.0,1,1
256,5a88aad55542994846c1ceaf,"The Three Bogatyrs, is an animated franchise produced by which one of the largest animation studios in Russia, and also the most successful and profitable animation studio in Russia?",Melnitsa Animation Studio,bridge,easy,"Step 1: The Three Bogatyrs is a well-known Russian animated franchise. Confidence: 0.9  
Step 2: The most successful and profitable animation studio in Russia is likely Melnitsa Animation Studio. Confidence: 0.8  
Step 3: Melnitsa Animation Studio is known for producing popular Russian animated films. Confidence: 0.85  
Final Answer: Melnitsa Animation Studio Confidence: 0.85",Melnitsa Animation Studio,0.5202000000000001,1.0,1,1
257,5abce49655429959677d6b1a,"Bloomfield, Montana is in the county that had a 2010 population of what?","8,966",bridge,medium,"Step 1: Identify Bloomfield, Montana's county. Confidence: 0.8  
Step 2: Bloomfield is located in Dawson County, Montana. Confidence: 0.9  
Step 3: Find the 2010 population of Dawson County, Montana. Confidence: 0.7  
Step 4: The 2010 population of Dawson County was 8,966. Confidence: 0.8  
Final Answer: 8,966 Confidence: 0.7","8,966",0.28224,1.0,1,1
258,5a8488d55542997b5ce3feac,"John D'Leo (born July 8, 1995) is an American actor, he is known for his role in which 2013 crime comedy film, directed by Luc Besson, starring Robert De Niro, it follows a Mafia family in the witness protection program who want to change their lives?",The Family,bridge,easy,"Step 1: John D'Leo is known for his role in a 2013 crime comedy film. Confidence: 0.9  
Step 2: The film is directed by Luc Besson. Confidence: 0.9  
Step 3: The film stars Robert De Niro. Confidence: 0.9  
Step 4: The film follows a Mafia family in the witness protection program. Confidence: 0.9  
Step 5: The title of the film is ""The Family."" Confidence: 0.8  

Final Answer: The Family Confidence: 0.8",The Family,0.4199040000000001,1.0,1,1
259,5ab2689355429970612095f9,Where did the actor performing the voice of Bleeding Gums Murphy in the Simpsons grow up?,"Galveston, Texas",bridge,medium,"Step 1: Bleeding Gums Murphy is a character from ""The Simpsons"" who is voiced by an actor. Confidence: 1.0
Step 2: The actor who voiced Bleeding Gums Murphy is Ron Taylor. Confidence: 1.0
Step 3: Ron Taylor was an American actor and singer. Confidence: 1.0
Step 4: Ron Taylor was born in Chicago, Illinois. Confidence: 0.9
Final Answer: Chicago, Illinois Confidence: 0.9","Chicago, Illinois",0.81,0.0,0,0
260,5ae59f1355429960a22e0310,"What is the name of the famous dancer, taught by Richard Thomas, that formed her own dance company in 1966?",Twyla Tharp,bridge,medium,"Step 1: Richard Thomas was a renowned ballet teacher who taught many famous dancers. Confidence: 0.9
Step 2: One of his most famous students was Twyla Tharp. Confidence: 0.8
Step 3: Twyla Tharp formed her own dance company around the mid-1960s. Confidence: 0.7
Final Answer: Twyla Tharp Confidence: 0.7",Twyla Tharp,0.3528,1.0,1,1
261,5ac309645542990b17b154ff,The Girl In 14G is a song by the composer of what nationality?,American,bridge,medium,"Step 1: ""The Girl In 14G"" is a song by Kristin Chenoweth. Confidence: 0.9
Step 2: Kristin Chenoweth is an American actress and singer. Confidence: 0.95
Final Answer: American Confidence: 0.8",American,0.684,1.0,1,1
262,5ae7ef655542993210983fc5,"What was the debut album of the Australian band whose debut extended play was ""Let Me Be Clear""?",The Positions,bridge,medium,"Step 1: Identify the Australian band whose debut EP was ""Let Me Be Clear"". Confidence: 0.8
Step 2: Recognize that the band is Vance Joy. Confidence: 0.9
Step 3: Find the debut album by Vance Joy. Confidence: 0.8
Step 4: The debut album is ""Dream Your Life Away"". Confidence: 0.9
Final Answer: Dream Your Life Away Confidence: 0.8",Dream Your Life Away,0.4147200000000001,0.0,0,0
263,5ae22ef45542996483e6492d,What is the name of the comedian that uses one-liner jokes and was born on September 15?,James Anthony Patrick Carr,bridge,hard,"Step 1: The question mentions a comedian known for one-liner jokes. Confidence: 0.9
Step 2: Comedians known for one-liners include Mitch Hedberg, Steven Wright, and Rodney Dangerfield. Confidence: 0.8
Step 3: The comedian must have been born on September 15. Confidence: 0.9
Step 4: Mitch Hedberg was born on February 24, Steven Wright on December 6, and Rodney Dangerfield on November 22. None match. Confidence: 0.8
Step 5: Researching further, comedian Tommy Chong was born on May 24, and Norm Macdonald on October 17. Still no match. Confidence: 0.7
Final Answer: None found Confidence: 0.6",None found,0.217728,0.0,0,0
264,5a74af4d55429974ef308c32,"Who was born first, Milan Kundera or Daniil Kharms?",Daniil Kharms,comparison,easy,"Step 1: Find the birth year of Milan Kundera. Confidence: 1.0
Step 2: Milan Kundera was born on April 1, 1929. Confidence: 1.0
Step 3: Find the birth year of Daniil Kharms. Confidence: 1.0
Step 4: Daniil Kharms was born on January 9, 1905. Confidence: 1.0
Step 5: Compare the birth years to determine who was born first. Confidence: 1.0
Final Answer: Daniil Kharms Confidence: 1.0",Daniil Kharms,1.0,1.0,1,1
265,5a7bd5b1554299294a54ab28,"Which subgenre of dark wave music was performed by the and formed by Lisa Hammer (""née"" Houle) and Eric Hammer?",ethereal,bridge,hard,"Step 1: Lisa Hammer and Eric Hammer are known for being involved in the dark wave music scene. Confidence: 0.9
Step 2: They are the founders of the band ""Requiem in White,"" which is associated with a specific subgenre of dark wave. Confidence: 0.8
Step 3: ""Requiem in White"" is often classified under the ""ethereal wave"" subgenre, which is a type of dark wave music. Confidence: 0.7
Final Answer: ethereal wave Confidence: 0.7",ethereal wave,0.3528,0.6666666666666666,0,1
266,5a8e4e3f55429917b4a5bd90, Symphony No. 2 in C major was dedicated to a Duke whose younger brother become the consort of who?,Queen Victoria of the United Kingdom,bridge,medium,"Step 1: Symphony No. 2 in C major was composed by Ludwig van Beethoven. Confidence: 0.95
Step 2: Beethoven dedicated Symphony No. 2 to Karl Alois, Prince of Lichnowsky. Confidence: 0.90
Step 3: Karl Alois's younger brother was Franz Lichnowsky. Confidence: 0.85
Step 4: Franz Lichnowsky married Maria Christina, Duchess of Teschen, who was the daughter of Emperor Leopold II. Confidence: 0.80
Final Answer: Maria Christina, Duchess of Teschen Confidence: 0.75","Maria Christina, Duchess of Teschen",0.43605000000000005,0.20000000000000004,0,0
267,5a76a1165542993735360120,"Wilhelm Reich and Jorge Luis Borges, have which occupation in common?",writer,comparison,easy,"Step 1: Wilhelm Reich was a psychoanalyst and a controversial scientist. Confidence: 0.9
Step 2: Jorge Luis Borges was an Argentine writer known for his short stories and essays. Confidence: 0.95
Step 3: Both Wilhelm Reich and Jorge Luis Borges engaged in writing as a primary activity. Confidence: 0.8
Final Answer: writers Confidence: 0.85",writers,0.5814,0.0,0,1
268,5abd09cd5542996e802b46a3,"Frannie Lindsay earned her B.A. from a women's college in Troy, New York, that is one of three colleges that make up what?",The Sage Colleges,bridge,medium,"Step 1: Frannie Lindsay earned her B.A. from a women's college in Troy, New York. Confidence: 0.8
Step 2: The women's college in Troy, New York is Russell Sage College. Confidence: 0.7
Step 3: Russell Sage College is part of the Russell Sage College system, which includes Sage College of Albany and Sage Graduate Schools. Confidence: 0.6
Final Answer: The Sage Colleges Confidence: 0.6",The Sage Colleges,0.20159999999999997,1.0,1,1
269,5ab6895d55429953192ad2e9,For what was the person with which Phair began the production on his album noted?,"1989 single ""No Myth""",bridge,medium,"Step 1: Phair refers to Liz Phair, a musician known for her indie rock albums. Confidence: 0.9
Step 2: Liz Phair's most famous album is ""Exile in Guyville,"" produced by Brad Wood. Confidence: 0.8
Step 3: Brad Wood is noted for his work as a producer and engineer in the indie rock scene. Confidence: 0.7
Final Answer: indie rock production Confidence: 0.6",indie rock production,0.3024,0.0,0,0
270,5adfed0b554299025d62a385,What album took over two years to create and contained a song written with the help of Julia Michaels?,Purpose,bridge,medium,"Step 1: The question mentions an album that took over two years to create and involved Julia Michaels in writing one of its songs. Confidence: 0.95  
Step 2: Julia Michaels is known for collaborating with major pop artists, such as Justin Bieber, Selena Gomez, and Ed Sheeran. Confidence: 0.9  
Step 3: Among these artists, Ed Sheeran's album ""÷ (Divide)"" was known for its lengthy production time, taking over two years. Confidence: 0.8  
Step 4: Julia Michaels co-wrote the song ""Dive"" on Ed Sheeran's ""÷ (Divide)"" album. Confidence: 0.85  
Final Answer: ÷ (Divide) Confidence: 0.75",÷ (Divide),0.43605000000000005,0.0,0,0
271,5a8c4ad4554299585d9e364b,Did Daphne and Iolanta premiere within 5 years of each other?,no,comparison,medium,"Step 1: Identify who Daphne and Iolanta are. They are both operas. Confidence: 0.9
Step 2: Find the premiere years of Daphne and Iolanta. Daphne premiered in 1938. Confidence: 0.8
Step 3: Iolanta premiered in 1892. Confidence: 0.8
Step 4: Calculate the difference between the premiere years: 1938 - 1892 = 46 years. Confidence: 0.9
Final Answer: No Confidence: 0.8",No,0.4147200000000001,1.0,1,1
272,5ae58ba05542993aec5ec1b8,Matt Harrigan created and hosts which American talk show on Adult Swim?,FishCenter Live,bridge,easy,"Step 1: Matt Harrigan is known for his work on Adult Swim. Confidence: 0.8  
Step 2: Adult Swim is a programming block on Cartoon Network known for its unique and often comedic content. Confidence: 0.9  
Step 3: The show created and hosted by Matt Harrigan is likely ""Hot Package."" Confidence: 0.7  
Final Answer: Hot Package Confidence: 0.7",Hot Package,0.3528,0.0,0,0
273,5ab5d56c554299488d4d9a42,The Missouri Rhineland is a geographical area located mostly in a valley that is how long?,2300 mi,bridge,medium,"Step 1: The Missouri Rhineland is known for its wine production and is located along the Missouri River. Confidence: 0.9  
Step 2: The area is centered around the stretch of the Missouri River near Hermann, Missouri. Confidence: 0.8  
Step 3: The length of the valley associated with the Missouri Rhineland is approximately 80 miles. Confidence: 0.7  
Final Answer: 80 miles Confidence: 0.7",80 miles,0.3528,0.0,0,0
274,5a7f47685542994857a766db,Are the poets Lavinia Greenlaw and Marge Piercy of the same nationality?,no,comparison,medium,"Step 1: Lavinia Greenlaw is a British poet. Confidence: 0.9
Step 2: Marge Piercy is an American poet. Confidence: 0.9
Final Answer: no Confidence: 0.85",no,0.6885,1.0,1,1
275,5ab927c955429934fafe6e6c,where is the Dunn memorial bridge located,"Albany, New York",bridge,easy,"Step 1: The Dunn Memorial Bridge is a bridge in the United States. Confidence: 0.9  
Step 2: It is named after a person with the last name ""Dunn,"" which suggests it might be in a state or city with historical significance to that name. Confidence: 0.7  
Step 3: The bridge is known to span the Hudson River, which narrows down the location to states along the Hudson. Confidence: 0.8  
Step 4: The Dunn Memorial Bridge is specifically located in Albany, New York, connecting Albany and Rensselaer. Confidence: 0.85  

Final Answer: Albany, New York Confidence: 0.85","Albany, New York",0.36414,1.0,1,1
276,5abe77da55429965af743f18,Which magazine Decibel or Skeptic is published more frequently ?,Decibel,comparison,medium,"Step 1: Decibel is a music magazine focused on heavy metal and extreme music. Confidence: 0.8
Step 2: Skeptic is a science magazine focused on critical thinking and scientific skepticism. Confidence: 0.9
Step 3: Music magazines like Decibel are often published monthly. Confidence: 0.7
Step 4: Science magazines like Skeptic are often published quarterly. Confidence: 0.7
Final Answer: Decibel Confidence: 0.7",Decibel,0.24695999999999999,1.0,1,1
277,5ac4c6cd5542996feb3fe93d,In which soap opera did Australian star of The Duel play Josh Taylor?,Neighbours,bridge,medium,"Step 1: The Australian star of ""The Duel"" is Conrad Coleby. Confidence: 0.9  
Step 2: Conrad Coleby played the role of Josh Taylor in the soap opera ""Home and Away."" Confidence: 0.8  
Final Answer: Home and Away Confidence: 0.8",Home and Away,0.5760000000000001,0.0,0,0
278,5abba28c5542996cc5e4a02f,"Run was covered by what actor and singer from Derry, Northern Ireland, who won the Glee Project on August 21, 2011?",Damian Joseph McGinty Jr.,bridge,hard,"Step 1: The Glee Project was a reality TV show where the winner got a role on the TV show Glee. Confidence: 1.0
Step 2: The winner of The Glee Project on August 21, 2011, was Damian McGinty. Confidence: 0.9
Step 3: Damian McGinty is an actor and singer from Derry, Northern Ireland. Confidence: 0.9
Step 4: The song ""Run"" was covered by Damian McGinty on Glee. Confidence: 0.8
Final Answer: Damian McGinty Confidence: 0.8",Damian McGinty,0.5184000000000001,0.6666666666666666,0,1
279,5ab50a545542990594ba9ce9,Randal Cornell Teague is the former chief of staff and legislative counsel to a U.S. Representative that died in what year?,2009,bridge,medium,"Step 1: Randal Cornell Teague was the chief of staff and legislative counsel to U.S. Representative Mickey L. Edwards. Confidence: 0.8
Step 2: Mickey L. Edwards served as a U.S. Representative from Oklahoma from 1977 to 1993. Confidence: 0.9
Step 3: Mickey L. Edwards did not die in office; he is still alive as of 2024. Confidence: 0.7
Final Answer: (No answer, as the premise is incorrect) Confidence: 0.7","(No answer, as the premise is incorrect)",0.3528,0.0,0,0
280,5ac517f955429924173fb5a0,"Wicksteed Park is the second oldest theme park in the UK, with the oldest being a park that is owned by the Dabell family, and has a sister park named what?",Robin Hill,bridge,medium,"Step 1: The oldest theme park in the UK is owned by the Dabell family. Confidence: 0.9
Step 2: The oldest theme park in the UK is Pleasure Beach, Blackpool. Confidence: 0.8
Step 3: Pleasure Beach, Blackpool has a sister park named Pleasureland, Southport. Confidence: 0.7
Final Answer: Pleasureland, Southport Confidence: 0.7","Pleasureland, Southport",0.3528,0.0,0,0
281,5a8cdad5554299441c6b9f29, Clark Mountain is a summit in a county with a 2010 population of what?,"107,702",bridge,medium,"Step 1: Identify the location of Clark Mountain. Confidence: 0.8  
Step 2: Research or recall that Clark Mountain is in California. Confidence: 0.7  
Step 3: Determine the county where Clark Mountain is located, which is San Bernardino County. Confidence: 0.8  
Step 4: Find the 2010 population of San Bernardino County, which is approximately 2,035,210. Confidence: 0.9  
Final Answer: 2,035,210 Confidence: 0.8","2,035,210",0.32255999999999996,0.0,0,0
282,5ade7b8655429975fa854ed7,"PostNL is a mail, parcel and e-commerce corporation listed at a stock exchange formerly known as what?",Amsterdam Stock Exchange,bridge,medium,"Step 1: PostNL is a Dutch mail and parcel company. Confidence: 0.9  
Step 2: Before rebranding to PostNL, the company was known as TNT Post. Confidence: 0.8  
Final Answer: TNT Post Confidence: 0.8",TNT Post,0.5760000000000001,0.0,0,0
283,5ab5e06c5542992aa134a3bb,What country of origin does Smitty and Louis Gossett Jr. have in common?,American,bridge,medium,"Step 1: Smitty refers to Smitty Werbenjägermanjensen, a fictional character from SpongeBob SquarePants. Confidence: 0.8
Step 2: Louis Gossett Jr. is an American actor known for roles in movies like ""An Officer and a Gentleman."" Confidence: 0.9
Step 3: Smitty Werbenjägermanjensen's nationality is not explicitly stated in the show, but SpongeBob SquarePants is an American series, suggesting American origin. Confidence: 0.7
Step 4: Louis Gossett Jr. was born in the United States. Confidence: 0.9
Final Answer: United States Confidence: 0.8",United States,0.36288000000000004,0.0,0,1
284,5a78ae3c554299148911f91b,"What band is widely credited as one of the pioneers of visual kei, and released a compilation box set containing two CDs, a VHS tape and a T-shirt from the ""Violence and Jealousy Tour""?",X Japan,bridge,easy,"Step 1: Visual kei is a Japanese music movement known for its flamboyant costumes and makeup, popularized in the 1980s and 1990s. Confidence: 0.9  
Step 2: X Japan is one of the most influential bands credited with pioneering the visual kei movement. Confidence: 0.8  
Step 3: X Japan is known for releasing elaborate box sets, including multimedia content like CDs, VHS tapes, and merchandise. Confidence: 0.7  
Step 4: ""Violence and Jealousy Tour"" aligns with X Japan's history of dramatic tour titles and releases. Confidence: 0.7  
Final Answer: X Japan Confidence: 0.7",X Japan,0.24695999999999999,1.0,1,1
285,5ab252fd554299722f9b4ce0,What Oklahoma City Thunder basketball player is featured in La La's Full Court Life?,Carmelo Anthony,bridge,medium,"Step 1: La La's Full Court Life is a reality TV show featuring La La Anthony, who is married to Carmelo Anthony. Confidence: 0.9  
Step 2: Carmeo Anthony has played for the Oklahoma City Thunder during his NBA career. Confidence: 0.8  
Final Answer: Carmelo Anthony Confidence: 0.7",Carmelo Anthony,0.504,1.0,1,1
286,5a7720f055429966f1a36c8d,What former host at TVB later starred in Love as a Predatory Affair?,Jason Chan Chi-san,bridge,medium,"Step 1: TVB is a Hong Kong television network, so we're likely looking for a Hong Kong actor or host. Confidence: 0.9  
Step 2: ""Love as a Predatory Affair"" is a 2017 Taiwanese drama, so the person must have worked in both Hong Kong (TVB) and Taiwan. Confidence: 0.8  
Step 3: A prominent TVB host who later worked in Taiwan is Chen Zheyuan (also known as Alen). Confidence: 0.7  
Step 4: Chen Zheyuan starred in ""Love as a Predatory Affair."" Confidence: 0.6  
Final Answer: Chen Zheyuan Confidence: 0.6",Chen Zheyuan,0.18144,0.0,0,0
287,5adf706f5542995ec70e900e,Both Olympia Entertainment and Joe Louis Arena are located in what city?,Detroit,bridge,hard,"Step 1: Olympia Entertainment is a company that manages sports and entertainment venues. Confidence: 0.9  
Step 2: Joe Louis Arena is a well-known sports arena, historically associated with the Detroit Red Wings. Confidence: 0.9  
Step 3: Olympia Entertainment has managed Joe Louis Arena in the past. Confidence: 0.8  
Step 4: The Detroit Red Wings are based in Detroit, Michigan. Confidence: 0.95  
Final Answer: Detroit Confidence: 0.85",Detroit,0.5232600000000001,1.0,1,1
288,5a8a11e05542992e4fca84ef,What animal does Havanese and Alpine Dachsbracke have in common?,dog,comparison,medium,"Step 1: Havanese is a breed of dog. Confidence: 0.9  
Step 2: Alpine Dachsbracke is also a breed of dog. Confidence: 0.9  
Final Answer: dog Confidence: 0.9",dog,0.7290000000000001,1.0,1,1
289,5ab6101f554299637185c65c,In which county is the city in which Time Hill is located ?,Hamilton County,bridge,medium,"Step 1: Time Hill is located in Nashville, Tennessee. Confidence: 0.9
Step 2: Nashville is located in Davidson County, Tennessee. Confidence: 0.95
Final Answer: Davidson Confidence: 0.9",Davidson,0.7695,0.0,0,0
290,5ae0f42d554299422ee99576,Which character's past is explored in J.K. Rowling's sixth Harry Potter novel?,Lord Voldemort,bridge,medium,"Step 1: The sixth Harry Potter novel is ""Harry Potter and the Half-Blood Prince."" Confidence: 1.0
Step 2: The Half-Blood Prince's past is a major plot point in the novel. Confidence: 0.9
Step 3: The Half-Blood Prince is revealed to be Severus Snape. Confidence: 0.9
Final Answer: Severus Snape Confidence: 0.9",Severus Snape,0.7290000000000001,0.0,0,0
291,5ab9380c554299131ca422ca,Are the bands Flow and Against the Current from the same country?,no,comparison,hard,"Step 1: Find the country of origin for the band Flow. Confidence: 0.9
Step 2: Flow is a Japanese rock band. Confidence: 0.8
Step 3: Find the country of origin for the band Against the Current. Confidence: 0.9
Step 4: Against the Current is an American pop rock band. Confidence: 0.8
Final Answer: No Confidence: 0.8",No,0.4147200000000001,1.0,1,1
292,5a75f65755429976ec32bcc3,"Where are the studios of the station that broadcasts ""The Dave Bussey Show""?",near Newport Arch,bridge,hard,"Step 1: ""The Dave Bussey Show"" is a radio program hosted by Dave Bussey. Confidence: 0.8  
Step 2: Dave Bussey is a well-known radio presenter in the UK. Confidence: 0.9  
Step 3: He has been associated with BBC Radio Leeds. Confidence: 0.85  
Step 4: BBC Radio Leeds is based in Leeds, West Yorkshire. Confidence: 0.95  
Final Answer: Leeds Confidence: 0.85",Leeds,0.49419,0.0,0,0
293,5aba74295542994dbf01991f,Are Prince of Wales and Jägerbomb both beer-based mixed drinks?,no,comparison,hard,"Step 1: The Jägerbomb is a mixed drink made with Jägermeister (a herbal liqueur) and energy drink, typically Red Bull. It is not beer-based. Confidence: 0.9
Step 2: The Prince of Wales is a cocktail made with whiskey, Champagne, sugar, and bitters. It also does not contain beer. Confidence: 0.8
Final Answer: no Confidence: 0.85",no,0.6120000000000001,1.0,1,1
294,5a76597b5542992d0ec060b6,"Who is older, Alexander Razborov or Pyotr Novikov?",Pyotr Sergeyevich Novikov,comparison,medium,"Step 1: Alexander Razborov is a Russian mathematician born in 1963. Confidence: 0.9  
Step 2: Pyotr Novikov is a Russian mathematician born in 1901. Confidence: 0.9  
Final Answer: Pyotr Novikov Confidence: 0.95",Pyotr Novikov,0.7695,0.8,0,1
295,5a79fdb45542990198eaf033,"What studio album self-released on 10 October 2007 as a pay-what-you-want download, has a a song which sees frontman Thom Yorke singing of obsession and unrequited love?",In Rainbows,bridge,easy,"Step 1: The album in question is self-released and features Thom Yorke as the frontman, which suggests it is likely by the band Radiohead. Confidence: 0.9  
Step 2: The album was released on 10 October 2007 as a pay-what-you-want download, which matches Radiohead's ""In Rainbows."" Confidence: 0.95  
Step 3: ""In Rainbows"" features songs with themes of obsession and unrequited love, such as ""All I Need,"" where Thom Yorke sings about these topics. Confidence: 0.85  
Final Answer: In Rainbows Confidence: 0.9",In Rainbows,0.6540750000000001,1.0,1,1
296,5a736ee255429901807db059,"Situated on the west bank of the Nile, opposite Luxor, the famous tomb TT34 is located in which ancient city?",Thebes,bridge,medium,"Step 1: The description mentions the tomb is on the west bank of the Nile, opposite Luxor. Confidence: 0.9
Step 2: Luxor is located on the east bank of the Nile, so the west bank opposite Luxor would be the Theban Necropolis. Confidence: 0.8
Step 3: TT34 is the tomb of Montuemhat, a prominent mayor of Thebes. Confidence: 0.7
Step 4: Theban Necropolis is associated with the ancient city of Thebes. Confidence: 0.9
Final Answer: Thebes Confidence: 0.8",Thebes,0.36288000000000004,1.0,1,1
297,5abd9a275542996e802b4800,What Turkish city between the Karakum Desert and the Kopec Dag mountain range also boasts a famous Turkish basketball player?,Ashgabat,bridge,medium,"Step 1: The Karakum Desert is located in Turkmenistan, not Turkey, but it is near the border with Turkey. Confidence: 0.9
Step 2: The Kopec Dag mountain range is on the border between Turkmenistan and Iran. Confidence: 0.9
Step 3: The question is asking for a Turkish city, so we need to consider cities in eastern Turkey near these geographical features. Confidence: 0.8
Step 4: Famous Turkish basketball players include Hidayet Türkoğlu and Mehmet Okur, among others. Confidence: 0.8
Step 5: Hidayet Türkoğlu is from Istanbul, but Mehmet Okur is from Yalova, which is not near the described region. Alternatively, other cities like Erzurum or Van could fit geographically but may not have a famous basketball player. Confidence: 0.7
Final Answer: Erzurum Confidence: 0.6",Erzurum,0.217728,0.0,0,0
298,5a8cebfa554299441c6b9f7c,Which Queen of England and Ireland who lived from 18 February 1516 - 17 November 1558 did Sir George Howard serve under?,Mary I,bridge,medium,"Step 1: The Queen of England and Ireland who lived from 18 February 1516 to 17 November 1558 was Mary I. Confidence: 0.9
Step 2: Mary I is commonly known as ""Bloody Mary"" due to her persecution of Protestants. Confidence: 0.8
Step 3: Sir George Howard was a courtier and soldier during the Tudor period. Confidence: 0.7
Step 4: Historical records indicate that Sir George Howard served under Mary I. Confidence: 0.7
Final Answer: Mary I Confidence: 0.8",Mary I,0.28224,1.0,1,1
299,5ab3101055429976abd1bc48,"WTMA (branded as News Talk 1250 WTMA) is an AM radio station licensed to Charleston, South Carolina with a Talk radio format, it includes which nationally syndicated talk show, Michael Savage, is an American radio host, author, activist, nutritionist, and conservative political commentator, host of which nationally syndicated talk show?",The Savage Nation,bridge,easy,"Step 1: WTMA is an AM radio station in Charleston, South Carolina with a Talk radio format. Confidence: 0.9  
Step 2: Michael Savage is a conservative political commentator and radio host. Confidence: 0.95  
Step 3: Michael Savage hosts a nationally syndicated talk show called ""The Savage Nation."" Confidence: 0.85  
Final Answer: The Savage Nation Confidence: 0.85",The Savage Nation,0.6177374999999999,1.0,1,1
300,5adecbc255429975fa854f98,"What was the name of the film which dramatized the whisteblowing of a born in 1942, former vice president of a tobacco company?",The Insider,bridge,medium,"Step 1: Identify the subject as a whistleblower born in 1942 who was a former vice president of a tobacco company. Confidence: 0.8  
Step 2: Research or recall that Jeffrey Wigand, born in 1942, was a whistleblower and former vice president of Brown & Williamson tobacco company. Confidence: 0.9  
Step 3: Determine that Jeffrey Wigand's story was dramatized in a film. Confidence: 0.8  
Step 4: Identify the film as *The Insider* (1999), directed by Michael Mann. Confidence: 0.85  

Final Answer: The Insider Confidence: 0.85",The Insider,0.41616000000000003,1.0,1,1
301,5a7b85385542997c3ec971ed,"Who's husband was a British historian who wrote and lectured on Bhutanese, Tibetan and Himalayan culture and history, who starred in a French-British biographical film directed by Luc Besson?",Aung San Suu Kyi,bridge,easy,"Step 1: The British historian who wrote about Bhutanese, Tibetan, and Himalayan culture and history is likely Michael Aris. Confidence: 0.9  
Step 2: Michael Aris was married to Aung San Suu Kyi. Confidence: 0.95  
Step 3: Aung San Suu Kyi was the subject of the 2011 French-British biographical film *The Lady*, directed by Luc Besson. Confidence: 0.85  
Final Answer: Aung San Suu Kyi Confidence: 0.85",Aung San Suu Kyi,0.6177374999999999,1.0,1,1
302,5adead8355429939a52fe94a,Which Supreme Commander of the Irish Defence Forces' father was executed by the nascent Irish Free State?,Erskine Hamilton Childers,bridge,hard,"Step 1: The question is asking about a Supreme Commander of the Irish Defence Forces whose father was executed by the Irish Free State. Confidence: 1.0  
Step 2: The Irish Free State was established in 1922, and many executions occurred during the Irish Civil War (1922–1923). Confidence: 0.9  
Step 3: A prominent figure executed by the Free State during this period was Liam Lynch, a Republican leader, but he did not have a son who became Supreme Commander. Confidence: 0.8  
Step 4: Another executed figure was Rory O'Connor, a Republican leader, but he also did not have a son who became Supreme Commander. Confidence: 0.8  
Step 5: Michael Collins was a key figure in the Free State and was assassinated, not executed, and he did not have children. Confidence: 0.9  
Step 6: The correct figure is likely Eoin O'Duffy, whose father was executed by the Free State, and O'Duffy later became a prominent military leader. Confidence: 0.7  

Final Answer: Eoin O'Duffy Confidence: 0.7",Eoin O'Duffy,0.254016,0.0,0,0
303,5adefcbb5542992d7e9f9266,What Mississippi city is the Tie Plant located in?,Grenada,bridge,medium,"Step 1: I recall that the Tie Plant is a correctional facility in Mississippi. Confidence: 0.8
Step 2: Correctional facilities in Mississippi often have names tied to their city or county. Confidence: 0.7
Step 3: The Tie Plant Correctional Facility is associated with the city of Walnut Grove. Confidence: 0.9
Final Answer: Walnut Grove Confidence: 0.8",Walnut Grove,0.4032,0.0,0,0
304,5adf25765542992d7e9f92b8,AeroLogic is a joint venture between Lufthansa and the division of what logistics company?,Deutsche Post DHL,bridge,medium,"Step 1: AeroLogic is a cargo airline joint venture between Lufthansa and another logistics company. Confidence: 0.9
Step 2: The most well-known logistics company that collaborates with airlines is DHL. Confidence: 0.8
Step 3: DHL is a division of Deutsche Post, a major global logistics company. Confidence: 0.9
Final Answer: Deutsche Post Confidence: 0.85",Deutsche Post,0.5508000000000001,0.8,0,1
305,5ae165c45542997b2ef7d1d2,What is the nationality of lightweight female kickboxer Annalisa Bucci?,Italian,bridge,hard,"Step 1: Annalisa Bucci is a known lightweight female kickboxer. Confidence: 0.9  
Step 2: Annalisa Bucci has competed in international kickboxing events. Confidence: 0.8  
Step 3: She has represented Italy in some of these events. Confidence: 0.7  
Final Answer: Italian Confidence: 0.7",Italian,0.3528,1.0,1,1
306,5ae0429e55429924de1b707f,What year was S. Aishwarya's grandmother born in?,1934,bridge,medium,"Step 1: The question asks for S. Aishwarya's grandmother's birth year, but no direct information is provided. Confidence: 1.0  
Step 2: To estimate, assume S. Aishwarya is of a typical age for someone with that name (e.g., mid-20s to mid-30s). Confidence: 0.7  
Step 3: If S. Aishwarya is around 30 years old, her grandmother might be around 60-80 years older (assuming generational gaps of 30-40 years). Confidence: 0.6  
Step 4: Current year is 2023, so her grandmother's birth year could be between 1943 and 1963. Confidence: 0.5  
Final Answer: 1953 Confidence: 0.4",1953,0.084,0.0,0,0
307,5ae2c8695542992decbdcd9c,"What Village People song was released as a medley with their song ""Hot Cop""?",Y.M.C.A.,bridge,medium,"Step 1: The Village People are known for their disco hits. Confidence: 0.9
Step 2: ""Hot Cop"" is one of their lesser-known songs, released in 1978. Confidence: 0.8
Step 3: The Village People often released medleys of their popular songs to capitalize on their success. Confidence: 0.7
Step 4: Their most famous song, ""Y.M.C.A.,"" was released around the same time as ""Hot Cop."" Confidence: 0.8
Step 5: It is likely that ""Y.M.C.A."" was paired with ""Hot Cop"" in a medley due to its popularity. Confidence: 0.6
Final Answer: Y.M.C.A. Confidence: 0.6",Y.M.C.A.,0.145152,1.0,1,1
308,5a8c7a285542995e66a47611,What do Broad Peak and K12 have in common?,mountain,comparison,easy,"Step 1: Broad Peak is a mountain in the Karakoram range. Confidence: 0.9
Step 2: K12 is also a mountain in the Karakoram range. Confidence: 0.8
Step 3: Both mountains are part of the Karakoram range. Confidence: 0.9
Final Answer: Both are mountains in the Karakoram range Confidence: 0.8",Both are mountains in the Karakoram range,0.5184000000000001,0.0,0,1
309,5ab33d8055429969a97a8109,The brother of  Zlatko Ivanković currently manages what Pro League team?,Persepolis,bridge,medium,"Step 1: Zlatko Ivanković's most well-known brother is Branko Ivanković, a prominent football manager. Confidence: 0.9  
Step 2: Branko Ivanković is currently the head coach of the Oman national football team. Confidence: 0.9  
Step 3: The Oman national team is not part of a ""Pro League,"" but Branko previously managed Persepolis in the Persian Gulf Pro League. Confidence: 0.8  
Final Answer: Persepolis Confidence: 0.7",Persepolis,0.45360000000000006,1.0,1,1
310,5a89271a554299669944a4cc,"Who was the Global Risk Executive of Bank of America, who had   the former CEO, president, and chairman of Bank of America announce ""agreed she would retire,"" after a surge in credit losses led to a government bailout?",Amy Woods Brinkley,bridge,easy,"Step 1: Identify the time period related to the Bank of America government bailout, which was during the 2008 financial crisis. Confidence: 0.9
Step 2: Determine the former CEO, president, and chairman of Bank of America during that period, which was Kenneth D. Lewis. Confidence: 0.9
Step 3: Identify the Global Risk Executive who retired during Kenneth D. Lewis's tenure amid credit losses and bailout, which was Amy Woods Brinkley. Confidence: 0.8
Final Answer: Amy Woods Brinkley Confidence: 0.8",Amy Woods Brinkley,0.5184000000000001,1.0,1,1
311,5ae1b4c65542997283cd2253,Who founded the tire company who was used by Saab in the 1993 Barber Saab Pro Series?,Frank Seiberling,bridge,hard,"Step 1: The Barber Saab Pro Series was a racing series that used Saab cars. Confidence: 0.9
Step 2: Saab likely used a major tire brand for their racing series in 1993. Confidence: 0.8
Step 3: Common tire brands used in racing during the 1990s include Goodyear, Michelin, Bridgestone, and Pirelli. Confidence: 0.7
Step 4: Among these, Michelin was a significant supplier in motorsports during that era. Confidence: 0.7
Step 5: Michelin was founded by Édouard Michelin and André Michelin in 1889. Confidence: 0.9
Final Answer: Édouard Michelin and André Michelin Confidence: 0.7",Édouard Michelin and André Michelin,0.222264,0.0,0,0
312,5ae6d4ec55429908198fa6ca,When was the Actress who starred in Our Sons with Ann-Margret born?,1 October 1935,bridge,medium,"Step 1: The movie ""Our Sons"" starring Ann-Margret was released in 1991. Confidence: 0.9
Step 2: The other lead actress in ""Our Sons"" is Julie Andrews. Confidence: 0.85
Step 3: Julie Andrews was born on October 1, 1935. Confidence: 0.9
Final Answer: October 1, 1935 Confidence: 0.8","October 1, 1935",0.5508000000000001,1.0,0,1
313,5a8048405542995d8a8ddf57," ""Candy"" is a duet with Iggy Pop and Kate Pierson, an American vocalist, lyricist, and one of the singers and founding members of what group?",The B-52's,bridge,easy,"Step 1: Kate Pierson is known as a vocalist and founding member of a well-known American music group. Confidence: 0.9  
Step 2: The group is associated with the alternative rock and new wave genres and was formed in the 1980s. Confidence: 0.8  
Step 3: A prominent group from that era with female vocalists is The B-52's. Confidence: 0.7  
Final Answer: The B-52's Confidence: 0.85",The B-52's,0.4284,1.0,1,1
314,5adbd6555542996e68525257,"What position did the founder of Porteswart F.C.'s home ground, Mullaghacall, play for Northern Ireland?",goalkeeper,bridge,medium,"Step 1: Porteswart F.C. is likely a misspelling or fictional, as there is no known football club by that name. Confidence: 0.8  
Step 2: Mullaghacall is a district in Portstewart, Northern Ireland, and might refer to a local ground. Confidence: 0.7  
Step 3: Assuming the question refers to a notable footballer from Portstewart or associated with Northern Ireland, research would be needed to identify such a person. Confidence: 0.6  
Step 4: Without specific information about the founder or their career, it’s impossible to determine their playing position for Northern Ireland. Confidence: 0.9  
Final Answer: [No answer possible] Confidence: 0.8",[No answer possible],0.24192000000000002,0.0,0,0
315,5a7175155542994082a3e840,"What do Scandal and More Cattle, Less Bull have in common?",American,bridge,hard,"Step 1: ""Scandal"" is likely referring to the TV series ""Scandal"" which is a political drama. Confidence: 0.8  
Step 2: ""More Cattle, Less Bull"" sounds like a slogan or phrase, possibly related to marketing or branding. Confidence: 0.7  
Step 3: Checking for connections, ""Scandal"" was created by Shonda Rhimes, who is a prominent TV producer. Confidence: 0.9  
Step 4: ""More Cattle, Less Bull"" is a slogan associated with The Marketing Arm, a marketing agency. Confidence: 0.6  
Step 5: Shonda Rhimes is a notable figure in the entertainment industry, and The Marketing Arm works with major brands and entertainment clients. Confidence: 0.5  
Final Answer: Both are associated with Shonda Rhimes or her work. Confidence: 0.4",Both are associated with Shonda Rhimes or her work.,0.060480000000000006,0.0,0,0
316,5aba9c9a5542994dbf01997b,Rosie Webster's father is played by an actor who has played that same role since what year?,1983,bridge,medium,"Step 1: Rosie Webster is a character from the British soap opera ""Coronation Street."" Confidence: 0.9
Step 2: Rosie Webster's father is the character Kevin Webster. Confidence: 0.9
Step 3: The actor who plays Kevin Webster is Michael Le Vell. Confidence: 0.9
Step 4: Michael Le Vell has played Kevin Webster since the character's first appearance. Confidence: 0.8
Step 5: Kevin Webster first appeared in ""Coronation Street"" in 1983. Confidence: 0.8
Final Answer: 1983 Confidence: 0.8",1983,0.3732480000000001,1.0,1,1
317,5ab5f0e1554299488d4d9a5c,"What size population does the County Connection public transit in Concord, California service?","a population of 122,067",bridge,easy,"Step 1: The County Connection is a public transit system that serves Contra Costa County in California. Confidence: 0.9  
Step 2: Concord is a city located within Contra Costa County. Confidence: 0.95  
Step 3: The population of Contra Costa County is approximately 1.1 million people. Confidence: 0.85  
Step 4: The County Connection likely serves the entire population of Contra Costa County, as it is the primary public transit provider for the area. Confidence: 0.8  
Final Answer: 1.1 million Confidence: 0.8",1.1 million,0.46512000000000003,0.0,0,0
318,5ae68dc055429908198fa604,"Joy Wants Eternity is a five piece post-rock band from which city, it can be surmised that the name of the band is a reference to the philosophical poem Zarathustra's roundelay of Friedrich Nietzsche's Thus Spoke Zarathustra?",Seattle,bridge,easy,"Step 1: Joy Wants Eternity is a post-rock band. Confidence: 0.9  
Step 2: The band's name refers to Nietzsche's ""Thus Spoke Zarathustra."" Confidence: 0.8  
Step 3: Nietzsche's influence is strongly tied to Germany due to his nationality and philosophical work. Confidence: 0.8  
Step 4: The band is not German; post-rock is more associated with the US, Canada, and UK. Confidence: 0.7  
Step 5: The band is from Seattle, US, a known hub for post-rock and indie music scenes. Confidence: 0.6  
Final Answer: Seattle Confidence: 0.6",Seattle,0.145152,1.0,1,1
319,5add3a335542997545bbbcc6,Who is the composer of the eleventh studio album from the Beach Boys?,Brian Wilson,bridge,medium,"Step 1: The Beach Boys are known for their musical contributions, primarily in the pop and rock genres. Confidence: 1.0  
Step 2: Their eleventh studio album is ""Sunflower,"" released in 1970. Confidence: 0.9  
Step 3: The primary composers for The Beach Boys are the members of the band, including Brian Wilson, Mike Love, and others. Confidence: 0.9  
Step 4: Brian Wilson is often credited as the main composer for many of their albums, including their earlier works. Confidence: 0.8  
Final Answer: Brian Wilson Confidence: 0.7",Brian Wilson,0.45360000000000006,1.0,1,1
320,5a7d960d5542990b8f5039c0,The director of Jack the Giant Slayer is the founder of what production company?,Bad Hat Harry Productions,bridge,hard,"Step 1: Identify the director of ""Jack the Giant Slayer."" Confidence: 0.9  
Step 2: The director of ""Jack the Giant Slayer"" is Bryan Singer. Confidence: 0.9  
Step 3: Determine the production company founded by Bryan Singer. Confidence: 0.8  
Step 4: Bryan Singer is the founder of Bad Hat Harry Productions. Confidence: 0.8  
Final Answer: Bad Hat Harry Productions Confidence: 0.7",Bad Hat Harry Productions,0.36288000000000004,1.0,1,1
321,5adc3601554299438c868d74,Who were Jeff Celentano and Hugh Hudson?,film director,comparison,easy,"Step 1: Jeff Celentano is known as an American actor and director. Confidence: 0.8
Step 2: Hugh Hudson is a British film director, best known for ""Chariots of Fire."" Confidence: 0.9
Final Answer: Jeff Celentano: actor and director; Hugh Hudson: film director Confidence: 0.85",Jeff Celentano: actor and director; Hugh Hudson: film director,0.6120000000000001,0.3636363636363636,0,0
322,5ac515fc5542996feb3fe9f3,"Which Audi vehicle debuted first, the Audi Steppenwolf or the Audi TT?",Audi TT,bridge,hard,"Step 1: The Audi TT debuted in 1998 as a production car. Confidence: 0.9  
Step 2: The Audi Steppenwolf was a concept car first shown in 2000. Confidence: 0.8  
Step 3: Since 1998 is earlier than 2000, the Audi TT debuted first. Confidence: 0.95  
Final Answer: Audi TT Confidence: 0.95",Audi TT,0.6498,1.0,1,1
323,5a81f668554299676cceb19e,What type of government position does Bourke's parrot and Richard Bourke have in common?,Governor,bridge,medium,"Step 1: Richard Bourke was a British colonial administrator. Confidence: 0.9
Step 2: Bourke's parrot is a bird named after Richard Bourke. Confidence: 0.8
Step 3: Richard Bourke served as the Governor of New South Wales. Confidence: 0.9
Step 4: Bourke's parrot is native to Australia. Confidence: 0.8
Final Answer: Governor Confidence: 0.8",Governor,0.4147200000000001,1.0,1,1
324,5abb1f615542992ccd8e7f1c,"Who was this German actor who appeared in ""Aguirre, the Wrath of God"" (1972) and ""And God Said to Cain"" (1970)?",Klaus Kinski,bridge,medium,"Step 1: ""Aguirre, the Wrath of God"" is a film directed by Werner Herzog. Confidence: 0.9  
Step 2: Klaus Kinski is a well-known German actor who frequently collaborated with Werner Herzog. Confidence: 0.8  
Step 3: Klaus Kinski starred in ""Aguirre, the Wrath of God"" (1972). Confidence: 0.9  
Step 4: Klaus Kinski also appeared in spaghetti westerns, including ""And God Said to Cain"" (1970). Confidence: 0.7  
Final Answer: Klaus Kinski Confidence: 0.8",Klaus Kinski,0.3628800000000001,1.0,1,1
325,5ac1ad2955429963665198e2,What book was the 50th Speaker of the United States House of Representatives mentioned in? ,The Unwinding,bridge,easy,"Step 1: The 50th Speaker of the United States House of Representatives was Dennis Hastert. Confidence: 1.0
Step 2: Dennis Hastert was mentioned in the book ""The Scorpion's Sting: Antislavery and the Coming of the Civil War"" by James Oakes. Confidence: 0.3
Final Answer: The Scorpion's Sting: Antislavery and the Coming of the Civil War Confidence: 0.3",The Scorpion's Sting: Antislavery and the Coming of the Civil War,0.09,0.0,0,0
326,5a805e33554299485f5985d3,"Of Harry Lachman and Lionel Barrymore, which man was an actor?",Lionel Barrymore,comparison,hard,"Step 1: Lionel Barrymore is a well-known actor from classic Hollywood films. Confidence: 0.9
Step 2: Harry Lachman is primarily known as a director and painter, not as an actor. Confidence: 0.8
Final Answer: Lionel Barrymore Confidence: 0.85",Lionel Barrymore,0.6120000000000001,1.0,1,1
327,5a7603ab5542994ccc918687,What conference did former Oklahoma Sooners star Willie Warren play in?,Big 12 Conference.,bridge,medium,"Step 1: Willie Warren played college basketball for the Oklahoma Sooners. Confidence: 0.9  
Step 2: The Oklahoma Sooners are part of the Big 12 Conference in NCAA Division I basketball. Confidence: 0.9  
Final Answer: Big 12 Confidence: 0.8",Big 12,0.6480000000000001,0.8,0,1
328,5a8b544755429971feec46cf,Sean Connery portrayed Mark Rutland in the 1964 film directed by whom?,Alfred Hitchcock,bridge,medium,"Step 1: Sean Connery is a well-known actor, famous for playing James Bond among other roles. Confidence: 0.9  
Step 2: Mark Rutland is a character from the 1964 film ""Marnie,"" based on the novel by Winston Graham. Confidence: 0.9  
Step 3: ""Marnie"" (1964) was directed by Alfred Hitchcock, a renowned filmmaker. Confidence: 0.9  
Final Answer: Alfred Hitchcock Confidence: 0.9",Alfred Hitchcock,0.6561000000000001,1.0,1,1
329,5a7917d955429974737f7982,What is the birthday of the older person among Chelsea Noble and Kirk Cameron?,"December 4, 1964",bridge,hard,"Step 1: Chelsea Noble is an American actress born on December 4, 1964. Confidence: 0.9
Step 2: Kirk Cameron is an American actor born on October 12, 1970. Confidence: 0.9
Step 3: Comparing the birth years, Chelsea Noble was born in 1964 and Kirk Cameron in 1970. Confidence: 1.0
Step 4: Therefore, Chelsea Noble is the older person between the two. Confidence: 1.0
Final Answer: December 4, 1964 Confidence: 0.95","December 4, 1964",0.7695,1.0,1,1
330,5a73af8c5542992d56e7e385,What computer program does MGM wireless provide to run on a mobile device?,A mobile app,bridge,medium,"Step 1: Identify what MGM Wireless is known for. Confidence: 0.8  
Step 2: MGM Wireless is known for providing GPS vehicle tracking solutions. Confidence: 0.9  
Step 3: GPS vehicle tracking solutions often include mobile apps for real-time monitoring. Confidence: 0.85  
Step 4: The most likely mobile app provided by MGM Wireless would be related to their vehicle tracking service. Confidence: 0.8  
Final Answer: FleetComplete Confidence: 0.7",FleetComplete,0.34272,0.0,0,0
331,5a8b2e2855429971feec4669,The Tamasheq language is spoken principally in an area located 20 km north of what river?,Niger River,bridge,medium,"Step 1: The Tamasheq language is spoken by the Tuareg people in the Sahara region. Confidence: 0.8  
Step 2: The Tuareg people primarily inhabit areas in Mali, Niger, Algeria, and Burkina Faso. Confidence: 0.9  
Step 3: A major river in this region is the Niger River, which flows through Mali and Niger. Confidence: 0.9  
Final Answer: Niger River Confidence: 0.8",Niger River,0.5184000000000001,1.0,1,1
332,5a809d455542996402f6a5aa,Calcutta Youth Choir was set up in 1958 by Ruma Guha Thakurta with an Indian music composer who was also a poet and a what?,playwright,bridge,medium,"Step 1: Calcutta Youth Choir was set up by Ruma Guha Thakurta and an Indian music composer. Confidence: 0.9  
Step 2: The Indian music composer in question is most likely Salil Chowdhury, as he was a notable collaborator of Ruma Guha Thakurta. Confidence: 0.8  
Step 3: Salil Chowdhury was not only a music composer and poet but also a playwright. Confidence: 0.7  
Final Answer: playwright Confidence: 0.7",playwright,0.3528,1.0,1,1
333,5abce400554299114383a17d,"what aviation service operates based in Orlando,Florida that had an incident killing all seven people involved?",National Airlines,bridge,easy,"Step 1: Identify aviation services based in Orlando, Florida. Confidence: 0.8  
Step 2: Consider notable incidents involving aviation services in Orlando that resulted in fatalities. Confidence: 0.7  
Step 3: Recall the 2005 crash of an aircraft operated by Chalk's Ocean Airways, which was based in Florida and had a fatal incident. Confidence: 0.6  
Step 4: Verify if the Chalk's Ocean Airways incident involved seven fatalities. Confidence: 0.5  
Step 5: The crash of Chalk's Ocean Airways Flight 101 in 2005 killed all 20 on board, not seven, so this might not be the correct answer. Confidence: 0.4  
Step 6: Consider other aviation services like helicopter tours or skydiving operations in Orlando. Confidence: 0.3  
Step 7: Recall the 2022 incident involving a skydiving plane operated by Skydive Space Center in Florida, which crashed and killed all seven on board. Confidence: 0.7  

Final Answer: Skydive Space Center Confidence: 0.7",Skydive Space Center,0.009878399999999997,0.0,0,0
334,5a8bc0665542997f31a41db7,Which state did this male American academic and politician serve as a senator under whom Natalie Ravitz was a prominent staffer?,Minnesota,bridge,medium,"Step 1: The question refers to a male American academic and politician who served as a senator. Confidence: 0.9  
Step 2: Natalie Ravitz was a prominent staffer under this senator. Confidence: 0.8  
Step 3: Natalie Ravitz is known for her work with Senator Bob Kerrey. Confidence: 0.7  
Step 4: Bob Kerrey served as a senator from Nebraska. Confidence: 0.9  
Final Answer: Nebraska Confidence: 0.7",Nebraska,0.31751999999999997,0.0,0,0
335,5abbfa0555429965836003cb,What day was the book published that was illustarted alongside Dorothy and the Wizard in Oz?,"July 20, 1910",bridge,medium,"Step 1: Dorothy and the Wizard in Oz is a book in the Oz series by L. Frank Baum. Confidence: 0.9  
Step 2: The book was published in 1908. Confidence: 0.85  
Step 3: Other books illustrated alongside Dorothy and the Wizard in Oz would be part of the same series and likely published around the same time. Confidence: 0.8  
Step 4: The first book in the series, The Wonderful Wizard of Oz, was published in 1900, so it's unlikely. Confidence: 0.75  
Step 5: The next likely candidate would be Ozma of Oz, which was published in 1907. Confidence: 0.7  
Final Answer: 1907 Confidence: 0.7",1907,0.22491,0.0,0,0
336,5abd713255429933744ab7db,The building Henry Crown owned from 1951 to 1961 is how many feet tall?,1454,bridge,medium,"Step 1: Identify the building Henry Crown owned from 1951 to 1961. Confidence: 0.8
Step 2: The building Henry Crown owned during that time period is the Empire State Building. Confidence: 0.9
Step 3: Find the height of the Empire State Building. Confidence: 0.85
Step 4: The Empire State Building is 1,454 feet tall. Confidence: 0.95
Final Answer: 1,454 Confidence: 0.9","1,454",0.5232600000000001,1.0,1,1
337,5a76057f554299109176e60d,"Which album  released in 1984 by Atlantic Records was produced by the calypso artist best known for his 1956 hit, a traditional Jamaican folk song?",Beat Street,bridge,medium,"Step 1: Identify the calypso artist best known for his 1956 hit, a traditional Jamaican folk song. Confidence: 0.8
Step 2: The artist is likely Harry Belafonte, known for his hit ""Banana Boat Song (Day-O)."" Confidence: 0.9
Step 3: Find an album produced by Harry Belafonte and released in 1984 by Atlantic Records. Confidence: 0.7
Step 4: The album is ""Paradise In Gazankulu."" Confidence: 0.6
Final Answer: Paradise In Gazankulu Confidence: 0.6",Paradise In Gazankulu,0.18144,0.0,0,0
338,5ab7f77d5542993667794073,"Prior to serving as a member of the Provisional Congress of the Confederate States from Mississippi, William S. Barry served as a member of which majority-black district in the state, covering much of western Mississippi?",Mississippi's 2nd congressional district,bridge,hard,"Step 1: William S. Barry was a politician from Mississippi who served in the Provisional Congress of the Confederate States. Confidence: 0.9
Step 2: Before the Civil War, Mississippi's political districts were often based on population and slavery, with some majority-black districts due to the high enslaved population. Confidence: 0.8
Step 3: Western Mississippi, including the Delta region, had a high concentration of enslaved African Americans, making it a majority-black district. Confidence: 0.7
Step 4: William S. Barry represented a district in western Mississippi, likely the region with the highest enslaved population, which would be the Mississippi Delta. Confidence: 0.6
Final Answer: Mississippi Delta Confidence: 0.6",Mississippi Delta,0.18144,0.0,0,0
339,5a8efd1655429918e830d178,"What year was the ship, in which Sink the Belgrano! was based on, listed as out of service?",1982,bridge,hard,"Step 1: The phrase ""Sink the Belgrano!"" is likely a reference to the sinking of the ARA General Belgrano during the Falklands War. Confidence: 0.9  
Step 2: The ARA General Belgrano was originally the USS Phoenix, a Brooklyn-class light cruiser. Confidence: 0.8  
Step 3: The USS Phoenix was decommissioned in 1946 before being sold to Argentina. Confidence: 0.7  
Step 4: The ship was renamed ARA General Belgrano and commissioned into the Argentine Navy in 1951. Confidence: 0.8  
Step 5: The ARA General Belgrano was sunk in 1982, which would be the year it was listed as out of service. Confidence: 0.9  
Final Answer: 1982 Confidence: 0.8",1982,0.29030400000000006,1.0,1,1
340,5a8405205542990548d0b256,Belgrave Heights Christian School is located in a low mountain range with its highest mountain rising to how many meters ?,633 metres,bridge,hard,"Step 1: Belgrave Heights Christian School is located in Belgrave Heights, Victoria, Australia. Confidence: 0.9  
Step 2: Belgrave Heights is situated in the Dandenong Ranges. Confidence: 0.9  
Step 3: The highest mountain in the Dandenong Ranges is Mount Dandenong. Confidence: 0.9  
Step 4: Mount Dandenong has an elevation of approximately 633 meters. Confidence: 0.8  
Final Answer: 633 Confidence: 0.8",633,0.4665600000000001,0.6666666666666666,0,1
341,5adc1e4c5542994650320c7f,Which Puerto Rican boxer did Kenny Lane fight for a title?,Carlos Ortiz,bridge,medium,"Step 1: Kenny Lane was a professional boxer active in the 1950s and 1960s. Confidence: 0.8  
Step 2: Kenny Lane fought for a world title against Carlos Ortiz, a Puerto Rican boxer. Confidence: 0.7  
Final Answer: Carlos Ortiz Confidence: 0.7",Carlos Ortiz,0.39199999999999996,1.0,1,1
342,5ae2e2c655429928c423952d,When was the American Democratic politician which was the governor of 185th New York State Legislature born?,"June 15, 1932",bridge,medium,"Step 1: First, I need to identify who the governor of the 185th New York State Legislature was. Confidence: 0.8  
Step 2: The 185th New York State Legislature was in office in 1963–1964, so the governor during that time was Nelson A. Rockefeller. Confidence: 0.7  
Step 3: Now, I need to find out when Nelson A. Rockefeller was born. Confidence: 0.9  
Step 4: Nelson A. Rockefeller was born on July 8, 1908. Confidence: 0.9  
Final Answer: July 8, 1908 Confidence: 0.8","July 8, 1908",0.36288000000000004,0.0,0,0
343,5ac4eb4055429924173fb4d6,What Vietnam War veteran was associated with Within the Rock?,Dale Dye,bridge,medium,"Step 1: ""Within the Rock"" is a science fiction novel written by William Dietz. Confidence: 0.9  
Step 2: William Dietz served in the Vietnam War as a medic in the U.S. Air Force. Confidence: 0.8  
Final Answer: William Dietz Confidence: 0.7",William Dietz,0.504,0.0,0,0
344,5ae21f59554299234fd043e1,what does Seen It All: The Autobiography and Boosie Badazz have in common?,American rapper,bridge,easy,"Step 1: ""Seen It All: The Autobiography"" is a song by Jeezy featuring Jay-Z. Confidence: 0.8  
Step 2: Boosie Badazz is a rapper known for his autobiographical songs. Confidence: 0.9  
Step 3: Both the song and Boosie Badazz's work share autobiographical themes. Confidence: 0.8  
Final Answer: autobiographical themes Confidence: 0.8",autobiographical themes,0.4608000000000001,0.0,0,0
345,5a7dc19b5542990b8f503a79,Where was the song that was a lead single for the eleventh studio album by American rock band Weezer first performed?,the SXSW,bridge,medium,"Step 1: Identify the eleventh studio album by Weezer. Confidence: 0.8  
Step 2: The eleventh studio album by Weezer is ""Van Weezer."" Confidence: 0.9  
Step 3: The lead single for ""Van Weezer"" is ""The End of the Game."" Confidence: 0.85  
Step 4: ""The End of the Game"" was first performed live at the Troubadour in West Hollywood. Confidence: 0.7  
Final Answer: Troubadour, West Hollywood Confidence: 0.7","Troubadour, West Hollywood",0.29988000000000004,0.0,0,0
346,5ab931dc554299753720f78c,"Richard Bartlett Schroder, Jr. debuted in which 1979 American drama sports film directed by Franco Zeffirelli?",The Champ,bridge,medium,"Step 1: Richard Bartlett Schroder, Jr. is the full name of the actor Ricky Schroder. Confidence: 0.9  
Step 2: Ricky Schroder was a child actor who became famous in the late 1970s and early 1980s. Confidence: 0.9  
Step 3: Franco Zeffirelli directed the 1979 film ""The Champ,"" which is a drama sports film. Confidence: 0.85  
Final Answer: The Champ Confidence: 0.9",The Champ,0.61965,1.0,1,1
347,5ae31d4c5542991a06ce992a,"When was the company, of which Ernest Walter Hives was one time chairman, founded ?",1904,bridge,medium,"Step 1: Ernest Walter Hives was a prominent figure in Rolls-Royce. Confidence: 0.9  
Step 2: Rolls-Royce was founded in 1906. Confidence: 0.9  
Final Answer: 1906 Confidence: 0.9",1906,0.7290000000000001,0.0,0,0
348,5ae48ae35542995ad6573d69,"Which of the actors featured in ""Look Who's Talking"" became popular in the 1960s and 1970s for playing both dramatic and comedic roles?",George Segal,bridge,hard,"Step 1: Identify the main actors in ""Look Who's Talking"" (1989). The main cast includes John Travolta, Kirstie Alley, and Bruce Willis (voice of Mikey). Confidence: 0.9  
Step 2: Determine which of these actors was active in the 1960s and 1970s. John Travolta became famous in the 1970s with roles in ""Saturday Night Fever"" and ""Grease."" Kirstie Alley and Bruce Willis rose to prominence in the 1980s. Confidence: 0.8  
Step 3: Verify if John Travolta played both dramatic and comedic roles in the 1960s and 1970s. He starred in dramatic roles like ""Saturday Night Fever"" and comedic roles like ""Grease"" and ""Welcome Back, Kotter."" Confidence: 0.85  
Final Answer: John Travolta Confidence: 0.8",John Travolta,0.4896000000000001,0.0,0,0
349,5abc879d554299700f9d78e8,Kevin Bulmer was a contributor to a magazine published by what British games manufacturer?,Games Workshop,bridge,medium,"Step 1: Kevin Bulmer was known for his work in the video game industry, particularly in the UK. Confidence: 0.8  
Step 2: He contributed to a magazine called ""Zzap!64,"" which focused on Commodore 64 games. Confidence: 0.7  
Step 3: ""Zzap!64"" was published by a company called Newsfield Publications. Confidence: 0.6  
Step 4: Newsfield Publications was later acquired by British games manufacturer Imagine Publishing, but Imagine did not originally publish ""Zzap!64."" Confidence: 0.5  
Step 5: The original publisher of ""Zzap!64"" was Newsfield, which was not a games manufacturer but a magazine publisher. Therefore, the question may refer to a different magazine. Confidence: 0.4  
Final Answer: Newsfield Publications Confidence: 0.4",Newsfield Publications,0.02688,0.0,0,0
350,5a85d0045542997175ce203a," ""One Fish, Two Fish, Blowfish, Blue Fish"" is the eleventh episode of 22 episdoes that season that aired between what dates?","October 11, 1990 and May 9, 1991",bridge,hard,"Step 1: ""One Fish, Two Fish, Blowfish, Blue Fish"" is an episode of The Simpsons. Confidence: 1.0
Step 2: The episode is from Season 2 of The Simpsons. Confidence: 1.0
Step 3: Season 2 of The Simpsons aired during the 1990–1991 television season. Confidence: 1.0
Step 4: The eleventh episode of the season would have aired in early 1991. Confidence: 0.9
Final Answer: January 24, 1991 Confidence: 0.8","January 24, 1991",0.7200000000000001,0.2,0,0
351,5ae3abd25542992f92d82332,Frank Fertitta Jr was the founder of Station Casinos based in what county?,Clark County,bridge,medium,"Step 1: Frank Fertitta Jr. was the founder of Station Casinos, a casino company based in Las Vegas, Nevada. Confidence: 0.9  
Step 2: Station Casinos operates primarily in the Las Vegas Valley in Nevada. Confidence: 0.9  
Step 3: The county that includes Las Vegas is Clark County. Confidence: 1.0  
Final Answer: Clark County Confidence: 0.95",Clark County,0.7695,1.0,1,1
352,5a774dc755429972597f14f1,Bally's & Paris station is located in which city?,"Paradise, Nevada",bridge,medium,"Step 1: Bally's and Paris are both names associated with Las Vegas casinos. Confidence: 0.9  
Step 2: The mention of ""station"" suggests a location with multiple casinos or a tourist area. Confidence: 0.8  
Step 3: In Las Vegas, ""Bally's"" and ""Paris"" are adjacent hotels located on the Las Vegas Strip. Confidence: 0.85  
Final Answer: Las Vegas Confidence: 0.95",Las Vegas,0.5814,0.0,0,0
353,5abc3605554299114383a106,"The Simpson's episode ""Das Bus"" is a parody of a novel by what author?",William Golding,bridge,hard,"Step 1: The Simpson's episode ""Das Bus"" is a parody of the novel ""Lord of the Flies."" Confidence: 0.9
Step 2: ""Lord of the Flies"" was written by William Golding. Confidence: 0.95
Final Answer: William Golding Confidence: 0.95",William Golding,0.8122499999999999,1.0,1,1
354,5ac05f1b5542992a796ded02,In the Claws of Brightness was originally serialized  in the magazine that has been published since what year?,1922,bridge,medium,"Step 1: ""The Claws of Brightness"" is a fictional work by Ursula K. Le Guin. Confidence: 0.8  
Step 2: The magazine where it was serialized is likely ""The Magazine of Fantasy & Science Fiction."" Confidence: 0.7  
Step 3: ""The Magazine of Fantasy & Science Fiction"" has been published since 1949. Confidence: 0.9  
Final Answer: 1949 Confidence: 0.7",1949,0.3528,0.0,0,0
355,5adc9f6e5542990d50227cc6,"When was the Australian-British dancer who was one of the judges of ""Strictly Come Dancing"" born",4 January 1965,bridge,hard,"Step 1: The Australian-British dancer who is a judge on ""Strictly Come Dancing"" is likely Craig Revel Horwood. Confidence: 0.9  
Step 2: Craig Revel Horwood was born on January 4, 1965. Confidence: 0.85  
Final Answer: January 4, 1965 Confidence: 0.8","January 4, 1965",0.6120000000000001,1.0,0,1
356,5a758bf85542992db9473678,Who was born first Scipio Africanus or Santiago Posteguillo ?,Scipio Africanus,bridge,medium,"Step 1: Scipio Africanus was a Roman general and statesman who lived during the Roman Republic period. Confidence: 0.9  
Step 2: Santiago Posteguillo is a contemporary Spanish author known for his historical novels. Confidence: 0.9  
Step 3: Scipio Africanus was born in 236 BC, based on historical records. Confidence: 0.8  
Step 4: Santiago Posteguillo was born in 1967 AD, based on available biographical information. Confidence: 0.8  
Final Answer: Scipio Africanus Confidence: 0.95",Scipio Africanus,0.49248000000000003,1.0,1,1
357,5addb2875542997dc7907013,"Self and Family Life are both magazines, do they share the same publisher?",no,comparison,medium,"Step 1: Identify the publishers of Self magazine. Confidence: 0.8
Step 2: Identify the publishers of Family Life magazine. Confidence: 0.8
Step 3: Compare the publishers to see if they are the same. Confidence: 0.9
Final Answer: No Confidence: 0.7",No,0.4032000000000001,1.0,1,1
358,5ab8146555429916710eafe0,Which Walt Disney Animation Studios' animated feature film has this fictional character whose sidekick is Pascal?,Tangled,bridge,medium,"Step 1: The character with a sidekick named Pascal is most likely Rapunzel from ""Tangled."" Confidence: 0.9
Step 2: ""Tangled"" is a 2010 animated feature film produced by Walt Disney Animation Studios. Confidence: 0.95
Final Answer: Tangled Confidence: 0.95",Tangled,0.8122499999999999,1.0,1,1
359,5a78fab35542990784727773,In what province of Argentina is Esquel located?,Chubut Province,bridge,medium,"Step 1: Esquel is a city in Argentina. Confidence: 0.9  
Step 2: Esquel is located in the Patagonia region of Argentina. Confidence: 0.8  
Step 3: The Patagonia region spans several provinces in Argentina, including Chubut. Confidence: 0.9  
Step 4: Esquel is specifically in the Chubut province. Confidence: 0.7  
Final Answer: Chubut Confidence: 0.7",Chubut,0.31752,0.6666666666666666,0,1
360,5a713b165542994082a3e6b2,Thomas Bell Polla lead what group that wanted to annex territories in Mexico and Central America?,Knights of the Golden Circle,bridge,medium,"Step 1: Thomas Bell Pollock was a prominent figure associated with expansionist movements in the 19th century. Confidence: 0.8  
Step 2: Expansionist groups in the 19th century often sought to annex territories in Mexico and Central America, such as the Knights of the Golden Circle. Confidence: 0.7  
Step 3: The Knights of the Golden Circle was a secret society that advocated for the extension of slavery into these territories. Confidence: 0.75  
Step 4: Thomas Bell Pollock was indeed a leader or influential member of the Knights of the Golden Circle. Confidence: 0.6  
Final Answer: Knights of the Golden Circle Confidence: 0.65",Knights of the Golden Circle,0.16379999999999997,1.0,1,1
361,5a8138c155429938b6142300,"Between Nikos Kazantzakis and Thomas Sigismund Stribling, who had more diverse job experiences?",Thomas Sigismund Stribling,comparison,hard,"Step 1: Nikos Kazantzakis was a Greek writer known for his novels, poetry, and philosophical works. Confidence: 0.9
Step 2: Thomas Sigismund Stribling was an American writer and lawyer who also worked as a journalist. Confidence: 0.8
Step 3: Kazantzakis had additional experiences as a politician and traveler, while Stribling primarily focused on law and journalism besides writing. Confidence: 0.7
Final Answer: Nikos Kazantzakis Confidence: 0.7",Nikos Kazantzakis,0.3528,0.0,0,0
362,5ab297bd554299449642c91b,Which British TV station aired both Dance Factory and Bargain Hunt,BBC One,bridge,medium,"Step 1: Dance Factory is a British talent show that aired in the mid-2000s. Confidence: 0.8
Step 2: Bargain Hunt is a long-running British antiques show that has aired since the early 2000s. Confidence: 0.9
Step 3: Both shows are light entertainment programs, which suggests they likely aired on a general entertainment channel rather than a niche one. Confidence: 0.7
Step 4: The BBC has a history of airing both talent shows and antiques programs. Confidence: 0.8
Final Answer: BBC One Confidence: 0.8",BBC One,0.32256,1.0,1,1
363,5ac3c26e5542995ef918c227,Bequest to the Nation was a film that depicted a relationship that included which model and mistress of Lord Nelson?,"Emma, Lady Hamilton",bridge,medium,"Step 1: ""Bequest to the Nation"" is a 1973 film that portrays the relationship between Lord Nelson and his mistress. Confidence: 0.9  
Step 2: Lord Nelson's famous mistress was Emma Hamilton. Confidence: 0.95  
Final Answer: Emma Hamilton Confidence: 0.95",Emma Hamilton,0.8122499999999999,0.8,0,1
364,5abd8d495542996e802b47c1,The 1991 Tampa Bay Buccaneers ended their season with a replacement of their head coach with which proponent of the no-huddle offense?,"Samuel David ""Sam"" Wyche",bridge,hard,"Step 1: The Tampa Bay Buccaneers had Richard Williamson as their head coach during the 1991 season. Confidence: 0.9  
Step 2: Richard Williamson was replaced during the 1991 season. Confidence: 0.9  
Step 3: The no-huddle offense was popularized by coaches like Sam Wyche and Marv Levy. Confidence: 0.8  
Step 4: Sam Wyche was hired by the Buccaneers as their head coach after Williamson. Confidence: 0.7  
Step 5: Sam Wyche is the most likely replacement given his connection to the no-huddle offense. Confidence: 0.7  

Final Answer: Sam Wyche Confidence: 0.7",Sam Wyche,0.222264,0.6666666666666666,0,1
365,5abd8da255429924427fd053,"According to the 2010 census, what was the population of the county containing Florida State Road 163?","864,263",bridge,medium,"Step 1: Identify the county containing Florida State Road 163. Confidence: 0.8  
Step 2: Florida State Road 163 is located in Duval County, Florida. Confidence: 0.9  
Step 3: According to the 2010 census, Duval County's population was approximately 864,263. Confidence: 0.85  
Final Answer: 864263 Confidence: 0.8",864263,0.4896000000000001,1.0,1,1
366,5a7f5c795542992097ad2f39,"In regards to the person who was a Member of Parliament for the Leigh constituency before Jo Platt, what year was that person born?",1970,bridge,medium,"Step 1: Identify the Leigh constituency's Member of Parliament before Jo Platt. Confidence: 0.8  
Step 2: Jo Platt served as MP for Leigh from 2017 to 2019. Confidence: 0.9  
Step 3: Before Jo Platt, the MP for Leigh was Andy Burnham. Confidence: 0.9  
Step 4: Find the birth year of Andy Burnham. Confidence: 0.8  
Final Answer: 1970 Confidence: 0.8",1970,0.4147200000000001,1.0,1,1
367,5a88a71f5542997e5c09a68e,What Dutch professional football club based in Amsterdam can claim Sven Westendorp as a supporter?,AFC Ajax,bridge,easy,"Step 1: Identify well-known Dutch professional football clubs based in Amsterdam. Confidence: 0.9
Step 2: The most prominent clubs are AFC Ajax and FC Amsterdam, with Ajax being the more famous and historically significant. Confidence: 0.8
Step 3: Research or assume that Sven Westendorp is a public figure likely associated with high-profile clubs. Confidence: 0.6
Step 4: Given Ajax's prominence, it is more probable that Sven Westendorp supports them. Confidence: 0.7
Final Answer: AFC Ajax Confidence: 0.7",AFC Ajax,0.21167999999999998,1.0,1,1
368,5ae7f66b5542993210983fd5,In which 2016 film starred one of the voice actors from Fable III?,Moonlight,bridge,medium,"Step 1: First, identify the voice actors from Fable III. Fable III features actors like John Cleese, Simon Pegg, and Ben Kingsley. Confidence: 0.9
Step 2: Next, look up which of these actors starred in a 2016 film. John Cleese was in 'Absolutely Anything' (2015), Simon Pegg was in 'Star Trek Beyond' (2016), and Ben Kingsley was in 'Collide' (2016). Confidence: 0.85
Step 3: Among these, 'Star Trek Beyond' is the most prominent 2016 film. Simon Pegg had a major role in it. Confidence: 0.8
Final Answer: Star Trek Beyond Confidence: 0.75",Star Trek Beyond,0.4590000000000001,0.0,0,0
369,5ab81a0a5542990e739ec822,You can buy Blues to the Bush on ebay. Who founded ebay in 1995?,Pierre Omidyar,bridge,easy,"Step 1: ""Blues to the Bush"" is likely a product or item that can be purchased on eBay. Confidence: 0.8
Step 2: eBay is an online marketplace where various items are sold. Confidence: 1.0
Step 3: The question asks who founded eBay in 1995. Confidence: 1.0
Step 4: eBay was founded by Pierre Omidyar in 1995. Confidence: 0.9
Final Answer: Pierre Omidyar Confidence: 0.9",Pierre Omidyar,0.6480000000000001,1.0,1,1
370,5adff11755429925eb1afb56,"According to the U.S. Census Bureau's 2010 data, what was the population of the birthplace of Max Emerson?","15,220",bridge,medium,"Step 1: First, we need to identify Max Emerson's birthplace to determine which population data to look up. Confidence: 0.8  
Step 2: Max Emerson is a public figure known as an actor, model, and author, but his birthplace isn't widely documented in a way that would immediately tie to U.S. Census data. Confidence: 0.6  
Step 3: Assuming Max Emerson was born in the United States (a common but not verified assumption), we might look for popular guesses like Los Angeles or New York, but without verified data, this is speculative. Confidence: 0.4  
Step 4: Alternatively, if Max Emerson was born outside the U.S., the question specifies the U.S. Census Bureau's data, implying the answer should be within the U.S. and thus might not apply. Confidence: 0.5  
Final Answer: [No definitive answer possible due to lack of verified birthplace] Confidence: 0.3",[No definitive answer possible due to lack of verified birthplace],0.0288,0.0,0,0
371,5a7f87575542994857a76768,What is the name of the winner of Celebrity Big Brother 10's dog?,Valerie,bridge,hard,"Step 1: Identify the winner of Celebrity Big Brother 10. According to available data, the winner of Celebrity Big Brother 10 (2012 UK version) was Julian Clary. Confidence: 0.9  
Step 2: Research whether Julian Clary has a dog. Julian Clary is known to be a pet lover and has a dog. Confidence: 0.8  
Step 3: Find the name of Julian Clary's dog. His dog's name is Fanny the Wonder Dog. Confidence: 0.7  
Final Answer: Fanny the Wonder Dog Confidence: 0.7",Fanny the Wonder Dog,0.3528,0.0,0,0
372,5a7e59b55542991319bc946e,Which university Gregory Stephen Jerman represented as member of BU in the 1998 NCAA Division I-A football season?,Baylor University,bridge,medium,"Step 1: Identify that ""BU"" likely refers to Boston University based on common university abbreviations. Confidence: 0.8  
Step 2: Verify if Boston University had a football team in the NCAA Division I-A during the 1998 season. Confidence: 0.6  
Step 3: Find information about Gregory Stephen Jerman's affiliation with Boston University's football team in 1998. Confidence: 0.4  
Final Answer: Boston University Confidence: 0.5",Boston University,0.096,0.5,0,0
373,5a77817355429949eeb29ea5,"Bret Alan Stafford is a former American football player, who records have since been surpassed by which American football quarterback, who is currently a free agent?",Vincent Paul Young Jr.,bridge,easy,"Step 1: Bret Alan Stafford is a former American football quarterback who played in the NFL. Confidence: 0.9
Step 2: Bret Stafford's records would likely be related to his college career at the University of Texas, as his NFL career was short. Confidence: 0.8
Step 3: A quarterback who surpassed Stafford's records at Texas and is currently a free agent is likely Colt McCoy. Confidence: 0.7
Final Answer: Colt McCoy Confidence: 0.7",Colt McCoy,0.3528,0.0,0,0
374,5ade8f2d5542992fa25da7c9,Ryan Alosio  plays 'Miles Farber' on a series produced by a a Canadian-American actor known for his highly energetic what?,slapstick performances,bridge,medium,"Step 1: Ryan Alosio played 'Miles Farber' on the TV series ""Mutant X."" Confidence: 0.8  
Step 2: ""Mutant X"" was produced by Tribune Entertainment and Fireworks Entertainment, not directly by a Canadian-American actor. Confidence: 0.7  
Step 3: The question likely refers to the actor also being involved in the production or creation of the series. Confidence: 0.6  
Step 4: A Canadian-American actor known for high energy and involvement in sci-fi/superhero productions is William Shatner. Confidence: 0.7  
Step 5: William Shatner is famously known for his highly energetic acting style and line delivery. Confidence: 0.9  

Final Answer: line delivery Confidence: 0.7",line delivery,0.14817599999999997,0.0,0,0
375,5a8759205542993e715abf04,"Which is from farther South, Saving Abel or Joy Division?",Saving Abel,comparison,medium,"Step 1: Determine the origin of Saving Abel. Saving Abel is a rock band formed in Corinth, Mississippi, USA. Confidence: 0.9
Step 2: Determine the origin of Joy Division. Joy Division was a post-punk band formed in Salford, England, UK. Confidence: 0.9
Step 3: Compare the latitudes of Corinth, Mississippi, and Salford, England. Corinth, Mississippi is at approximately 34.93° N, while Salford, England is at approximately 53.51° N. Confidence: 0.8
Final Answer: Joy Division Confidence: 0.8",Joy Division,0.5184000000000001,0.0,0,0
376,5ae618325542992663a4f25d,What is the nationality of the producer of the 2012 American survival drama film based on Yann Martel's 2001 novel?,American,bridge,medium,"Step 1: The 2012 American survival drama film based on Yann Martel's 2001 novel is ""Life of Pi."" Confidence: 1.0  
Step 2: The producer of ""Life of Pi"" is Ang Lee. Confidence: 1.0  
Step 3: Ang Lee was born in Taiwan. Confidence: 1.0  
Final Answer: Taiwanese Confidence: 1.0",Taiwanese,1.0,0.0,0,0
377,5a8c5107554299653c1aa03a,"Call a spade a spade has been used in literary works by what British playwright, novelist, and short story writer who was reportedly the highest-paid author during the 1930s?",William Somerset Maugham,bridge,hard,"Step 1: The question asks about a British playwright, novelist, and short story writer who was reportedly the highest-paid author during the 1930s. Confidence: 0.9  
Step 2: The phrase ""call a spade a spade"" is associated with straightforward or blunt language, which might help identify the author. Confidence: 0.8  
Step 3: One of the most famous British playwrights and authors of the early 20th century was W. Somerset Maugham. Confidence: 0.85  
Step 4: W. Somerset Maugham was known for his sharp, realistic dialogue and was among the highest-paid authors of his time. Confidence: 0.8  
Final Answer: W. Somerset Maugham Confidence: 0.85",W. Somerset Maugham,0.4161600000000001,0.6666666666666666,0,1
378,5ab78ef155429928e1fe387f,Who are the two main characters of the animated Cartoon Network series that Boulder Media is best known for?,Mac and Bloo,bridge,hard,"Step 1: Boulder Media is known for producing the animated series ""The Amazing World of Gumball"" for Cartoon Network. Confidence: 0.8  
Step 2: The two main characters of ""The Amazing World of Gumball"" are Gumball Watterson and Darwin Watterson. Confidence: 0.9  
Final Answer: Gumball Watterson and Darwin Watterson Confidence: 0.9",Gumball Watterson and Darwin Watterson,0.6480000000000001,0.25,0,0
379,5add626b5542995b365fab22,"In which 2014 American romantic teen drama, based on the novel of the same name by John Green, did Ansel Elgort play the character Augustus Waters?",Ansel Elgort,bridge,hard,"Step 1: The question mentions a 2014 American romantic teen drama based on a novel by John Green. Confidence: 1.0
Step 2: John Green is the author of ""The Fault in Our Stars,"" which was adapted into a film in 2014. Confidence: 1.0
Step 3: Ansel Elgort is known for his roles in young adult films, including ""The Fault in Our Stars."" Confidence: 0.9
Step 4: In ""The Fault in Our Stars,"" Ansel Elgort plays the character Augustus Waters. Confidence: 0.9
Final Answer: The Fault in Our Stars Confidence: 0.95",The Fault in Our Stars,0.7695,0.0,0,0
380,5ab759e85542995dae37e90d,"Who did Timothy L. Spall portray in the film ""The Enfield Haunting""?",Maurice Grosse,bridge,easy,"Step 1: Timothy L. Spall is a British actor known for his roles in various films and TV shows. Confidence: 0.9
Step 2: ""The Enfield Haunting"" is a 2015 British television drama based on real-life events surrounding the Enfield Poltergeist case. Confidence: 0.8
Step 3: In the film ""The Enfield Haunting,"" Timothy L. Spall played one of the key characters involved in the story. Confidence: 0.7
Step 4: The main real-life figure in the Enfield Poltergeist case was Maurice Grosse, a paranormal investigator. Confidence: 0.8
Final Answer: Maurice Grosse Confidence: 0.75",Maurice Grosse,0.3024,1.0,1,1
381,5ae7ed8d5542994a481bbe36,"What is the name of this American actress, musician, and director, borh in October 1989, who starred in Sleepover?",Brie Larson,bridge,medium,"Step 1: Identify the movie ""Sleepover"" as a 2004 teen comedy film. Confidence: 1.0
Step 2: Recall that Alexa Vega was the lead actress in ""Sleepover."" Confidence: 0.9
Step 3: Check Alexa Vega's birth date, which is August 27, 1988. Confidence: 0.8
Step 4: Realize the birth date does not match October 1989. Confidence: 1.0
Step 5: Consider other actresses from ""Sleepover"" like Sara Paxton, whose birth date is April 25, 1988. Confidence: 0.8
Step 6: Realize no major actresses from ""Sleepover"" match the October 1989 birth date. Reevaluate the question. Confidence: 0.7
Step 7: Consider that ""Sleepover"" might be confused with another film or the birth date is incorrect. Confidence: 0.6
Final Answer: Alexa Vega Confidence: 0.5",Alexa Vega,0.12096,0.0,0,0
382,5a8637e55542991e771815c4,"What actress from 2015 film ""The Rumperbutts"" is also known for roles on ""Pretty Little Liars"", ""Suits"" and ""Blue Bloods""?",Vanessa Ray,bridge,easy,"Step 1: First, I need to determine if ""The Rumperbutts"" is a real film from 2015. Confidence: 0.1 (I'm not familiar with this title, it might be a typo or joke)
Step 2: Assuming it's a typo and referring to ""The Duff"" (2015), which is a coming-of-age comedy film. Confidence: 0.3 (this is speculative)
Step 3: In ""The Duff,"" the lead actress is Mae Whitman. Confidence: 0.9 (correct cast listing for ""The Duff"")
Step 4: Check if Mae Whitman has appeared in ""Pretty Little Liars,"" ""Suits,"" and ""Blue Bloods."" She hasn't. Confidence: 1.0 (verified filmography)
Step 5: Consider alternative actresses who might fit the description better, perhaps thinking of Troian Bellisario from ""Pretty Little Liars"" but she wasn't in ""The Duff."" Confidence: 0.5 (no direct connection)

Final Answer: (Unable to determine correct answer) Confidence: 0.0",(Unable to determine correct answer),0.0,0.0,0,0
383,5a8610495542996432c57187,"André Gide, in 1947, won the prize named after which philanthropist?",Alfred Nobel,bridge,medium,"Step 1: André Gide won the Nobel Prize in Literature in 1947. Confidence: 0.9  
Step 2: The Nobel Prize is named after Alfred Nobel, a Swedish philanthropist. Confidence: 0.95  
Final Answer: Alfred Nobel Confidence: 0.85",Alfred Nobel,0.72675,1.0,1,1
384,5a82d46255429966c78a6a91,What year did the movie come out that Secrets is notably similar to?,1985,bridge,medium,"Step 1: ""Secrets"" is a song by OneRepublic. Confidence: 0.9  
Step 2: ""Secrets"" by OneRepublic is notably similar to the soundtrack of the movie ""The Social Network"". Confidence: 0.8  
Step 3: ""The Social Network"" was released in the year 2010. Confidence: 0.9  
Final Answer: 2010 Confidence: 0.8",2010,0.5184000000000001,0.0,0,0
385,5ae5108b55429908b6326508,"Nick Pollotta, was an American author, he is best known for his humorous novels, including which science-fiction novel, with Phil Foglio, an American cartoonist and comic book artist best known for his humorous science fiction and fantasy art?",Illegal Aliens,bridge,easy,"Step 1: Nick Pollotta is known for writing humorous novels, often in the science-fiction genre. Confidence: 0.9
Step 2: Phil Foglio is known for his collaborations, particularly in humorous science fiction and fantasy works. Confidence: 0.9
Step 3: One of their notable collaborations is ""Illegal Aliens,"" a humorous science-fiction novel. Confidence: 0.8
Final Answer: Illegal Aliens Confidence: 0.8",Illegal Aliens,0.5184000000000001,1.0,1,1
386,5a7c500655429907fabeef5b,"Backmasking is a sound recording effect, that deliberately reverses which media?",magnetic tape,bridge,hard,"Step 1: Backmasking is a technique where audio is recorded backward onto a track. Confidence: 0.9  
Step 2: The effect is typically used in music or spoken word recordings. Confidence: 0.8  
Step 3: Therefore, the media most commonly associated with backmasking is audio recordings. Confidence: 0.7  
Final Answer: audio recordings Confidence: 0.7",audio recordings,0.3528,0.0,0,1
387,5a86fa0a5542991e771816a2,Where was the playwright who wrote Black Nativity from?,"Joplin, Missouri",bridge,medium,"Step 1: Black Nativity was written by Langston Hughes. Confidence: 0.9
Step 2: Langston Hughes was an American playwright, poet, and writer. Confidence: 0.9
Step 3: Langston Hughes was born in Joplin, Missouri. Confidence: 0.8
Final Answer: Joplin, Missouri Confidence: 0.8","Joplin, Missouri",0.5184000000000001,1.0,1,1
388,5a7522aa5542996c70cfae93,"The Australian women's national soccer team represents Australia in international women's soccer at the senior level, the team's official nickname is the Matildas, their  best-known bush ballad, that has been described as the country's ""unofficial national anthem"", is titled?",Waltzing Matilda,bridge,easy,"Step 1: The Australian women's national soccer team is nicknamed the Matildas. Confidence: 0.95
Step 2: The nickname ""Matildas"" is derived from the song ""Waltzing Matilda"". Confidence: 0.9
Step 3: ""Waltzing Matilda"" is a famous Australian bush ballad. Confidence: 0.95
Step 4: ""Waltzing Matilda"" is often considered Australia's ""unofficial national anthem"". Confidence: 0.9
Final Answer: Waltzing Matilda Confidence: 0.95",Waltzing Matilda,0.6944737499999999,1.0,1,1
389,5ae2ad0d5542996483e64a3a,The Eagle's Brood starred which film actor who also played the role of Hopalong Cassidy?,William Lawrence Boyd,bridge,medium,"Step 1: ""The Eagle's Brood"" is a 1935 Western film. Confidence: 0.9  
Step 2: Hopalong Cassidy was a famous Western character played by multiple actors. Confidence: 0.8  
Step 3: The most famous actor associated with Hopalong Cassidy is William Boyd. Confidence: 0.9  
Step 4: William Boyd starred in ""The Eagle's Brood."" Confidence: 0.8  
Final Answer: William Boyd Confidence: 0.8",William Boyd,0.4147200000000001,0.8,0,1
390,5ae1d3685542997283cd227c,The Lusthog Squad was depicted in the 1987 film by which American film director and producer?,Stanley Kubrick,bridge,medium,"Step 1: First, I need to identify what ""The Lusthog Squad"" refers to. Confidence: 0.7  
Step 2: ""The Lusthog Squad"" is likely a misheard or fictional name, possibly referencing the ""Platoon"" from the 1986 film ""Platoon."" Confidence: 0.6  
Step 3: The 1986 film ""Platoon"" was directed by Oliver Stone. Confidence: 0.9  
Step 4: Given the question mentions a 1987 film and ""Platoon"" was released in 1986, this might not fit. Alternatively, ""The Lusthog Squad"" could be a reference to ""The Dirty Dozen,"" but that's from 1967. Confidence: 0.5  
Step 5: Another possibility is ""The Lost Boys,"" a 1987 film directed by Joel Schumacher. Confidence: 0.6  

Final Answer: Joel Schumacher Confidence: 0.6",Joel Schumacher,0.06804,0.0,0,0
391,5a7b550e5542992d025e6808,"What song, co-produced by a man who currently resides in New York City, released on September 10 and in the song Rihanna demands physical attention from her lover?",Only Girl,bridge,easy,"Step 1: The song in question must be by Rihanna and involve a demand for physical attention from a lover. Confidence: 0.9
Step 2: The song was released on September 10, which narrows down the possible releases to specific years. Confidence: 0.8  
Step 3: It was co-produced by a man who currently resides in New York City, implying a producer with ties to NYC. Confidence: 0.7  
Step 4: A likely candidate is ""What's My Name?"" featuring Drake, co-produced by StarGate (based in NYC, includes Tor Erik Hermansen who resides there) and released on October 29, 2010. This doesn't match the September 10 date. Confidence: 0.6  
Step 5: Another possibility is ""Needed Me,"" co-produced by DJ Mustard (who resides in LA, not NYC) and released on March 30, 2016. This also doesn't match the date or location. Confidence: 0.5  
Final Answer: (Unable to determine; no exact match found) Confidence: 0.3",(Unable to determine; no exact match found),0.04536,0.0,0,0
392,5ae3a3f95542994393b9e730,In what War was Prince Christoph of Hesse accidentally killed?,World War II,bridge,hard,"Step 1: Prince Christoph of Hesse was a member of the German nobility and a military officer during World War II. Confidence: 0.8
Step 2: He served in the Luftwaffe, the German air force, during the war. Confidence: 0.9
Step 3: He died in a plane crash during the war, which was an accidental death. Confidence: 0.7
Final Answer: World War II Confidence: 0.8",World War II,0.4032,1.0,1,1
393,5ab2a092554299340b525530,What year was the director of Child of God born?,1978,bridge,medium,"Step 1: The movie Child of God was directed by James Franco. Confidence: 0.9
Step 2: James Franco was born on April 19, 1978. Confidence: 0.9
Final Answer: 1978 Confidence: 0.9",1978,0.7290000000000001,1.0,1,1
394,5a8bef395542995d1e6f146a,What football position did Lopes' former boyfriend play?,wide receiver,bridge,hard,"Step 1: The name ""Lopes"" is likely referring to Lisa Lopes, also known as Left Eye from the group TLC. Confidence: 0.8
Step 2: Lisa Lopes' most famous former boyfriend was Andre Rison, a professional football player. Confidence: 0.9
Step 3: Andre Rison played in the NFL as a wide receiver. Confidence: 0.95
Final Answer: Wide receiver Confidence: 0.9",Wide receiver,0.6156,1.0,1,1
395,5a790fc755429907847277a1,What was the series name of a reality show where Gemma Clare Collins took part for only three days?,UK series 14,bridge,medium,"Step 1: Gemma Clare Collins is known for her participation in reality TV shows, particularly in the UK. Confidence: 0.9
Step 2: One of the most notable reality shows in the UK is ""I'm a Celebrity...Get Me Out of Here!"" Confidence: 0.8
Step 3: Gemma Collins participated in ""I'm a Celebrity...Get Me Out of Here!"" but left the show early. Confidence: 0.7
Step 4: Reports indicate that Gemma Collins only stayed in the jungle for three days before quitting. Confidence: 0.6
Final Answer: I'm a Celebrity...Get Me Out of Here! Confidence: 0.6",I'm a Celebrity...Get Me Out of Here!,0.18144,0.0,0,1
396,5a8102da554299260e20a1fc,"Columbia Records 1958–1986 is an album contains many of Cash's famous hits, including Ring Of Fire and Folsom Prison Blues,a song written in 1953 and first recorded in what year by American singer-songwriter Johnny Cash?",1955,bridge,easy,"Step 1: The question states that ""Folsom Prison Blues"" was written in 1953 by Johnny Cash. Confidence: 1.0  
Step 2: Johnny Cash is known to have recorded ""Folsom Prison Blues"" shortly after writing it. Confidence: 0.9  
Step 3: Research indicates that Johnny Cash first recorded ""Folsom Prison Blues"" in 1955. Confidence: 0.8  
Final Answer: 1955 Confidence: 0.8",1955,0.5760000000000001,1.0,1,1
397,5a7a7da05542990198eaf14b,What profession did Charles Brabin and Karl Freund share?,film director,comparison,medium,"Step 1: Charles Brabin was a director known for his work in the early 20th century. Confidence: 0.8  
Step 2: Karl Freund was a cinematographer and director, famous for his work on classics like ""Metropolis"" and ""Dracula."" Confidence: 0.9  
Step 3: Both Charles Brabin and Karl Freund worked in the film industry. Confidence: 0.9  
Step 4: They both held the profession of director at some point in their careers. Confidence: 0.8  
Final Answer: director Confidence: 0.8",director,0.4147200000000001,0.6666666666666666,0,1
398,5a8ec88d5542995a26add51c,"Are Qixia, Shandong and Wuchuan, Guangdong in the same country?",yes,comparison,hard,"Step 1: Qixia is a county-level city in Shandong Province, China. Confidence: 0.95
Step 2: Wuchuan is a county-level city in Guangdong Province, China. Confidence: 0.95
Step 3: Both Shandong and Guangdong are provinces of China. Confidence: 0.98
Final Answer: Yes Confidence: 0.99",Yes,0.8756054999999999,1.0,1,1
399,5ac5460c5542993e66e82295,Are America's Civil War and The Watchtower both magazines?,yes,comparison,medium,"Step 1: America's Civil War is a magazine focused on historical events related to the Civil War. Confidence: 0.9
Step 2: The Watchtower is a magazine published by Jehovah's Witnesses. Confidence: 0.9
Final Answer: yes Confidence: 0.8",yes,0.6480000000000001,1.0,1,1
400,5ac4f46155429924173fb50f,Which team defeated the 49ers by 34-31 in the 2013 Super Bowl?,Baltimore Ravens,bridge,hard,"Step 1: The 2013 Super Bowl refers to Super Bowl XLVII, which took place in February 2013. Confidence: 0.9  
Step 2: The San Francisco 49ers were one of the teams in Super Bowl XLVII. Confidence: 0.9  
Step 3: The other team in Super Bowl XLVII was the Baltimore Ravens. Confidence: 0.9  
Step 4: The final score of Super Bowl XLVII was 34-31 in favor of the Baltimore Ravens. Confidence: 0.9  
Final Answer: Baltimore Ravens Confidence: 0.9",Baltimore Ravens,0.5904900000000002,1.0,1,1
401,5ab9fe1c55429901930fa766,"Highway 64 in the U.S. State of Montana is a route running easterly from the Mountain Village area of which ski resort located in southwestern Montana in Madison County, an hour south of Bozeman via U.S. Highway 191 in Big Sky, Montana?",Big Sky Resort,bridge,easy,"Step 1: The question mentions that Highway 64 in Montana runs easterly from the Mountain Village area of a ski resort. Confidence: 0.9  
Step 2: The ski resort is located in southwestern Montana in Madison County, an hour south of Bozeman. Confidence: 0.9  
Step 3: The ski resort is accessible via U.S. Highway 191 in Big Sky, Montana. Confidence: 0.9  
Step 4: The most well-known ski resort in Big Sky, Montana, is Big Sky Resort. Confidence: 0.8  
Final Answer: Big Sky Resort Confidence: 0.8",Big Sky Resort,0.4665600000000001,1.0,1,1
402,5a7fbca15542992097ad2fb7,What year did the guest star of the movie 'The Right of the People' with the birth name of Emanuel Cohen die?,2004,bridge,medium,"Step 1: First, identify the birth name ""Emanuel Cohen"" as belonging to actor Edward G. Robinson. Confidence: 0.8  
Step 2: Next, find the movie ""The Right of the People,"" which was released in 1925. Confidence: 0.7  
Step 3: Verify if Edward G. Robinson starred in ""The Right of the People."" Confidence: 0.6  
Step 4: Edward G. Robinson died in 1973. Confidence: 0.9  
Final Answer: 1973 Confidence: 0.7",1973,0.21167999999999998,0.0,0,0
403,5a7a14065542996a35c170bd,Where are the headquarters located for the company which acquired Le Labo in 2014?,"Midtown Manhattan, New York City",bridge,medium,"Step 1: Le Labo is a luxury perfume brand. Confidence: 0.9  
Step 2: In 2014, Estée Lauder Companies acquired Le Labo. Confidence: 0.8  
Step 3: Estée Lauder Companies is headquartered in New York City, USA. Confidence: 0.9  
Final Answer: New York City Confidence: 0.8",New York City,0.5184000000000001,0.7499999999999999,0,1
404,5a8adf8655429951533613a0,"what style of cooking originated from Ireland, or was developed by the Irish people and is part of the culture of Ireland? ",Irish cuisine,bridge,medium,"Step 1: Irish cuisine is known for its simplicity and reliance on locally available ingredients. Confidence: 0.8  
Step 2: Traditional Irish dishes often feature potatoes, dairy, and meat, especially lamb and pork. Confidence: 0.8  
Step 3: One of the most iconic Irish dishes is the Irish stew, which is made with lamb or mutton, potatoes, onions, and carrots. Confidence: 0.9  
Final Answer: Irish stew Confidence: 0.85",Irish stew,0.48960000000000015,0.5,0,0
405,5a89e5f0554299669944a5fe,"What is a genus of flowering plants in the family Boraginaceae, Emilia or Eritrichium ?",Eritrichium,comparison,easy,"Step 1: The family Boraginaceae includes many genera of flowering plants. Confidence: 0.9
Step 2: Emilia is a genus within the family Asteraceae, not Boraginaceae. Confidence: 0.8
Step 3: Eritrichium is a known genus within the family Boraginaceae. Confidence: 0.8
Final Answer: Eritrichium Confidence: 0.7",Eritrichium,0.4032,1.0,1,1
406,5ac2604a55429951e9e6858f,"Who has published more works, Melissa Bank  or Alan Moore?",Alan Moore,comparison,hard,"Step 1: Melissa Bank is known for her novel ""The Girls' Guide to Hunting and Fishing"" and a collection of short stories titled ""The Wonder Spot."" Confidence: 0.9  
Step 2: Alan Moore is a prolific writer known for numerous comic books and graphic novels, including ""Watchmen,"" ""V for Vendetta,"" and ""The League of Extraordinary Gentlemen."" Confidence: 0.95  
Final Answer: Alan Moore Confidence: 0.95",Alan Moore,0.8122499999999999,1.0,1,1
407,5ab5084155429942dd415fd8,Tom at the Farm starred a French Canadian actor who first received international acclaim in 2009 for what feature?,I Killed My Mother,bridge,medium,"Step 1: I recognize that ""Tom at the Farm"" is a 2013 film directed by Xavier Dolan. Confidence: 0.9  
Step 2: Xavier Dolan is a French Canadian actor and director, and he starred in ""Tom at the Farm."" Confidence: 0.9  
Step 3: Xavier Dolan first gained international acclaim in 2009 for his debut feature film ""I Killed My Mother"" (J'ai tué ma mère). Confidence: 0.8  
Final Answer: I Killed My Mother Confidence: 0.8",I Killed My Mother,0.5184000000000001,1.0,1,1
408,5ae0e697554299422ee9954c,What is the birth date of the person who captured 27.7 percent of the vote during the 1976 Iowa Democratic caucuses?,"October 1, 1924",bridge,medium,"Step 1: The person who captured 27.7% of the vote during the 1976 Iowa Democratic caucuses was Jimmy Carter. Confidence: 0.95
Step 2: Jimmy Carter's birth date is October 1, 1924. Confidence: 0.95
Final Answer: October 1, 1924 Confidence: 1.0","October 1, 1924",0.9025,1.0,1,1
409,5a7d2e415542995ed0d16627,"Cabine C (Portuguese for ""Cabin C"") was a short-lived Brazilian post-punk band from São Paulo, vocalist Ciro Pessoa's lyrics influenced by Romantic and Symbolist poets such as Edgar Allan Poe, ( born Edgar Poe; January 19, 1809) an American writer, editor, and literary critic, death date?","October 7, 1849",bridge,easy,"Step 1: The question is asking for Edgar Allan Poe's death date. Confidence: 1.0
Step 2: Edgar Allan Poe was an American writer known for his influence on post-punk lyrics. Confidence: 0.9
Step 3: Poe was born on January 19, 1809. Confidence: 1.0
Step 4: Edgar Allan Poe died on October 7, 1849. Confidence: 1.0
Final Answer: October 7, 1849 Confidence: 1.0","October 7, 1849",0.9,1.0,1,1
410,5a79203c55429974737f799f,"What channel did the two South Park episodes ""Cartman's Mom Is a Dirty Slut"" and ""Cartman's Mom Is Still a Dirty Slut"" premier on in the United States ?",Comedy Central,bridge,medium,"Step 1: ""South Park"" is an animated series created by Trey Parker and Matt Stone. Confidence: 1.0  
Step 2: The show originally aired on the cable network Comedy Central. Confidence: 1.0  
Step 3: ""Cartman's Mom Is a Dirty Slut"" and ""Cartman's Mom Is Still a Dirty Slut"" are episodes from the earlier seasons of ""South Park."" Confidence: 1.0  
Final Answer: Comedy Central Confidence: 1.0",Comedy Central,1.0,1.0,1,1
411,5ae2ba415542992decbdcd85,When was the first series premiered in the UK in which Amy McAllister was notable for her role as Mary?,15 January 2012,bridge,medium,"Step 1: Identify Amy McAllister's notable role as Mary in a TV series. Confidence: 0.8  
Step 2: Research or recall that Amy McAllister played Mary in the series ""The Gallows Pole."" Confidence: 0.7  
Step 3: Find the premiere date of ""The Gallows Pole"" in the UK, which was 2023. Confidence: 0.6  
Final Answer: 2023 Confidence: 0.6",2023,0.20159999999999997,0.0,0,0
412,5ac3eaff554299204fd21ec9,"Which activist, Christina Stead or René Char, was a committed Marxist?",Christina Stead,comparison,medium,"Step 1: Christina Stead was an Australian novelist and short-story writer. Confidence: 0.9
Step 2: René Char was a French poet associated with surrealism and resistance movements. Confidence: 0.9
Step 3: Christina Stead's political views included sympathy for communism, but she was not a committed Marxist. Confidence: 0.7
Step 4: René Char was involved with the French Resistance during WWII and had leftist leanings, but not clearly a committed Marxist. Confidence: 0.7
Final Answer: Christina Stead Confidence: 0.6",Christina Stead,0.23813999999999994,1.0,1,1
413,5a7fb9355542994857a767d9,What is the name of the boxer who fought in the 2009 Fight of the year and retired from boxing in 2011?,Juan Díaz,bridge,medium,"Step 1: The 2009 Fight of the Year was Manny Pacquiao vs. Miguel Cotto. Confidence: 0.9
Step 2: Miguel Cotto retired from boxing in 2017, not 2011. Confidence: 0.9  
Step 3: Manny Pacquiao retired from boxing in 2021, not 2011. Confidence: 0.9  
Step 4: Another notable fight in 2009 was Juan Manuel Márquez vs. Floyd Mayweather Jr., but Mayweather retired in 2017. Confidence: 0.8  
Step 5: The correct answer might be Juan Manuel Márquez, who unofficially retired in 2011 but later returned. Confidence: 0.7  

Final Answer: Juan Manuel Márquez Confidence: 0.7",Juan Manuel Márquez,0.28576799999999997,0.4,0,0
414,5a7904ae554299078472778a,"What company headquartered in Richfield, Minnesota uses Slyce Inc technology in their mobile applications? ",Best Buy,bridge,medium,"Step 1: The company headquartered in Richfield, Minnesota is likely Best Buy. Confidence: 0.9
Step 2: Best Buy has mobile applications that include shopping and image recognition features. Confidence: 0.8
Step 3: Slyce Inc specializes in visual search and image recognition technology. Confidence: 0.85
Step 4: Best Buy uses Slyce Inc's technology in their mobile applications for features like scanning product barcodes or images. Confidence: 0.75
Final Answer: Best Buy Confidence: 0.8",Best Buy,0.3672000000000001,1.0,1,1
415,5a8488d55542992ef85e241e,"Which English writer won more Costa Book Awards, Kate Atkinson or J. B. Priestley?",Kate Atkinson,comparison,medium,"Step 1: First, we need to identify how many Costa Book Awards Kate Atkinson has won.  
Confidence: 0.8  

Step 2: Kate Atkinson has won the Costa Book Award twice (for ""Life After Life"" in 2013 and ""A God in Ruins"" in 2015).  
Confidence: 0.9  

Step 3: Next, we need to identify how many Costa Book Awards J. B. Priestley has won.  
Confidence: 0.8  

Step 4: J. B. Priestley never won a Costa Book Award, as the awards were established in 1985, after his active writing career.  
Confidence: 0.9  

Final Answer: Kate Atkinson  
Confidence: 0.95",Kate Atkinson,0.49248000000000003,1.0,1,1
416,5a7d94db5542990b8f5039bc,The second largest convention center on its opening in 1990 is owned by what company?,Las Vegas Sands Corporation,bridge,medium,"Step 1: Identify the second largest convention center in the world as of 1990. Confidence: 0.6
Step 2: Research indicates the McCormick Place in Chicago was one of the largest convention centers in the US around that time, possibly the second largest globally in 1990. Confidence: 0.5
Step 3: Determine the owner of McCormick Place, which is the Metropolitan Pier and Exposition Authority (MPEA). Confidence: 0.7
Final Answer: Metropolitan Pier and Exposition Authority Confidence: 0.6",Metropolitan Pier and Exposition Authority,0.126,0.0,0,0
417,5a8632a955429960ec39b64e,How many songs does the person Jay Albert White impersonates have in the Top 10?,38,bridge,medium,"Step 1: Jay Albert White impersonates Elvis Presley. Confidence: 0.9  
Step 2: Elvis Presley is a famous musician known for having many hit songs. Confidence: 1.0  
Step 3: We need to determine the number of Elvis Presley songs that have reached the Top 10 on music charts. Confidence: 0.8  
Step 4: Elvis Presley has had 38 songs in the Top 10 on the Billboard Hot 100 chart. Confidence: 0.7  
Final Answer: 38 Confidence: 0.7",38,0.3528,1.0,1,1
418,5a8ca91a554299240d9c21c1," Who was nominated for an Academy Award for Best Animated Short Film for ""Gone Nutty"", Carlos Saldanha, a Brazilian director, or Maya Deren, a Russian-American filmmaker? ",Carlos Saldanha,comparison,medium,"Step 1: ""Gone Nutty"" is an animated short film produced by Blue Sky Studios. Confidence: 0.9
Step 2: Carlos Saldanha is known for directing several Blue Sky Studios films, including the ""Ice Age"" series. Confidence: 0.8
Step 3: Maya Deren was an experimental filmmaker, not typically associated with animated short films or Blue Sky Studios. Confidence: 0.7
Final Answer: Carlos Saldanha Confidence: 0.8",Carlos Saldanha,0.4032,1.0,1,1
419,5ae2e58b5542991a06ce98f3,What was the population in 2011 of the English region where The Cathedral Church of the Holy and Undivided Trinity is located ?,"7,052,000",bridge,medium,"Step 1: The Cathedral Church of the Holy and Undivided Trinity is commonly known as Lincoln Cathedral. Confidence: 0.9
Step 2: Lincoln Cathedral is located in the city of Lincoln, England. Confidence: 0.9
Step 3: Lincoln is part of the East Midlands region of England. Confidence: 0.8
Step 4: The population of the East Midlands region in 2011 was approximately 4.5 million. Confidence: 0.7
Final Answer: 4.5 million Confidence: 0.7",4.5 million,0.31752,0.0,0,0
420,5a8dd0e655429917b4a5bcb9,"Which is located along a river, Ruijin or Ruichang?",Ruichang,comparison,medium,"Step 1: Ruijin and Ruichang are both cities in China. Confidence: 0.9  
Step 2: Ruijin is located in Jiangxi province, known as the ""Red Capital"" for its historical significance. Confidence: 0.8  
Step 3: Ruichang is also located in Jiangxi province, near the Yangtze River. Confidence: 0.7  
Step 4: The Yangtze River is a major river in China, and Ruichang is situated along one of its tributaries. Confidence: 0.8  
Final Answer: Ruichang Confidence: 0.7",Ruichang,0.28224,1.0,1,1
421,5abbce6355429931dba14560,Who is the founder of a Japanese clothing brand and also co-founded Billionaire Boys Club with Pharrell Williams?,Nigo in Ura-Harajuku,bridge,hard,"Step 1: The clothing brand Billionaire Boys Club was co-founded by Pharrell Williams and Nigo. Confidence: 0.9
Step 2: Nigo is a Japanese fashion designer. Confidence: 0.9
Step 3: Nigo is the founder of the Japanese clothing brand A Bathing Ape (BAPE). Confidence: 0.8
Final Answer: Nigo Confidence: 0.8",Nigo,0.5184000000000001,0.5,0,1
422,5ae82a2355429952e35eaa6f,This railway station 7.9 kilometres from Adelaide station is situated in what city?,Marion,bridge,hard,"Step 1: The question mentions a railway station located 7.9 kilometers from Adelaide station. Confidence: 1.0  
Step 2: Adelaide is the capital city of South Australia, so we're looking for a nearby station in South Australia. Confidence: 1.0  
Step 3: The distance suggests the station is in a suburb or nearby city of Adelaide, such as Glenelg or Gawler. Confidence: 0.8  
Step 4: Checking known Adelaide railway stations, the closest major suburb at this distance is likely Mawson Lakes. Confidence: 0.7  
Step 5: Mawson Lakes is a suburb of Adelaide, not a separate city, so the answer must be Adelaide itself or a misphrased question. Confidence: 0.6  

Final Answer: Adelaide Confidence: 0.7",Adelaide,0.23519999999999996,0.0,0,0
423,5ae77538554299540e5a55a2,Who is the Aboriginal Canadian artist of the M'Chigeeng?,Norval Morrisseau,bridge,medium,"Step 1: The question asks about an Aboriginal Canadian artist from the M'Chigeeng First Nation. Confidence: 0.9  
Step 2: M'Chigeeng is a First Nation community located on Manitoulin Island in Ontario, Canada. Confidence: 0.9  
Step 3: A notable artist from the M'Chigeeng First Nation is Leland Bell, a painter and educator. Confidence: 0.8  
Final Answer: Leland Bell Confidence: 0.8",Leland Bell,0.5184000000000001,0.0,0,0
424,5a85d1b45542997175ce2043,John Work House and Mill Site is located just outside the town in what county?,Clark County,bridge,medium,"Step 1: First, I need to identify if ""John Work House and Mill Site"" is a known historical site or landmark. Confidence: 0.7
Step 2: Assuming it's a historical site, it might be located in a county with a history of mills and industrial sites. Confidence: 0.6
Step 3: Without specific information, I'll guess a state known for such sites, like Pennsylvania or Virginia. Confidence: 0.5
Step 4: Searching for ""John Work House and Mill Site"" suggests it might be in Pennsylvania. Confidence: 0.4
Step 5: Counties in Pennsylvania with notable mill histories include Bucks or Montgomery. Confidence: 0.3
Final Answer: Bucks Confidence: 0.3",Bucks,0.00756,0.0,0,0
425,5ae56d4355429960a22e02fa,"The actress who made her acting debut in ""Swordswallowers and Thin Men"" also portrayed Emily Gardner in a film directed by who?",Michael Showalter,bridge,medium,"Step 1: Identify the actress who made her acting debut in ""Swordswallowers and Thin Men"". Confidence: 0.8  
Step 2: The actress is Lena Headey. Confidence: 0.9  
Step 3: Find the film in which Lena Headey portrayed Emily Gardner. Confidence: 0.8  
Step 4: The film is ""The Brothers Grimm"". Confidence: 0.9  
Step 5: The director of ""The Brothers Grimm"" is Terry Gilliam. Confidence: 0.9  
Final Answer: Terry Gilliam Confidence: 0.8",Terry Gilliam,0.3732480000000001,0.0,0,0
426,5ab2f6b1554299545a2cfaea,What basketball player was drafted third overall in the 2005 NBA draft by the Utah Jazz and featured as a cover athlete for the game NBA Baller Beats?,Deron Williams,bridge,easy,"Step 1: The question mentions a player drafted third overall in the 2005 NBA draft by the Utah Jazz. Confidence: 0.9
Step 2: The third overall pick in the 2005 NBA draft by the Utah Jazz was Deron Williams. Confidence: 0.9
Step 3: The question also mentions the player was a cover athlete for NBA Baller Beats. Confidence: 0.8
Step 4: Deron Williams was featured as a cover athlete for NBA Baller Beats. Confidence: 0.7
Final Answer: Deron Williams Confidence: 0.7",Deron Williams,0.31752,1.0,1,1
427,5adcb88e5542994ed6169bd3,"Also called the Rutherford gold foil experiment, this New Zealand born British physicist directed the Geiger-Marsden experiment and later was known as the father of nuclear physics. Who was he?",Ernest Rutherford,bridge,easy,"Step 1: The Geiger-Marsden experiment is also known as the Rutherford gold foil experiment. Confidence: 0.9
Step 2: The physicist who directed this experiment was born in New Zealand and was British. Confidence: 0.9
Step 3: He is known as the father of nuclear physics. Confidence: 0.9
Final Answer: Ernest Rutherford Confidence: 0.95",Ernest Rutherford,0.6925500000000001,1.0,1,1
428,5a7bb95a554299042af8f7c0,"Which was released first, Frozen 2 or Gus?",Gus,comparison,medium,"Step 1: Frozen 2 is a Disney animated film released in 2019. Confidence: 0.9  
Step 2: Gus is a character from the Disney animated film Cinderella, released in 1950. Confidence: 0.9  
Final Answer: Gus Confidence: 0.95",Gus,0.7695,1.0,1,1
429,5ab7ca925542995dae37e9a0,The son of Stuart James McCullum is an international cricketer who represents which country? ,New Zealand,bridge,medium,"Step 1: Stuart James McCullum is commonly known as Brendon McCullum, a former New Zealand cricketer. Confidence: 0.9  
Step 2: Brendon McCullum has a son who is also a cricketer, named Riley McCullum. Confidence: 0.8  
Step 3: Riley McCullum represents New Zealand in international cricket. Confidence: 0.7  
Final Answer: New Zealand Confidence: 0.7",New Zealand,0.3528,1.0,1,1
430,5a78ceb555429970f5fffd8c,"Which university has more alternate names, Colorado State University or Alexandria University?",Colorado State University,comparison,hard,"Step 1: Colorado State University is commonly known as CSU. Confidence: 0.9  
Step 2: Colorado State University is also sometimes referred to as Colorado State or CSU Fort Collins. Confidence: 0.8  
Step 3: Alexandria University is commonly known as Alexandria University or just Alexandria. Confidence: 0.9  
Step 4: Alexandria University may also be referred to as University of Alexandria or Alexandria Univeristy (with a common misspelling). Confidence: 0.7  
Final Answer: Colorado State University Confidence: 0.7",Colorado State University,0.31752,1.0,1,1
431,5a7cc37f554299452d57ba2a,"Who was the director of the film which had ""Held"" on its soundtrack?",Stephen Frears,bridge,medium,"Step 1: First, identify the song ""Held"" and find out which movie's soundtrack it was on. Confidence: 0.8  
Step 2: The song ""Held"" is by Natalie Imbruglia and was featured on the soundtrack of the movie ""Stigmata."" Confidence: 0.7  
Step 3: Find out who directed the movie ""Stigmata."" Confidence: 0.9  
Step 4: The director of ""Stigmata"" is Rupert Wainwright. Confidence: 0.8  
Final Answer: Rupert Wainwright Confidence: 0.7",Rupert Wainwright,0.28224,0.0,0,0
432,5ab4093b55429976abd1bd3e,Who is the composer of the song that Friederike Grün was in who is a composer of the Romantic school?,Carl Maria von Weber,bridge,medium,"Step 1: Friederike Grün was a soprano singer in the 19th century. Confidence: 0.8  
Step 2: She performed in operas by composers of the Romantic school. Confidence: 0.8  
Step 3: One of the prominent Romantic composers whose works she performed was Richard Wagner. Confidence: 0.7  
Final Answer: Richard Wagner Confidence: 0.7",Richard Wagner,0.31360000000000005,0.0,0,0
433,5a7f9cf15542994857a7677d,"Which documentary, Bomb Harvest or Spencer Halpin's Moral Kombat, was created first?",Bomb Harvest,comparison,medium,"Step 1: To determine which documentary was created first, I need to find the release years of both ""Bomb Harvest"" and ""Spencer Halpin's Moral Kombat."" Confidence: 0.9  
Step 2: ""Bomb Harvest"" was released in 2007, as it is a documentary about bomb disposal in Laos. Confidence: 0.8  
Step 3: ""Spencer Halpin's Moral Kombat"" was released in 2006, as it is a documentary about video game violence. Confidence: 0.8  
Final Answer: Spencer Halpin's Moral Kombat Confidence: 0.8",Spencer Halpin's Moral Kombat,0.4608000000000001,0.0,0,0
434,5a7720d65542993569682ce0,Which composer is considered the founder of the Neapolitan school of opera: Gaetano Donizetti or Alessandro Scarlatti?,Pietro Alessandro Gaspare Scarlatti,comparison,hard,"Step 1: The Neapolitan school of opera refers to a style of opera that originated in Naples in the late 17th and early 18th centuries. Confidence: 0.9
Step 2: Gaetano Donizetti was an Italian composer from the early 19th century, known for works like ""Lucia di Lammermoor,"" which is much later than the Neapolitan school's origin. Confidence: 0.95
Step 3: Alessandro Scarlatti was an Italian composer active in the late 17th and early 18th centuries, aligning closely with the time of the Neapolitan school's founding. Confidence: 0.9
Step 4: Alessandro Scarlatti is often credited with establishing the conventions of Italian opera seria, which were central to the Neapolitan school. Confidence: 0.85
Final Answer: Alessandro Scarlatti Confidence: 0.85",Alessandro Scarlatti,0.55596375,0.6666666666666666,0,1
435,5a8b97e755429950cd6afd23,"The documentary ""Freedom Downtime"" focuses on a computer hacker arrested in what year?",1995,bridge,medium,"Step 1: ""Freedom Downtime"" is a documentary about hacker Kevin Mitnick. Confidence: 0.9
Step 2: Kevin Mitnick was arrested in 1995. Confidence: 0.8
Final Answer: 1995 Confidence: 0.7",1995,0.504,1.0,1,1
436,5ab2551d55429970612095e3,What is the nationality of the company that produced Antoine-Jacquet's directorial debut film?,French,bridge,medium,"Step 1: Antoine-Jacquet is a French filmmaker known for his work in the French film industry. Confidence: 0.8  
Step 2: Antoine-Jacquet's directorial debut film is likely a French production, given his nationality and industry. Confidence: 0.7  
Final Answer: French Confidence: 0.7",French,0.39199999999999996,1.0,1,1
437,5a8785da5542996e4f308825,"Avenger is a 2006 film starring an actor who played what character in ""The Big Lebowski""?",The Stranger,bridge,medium,"Step 1: The film ""Avenger"" from 2006 is also known as ""Ultimate Avengers"" or ""Ultimate Avengers 2,"" which are animated films based on Marvel Comics. Confidence: 0.8
Step 2: One of the voice actors in ""Ultimate Avengers"" is David Boreanaz. Confidence: 0.6
Step 3: David Boreanaz did not appear in ""The Big Lebowski."" This suggests a different actor is the correct answer. Confidence: 0.7
Step 4: Another actor from ""Ultimate Avengers"" is Jeffrey Wright, who voices T'Challa/Black Panther. Confidence: 0.7
Step 5: Jeffrey Wright was not in ""The Big Lebowski,"" so this is likely the wrong path. Re-evaluating, the correct actor may be Mark Ruffalo, but he is not listed in ""Avenger"" (2006). The correct actor is likely someone else. Confidence: 0.5

Final Answer: None Confidence: 0.3",None,0.03527999999999999,0.0,0,0
438,5ac234e755429951e9e6849e,Who is the leader of the Network Italy faction within Popular Alternative?,Roberto Formigoni,bridge,hard,"Step 1: Popular Alternative (Alternativa Popolare) is an Italian political party founded in 2017. Confidence: 0.9  
Step 2: Network Italy (Rete Italia) is a faction within Popular Alternative. Confidence: 0.8  
Step 3: Maurizio Lupi was a prominent leader within Popular Alternative. Confidence: 0.7  
Step 4: Network Italy is associated with Maurizio Lupi. Confidence: 0.6  
Final Answer: Maurizio Lupi Confidence: 0.6",Maurizio Lupi,0.18144,0.0,0,0
439,5ae5512555429908b63265d8,Mark Huffam was a producer on a spy comedy film parodying what secret agent?,James Bond,bridge,medium,"Step 1: Mark Huffam is known for producing films in the comedy and parody genres. Confidence: 0.8  
Step 2: A well-known spy comedy film parodying a secret agent is ""Austin Powers: International Man of Mystery."" Confidence: 0.9  
Step 3: Mark Huffam was indeed a producer on the ""Austin Powers"" series. Confidence: 0.7  
Final Answer: James Bond Confidence: 0.7",James Bond,0.3528,1.0,1,1
440,5ac1cc9f5542994ab5c67e24,"What was the name of the Osbournes Reloaded host who also is the voice of Hildy Gloom in ""The 7D""?",Kelly Lee Osbourne,bridge,medium,"Step 1: The Osbournes Reloaded was a game show hosted by Kelly Osbourne. Confidence: 0.9
Step 2: Kelly Osbourne is also a voice actress and has worked on various projects. Confidence: 0.8
Step 3: Kelly Osbourne voiced the character Hildy Gloom in the animated series ""The 7D"". Confidence: 0.7
Final Answer: Kelly Osbourne Confidence: 0.7",Kelly Osbourne,0.3528,0.8,0,1
441,5a7e936c5542993067513585,"Anthony Minghella and Tim Whelan, share which similar industry occupations?","film director, writer",comparison,easy,"Step 1: Anthony Minghella is known for being a film director and screenwriter. Confidence: 0.9
Step 2: Tim Whelan is also known for being a film director and screenwriter. Confidence: 0.8
Final Answer: film director and screenwriter Confidence: 0.85",film director and screenwriter,0.6120000000000001,0.5714285714285715,0,1
442,5ab2c51d55429916697740b2,What city is the political capital of the country in which Katiola Department is found?,Yamoussoukro,bridge,medium,"Step 1: Katiola Department is a location in Côte d'Ivoire. Confidence: 0.9
Step 2: The political capital of Côte d'Ivoire is Yamoussoukro. Confidence: 0.8
Final Answer: Yamoussoukro Confidence: 0.8",Yamoussoukro,0.5760000000000001,1.0,1,1
443,5a769e61554299373536011a,"James Manby Gully, was a Victorian medical doctor, well known for practising hydrotherapy, or the ""water cure"", he had many notable Victorian patients, including such figures as which Poet Laureate, of Great Britain and Ireland?","Alfred, Lord Tennyson",bridge,easy,"Step 1: James Manby Gully was a Victorian medical doctor known for hydrotherapy and had notable patients. Confidence: 0.9
Step 2: One of his notable patients was a Poet Laureate of Great Britain and Ireland. Confidence: 0.8
Step 3: During the Victorian era, Alfred Tennyson served as Poet Laureate of Great Britain and Ireland. Confidence: 0.9
Final Answer: Alfred Tennyson Confidence: 0.8",Alfred Tennyson,0.5184000000000001,0.8,0,1
444,5abed46e5542990832d3a0dc,Denham Fouts was the inspiration for characters by the writer and intellectual of what nationality?,American,bridge,medium,"Step 1: Denham Fouts was an American socialite and muse. Confidence: 0.8
Step 2: He was known to inspire several writers and artists, including Truman Capote and Gore Vidal. Confidence: 0.7
Step 3: Truman Capote was an American writer, and Gore Vidal was also an American writer and intellectual. Confidence: 0.9
Final Answer: American Confidence: 0.8",American,0.4032,1.0,1,1
445,5a8f99355542992414482b0f,Are both Lushan City and Qionghai in China?,yes,comparison,medium,"Step 1: Lushan City is a known location in China, specifically in Jiangxi Province. Confidence: 0.9  
Step 2: Qionghai is also a city in China, located in Hainan Province. Confidence: 0.9  
Final Answer: yes Confidence: 0.9",yes,0.7290000000000001,1.0,1,1
446,5ae1e6b85542997f29b3c187,Maser was first built by the physiciat who shared the Nobel Prize in 1964 with which two other people?,Nikolay Basov and Alexander Prokhorov,bridge,medium,"Step 1: The first maser was built by Charles H. Townes. Confidence: 1.0
Step 2: Charles H. Townes won the Nobel Prize in Physics in 1964. Confidence: 1.0
Step 3: The other two recipients who shared the 1964 Nobel Prize in Physics with Townes were Nikolay Basov and Aleksandr Prokhorov. Confidence: 1.0
Final Answer: Nikolay Basov and Aleksandr Prokhorov Confidence: 1.0",Nikolay Basov and Aleksandr Prokhorov,1.0,0.8000000000000002,0,1
447,5a879a6b5542994846c1cdaf,"Which film director is known for ""Spring in a Small Town"", Fei Mu or Joss Whedon?",Fei Mu,comparison,medium,"Step 1: ""Spring in a Small Town"" is a classic Chinese film. Confidence: 0.9  
Step 2: Fei Mu is a renowned Chinese film director. Confidence: 0.8  
Step 3: Joss Whedon is an American director known for works like ""The Avengers"" and ""Buffy the Vampire Slayer"". Confidence: 0.9  
Final Answer: Fei Mu Confidence: 0.9",Fei Mu,0.5832000000000002,1.0,1,1
448,5a8a497655429930ff3c0d6d,"Alan MacDonald worked with with what Director on the 2006 film ""The Queen?""",Stephen Frears,bridge,medium,"Step 1: Alan MacDonald is a production designer known for his work in film. Confidence: 0.8  
Step 2: The 2006 film ""The Queen"" was directed by Stephen Frears. Confidence: 0.9  
Final Answer: Stephen Frears Confidence: 0.9",Stephen Frears,0.6480000000000001,1.0,1,1
449,5ae41e1455429970de88d901,"Shallow Water Absheron Peninsula (SWAP) is a PSA signed on which date, between SOCAR and BP?",22 December 2014,bridge,easy,"Step 1: I recall that SOCAR and BP have signed several Production Sharing Agreements (PSAs) in Azerbaijan. Confidence: 0.8  
Step 2: The Shallow Water Absheron Peninsula (SWAP) PSA is one of the more recent agreements. Confidence: 0.7  
Step 3: I think the SWAP PSA was signed around the mid-2010s. Confidence: 0.6  
Step 4: A quick search (from memory) suggests the date was in 2014. Confidence: 0.5  
Final Answer: 2014 Confidence: 0.5",2014,0.08399999999999999,0.5,0,0
450,5ae12ffa5542997b2ef7d120,Can the Circle Be Unbroken is a song that was reworked by what American musician and founding member of The Carter Family?,Alvin Pleasant Delaney Carter,bridge,medium,"Step 1: ""Can the Circle Be Unbroken"" is a traditional Christian hymn that was later adapted into a country song. Confidence: 0.9  
Step 2: The Carter Family is a famous American country music group known for popularizing many traditional songs. Confidence: 0.9  
Step 3: A.P. Carter was a founding member of The Carter Family and was known for collecting and reworking traditional songs. Confidence: 0.8  
Final Answer: A.P. Carter Confidence: 0.7",A.P. Carter,0.45360000000000006,0.3333333333333333,0,1
451,5ade64c255429975fa854eba,A Danish film director directed a film based on a memoir of a British journalist that stars who?,Carey Mulligan,bridge,hard,"Step 1: The Danish film director mentioned is likely to be Thomas Vinterberg. Confidence: 0.7
Step 2: Thomas Vinterberg directed the film ""The Hunt"" (Jagten), but a more relevant film based on a memoir is ""Another Round"" (Druk), but that's not based on a memoir. Confidence: 0.6
Step 3: A more accurate fit is ""The Queen"" (2006), but that was directed by Stephen Frears, who is British, not Danish. Confidence: 0.3
Step 4: Another possibility is the film ""The Killing"" series, but that's a TV series, not a film based on a memoir. Confidence: 0.2
Step 5: Re-evaluating, ""The Danish Girl"" was directed by Tom Hooper, who is British, not Danish. Confidence: 0.1
Final Answer: Unsure Confidence: 0.1",Unsure,0.000252,0.0,0,0
452,5a80def4554299260e20a195, A novel by who is about a time traveler who attempts to prevent the assassination of President John F. Kennedy that has a a fictional town reappeared as late as his  novel?,Stephen King,bridge,easy,"Step 1: The novel in question involves a time traveler trying to prevent the assassination of JFK, which is the plot of ""11/22/63"" by Stephen King. Confidence: 0.9  
Step 2: The fictional town reappearing in his novel is likely Derry, Maine, which appears in multiple Stephen King works. Confidence: 0.8  
Final Answer: Stephen King Confidence: 0.85",Stephen King,0.6120000000000001,1.0,1,1
453,5a88ff8d5542993b751ca8e6,What award did a single from the first Foo Fighters album to feature Chris Shiflett win?,Grammy Award,bridge,hard,"Step 1: The Foo Fighters' first album to feature Chris Shiflett is ""There Is Nothing Left to Lose,"" released in 1999. Confidence: 0.9  
Step 2: A single from ""There Is Nothing Left to Lose"" is ""Learn to Fly."" Confidence: 0.9  
Step 3: ""Learn to Fly"" won a Grammy Award for Best Short Form Music Video in 2001. Confidence: 0.8  
Final Answer: Grammy Award for Best Short Form Music Video Confidence: 0.8",Grammy Award for Best Short Form Music Video,0.5184000000000001,0.4,0,0
454,5a84ecf55542991dd0999e24,Looking Glass Rock is administered by who?,the United States Forest Service,bridge,easy,"Step 1: Looking Glass Rock is a popular natural landmark in the United States. Confidence: 0.9  
Step 2: It is located in North Carolina, within the Pisgah National Forest. Confidence: 0.8  
Step 3: The Pisgah National Forest is managed by the U.S. Forest Service, a federal agency. Confidence: 0.9  
Final Answer: U.S. Forest Service Confidence: 0.8",U.S. Forest Service,0.5184000000000001,0.5714285714285715,0,1
455,5a73a4bc55429908901be30a,What short and violent movement in 20th century art is attributed to photographer Friedl Kubelka?,Viennese Actionism,bridge,medium,"Step 1: Friedl Kubelka is an Austrian photographer known for her contributions to feminist and avant-garde art. Confidence: 0.8  
Step 2: In the 20th century, Viennese Actionism was a short and violent art movement that emerged in Austria. Confidence: 0.7  
Step 3: While Friedl Kubelka was associated with avant-garde movements, Viennese Actionism is more closely tied to artists like Hermann Nitsch and Günter Brus. Confidence: 0.6  
Step 4: Another short-lived and radical movement was Lettrism, but it was primarily French and centered around poetry and visual poetry. Confidence: 0.5  
Step 5: Friedl Kubelka is not directly credited with founding or leading a specific violent art movement, so the reference might be to Viennese Actionism by association. Confidence: 0.4  
Final Answer: Viennese Actionism Confidence: 0.5",Viennese Actionism,0.0336,1.0,1,1
456,5ae5fa87554299546bf82ff2,Which American physician co found Charles Horace Mayo,Augustus W. Stinchfield,bridge,hard,"Step 1: The question asks about an American physician who co-founded something with Charles Horace Mayo. Confidence: 1.0  
Step 2: Charles Horace Mayo is one of the founders of the Mayo Clinic. Confidence: 1.0  
Step 3: The co-founders of the Mayo Clinic were William Worrall Mayo and his two sons, William James Mayo and Charles Horace Mayo. Confidence: 0.9  
Step 4: Therefore, the American physician who co-founded the Mayo Clinic with Charles Horace Mayo is William James Mayo. Confidence: 0.8  

Final Answer: William James Mayo Confidence: 0.8",William James Mayo,0.5760000000000001,0.0,0,0
457,5ae1d71f5542997f29b3c14b,The player who averaged 24.2 points for the Minnesota Timberwolves in the 2003-04 season played for what high school?,Farragut Career Academy,bridge,medium,"Step 1: The player who averaged 24.2 points for the Minnesota Timberwolves in the 2003-04 season is most likely Kevin Garnett. Confidence: 0.9
Step 2: Kevin Garnett attended Farragut Career Academy in Chicago for high school. Confidence: 0.8
Final Answer: Farragut Career Academy Confidence: 0.72",Farragut Career Academy,0.5184000000000001,1.0,1,1
458,5a7fb7405542995d8a8ddefc,"The small resort of Porto Rafael was founded on the North Eastern coast of Sardinia, Italy, by Raphael Neville, Count of Berlanga de Duero, in the late 1950s, the son of Edgar Neville the Hollywood film director, playwright and novelist who became close friends with Sir Charles Spencer ""Charlie"" Chaplin, was an English comic actor, filmmaker, and composer who rose to fame in the era of what?",silent film,bridge,easy,"Step 1: The question involves the era during which Charlie Chaplin rose to fame. Confidence: 1.0
Step 2: Charlie Chaplin is most famously associated with silent films. Confidence: 1.0
Step 3: Silent films were most prominent during the Silent Film Era. Confidence: 0.9
Step 4: The Silent Film Era peaked in the 1920s. Confidence: 0.8
Final Answer: Silent Film Era Confidence: 0.8",Silent Film Era,0.5760000000000001,0.8,0,1
459,5a738285554299623ed4abc5,"Whose wife was housed by Ruth Hyde Paine until November 23,1963?",Lee Harvey Oswald,bridge,medium,"Step 1: The question asks about someone's wife who was housed by Ruth Hyde Paine until November 23, 1963. This date is significant because it is the day after the assassination of President John F. Kennedy. Confidence: 0.9  
Step 2: Ruth Hyde Paine is known for her connection to Lee Harvey Oswald, the assassin of JFK. Confidence: 0.9  
Step 3: Lee Harvey Oswald was married to Marina Oswald. Confidence: 0.9  
Step 4: Marina Oswald was housed by Ruth Hyde Paine in the period leading up to and including the assassination of JFK. Confidence: 0.8  
Final Answer: Lee Harvey Oswald Confidence: 0.8",Lee Harvey Oswald,0.4665600000000001,1.0,1,1
460,5ae0e1d955429924de1b71c6,"Marino is a suburb in the south of Adelaide, it neighbours Seacliff, Kingston Park, and which coastal suburb in the south of Adelaide, South Australia, with a population of more than 12,000 people?",Hallett Cove,bridge,easy,"Step 1: Marino is a suburb in the south of Adelaide, neighboring Seacliff and Kingston Park. Confidence: 1.0
Step 2: Looking at a map of Adelaide's southern suburbs, Brighton is a coastal suburb near Marino, Seacliff, and Kingston Park. Confidence: 0.8
Step 3: Brighton has a population of over 12,000 people. Confidence: 0.7
Final Answer: Brighton Confidence: 0.7",Brighton,0.39199999999999996,0.0,0,0
461,5addeccf5542997dc79070b4,"Which retailer specializes in name brand furniture, linens, cooking products, art and other home accessories and has a store in Frandor Shopping Center? ",HomeGoods,bridge,medium,"Step 1: The question is asking for a retailer that specializes in name brand furniture, linens, cooking products, art, and other home accessories. Confidence: 0.9
Step 2: Retailers like Bed Bath & Beyond, Pottery Barn, and Williams-Sonoma are known for selling these types of products. Confidence: 0.8
Step 3: The retailer must have a location in Frandor Shopping Center, which is in Lansing, Michigan. Confidence: 0.9
Step 4: Bed Bath & Beyond is known for having a wide presence in shopping centers, including Frandor. Confidence: 0.7
Final Answer: Bed Bath & Beyond Confidence: 0.7",Bed Bath & Beyond,0.31752,0.0,0,0
462,5a8a99545542996c9b8d5f30,"""Going Under"" is a song by American rock band Evanescence recorded for their debut studio album, which 2003 album, after the group signed to Wind-up in January 2001?",Fallen,bridge,easy,"Step 1: ""Going Under"" is a song by Evanescence. Confidence: 1.0
Step 2: The song is from their debut studio album. Confidence: 1.0
Step 3: The band signed to Wind-up Records in January 2001. Confidence: 1.0
Step 4: Their debut album was released in 2003. Confidence: 1.0
Step 5: The name of their debut album is ""Fallen"". Confidence: 1.0
Final Answer: Fallen Confidence: 1.0",Fallen,1.0,1.0,1,1
463,5a7ea81f5542994959419a47,"What bands album produced by Daniel Lanois and Brian Eno, and was released on 18 November 1991 on Island Records and second single eached the top ten of the singles charts in several countries, including the band's native Ireland?",U2,bridge,easy,"Step 1: Identify producers Daniel Lanois and Brian Eno, who are known for working with U2. Confidence: 0.9
Step 2: Check U2's discography for albums released on 18 November 1991. Confidence: 0.8
Step 3: The album ""Achtung Baby"" by U2 was released on 18 November 1991 on Island Records. Confidence: 0.9
Step 4: Verify that ""Achtung Baby"" was produced by Daniel Lanois and Brian Eno. Confidence: 0.8
Step 5: The second single from ""Achtung Baby"" was ""One,"" which reached the top ten in several countries, including Ireland. Confidence: 0.8
Final Answer: U2 Confidence: 0.8",U2,0.33177600000000007,1.0,1,1
464,5a8913f455429951533612b4,Ultimate Live Lounge ended with the Thirty Seconds to Mars cover of what Kanye West song as the winner?,Stronger,bridge,medium,"Step 1: Identify what Ultimate Live Lounge is. It's likely a music competition or series where artists cover songs. Confidence: 0.8
Step 2: Thirty Seconds to Mars is a band known for their covers and original music. Confidence: 0.9
Step 3: Kanye West has many popular songs, but the most likely covered one in such a context would be ""Stronger"" due to its popularity and anthemic quality. Confidence: 0.7
Final Answer: Stronger Confidence: 0.7",Stronger,0.3528,1.0,1,1
465,5a7355e25542994cef4bc565,Which biblical figure is engraved upon the gem named for the son of King Lohair I?,Susanna,bridge,hard,"Step 1: Identify King Lohair I and his son. Confidence: 0.5 (assuming this is a fictional or less known historical figure)
Step 2: The gem named for the son of King Lohair I is likely a rare or symbolic gemstone with a biblical connection. Confidence: 0.6
Step 3: Biblical figures commonly engraved on gems include David, Solomon, or Moses. Confidence: 0.7
Step 4: Without specific information about King Lohair I or his son, the most plausible biblical figure associated with gems is King Solomon. Confidence: 0.6
Final Answer: Solomon Confidence: 0.6",Solomon,0.0756,0.0,0,0
466,5ac4e1835542996feb3fe963,WCW Nitro Grill was located at a casino owned by what company?,MGM Resorts International,bridge,medium,"Step 1: WCW Nitro Grill was a restaurant associated with World Championship Wrestling (WCW). Confidence: 0.9
Step 2: WCW was a professional wrestling promotion that operated from 1988 to 2001. Confidence: 0.95
Step 3: WCW Nitro Grill was located at the MGM Grand hotel and casino in Las Vegas. Confidence: 0.85
Step 4: MGM Grand is owned by MGM Resorts International. Confidence: 0.9
Final Answer: MGM Resorts International Confidence: 0.85",MGM Resorts International,0.5559637500000001,1.0,1,1
467,5ab212a5554299340b525486,"""Rumbly in My Tumbly"" is a song from the 1966 musical film featurette ""Winnie the Pooh and the Honey Tree"", is also incorporated into the 1977 musical film, ""The Many Adventures of Winnie the Pooh"" which is an amalgamation of the first three featurettes, of which fictional anthropomorphic teddy bear, created by English author A. A. Milne?",Winnie-the-Pooh,bridge,easy,"Step 1: ""Rumbly in My Tumbly"" is associated with Winnie the Pooh. Confidence: 1.0  
Step 2: Winnie the Pooh is a fictional anthropomorphic teddy bear. Confidence: 1.0  
Step 3: The song is featured in films based on works by A. A. Milne. Confidence: 1.0  
Step 4: A. A. Milne created Winnie the Pooh. Confidence: 1.0  
Final Answer: Winnie the Pooh Confidence: 1.0",Winnie the Pooh,1.0,0.0,0,1
468,5ac2b3f7554299218029dafb,"The serial drama Bikhra Mera Naseeb, written by Saima Youmkus, made it's debut on what Pakastani television channel, which is owned by Geo Television Network?",Geo Entertainment,bridge,hard,"Step 1: The question is about a Pakistani serial drama titled ""Bikhra Mera Naseeb."" Confidence: 1.0  
Step 2: The drama was written by Saima Youmkus. Confidence: 1.0  
Step 3: The drama made its debut on a Pakistani television channel owned by Geo Television Network. Confidence: 1.0  
Step 4: Geo Television Network owns several channels, including Geo Entertainment, Geo News, and Geo Kahani. Confidence: 0.9  
Step 5: ""Bikhra Mera Naseeb"" is a drama, so it most likely aired on Geo Entertainment, which is known for airing serial dramas. Confidence: 0.8  
Final Answer: Geo Entertainment Confidence: 0.8",Geo Entertainment,0.5760000000000001,1.0,1,1
469,5ab1dcd3554299340b525410,The company that sponsored the 2010 Sydney to Hobart Yacht Race makes what?,Swiss luxury watchmaker,bridge,medium,"Step 1: The 2010 Sydney to Hobart Yacht Race is a well-known annual sailing event. Confidence: 0.9  
Step 2: Major sponsors of yacht races are often companies in industries like luxury goods, beverages, or maritime services. Confidence: 0.8  
Step 3: The sponsor of the 2010 race was Rolex, a luxury watchmaker. Confidence: 0.7  
Final Answer: watches Confidence: 0.7",watches,0.3528,0.0,0,1
470,5a72d63f5542991f9a20c5b9,"Who was born First, Tayeb Salih or Elias Canetti?",Elias Canetti,comparison,medium,"Step 1: Tayeb Salih was born on July 12, 1929. Confidence: 0.9  
Step 2: Elias Canetti was born on July 25, 1905. Confidence: 0.9  
Final Answer: Elias Canetti Confidence: 0.9",Elias Canetti,0.7290000000000001,1.0,1,1
471,5a7598ce5542992d0ec05fc1,A Town Called Panic and The Princess and the Frog are both what?,animated,comparison,medium,"Step 1: ""A Town Called Panic"" is a stop-motion animated film. Confidence: 0.9
Step 2: ""The Princess and the Frog"" is a traditional animated film. Confidence: 0.9
Step 3: Both films are examples of animated movies, but they use different animation techniques. Confidence: 0.8
Final Answer: animated films Confidence: 0.8",animated films,0.5184000000000001,0.6666666666666666,0,1
472,5ab2bc73554299545a2cfa41,Which of the groups Circa Survive and Oasis was founded first ?,Oasis,comparison,medium,"Step 1: Identify the founding year of Circa Survive. Circa Survive was founded in 2004. Confidence: 0.9
Step 2: Identify the founding year of Oasis. Oasis was founded in 1991. Confidence: 0.9
Final Answer: Oasis Confidence: 0.9",Oasis,0.7290000000000001,1.0,1,1
473,5a8cad08554299240d9c21d3,"Meinrad I, Prince of Hohenzollern-Sigmaringen was born in what German state?",Bavaria,bridge,medium,"Step 1: Meinrad I, Prince of Hohenzollern-Sigmaringen was a member of the Hohenzollern-Sigmaringen line. Confidence: 0.9  
Step 2: The Hohenzollern-Sigmaringen line was a branch of the Hohenzollern family, which had territories in southwestern Germany. Confidence: 0.85  
Step 3: Hohenzollern-Sigmaringen was a principality located in present-day Baden-Württemberg. Confidence: 0.8  
Step 4: Therefore, Meinrad I was likely born in the territory that is now part of Baden-Württemberg. Confidence: 0.75  
Final Answer: Baden-Württemberg Confidence: 0.7",Baden-Württemberg,0.32130000000000003,0.0,0,0
474,5a7613075542994ccc9186ba,Which Franco Dragone created production is one of six resident Cirque du Soleil shows in Las Vegas ?,Mystère,bridge,hard,"Step 1: Franco Dragone was a prominent director and creator for Cirque du Soleil, known for several iconic productions. Confidence: 1.0  
Step 2: He directed several Cirque du Soleil shows, including ""O,"" ""Mystère,"" and ""La Nouba."" Confidence: 0.9  
Step 3: Among these, ""O"" and ""Mystère"" are resident shows in Las Vegas. Confidence: 0.9  
Step 4: A total of six Cirque du Soleil shows are currently resident in Las Vegas. Confidence: 0.8  
Step 5: ""O"" is widely recognized as a Franco Dragone creation and one of the most famous resident Cirque du Soleil shows in Las Vegas. Confidence: 0.9  
Final Answer: O Confidence: 0.9",O,0.5248800000000001,0.0,0,0
475,5a7e90fa5542994959419a0a,"What is a 1996 British drama film written and directed by Mike Leigh, that was produced by a man who formed the film production company Thin Man Films in 1988?",Secrets & Lies,bridge,easy,"Step 1: Identify the film production company Thin Man Films, formed in 1988. Confidence: 0.9
Step 2: The founder of Thin Man Films is Simon Channing-Williams. Confidence: 0.9
Step 3: Simon Channing-Williams produced several films with Mike Leigh. Confidence: 0.9
Step 4: A 1996 British drama film written and directed by Mike Leigh is ""Secrets & Lies"". Confidence: 0.9
Final Answer: Secrets & Lies Confidence: 0.9",Secrets & Lies,0.5904900000000002,1.0,1,1
476,5a849d085542997175ce1efb,In what political party is Lady Dorothy Macmillan's husband?,Conservative Party,bridge,medium,"Step 1: Lady Dorothy Macmillan is married to Harold Macmillan. Confidence: 0.9
Step 2: Harold Macmillan was a British politician. Confidence: 1.0
Step 3: Harold Macmillan was the leader of the Conservative Party. Confidence: 1.0
Final Answer: Conservative Confidence: 1.0",Conservative,0.9,0.6666666666666666,0,1
477,5ae0bf7755429906c02dab23,What is the seat of the county where Ronald Reagan Parkway is located?,Lawrenceville,bridge,medium,"Step 1: Ronald Reagan Parkway is located in Georgia, USA. Confidence: 0.9  
Step 2: In Georgia, Ronald Reagan Parkway passes through Gwinnett County. Confidence: 0.8  
Step 3: The seat of Gwinnett County is the city of Lawrenceville. Confidence: 0.9  
Final Answer: Lawrenceville Confidence: 0.8",Lawrenceville,0.5184000000000001,1.0,1,1
478,5ab514505542996a3a96a013,"In what film by director Sohn Young-sung did Kim Sung-ryung have a supporting role in before ""Mr. XXX-Kisser?""",The Client,bridge,medium,"Step 1: Identify the film ""Mr. XXX-Kisser"" as ""Mr. XXX-Kisser"" is a film directed by Sohn Young-sung. Confidence: 0.8  
Step 2: Determine Kim Sung-ryung's filmography to find her supporting roles in Sohn Young-sung's films before ""Mr. XXX-Kisser."" Confidence: 0.7  
Step 3: Research or recall that Kim Sung-ryung appeared in ""The Big Swindle"" (2004), directed by Sohn Young-sung. Confidence: 0.6  
Final Answer: The Big Swindle Confidence: 0.6",The Big Swindle,0.20159999999999997,0.0,0,0
479,5a730faf5542992359bc3222,What was formed by the largest entertainment company in South Korea?,Red Velvet,bridge,easy,"Step 1: The largest entertainment company in South Korea is likely to be one of the ""Big 4"" K-pop agencies: HYBE, SM Entertainment, YG Entertainment, or JYP Entertainment. Confidence: 0.9  
Step 2: Among these, HYBE is currently the largest in terms of market capitalization and influence. Confidence: 0.8  
Step 3: HYBE is known for forming and managing globally successful K-pop groups. Confidence: 0.9  
Step 4: The most famous group formed by HYBE is BTS (Bangtan Sonyeondan). Confidence: 0.95  
Final Answer: BTS Confidence: 0.9",BTS,0.5540400000000002,0.0,0,0
480,5a72d88e5542992359bc31ab,"What British-Irish film star was born on February 9, 1945","""Mia"" Villiers Farrow",bridge,hard,"Step 1: The question specifies a British-Irish film star born on February 9, 1945. Confidence: 1.0  
Step 2: British-Irish film stars from that era include actors like Michael Caine, but he was born in 1933. Confidence: 0.9  
Step 3: Another notable British-Irish actor is Mia Farrow, but she was born in 1945, but on February 9? Confidence: 0.8  
Step 4: Checking Mia Farrow's birth date, she was indeed born on February 9, 1945. Confidence: 0.9  
Final Answer: Mia Farrow Confidence: 0.9",Mia Farrow,0.5832000000000002,0.8,0,1
481,5a7795445542995d831811f9,What number Mughal emperor built the Kashmiri Gate?,fifth,bridge,hard,"Step 1: The Kashmiri Gate is a historical gate located in Delhi, India. Confidence: 0.9  
Step 2: The Mughal Empire ruled over Delhi and built many significant structures during their reign. Confidence: 0.9  
Step 3: The Kashmiri Gate was built during the reign of Shah Jahan, who was a Mughal emperor. Confidence: 0.8  
Step 4: Shah Jahan was the fifth Mughal emperor. Confidence: 0.7  
Final Answer: 5 Confidence: 0.7",5,0.31752,0.0,0,1
482,5ab82f7055429916710eb010,"In 1983, the Los Angeles Rams had which player as a running back?",Eric Dickerson,bridge,hard,"Step 1: The Los Angeles Rams moved to St. Louis in 1995, so in 1983 they were still based in Los Angeles. Confidence: 0.9
Step 2: Eric Dickerson was drafted by the Los Angeles Rams in 1983 and became their star running back. Confidence: 0.8
Final Answer: Eric Dickerson Confidence: 0.8",Eric Dickerson,0.5760000000000001,1.0,1,1
483,5ab3885555429969a97a8175,"What naval officer took part in the battle, on what is now the grounds of the Blue Grass Army Depot?","William ""Bull"" Nelson",bridge,medium,"Step 1: The Blue Grass Army Depot is located in Kentucky, USA. Confidence: 0.9
Step 2: The battle referred to is likely the Battle of Blue Licks, which took place in Kentucky in 1782. Confidence: 0.8
Step 3: Naval officers typically do not participate in land battles, but some Continental Navy officers were involved in the American Revolutionary War. Confidence: 0.7
Step 4: John Paul Jones was a notable naval officer during the American Revolution, but there is no record of him participating in the Battle of Blue Licks. Confidence: 0.6
Step 5: It is more likely that the question refers to officers from local militia or Continental Army rather than naval officers, making the question potentially misleading or incorrect. Confidence: 0.5

Final Answer: No known naval officer Confidence: 0.5",No known naval officer,0.0756,0.0,0,0
484,5a903a4855429933b8a204a9,What era was the man associated with Fanny Talbot the leading art critic of?,Victorian era,bridge,hard,"Step 1: Fanny Talbot was a notable figure in the 19th century, known for her contributions to the conservation movement. Confidence: 0.8
Step 2: John Ruskin, a prominent art critic in the 19th century, was closely associated with Fanny Talbot. Confidence: 0.7
Step 3: John Ruskin was a leading art critic during the Victorian era. Confidence: 0.9
Final Answer: Victorian Confidence: 0.8",Victorian,0.4032,0.6666666666666666,0,1
485,5a7188ed5542994082a3e870,"Who was born earlier, Philippe Perrin or Sigmund Jähn?",Sigmund Werner Paul Jähn,comparison,medium,"Step 1: Philippe Perrin was born on January 6, 1963. Confidence: 0.9
Step 2: Sigmund Jähn was born on February 13, 1937. Confidence: 0.9
Final Answer: Sigmund Jähn Confidence: 0.9",Sigmund Jähn,0.7290000000000001,0.6666666666666666,0,1
486,5ab2d33e55429916697740f2,Are the film directors Miguel Littín and Carlos Saldanha both from Brazil?,no,comparison,medium,"Step 1: Miguel Littín is a well-known filmmaker from Chile. Confidence: 0.9
Step 2: Carlos Saldanha is a film director from Brazil. Confidence: 0.9
Final Answer: No Confidence: 0.8",No,0.6480000000000001,1.0,1,1
487,5addfeb35542997dc7907110,"What is the name of the rapper who was featured by Goldie Loc on his album Eastsideridaz who died on MArch 15, 2011?",Nate Dogg,bridge,medium,"Step 1: Goldie Loc is a rapper associated with the group Tha Eastsidaz. Confidence: 0.9  
Step 2: Tha Eastsidaz released an album titled ""Eastsideridaz."" Confidence: 0.8  
Step 3: A rapper featured on ""Eastsideridaz"" who died on March 15, 2011 is likely Nate Dogg. Confidence: 0.7  
Final Answer: Nate Dogg Confidence: 0.7",Nate Dogg,0.3528,1.0,1,1
488,5abab0cd55429901930fa89c,Severus Snape becomes a double-agent for an order that was founded by whom?,Albus Dumbledore,bridge,medium,"Step 1: Severus Snape is a character from the Harry Potter series. Confidence: 1.0
Step 2: In the series, Severus Snape becomes a double-agent for the Order of the Phoenix. Confidence: 1.0
Step 3: The Order of the Phoenix was founded by Albus Dumbledore. Confidence: 1.0
Final Answer: Albus Dumbledore Confidence: 1.0",Albus Dumbledore,1.0,1.0,1,1
489,5a7631b155429976ec32bd51,What country does the region that is native to the genus coffea in the Indian Ocean belong to?,France,bridge,medium,"Step 1: The genus Coffea includes coffee plants, which are native to tropical regions of Africa. Confidence: 0.9  
Step 2: The Indian Ocean region near Africa that is known for coffee cultivation includes islands like Madagascar and Réunion. Confidence: 0.8  
Step 3: Among these, Réunion is an overseas department of France, while Madagascar is an independent country. Confidence: 0.9  
Final Answer: Madagascar Confidence: 0.7",Madagascar,0.45360000000000006,0.0,0,0
490,5ae50fa955429908b6326504,Shannon Flynn worked with which actress while directing Instant Mom?,Tia Mowry-Hardrict,bridge,medium,"Step 1: Shannon Flynn is known as a director for the TV show ""Instant Mom."" Confidence: 0.8  
Step 2: The main actress in ""Instant Mom"" is Tia Mowry. Confidence: 0.9  
Final Answer: Tia Mowry Confidence: 0.85",Tia Mowry,0.6120000000000001,0.5,0,1
491,5a759b195542996c70cfaf0c,"Albert ""Ginger"" Baker, is a Northern Irish former loyalist and ex-British Army soldier, who was convicted of four murders, carried out by which loyalist paramilitary and vigilante group, in Northern Ireland?",Ulster Defence Association,bridge,easy,"Step 1: Albert ""Ginger"" Baker is a former loyalist from Northern Ireland and ex-British Army soldier. Confidence: 0.9  
Step 2: He was convicted of four murders, which were carried out by a loyalist paramilitary group. Confidence: 0.9  
Step 3: The Ulster Volunteer Force (UVF) is one of the most prominent loyalist paramilitary groups in Northern Ireland. Confidence: 0.8  
Step 4: Baker was associated with the UVF during the height of the Troubles in Northern Ireland. Confidence: 0.7  
Final Answer: Ulster Volunteer Force (UVF) Confidence: 0.7",Ulster Volunteer Force (UVF),0.31752,0.28571428571428575,0,0
492,5ae61c8355429929b0807ad2,Styrophone is often made from what type of closed-cell polystyrene?,Styrofoam,bridge,medium,"Step 1: Styrophone is commonly known as a colloquial term for expanded polystyrene (EPS). Confidence: 0.8
Step 2: Expanded polystyrene (EPS) is a type of closed-cell polystyrene foam. Confidence: 0.9
Final Answer: expanded polystyrene (EPS) Confidence: 0.85",expanded polystyrene (EPS),0.6120000000000001,0.0,0,0
493,5ab5f156554299637185c62c,"Kim Joo-Hyuk starred in what film, based on the novel by Park Hyun-wook?",My Wife Got Married,bridge,medium,"Step 1: Kim Joo-Hyuk is a South Korean actor. Confidence: 0.9  
Step 2: Park Hyun-wook is a South Korean novelist. Confidence: 0.8  
Step 3: Kim Joo-Hyuk starred in films based on South Korean novels. Confidence: 0.7  
Step 4: One of Park Hyun-wook's novels adapted into a film is ""Mate"". Confidence: 0.6  
Final Answer: Mate Confidence: 0.6",Mate,0.18144,0.0,0,0
494,5a83cc065542996488c2e4d2,In what year did Lasse Svan Hansen's national handball team win a silver medal in the European Championship?,2014,bridge,medium,"Step 1: Lasse Svan Hansen is a Danish handball player. Confidence: 0.9  
Step 2: The Danish men's handball team has won medals in the European Championships multiple times. Confidence: 0.8  
Step 3: Lasse Svan Hansen was part of the Danish team that won a silver medal in the European Championship in 2014. Confidence: 0.7  
Final Answer: 2014 Confidence: 0.7",2014,0.3528,1.0,1,1
495,5ab9121555429919ba4e238a,"Still Da Baddest is the fourth studio album by American rapper Trina, following the poor chart performance, ""I Got a Thang for You"" featuring which American singer/songwriter, record producer, business woman, and television personality, and was born in Oakland, California?",Keyshia Cole,bridge,easy,"Step 1: The question is asking about the featured artist on Trina's song ""I Got a Thang for You"" from her album ""Still Da Baddest."" Confidence: 0.9  
Step 2: The featured artist is an American singer/songwriter, record producer, businesswoman, and television personality. Confidence: 0.9  
Step 3: The featured artist was born in Oakland, California. Confidence: 0.9  
Step 4: Considering these criteria, the most likely candidate is Keyshia Cole. Confidence: 0.8  
Final Answer: Keyshia Cole Confidence: 0.8",Keyshia Cole,0.4665600000000001,1.0,1,1
496,5a8641ab554299211dda2ace,Renowned persons Lee Tamahori and Robert Gregson share what pop-culture profession?,filmmaker,comparison,medium,"Step 1: Lee Tamahori is a New Zealand film director. Confidence: 0.9  
Step 2: Robert Gregson is likely a film director as well, since the question asks about a shared profession. Confidence: 0.7  
Step 3: Searching for Robert Gregson reveals that he is a British film director. Confidence: 0.8  
Final Answer: film director Confidence: 0.8",film director,0.4032,0.0,0,1
497,5abb69f25542996cc5e49fea,Which Italian port do many of the inhabitants of La Boca in Buenos Aires originate from?,Genoa,bridge,medium,"Step 1: La Boca is a neighborhood in Buenos Aires, Argentina known for its Italian immigrant population. Confidence: 0.9  
Step 2: Many Italian immigrants to Argentina arrived in the late 19th and early 20th centuries, primarily from southern Italy. Confidence: 0.8  
Step 3: One of the major Italian ports that served as a departure point for emigrants to Argentina was Genoa. Confidence: 0.7  
Final Answer: Genoa Confidence: 0.7",Genoa,0.3528,1.0,1,1
498,5ab982b3554299753720f823,Square One Shopping Centre's size allows it to cater to discount retailers such as an American fast fashion retailer with more than 60% of its apperal made where?,China,bridge,medium,"Step 1: Square One Shopping Centre is a large mall located in Mississauga, Ontario, Canada. Confidence: 0.9  
Step 2: The American fast fashion retailer with a significant presence in large malls is likely ""H&M."" Confidence: 0.8  
Step 3: H&M sources more than 60% of its apparel from Asian countries, primarily Bangladesh and China. Confidence: 0.7  
Final Answer: Bangladesh and China Confidence: 0.7",Bangladesh and China,0.3528,0.5,0,0
499,5abd7d405542993062266cad,Which female artist collaborated Pharrell Williams on G I R L and won multiple Grammy awards in 2005?,Alicia Keys,bridge,medium,"Step 1: The question asks about a female artist who collaborated with Pharrell Williams on the album ""G I R L"". Confidence: 1.0
Step 2: The album ""G I R L"" was released in 2014, and the most notable female collaborator on the album is Ariana Grande. However, she did not win Grammys in 2005. Confidence: 0.7
Step 3: Another prominent female collaborator on ""G I R L"" is Miley Cyrus, who also did not win Grammys in 2005. Confidence: 0.7
Step 4: The female artist who won multiple Grammy awards in 2005 and is known to collaborate with Pharrell Williams is Alicia Keys. Confidence: 0.9
Step 5: Alicia Keys collaborated with Pharrell Williams on the track ""Know Who You Are"" for the album ""G I R L"". Confidence: 0.8
Final Answer: Alicia Keys Confidence: 0.8",Alicia Keys,0.28224,1.0,1,1
500,5abbe23e554299642a094bab," Stony Awards presented a posthumous award to what American cannabis rights activist and the author of ""The Emperor Wears No Clothes"",",Jack Herer,bridge,hard,"Step 1: The Stony Awards are awards related to cannabis culture and activism. Confidence: 0.9  
Step 2: ""The Emperor Wears No Clothes"" is a famous book about hemp and its uses, written by a prominent cannabis activist. Confidence: 0.9  
Step 3: The author of ""The Emperor Wears No Clothes"" is Jack Herer, a well-known cannabis rights activist. Confidence: 0.95  
Step 4: Jack Herer passed away in 2010, making him eligible for a posthumous award. Confidence: 0.9  
Final Answer: Jack Herer Confidence: 0.95",Jack Herer,0.6579225,1.0,1,1
501,5a73976055429978a71e9036,"Which American global medical device company is headquartered in Little Canada, Minnesota?",St. Jude Medical,bridge,medium,"Step 1: Identify well-known American global medical device companies. Confidence: 0.8  
Step 2: Consider companies headquartered in Minnesota. Confidence: 0.9  
Step 3: Narrow down to those headquartered specifically in Little Canada, Minnesota. Confidence: 0.7  
Final Answer: Boston Scientific Confidence: 0.6",Boston Scientific,0.3024,0.0,0,0
502,5ab4f2245542990594ba9cb7,"What album recorded over a two-year period between 1989 and 1991 included Kevin Shields as the main composer, musician and producer? ",Loveless,bridge,medium,"Step 1: The question mentions Kevin Shields, who is best known as the guitarist and leader of the band My Bloody Valentine. Confidence: 0.9  
Step 2: The time frame mentioned is between 1989 and 1991, which aligns with the recording period of My Bloody Valentine's most famous album. Confidence: 0.8  
Step 3: The album recorded during this period by My Bloody Valentine is ""Loveless."" Confidence: 0.85  
Final Answer: Loveless Confidence: 0.85",Loveless,0.5202000000000001,1.0,1,1
503,5a8c3f0a5542996e8ac88a2e,Who is the co-star of the current co-president of the Actors Studio in the movie Youth?,Michael Caine,bridge,medium,"Step 1: The current co-presidents of the Actors Studio are Al Pacino and Harvey Keitel. Confidence: 0.9
Step 2: The movie ""Youth"" stars Michael Caine and Harvey Keitel. Confidence: 0.8
Step 3: Since Harvey Keitel is one of the co-presidents, his co-star in ""Youth"" is Michael Caine. Confidence: 0.9
Final Answer: Michael Caine Confidence: 0.8",Michael Caine,0.5184000000000001,1.0,1,1
504,5ae7921855429952e35ea97a,Who is credited for The Internship role that corresponds to Akiva Schaffer's role for The Watch?,Shawn Levy,bridge,hard,"Step 1: The Watch is a 2012 comedy film directed by Akiva Schaffer. Confidence: 0.9
Step 2: The Internship is a 2013 comedy film. Confidence: 0.9
Step 3: Since The Internship corresponds to The Watch, we need to find the director of The Internship. Confidence: 0.8
Step 4: Shawn Levy directed The Internship. Confidence: 0.9
Final Answer: Shawn Levy Confidence: 0.8",Shawn Levy,0.46656000000000014,1.0,1,1
505,5a7eea3c55429934daa2fc77,Great Limber is situated 8 miles east from a town with how many households according to the 2001 UK census ?,"2,213",bridge,medium,"Step 1: Great Limber is a village in North East Lincolnshire, England. Confidence: 0.9
Step 2: The town 8 miles east of Great Limber is likely Grimsby. Confidence: 0.8
Step 3: The 2001 UK census recorded Grimsby's household count. Confidence: 0.7
Step 4: According to the 2001 UK census, Grimsby had approximately 45,000 households. Confidence: 0.6
Final Answer: 45,000 Confidence: 0.6","45,000",0.18144,0.0,0,0
506,5a8c53d35542995e66a475c2,"In which county was this air force base located where Boeing B-29-100-BW Superfortress bomber crashed and killed all men aboard, known as 1948 Waycross B-29 crash?",Houston County,bridge,medium,"Step 1: The 1948 Waycross B-29 crash involved a Boeing B-29 Superfortress bomber. Confidence: 0.9  
Step 2: The crash is named after ""Waycross,"" which suggests it occurred near or in Waycross, Georgia. Confidence: 0.8  
Step 3: Waycross is located in Ware County, Georgia. Confidence: 0.95  
Final Answer: Ware County Confidence: 0.85",Ware County,0.5814,0.5,0,0
507,5add27b95542990d50227e07,Are both Weifang and Nyingchi prefecture-level cities?,yes,comparison,medium,"Step 1: Weifang is a prefecture-level city in Shandong Province, China. Confidence: 0.9
Step 2: Nyingchi is a prefecture-level city in Tibet Autonomous Region, China. Confidence: 0.8
Final Answer: yes Confidence: 0.85",yes,0.6120000000000001,1.0,1,1
508,5a72364555429971e9dc9359,"Which cocktail uses egg white as an ingredient, The Clover Club Cocktail or The U-Boot?",The Clover Club Cocktail,comparison,hard,"Step 1: The Clover Club Cocktail is a classic cocktail that dates back to the early 1900s. Confidence: 0.9  
Step 2: The Clover Club Cocktail is known for using ingredients like gin, raspberry syrup, lemon juice, and egg white. Confidence: 0.9  
Step 3: The U-Boot is a beer-based cocktail typically made with beer and a shot of liquor, and it does not traditionally include egg white. Confidence: 0.8  
Final Answer: The Clover Club Cocktail Confidence: 0.9",The Clover Club Cocktail,0.5832000000000002,1.0,1,1
509,5ae7de09554299540e5a5674,Who distributed the 2013 superhero film in which Ken Yamamura plays the young Ichirō Yashida?,20th Century Fox,bridge,medium,"Step 1: The 2013 superhero film in question must be ""The Wolverine,"" as Ken Yamamura plays the young Ichirō Yashida in it. Confidence: 0.9
Step 2: ""The Wolverine"" is part of the X-Men franchise, which at the time was tied to 20th Century Fox for distribution. Confidence: 0.8
Final Answer: 20th Century Fox Confidence: 0.8",20th Century Fox,0.5760000000000001,1.0,1,1
510,5ae1d08f554299492dc91b91,"Which Disney film was released first, Meet the Robinsons or Peter Pan?",Peter Pan,comparison,hard,"Step 1: I need to determine the release year of ""Meet the Robinsons."" Confidence: 0.9
Step 2: ""Meet the Robinsons"" was released in 2007. Confidence: 0.9
Step 3: I need to determine the release year of ""Peter Pan."" Confidence: 0.9
Step 4: ""Peter Pan"" was released in 1953. Confidence: 0.9
Final Answer: Peter Pan Confidence: 0.9",Peter Pan,0.5904900000000002,1.0,1,1
511,5ae6269c5542996de7b71b74,"What actress played the role of Hillary Winston on ""The Royal Family"" at the age of 4 and was also in the Tina in the Sky with Diamonds episode of Glee?",Naya Rivera,bridge,easy,"Step 1: ""The Royal Family"" was a sitcom that aired in the 1990s. Confidence: 0.9
Step 2: The role of Hillary Winston on ""The Royal Family"" was played by Raven-Symoné. Confidence: 0.8
Step 3: Raven-Symoné appeared in the ""Tina in the Sky with Diamonds"" episode of ""Glee"" as herself. Confidence: 0.7
Final Answer: Raven-Symoné Confidence: 0.8",Raven-Symoné,0.4032,0.0,0,0
512,5a81a61b55429903bc27b991,When was the University founded that Thomas Caius was a Fellow and Master of?,1249,bridge,medium,"Step 1: Thomas Caius was a Fellow and Master of Gonville and Caius College, Cambridge. Confidence: 0.9  
Step 2: Gonville and Caius College, Cambridge, was originally founded as Gonville Hall in 1348. Confidence: 0.8  
Step 3: The college was refounded as Gonville and Caius College in 1557 by Thomas Caius. Confidence: 0.8  
Final Answer: 1348 Confidence: 0.7",1348,0.4032,0.0,0,0
513,5ab610315542992aa134a40a,What was the birth name of the emperor under whom Naevius Sutorius Macro served as prefect of the Praetorian Guard?,Gaius Julius Caesar Germanicus,bridge,medium,"Step 1: Naevius Sutorius Macro served as prefect of the Praetorian Guard during the reign of Emperor Tiberius. Confidence: 0.9
Step 2: Emperor Tiberius's birth name was Tiberius Claudius Nero. Confidence: 0.8
Final Answer: Tiberius Claudius Nero Confidence: 0.72",Tiberius Claudius Nero,0.5184000000000001,0.0,0,0
514,5a87427355429960ec39b77a,At what number largest executive search firm is Claudio Fernández-Aráoz a senior adviser?,third,bridge,medium,"Step 1: Claudio Fernández-Aráoz is a well-known executive search consultant and author. Confidence: 0.9
Step 2: He is associated with Egon Zehnder, a global executive search firm. Confidence: 0.9
Step 3: Egon Zehnder is one of the largest executive search firms in the world. Confidence: 0.8
Step 4: It is often ranked among the top 5 executive search firms globally. Confidence: 0.7
Step 5: Specific rankings vary, but Egon Zehnder is consistently in the top 3-5. Confidence: 0.6
Final Answer: 5 Confidence: 0.6",5,0.163296,0.0,0,0
515,5a7e4a225542994959419988,"What is the place with a total of 643135 sqft and 70 in-line stores, that is now the last of it's kind after the largest enclosed shopping center in Huntsville closed in early 2017?",shopping mall,bridge,easy,"Step 1: The question mentions a place with a total area of 643,135 sqft and 70 in-line stores. This suggests a shopping mall or retail center. Confidence: 0.9
Step 2: It is described as the last of its kind after the largest enclosed shopping center in Huntsville closed in early 2017. This implies it is a remaining shopping mall in Huntsville. Confidence: 0.8
Step 3: The largest enclosed shopping center in Huntsville that closed in early 2017 was likely Madison Square Mall, which shut down around that time. Confidence: 0.7
Step 4: The remaining mall in Huntsville that matches the size (643,135 sqft) and store count (70 in-line stores) is Parkway Place Mall. Confidence: 0.6
Final Answer: Parkway Place Mall Confidence: 0.7",Parkway Place Mall,0.21167999999999998,0.4,0,0
516,5ac530e65542996feb3fea1a,What is the birthday of Gerald Strebendt's UFC 44 lightweight opponent?,"September 21, 1978",bridge,medium,"Step 1: Gerald Strebendt fought Hermes Franca at UFC 44. Confidence: 0.8
Step 2: Hermes Franca's birthday is October 8, 1974. Confidence: 0.7
Final Answer: October 8, 1974 Confidence: 0.56","October 8, 1974",0.3136,0.0,0,0
517,5a89bf515542992e4fca83b4,Did Dick Crealy and Jack Sock play the same sport?,yes,comparison,medium,"Step 1: Dick Crealy is a former Australian tennis player. Confidence: 0.8
Step 2: Jack Sock is a former American tennis player. Confidence: 0.9
Final Answer: yes Confidence: 0.85",yes,0.6120000000000001,1.0,1,1
518,5a794ebd554299029c4b5f50,"Who was born first, Michaël Llodra or Henri Leconte?",Henri Leconte,comparison,medium,"Step 1: I need to find out the birth years of both Michaël Llodra and Henri Leconte. Confidence: 1.0  
Step 2: Michaël Llodra was born on May 18, 1980. Confidence: 0.95  
Step 3: Henri Leconte was born on July 4, 1963. Confidence: 0.95  
Final Answer: Henri Leconte Confidence: 0.95",Henri Leconte,0.8573749999999999,1.0,1,1
519,5abacbf35542996cc5e49e96,"Are both bands, The Colourist and Muse, from Ireland? ",no,comparison,medium,"Step 1: The Colourist is an indie pop band formed in Orange County, California. Confidence: 0.9  
Step 2: Muse is a British rock band formed in Teignmouth, Devon, England. Confidence: 0.9  
Final Answer: No Confidence: 0.95",No,0.7695,1.0,1,1
520,5ab9643d554299131ca42321, Are the Comx-35 and Sharp MZ both personal types of computers?,yes,comparison,easy,"Step 1: The Comx-35 is a personal computer released in the 1980s. Confidence: 0.8  
Step 2: The Sharp MZ is a series of personal computers released by Sharp in the late 1970s and 1980s. Confidence: 0.9  
Final Answer: yes Confidence: 0.9",yes,0.6480000000000001,1.0,1,1
521,5ae05ec155429924de1b70c3,Mohamed Naguib Hamed is an athlete from what transcontinental country?,Egypt,bridge,medium,"Step 1: Mohamed Naguib Hamed sounds like a name of Egyptian origin. Confidence: 0.8
Step 2: Egypt is a transcontinental country, spanning both Africa and Asia. Confidence: 0.9
Final Answer: Egypt Confidence: 0.85",Egypt,0.6120000000000001,1.0,1,1
522,5ac2c410554299218029db2f,"Who realeased this American comedy film  starring an American actress who played supporting roles in films including ""East of Eden"", ""Five Easy Pieces"", ""Resurrection""?",Magnolia Pictures,bridge,easy,"Step 1: The actress mentioned in the question is likely Ellen Burstyn, based on the films ""East of Eden,"" ""Five Easy Pieces,"" and ""Resurrection."" Confidence: 0.9
Step 2: Ellen Burstyn starred in the American comedy film ""Alice Doesn't Live Here Anymore."" Confidence: 0.8
Step 3: ""Alice Doesn't Live Here Anymore"" was released by Warner Bros. Confidence: 0.7
Final Answer: Warner Bros. Confidence: 0.7",Warner Bros.,0.3528,0.0,0,0
523,5ac0220a5542996f0d89cb2e,an actress who appeared in a film directed by Kenneth Lonergan featured in which television series?,Rectify,bridge,medium,"Step 1: Kenneth Lonergan is a director known for films like ""Manchester by the Sea"" and ""Margaret"". Confidence: 0.9
Step 2: ""Manchester by the Sea"" stars Michelle Williams, who is a well-known actress. Confidence: 0.9
Step 3: Michelle Williams has appeared in several TV series, including ""Dawson's Creek"". Confidence: 0.8
Final Answer: Dawson's Creek Confidence: 0.7",Dawson's Creek,0.45360000000000006,0.0,0,0
524,5a74b7eb55429974ef308c44,"Which former IFK Hässleholm football player is older, Jon Jönsson or Peter Crouch?",Peter Crouch,bridge,easy,"Step 1: Identify that IFK Hässleholm is a Swedish football club. Confidence: 0.9
Step 2: Recognize that Jon Jönsson is a former IFK Hässleholm player. Confidence: 0.8
Step 3: Acknowledge that Peter Crouch is an English footballer, not known to have played for IFK Hässleholm. Confidence: 0.9
Step 4: Since the question asks about former IFK Hässleholm players, Peter Crouch is not relevant for comparison. Confidence: 0.85
Final Answer: Jon Jönsson Confidence: 0.8",Jon Jönsson,0.4406400000000001,0.0,0,0
525,5ae44db55542995dadf24309,"Which of these is in the family Salicaceae, Calophyllum or Azara?",Azara,comparison,medium,"Step 1: Salicaceae is a family of flowering plants that includes willows and poplars. Confidence: 0.9  
Step 2: Calophyllum is a genus in the family Calophyllaceae, not Salicaceae. Confidence: 0.8  
Step 3: Azara is a genus of plants that belongs to the family Salicaceae. Confidence: 0.7  
Final Answer: Azara Confidence: 0.7",Azara,0.3528,1.0,1,1
526,5a9034bd55429933b8a20496,What year was the current star of Belarusian football born?,1981,bridge,medium,"Step 1: The current star of Belarusian football is likely to be someone who has recently gained significant recognition. Confidence: 0.8  
Step 2: A prominent Belarusian football player in recent years is Aleksandr Hleb. Confidence: 0.7  
Step 3: Aleksandr Hleb was born on May 1, 1981. Confidence: 0.9  
Final Answer: 1981 Confidence: 0.8",1981,0.4032,1.0,1,1
527,5ab851c655429916710eb039,"In what city did the band that included Romy and Oliver Sim, and Jamie xx record their first album?",London,bridge,medium,"Step 1: The band that includes Romy and Oliver Sim, and Jamie xx is called The xx. Confidence: 1.0
Step 2: The xx recorded their first album, titled ""xx,"" in 2009. Confidence: 1.0
Step 3: The xx is a British band, and they formed and likely recorded their first album in London. Confidence: 0.9
Final Answer: London Confidence: 0.85",London,0.765,1.0,1,1
528,5a7e29d85542995ed0d166b9,"California State University, Dominguez Hills and Ankara University, are which type of educational institutes?",public university,comparison,easy,"Step 1: California State University, Dominguez Hills is a public university in the United States. Confidence: 1.0  
Step 2: Ankara University is a public university in Turkey. Confidence: 1.0  
Final Answer: public universities Confidence: 1.0",public universities,1.0,0.5,0,1
529,5a74558c55429974ef308bda,Which actor played in both She Hate Me and Cocoon?,Brian Dennehy,bridge,medium,"Step 1: First, identify the actors who starred in ""She Hate Me."" Confidence: 0.8  
Step 2: Next, identify the actors who starred in ""Cocoon."" Confidence: 0.8  
Step 3: Compare the lists of actors from both movies to find common names. Confidence: 0.7  
Final Answer: Ron Eldard Confidence: 0.6",Ron Eldard,0.26880000000000004,0.0,0,0
530,5add50975542995b365fab09,"Which publication has run longest, Signs of the Times or Space Science Fiction?","Space Science Fiction was a science fiction magazine published by Space Publications, Inc. of New York and The Archer Press Ltd. of London that ran for eight issues from May 1952 to September 1953.",comparison,easy,"Step 1: Identify the initial publication year of ""Signs of the Times."" Confidence: 0.8
Step 2: Identify the initial publication year of ""Space Science Fiction."" Confidence: 0.8
Step 3: Identify the final publication year of ""Signs of the Times."" Confidence: 0.8
Step 4: Identify the final publication year of ""Space Science Fiction."" Confidence: 0.8
Step 5: Compare the run durations of both publications based on the years identified. Confidence: 0.9
Final Answer: Signs of the Times Confidence: 0.9",Signs of the Times,0.3317760000000001,0.05714285714285714,0,0
531,5a771ef55542993569682cd0,In what sub-provincial city is the Affiliated High School of Sichuan University located?,Chengdu,bridge,easy,"Step 1: The Affiliated High School of Sichuan University is located in Sichuan Province. Confidence: 0.9
Step 2: The capital city of Sichuan Province is Chengdu. Confidence: 0.95
Step 3: Chengdu is a sub-provincial city in China. Confidence: 0.9
Final Answer: Chengdu Confidence: 0.85",Chengdu,0.654075,1.0,1,1
532,5ababe7a554299232ef4a38d,"What was the population in the city where Sherman Day Thatcher founded a school, in 2010?","7,461",bridge,medium,"Step 1: Sherman Day Thatcher founded Thatcher School in Ojai, California. Confidence: 0.9  
Step 2: Ojai is a city in Ventura County, California. Confidence: 0.9  
Step 3: The population of Ojai, California in 2010 was approximately 7,461. Confidence: 0.8  
Final Answer: 7,461 Confidence: 0.8","7,461",0.5184000000000001,1.0,1,1
533,5abc39445542993a06baf89c,Who was the Calder Memorial Trophy winner that played in the 2017 NHL Staduim Series game the day after the 2017 NHL winter classic?,Auston Matthews,bridge,medium,"Step 1: The Calder Memorial Trophy is awarded to the NHL's rookie of the year. Confidence: 1.0
Step 2: The 2017 NHL Winter Classic was held on January 2, 2017, between the St. Louis Blues and Chicago Blackhawks. Confidence: 0.9
Step 3: The 2017 NHL Stadium Series game was held the next day, on January 3, 2017, between the Philadelphia Flyers and Pittsburgh Penguins. Confidence: 0.9
Step 4: The Calder Memorial Trophy winner for the 2016-2017 season was Auston Matthews of the Toronto Maple Leafs. Confidence: 0.9
Step 5: Auston Matthews did not play in the Stadium Series game on January 3, 2017, as he was not part of the Flyers or Penguins rosters. Confidence: 0.8
Final Answer: None Confidence: 0.7",None,0.40824,0.0,0,0
534,5adfc63355429906c02daa38,"In Friday the 13th Part VII: The New Blood, a teenage girl uses a psychic ability to influence a physical system without interaction to unleash Jason, what is this ability called?",Psychokinesis,bridge,easy,"Step 1: Friday the 13th Part VII: The New Blood features a character named Tina Shepard. Confidence: 0.9  
Step 2: Tina Shepard possesses psychic powers, including telekinesis. Confidence: 0.9  
Step 3: Telekinesis is the ability to influence physical systems without physical interaction. Confidence: 1.0  
Final Answer: telekinesis Confidence: 0.95",telekinesis,0.7695,0.0,0,1
535,5abbe05b554299642a094b92,Adrian Molina worked with what director when making the movie The Good dinosaur?,Peter Sohn,bridge,medium,"Step 1: Adrian Molina is known for his work in animation, particularly with Pixar. Confidence: 0.9  
Step 2: ""The Good Dinosaur"" is a Pixar animated film released in 2015. Confidence: 0.95  
Step 3: The director of ""The Good Dinosaur"" is Peter Sohn. Confidence: 0.95  
Final Answer: Peter Sohn Confidence: 0.9",Peter Sohn,0.7310249999999999,1.0,1,1
536,5abffcf45542997d64295994,Is Air Traffic or Halestorm an American band?,Halestorm,comparison,hard,"Step 1: Air Traffic is a British band, not American. Confidence: 0.9
Step 2: Halestorm is an American rock band. Confidence: 0.95
Final Answer: Halestorm Confidence: 0.95",Halestorm,0.8122499999999999,1.0,1,1
537,5ab6e05f55429954757d339f,Which magazine was published first Prevention or Girlfriends ?,Prevention,comparison,medium,"Step 1: To determine which magazine was published first, we need to find the founding years of both Prevention and Girlfriends magazines. Confidence: 0.9  
Step 2: Prevention magazine was first published in 1950. Confidence: 0.8  
Step 3: Girlfriends magazine was first published in 1994. Confidence: 0.8  
Final Answer: Prevention Confidence: 0.8",Prevention,0.4608000000000001,1.0,1,1
538,5a762d4c554299109176e6a6,"Rolling Stone and Cinefantastique, are both types of what media?",magazine,comparison,easy,"Step 1: Rolling Stone is a magazine. Confidence: 0.9  
Step 2: Cinefantastique is also a magazine. Confidence: 0.8  
Final Answer: magazines Confidence: 0.85",magazines,0.6120000000000001,0.0,0,1
539,5adf98f85542992d7e9f93af,Who directed the film which inspired the 2004 film Murder ? ,Adrian Lyne,bridge,medium,"Step 1: The 2004 film ""Murder"" is a Bollywood thriller directed by Anurag Basu. Confidence: 0.9
Step 2: ""Murder"" is said to have been inspired by the 2004 Hollywood film ""Unfaithful."" Confidence: 0.8
Step 3: ""Unfaithful"" was directed by Adrian Lyne. Confidence: 0.95
Final Answer: Adrian Lyne Confidence: 0.9",Adrian Lyne,0.6156,1.0,1,1
540,5a7e79d055429934daa2fc2b,What was the first single released from Rufus Wainwright's fifth studio album?,Going to a Town,bridge,medium,"Step 1: Rufus Wainwright's fifth studio album is ""Release the Stars"". Confidence: 0.9
Step 2: The first single released from ""Release the Stars"" was ""Going to a Town"". Confidence: 0.8
Final Answer: Going to a Town Confidence: 0.8",Going to a Town,0.5760000000000001,1.0,1,1
541,5a90209f55429916514e7418,"How many episodes were in the seventh season of the show that premiered September 20, 2010 on CBS?",25,bridge,medium,"Step 1: Identify the show that premiered on CBS on September 20, 2010. Confidence: 0.8  
Step 2: Research indicates that ""Hawaii Five-0"" premiered on September 20, 2010 on CBS. Confidence: 0.9  
Step 3: Find out how many seasons ""Hawaii Five-0"" had to determine if there was a seventh season. Confidence: 0.8  
Step 4: ""Hawaii Five-0"" ran for 10 seasons, so it did have a seventh season. Confidence: 0.9  
Step 5: Look up the number of episodes in the seventh season of ""Hawaii Five-0."" Confidence: 0.8  
Final Answer: 25 Confidence: 0.8",25,0.33177600000000007,1.0,1,1
542,5a88349155429938390d3f06,What is the nationality of the composer of the Ukrainian entry for the 2008 Eurovision Song Contest?,Russian,bridge,easy,"Step 1: The Ukrainian entry for the 2008 Eurovision Song Contest was performed by Ani Lorak. Confidence: 0.9
Step 2: Ani Lorak is a stage name for Karolina Kuiek. Confidence: 0.8
Step 3: Karolina Kuiek was born in Kitsman, Ukraine. Confidence: 0.9
Final Answer: Ukrainian Confidence: 0.85",Ukrainian,0.5508000000000001,0.0,0,0
543,5ab6bfbe55429953192ad373, Freddy Rodriguez played what character in the 2007 American zombie film directed by Robert Rodriguez?,El Wray,bridge,hard,"Step 1: Identify the director mentioned in the question, Robert Rodriguez. Confidence: 1.0  
Step 2: Recall that Robert Rodriguez directed the 2007 zombie film ""Planet Terror."" Confidence: 0.9  
Step 3: Remember that Freddy Rodriguez is an actor who starred in ""Planet Terror."" Confidence: 0.8  
Step 4: Identify Freddy Rodriguez's character in ""Planet Terror"" as El Wray. Confidence: 0.7  
Final Answer: El Wray Confidence: 0.7",El Wray,0.3528,1.0,1,1
544,5ae4b76255429913cc2044e0,The composer of Prelude in F-sharp minor was born in what year?,1873,bridge,hard,"Step 1: The Prelude in F-sharp minor is a piece by Alexander Scriabin. Confidence: 0.9  
Step 2: Alexander Scriabin was born in 1872. Confidence: 0.9  
Final Answer: 1872 Confidence: 0.8",1872,0.6480000000000001,0.0,0,0
545,5a7d2ced554299452d57bb46,"What American guitarist and songwriter claimed that one who wrote ""Rockaway Beach"", Dee Dee Ramone, was ""the only real beachgoer"" in the group?",Johnny Ramone,bridge,medium,"Step 1: The question mentions ""Rockaway Beach,"" which is a song by the Ramones. Confidence: 0.9  
Step 2: Dee Dee Ramone was the primary songwriter for the Ramones, including ""Rockaway Beach."" Confidence: 0.9  
Step 3: The guitarist and songwriter being referred to is likely another member of the Ramones or a close associate. Confidence: 0.8  
Step 4: Johnny Ramone was the guitarist for the Ramones and known for his strong opinions about the band. Confidence: 0.8  
Step 5: Johnny Ramone famously criticized the other members' authenticity, making it likely he made the comment about Dee Dee. Confidence: 0.7  

Final Answer: Johnny Ramone Confidence: 0.7",Johnny Ramone,0.254016,1.0,1,1
546,5abbd42055429931dba1458f,Who is the current principal at the high school where John Lisnik taught?,Travis Barnes,bridge,medium,"Step 1: John Lisnik was a teacher at North Tonawanda High School in New York. Confidence: 0.8
Step 2: High schools change principals over time, so we need the most recent information. Confidence: 0.9
Step 3: The current principal of North Tonawanda High School as of 2023 is James Fisher. Confidence: 0.7
Final Answer: James Fisher Confidence: 0.7",James Fisher,0.3528,0.0,0,0
547,5a89fcd755429946c8d6ea30,"Uzumaki, is a ""seinen"" horror manga series written and illustrated, by which Japanese horror manga artist?",Junji Ito,bridge,easy,"Step 1: ""Uzumaki"" is a horror manga series. Confidence: 0.9  
Step 2: ""Uzumaki"" is classified as ""seinen,"" which is targeted at older male audiences. Confidence: 0.9  
Step 3: The author of ""Uzumaki"" is a well-known Japanese horror manga artist. Confidence: 0.8  
Step 4: A prominent Japanese horror manga artist known for works like ""Uzumaki"" is Junji Ito. Confidence: 0.8  
Final Answer: Junji Ito Confidence: 0.8",Junji Ito,0.4147200000000001,1.0,1,1
548,5a904ee35542995651fb511e,KWGB broadcasts from the county seat of what Kansas county?,Thomas County,bridge,medium,"Step 1: KWGB is a radio station in Kansas. Confidence: 0.9  
Step 2: The county seat is typically the largest or most prominent city in a county. Confidence: 0.8  
Step 3: KWGB's frequency is 90.9 FM, which can help identify its location. Confidence: 0.7  
Step 4: KWGB is located in Great Bend, Kansas. Confidence: 0.85  
Step 5: Great Bend is the county seat of Barton County. Confidence: 0.9  
Final Answer: Barton Confidence: 0.9",Barton,0.34700400000000003,0.0,0,0
549,5ae1f14f554299492dc91bb4,Bob Acres is a character from a play by a satirist who passed away in which year ?,1816,bridge,hard,"Step 1: Bob Acres is a character in ""The Rivals,"" a play by Richard Brinsley Sheridan. Confidence: 0.9
Step 2: Richard Brinsley Sheridan was a satirist and playwright. Confidence: 0.9
Step 3: Richard Brinsley Sheridan passed away in 1816. Confidence: 0.8
Final Answer: 1816 Confidence: 0.8",1816,0.5184000000000001,1.0,1,1
550,5ac537e25542996feb3fea3f,West Oaks Mall includes a theatre by the movie theatre chain founded in what year?,1920,bridge,medium,"Step 1: Identify the movie theatre chain at West Oaks Mall. Confidence: 0.8  
Step 2: Assume the chain is AMC, a common theatre chain in malls. Confidence: 0.7  
Step 3: Research shows AMC was founded in 1920. Confidence: 0.9  
Final Answer: 1920 Confidence: 0.7",1920,0.3528,1.0,1,1
551,5a7272f15542991f9a20c47b,"Which place, Miquan or Kaohsiung, is a special municipality in Taiwan?",Kaohsiung,comparison,medium,"Step 1: Kaohsiung is a well-known city in Taiwan. Confidence: 0.9
Step 2: Miquan is not a well-known place in Taiwan and might be a misspelling or less significant location. Confidence: 0.7
Step 3: Special municipalities in Taiwan include major cities like Taipei, New Taipei, Taichung, Tainan, and Kaohsiung. Confidence: 0.8
Final Answer: Kaohsiung Confidence: 0.8",Kaohsiung,0.4032,1.0,1,1
552,5ab433c55542996a3a969f5b,Did the magazines Alt for Damerne and New England Offering have a similar focus?,yes,comparison,easy,"Step 1: Alt for Damerne was a Danish women's magazine that focused on fashion, beauty, and lifestyle. Confidence: 0.9  
Step 2: New England Offering was a 19th-century American literary magazine that featured writings by women, often focusing on education and social issues. Confidence: 0.8  
Step 3: Alt for Damerne's focus was primarily on fashion and lifestyle, which are different from the literary and social themes of New England Offering. Confidence: 0.85  
Final Answer: No Confidence: 0.8",No,0.4896000000000001,0.0,0,0
553,5a7ca43555429935c91b527b,"What season was it that the Portland Trail Blazers acquired the identical twin brother of Horace Grant, the same season that Chris Dudley had an ankle injury? ",24th season,bridge,easy,"Step 1: Horace Grant's identical twin brother is Harvey Grant. Confidence: 0.9  
Step 2: The Portland Trail Blazers acquired Harvey Grant during the 1993-1994 NBA season. Confidence: 0.8  
Step 3: Chris Dudley had an ankle injury during the 1993-1994 NBA season. Confidence: 0.7  
Final Answer: 1993-1994 Confidence: 0.7",1993-1994,0.3528,0.0,0,1
554,5a74b79e55429929fddd84ce,"Which dog is larger, the Cirneco dell'Etna or the Siberian Husky?",Siberian Husky,comparison,medium,"Step 1: The Cirneco dell'Etna is a small to medium-sized dog breed originating from Sicily. Confidence: 0.9  
Step 2: The Siberian Husky is a medium to large-sized dog breed originally bred for pulling sleds. Confidence: 0.95  
Final Answer: Siberian Husky Confidence: 0.98",Siberian Husky,0.8379,1.0,1,1
555,5a755a015542996c70cfaee6,WIND ranks behind which Rome-based telecommunications company?,Telecom Italia,bridge,medium,"Step 1: Determine what ""WIND"" is in the context of telecommunications. Confidence: 0.8
Step 2: Identify that WIND is an Italian telecommunications company known as WIND Telecomunicazioni. Confidence: 0.7
Step 3: Recognize that Rome-based telecommunications companies would include TIM (Telecom Italia Mobile), which is headquartered in Rome. Confidence: 0.6
Step 4: Recall that TIM is the largest telecommunications company in Italy, likely ahead of WIND in market share or rank. Confidence: 0.6
Final Answer: TIM Confidence: 0.6",TIM,0.12095999999999998,0.0,0,1
556,5abc5ae65542993a06baf8de,"The professional boxer, who held the WBO ligh-middleweight from 2015-2016, has a younger brother who is also a professional boxer; what is this brother's name?",Callum Smith,bridge,easy,"Step 1: The WBO light-middleweight title holder from 2015-2016 was Liam Smith. Confidence: 0.9  
Step 2: Liam Smith has a younger brother who is also a professional boxer, named Callum Smith. Confidence: 0.9  
Final Answer: Callum Smith Confidence: 0.9",Callum Smith,0.7290000000000001,1.0,1,1
557,5a7b244755429931da12c9f4,"Which film starring Bob Hoskins, Christopher Lloyd, and others, spawned a series of short films from 1998 to 1993?",Who Framed Roger Rabbit,bridge,hard,"Step 1: Bob Hoskins and Christopher Lloyd starred together in the 1988 film ""Who Framed Roger Rabbit."" Confidence: 0.9  
Step 2: ""Who Framed Roger Rabbit"" is known for its blend of live-action and animation, featuring various cartoon characters. Confidence: 0.9  
Step 3: The film did not directly spawn a series of short films from 1998 to 1993, as the timeline is backward (1993 to 1998 would make more sense). Confidence: 0.8  
Step 4: However, the film's success led to spin-offs and related media, likely including short films or animated features featuring its characters. Confidence: 0.7  
Final Answer: Who Framed Roger Rabbit Confidence: 0.8",Who Framed Roger Rabbit,0.3628800000000001,1.0,1,1
558,5a865f3b5542991e7718161e,"Who has been in more bands, Eddi Reader or Al Barr?",Alexander Martin Barr,comparison,medium,"Step 1: Identify who Eddi Reader is. She is a Scottish singer known for her work in Fairground Attraction and as a solo artist. Confidence: 0.9  
Step 2: Identify who Al Barr is. He is the lead vocalist of the Dropkick Murphys and was previously in the Bruisers. Confidence: 0.9  
Step 3: Count the bands for Eddi Reader: Fairground Attraction and her solo career can be considered separate from band work. Confidence: 0.8  
Step 4: Count the bands for Al Barr: The Bruisers and Dropkick Murphys. Confidence: 0.9  
Final Answer: Al Barr Confidence: 0.85",Al Barr,0.4957200000000001,0.4,0,1
559,5ab7bce85542993667793ff6,Which of the following is a women's magazine for African American women: Essence or New Zealand Woman's Weekly?,Essence,comparison,medium,"Step 1: Essence is a magazine primarily targeted towards African American women. Confidence: 0.9  
Step 2: New Zealand Woman's Weekly is a magazine focused on women in New Zealand, not specifically African American women. Confidence: 0.95  
Final Answer: Essence Confidence: 0.95",Essence,0.8122499999999999,1.0,1,1
560,5a77b3165542997042120aec,Which video game required Hana Hayes to work with Naughty Dog?,The Last of Us,bridge,medium,"Step 1: Hana Hayes is a voice actress known for her work in video games. Confidence: 0.9
Step 2: Naughty Dog is a game development studio famous for titles like ""The Last of Us"" series. Confidence: 1.0
Step 3: Hana Hayes voiced the character Cassie Drake in ""Uncharted 4: A Thief's End,"" which was developed by Naughty Dog. Confidence: 0.8
Final Answer: Uncharted 4: A Thief's End Confidence: 0.8",Uncharted 4: A Thief's End,0.5760000000000001,0.0,0,0
561,5a804b0a5542995d8a8ddf5b," Karl Templer is creative director of Interview and his work has appeared in publications internationally including Vogue Italia, Vogue Paris, and W, a monthly American fashion magazine published by who?",Condé Nast,bridge,easy,"Step 1: Karl Templer is a creative director whose work has appeared in Vogue Italia, Vogue Paris, and W magazine. Confidence: 1.0  
Step 2: W magazine is a monthly American fashion magazine. Confidence: 1.0  
Step 3: To find out who publishes W magazine, we need to look into its ownership or publishing details. Confidence: 1.0  
Step 4: As of recent information, W magazine is published by Condé Nast. Confidence: 0.9  
Final Answer: Condé Nast Confidence: 0.9",Condé Nast,0.81,1.0,1,1
562,5ade94c2554299728e26c73d,"What is the birthdate of this American actor, film director, producer, screenwriter, and singer, who starred in Nine Lives?","July 26, 1959",bridge,medium,"Step 1: The actor in question is Kevin Spacey, as he starred in the movie ""Nine Lives."" Confidence: 0.9  
Step 2: Kevin Spacey's birthdate is July 26, 1959. Confidence: 0.95  
Final Answer: July 26, 1959 Confidence: 0.95","July 26, 1959",0.8122499999999999,1.0,1,1
563,5abf697f5542997ec76fd3f2,"Are both musicians, Curt Smith and Les Taylor  , from the same country ?",no,comparison,medium,"Step 1: Curt Smith is a musician best known as a member of the band Tears for Fears. Confidence: 0.9
Step 2: Curt Smith is from the UK, as Tears for Fears was formed in Bath, England. Confidence: 0.8
Step 3: Les Taylor is a musician known for his work with the band Orleans. Confidence: 0.7
Step 4: Orleans is an American band, suggesting Les Taylor is from the US. Confidence: 0.7
Final Answer: No Confidence: 0.7",No,0.24695999999999999,1.0,1,1
564,5a72a5d65542992359bc314f,"What is the name of the American Neoclassical new-age music group that released the ""Ambience"" collection in 2001?",Mannheim Steamroller,bridge,medium,"Step 1: The question asks for an American Neoclassical new-age music group. Confidence: 0.9  
Step 2: The group released the ""Ambience"" collection in 2001. Confidence: 0.9  
Step 3: A well-known American neoclassical new-age group around that time is Mannheim Steamroller. Confidence: 0.7  
Step 4: Checking if Mannheim Steamroller released ""Ambience"" in 2001—this seems incorrect; they are more known for Christmas and synth-based works. Confidence: 0.8  
Step 5: Another possibility is the group ""2002,"" known for new-age and ambient music, but they may not fit the ""Neoclassical"" label perfectly. Confidence: 0.6  
Final Answer: 2002 Confidence: 0.6",2002,0.163296,0.0,0,0
565,5addf8035542995b365faba3,"When was the mountain building period, that ended 440 million years ago and affected most of modern-day New England, first described?",described it in the 1950s,bridge,easy,"Step 1: The mountain building period that ended 440 million years ago and affected most of modern-day New England is the Taconic orogeny. Confidence: 0.9  
Step 2: The Taconic orogeny was first described in the 19th century by geologists studying the Appalachian Mountains. Confidence: 0.8  
Step 3: The first scientific description of the Taconic orogeny is attributed to James Dwight Dana in the mid-1800s. Confidence: 0.7  
Final Answer: mid-1800s Confidence: 0.7",mid-1800s,0.3528,0.0,0,0
566,5a87387855429960ec39b768,"What is this important historical, cultural, and economic region of Massachusetts that contains Salem and where Gabriel Frasca cooked at a young age?",North Shore,bridge,medium,"Step 1: The question mentions Salem, Massachusetts, which is a coastal city. Confidence: 0.95
Step 2: Salem is part of the North Shore region of Massachusetts, known for its historical, cultural, and economic significance. Confidence: 0.90
Step 3: Gabriel Frasca is a chef who worked at L'Espalier in Boston but has roots in the North Shore, specifically the area around Salem. Confidence: 0.85
Final Answer: North Shore Confidence: 0.85",North Shore,0.6177374999999999,1.0,1,1
567,5ae1f8aa554299234fd0437a,Which  German professional racing driver won  2007 Masters of Formula 3 ,Nicolas Hülkenberg,bridge,hard,"Step 1: The Masters of Formula 3 is a prestigious Formula 3 race held annually. Confidence: 0.9
Step 2: The 2007 edition of the Masters of Formula 3 took place. Confidence: 0.9
Step 3: The winner of the 2007 Masters of Formula 3 was a German professional racing driver. Confidence: 0.8
Step 4: In 2007, the German driver who won the Masters of Formula 3 was Romain Grosjean. Wait, Romain Grosjean is not German, so this must be incorrect. Confidence: 0.2
Step 5: The correct German driver to win the 2007 Masters of Formula 3 was Nico Hülkenberg. Confidence: 0.7
Final Answer: Nico Hülkenberg Confidence: 0.7",Nico Hülkenberg,0.063504,0.5,0,1
568,5a8e1ad8554299068b959e60,"which magazine is most like Playboy, Woman's Day or Gallery? ",Gallery,comparison,medium,"Step 1: Playboy is a men's magazine known for its adult content and lifestyle articles. Confidence: 1.0
Step 2: Woman's Day is a women's magazine focused on homemaking, recipes, and family life, which is not similar to Playboy. Confidence: 0.9
Step 3: Gallery is a men's magazine featuring adult content and photography, similar to Playboy in style and target audience. Confidence: 0.8
Final Answer: Gallery Confidence: 0.8",Gallery,0.5760000000000001,1.0,1,1
569,5ade1a065542997c77aded44,are Better Homes and Gardens and Al Jamila from different countries?,yes,comparison,medium,"Step 1: Better Homes and Gardens is a lifestyle magazine that originated in the United States. Confidence: 0.8  
Step 2: Al Jamila is a women's magazine published in the United Arab Emirates. Confidence: 0.8  
Final Answer: Yes Confidence: 0.8",Yes,0.5120000000000001,1.0,1,1
570,5ab5eb8e5542997d4ad1f24e,What is the population of the capital city in which Para Wirra Conservation Park is located?,"1,326,354",bridge,medium,"Step 1: Para Wirra Conservation Park is located in South Australia. Confidence: 0.9
Step 2: The capital city of South Australia is Adelaide. Confidence: 1.0
Step 3: The population of Adelaide is approximately 1.3 million. Confidence: 0.8
Final Answer: 1.3 million Confidence: 0.7",1.3 million,0.504,0.0,0,1
571,5adcd75555429947343537ab,"Sir (Ernest) Llewellyn Woodward (1890–1971) was a British historian, and was educated at which British independent private day school for boys, originally located in the City of London, and since 1933 it has been located on 285 acre of grounds at Sandy Lodge in the Three Rivers district of Hertfordshire?",Merchant Taylors' School (MTS),bridge,easy,"Step 1: Sir Ernest Llewellyn Woodward (1890–1971) was a British historian. Confidence: 1.0
Step 2: The school in question is a British independent private day school for boys originally located in the City of London. Confidence: 1.0
Step 3: The school has been located on 285 acres of grounds at Sandy Lodge in the Three Rivers district of Hertfordshire since 1933. Confidence: 1.0
Step 4: These details match the description of Merchant Taylors' School, an elite British private school. Confidence: 0.9
Final Answer: Merchant Taylors' School Confidence: 0.9",Merchant Taylors' School,0.81,0.8571428571428571,0,1
572,5a8008ed5542992e7d278de9,"Which singer has been part of more bands, Richard Ashcroft or James Bourne?",James Elliot Bourne,comparison,medium,"Step 1: Richard Ashcroft is primarily known as the frontman of The Verve, and before that, he was part of a band called The Verve. Confidence: 0.8  
Step 2: James Bourne is known for being a founding member of Busted, and later formed a band called Son of Dork. Confidence: 0.9  
Step 3: James Bourne has also been involved in other projects like McBusted (a collaboration between Busted and McFly). Confidence: 0.7  
Final Answer: James Bourne Confidence: 0.8",James Bourne,0.4032,0.8,0,1
573,5a82c31455429940e5e1a930,Do Abigail Child and Nabil Ayouch both write media?,yes,comparison,medium,"Step 1: Abigail Child is known as a filmmaker and writer, often associated with avant-garde and experimental media. Confidence: 0.8
Step 2: Nabil Ayouch is a Moroccan filmmaker and director, known for his work in cinema and television. Confidence: 0.9
Final Answer: yes Confidence: 0.85",yes,0.6120000000000001,1.0,1,1
574,5a8ba8945542997f31a41d9e,"Mathew Stuart Sinclair (born 9 November 1975) is an Australian-born New Zealand cricketer, he holds the equal world record for the highest Test score (214) by a number three batsman on debut when he opened his international career against West Indies in the 1999, Boxing Day Test match is a cricket Test match held in Melbourne, Victoria in which country?",Australia,bridge,easy,"Step 1: Mathew Stuart Sinclair is an Australian-born New Zealand cricketer. Confidence: 1.0  
Step 2: He played a Test match against West Indies in the 1999 Boxing Day Test match. Confidence: 1.0  
Step 3: The Boxing Day Test match was held in Melbourne, Victoria. Confidence: 1.0  
Step 4: Melbourne is a city in Australia. Confidence: 1.0  
Final Answer: Australia Confidence: 1.0",Australia,1.0,1.0,1,1
575,5a7b508e55429927d897bf84,"Worn throughout the Caribbean region, notably in Cuba and Jamaica as wedding attire, what upper-body form does the guayabera take for men?",bush jacket,bridge,hard,"Step 1: The guayabera is a traditional shirt worn in various Latin American countries. Confidence: 0.9
Step 2: It is particularly popular in Cuba and Jamaica, where it is often worn as formal or wedding attire. Confidence: 0.9
Step 3: The guayabera is characterized by its distinctive design, which includes two or four pockets and vertical pleats. Confidence: 0.8
Step 4: For men, the guayabera is typically a long-sleeved shirt, though short-sleeved versions also exist. Confidence: 0.8
Final Answer: shirt Confidence: 0.8",shirt,0.4147200000000001,0.0,0,1
576,5ab706aa554299110f219a98,In which year was this brand name founded on which Sony Ericsson K608i became available?,2002,bridge,medium,"Step 1: The Sony Ericsson K608i is a phone model released by the joint venture Sony Ericsson. Confidence: 0.9
Step 2: Sony Ericsson was founded in 2001 as a partnership between Sony and Ericsson. Confidence: 0.9
Step 3: The Sony Ericsson K608i was released in 2005. Confidence: 0.8
Final Answer: 2001 Confidence: 0.8",2001,0.5184000000000001,0.0,0,0
577,5abfabb55542994516f454e6,Name an American clothing and accessories retailer that short-lived spinoff Martin+Osa?,American Eagle Outfitters,bridge,medium,"Step 1: Martin+Osa is known to be a short-lived spinoff brand in the retail industry. Confidence: 0.9  
Step 2: Martin+Osa was launched by an established American retailer known for its outdoor and casual wear. Confidence: 0.8  
Step 3: American Eagle Outfitters is a well-known American retailer that fits the description of outdoor and casual wear. Confidence: 0.7  
Final Answer: American Eagle Outfitters Confidence: 0.7",American Eagle Outfitters,0.3528,1.0,1,1
578,5ac0ffec5542996f0d89cc50,"Sammy Hagar and Pierre Bouvier, share which mutual occupations?","singer, songwriter, musician",comparison,easy,"Step 1: Sammy Hagar is a musician and former lead singer of the band Van Halen. Confidence: 0.9
Step 2: Pierre Bouvier is the lead singer of the band Simple Plan. Confidence: 0.9
Step 3: Both Sammy Hagar and Pierre Bouvier are lead singers for bands. Confidence: 0.8
Final Answer: Musician, singer Confidence: 0.8","Musician, singer",0.5184000000000001,0.8,0,1
579,5ae56bf15542993aec5ec1a7,Which Texas city is known for gambling and is home to the Texas Lottery?,Austin,bridge,medium,"Step 1: Identify the main aspect of the question which is a city in Texas known for gambling. Confidence: 1.0
Step 2: Recall that gambling is heavily restricted in Texas, with few exceptions, and lotteries are a common form of legal gambling. Confidence: 0.9
Step 3: Think of major Texas cities that might be associated with gambling; Houston, Dallas, and Austin come to mind but none are specifically known for gambling. Confidence: 0.7
Step 4: Consider the mention of the Texas Lottery, which is a state-wide organization rather than city-specific. Confidence: 0.8
Final Answer: None Confidence: 0.9",None,0.4536,0.0,0,0
580,5a886fdd55429938390d3f5b,Where was Barbarossa Chandelier crowned Holy Roman Emperor?,Aachen,bridge,medium,"Step 1: Barbarossa refers to Frederick I, Holy Roman Emperor, who was nicknamed ""Barbarossa"". Confidence: 0.9  
Step 2: The Holy Roman Emperor was traditionally crowned by the Pope in Rome. Confidence: 0.8  
Step 3: Frederick I Barbarossa was crowned Holy Roman Emperor in 1155. Confidence: 0.85  
Step 4: Historical records indicate that his coronation took place in St. Peter's Basilica. Confidence: 0.75  

Final Answer: Rome Confidence: 0.8",Rome,0.3672000000000001,0.0,0,0
581,5adeb0e955429939a52fe95c,"Liz Rose, is an American country music songwriter best known for her work with Taylor Swift, and  has co-written twenty of Swift's officially-released songs and singles, including which song was written by Swift and Liz Rose and produced by Nathan Chapman, with Swift's aid?",White Horse,bridge,easy,"Step 1: Liz Rose has co-written twenty of Taylor Swift's officially-released songs. Confidence: 0.9  
Step 2: The song in question was written by Taylor Swift and Liz Rose, and produced by Nathan Chapman with Swift's aid. Confidence: 0.85  
Step 3: A well-known song fitting this description is ""Teardrops on My Guitar,"" which was part of Swift's debut album. Confidence: 0.8  
Final Answer: Teardrops on My Guitar Confidence: 0.8",Teardrops on My Guitar,0.4896000000000001,0.0,0,0
582,5a8c517e5542995e66a475b7,"What is the name of the home stadium of this team in the Federal Hockey League, which Adam McKenzie is currently a member of?",Hara Arena,bridge,medium,"To answer this, we need to identify Adam McKenzie's current team in the Federal Hockey League (FHL) and then determine their home stadium. Here's the step-by-step reasoning:

Step 1: The Federal Hockey League (FHL) is a minor professional ice hockey league. Confidence: 0.95  
Step 2: Adam McKenzie is currently a defenseman for the Watertown Wolves in the FHL. Confidence: 0.90  
Step 3: The Watertown Wolves' home stadium is the Watertown Municipal Arena in Watertown, New York. Confidence: 0.85  

Final Answer: Watertown Municipal Arena Confidence: 0.85",Watertown Municipal Arena,0.6177374999999999,0.4,0,0
583,5abdf05d55429933744ab830,What nationality are Ralph Tresvant and Chad Smith?,American,comparison,medium,"Step 1: Ralph Tresvant is a member of the group New Edition, which is an American R&B group. Confidence: 0.9
Step 2: Chad Smith is the drummer for the Red Hot Chili Peppers, an American rock band. Confidence: 0.95
Final Answer: American Confidence: 0.95",American,0.8122499999999999,1.0,1,1
584,5a79253055429907847277cb,"Julien Duvivier and Andrew Adamson, have which occupation in common?",film director,comparison,easy,"Step 1: Julien Duvivier is a French film director. Confidence: 0.9
Step 2: Andrew Adamson is a film director known for works like Shrek and The Chronicles of Narnia. Confidence: 0.9
Final Answer: film director Confidence: 0.9",film director,0.7290000000000001,1.0,1,1
585,5ac0d4d4554299294b21901f,C. Scott Vanderhoef was the running mate of the minority leader who is now part of which New York district?,19 congressional district,bridge,medium,"Step 1: C. Scott Vanderhoef was the running mate of John Faso in the 2006 New York gubernatorial election. Confidence: 0.8
Step 2: John Faso was the minority leader of the New York State Assembly from 1998 to 2002. Confidence: 0.9
Step 3: John Faso is currently a member of the U.S. House of Representatives from New York's 19th congressional district. Confidence: 0.85
Final Answer: 19 Confidence: 0.8",19,0.4896000000000001,0.5,0,1
586,5a8f612b5542992414482a99,"The pop singer in the lead role in ""Tere Bin Laden"" received how many Lux Style Awards?",five,bridge,medium,"Step 1: The movie ""Tere Bin Laden"" is a Bollywood film. Confidence: 0.9
Step 2: The lead actor in ""Tere Bin Laden"" is Ali Zafar. Confidence: 0.8
Step 3: Ali Zafar is a Pakistani pop singer and actor. Confidence: 0.9
Step 4: The Lux Style Awards are a Pakistani awards ceremony. Confidence: 0.8
Step 5: Ali Zafar has won 1 Lux Style Award in his career. Confidence: 0.7
Final Answer: 1 Confidence: 0.7",1,0.254016,0.0,0,0
587,5abe88cd55429976d4830b5a,How much did VMware pay to acquire the Atlanta-based provider of enterprise mobility management software?,$1.54 billion,bridge,medium,"Step 1: VMware acquired AirWatch, an enterprise mobility management software provider based in Atlanta. Confidence: 0.9  
Step 2: The acquisition of AirWatch by VMware was a significant deal in the tech industry. Confidence: 0.8  
Step 3: The VMware-AirWatch acquisition was reported to be worth approximately $1.54 billion. Confidence: 0.7  
Final Answer: $1.54 billion Confidence: 0.7",$1.54 billion,0.3528,1.0,1,1
588,5adc85dc55429947ff173991,"What former Canadian MP and Senator named a community in Saskatchewan after a semi-ruined mid-14th-century fortress, located 5 km east of North Berwick, in East Lothian, Scotland?",James Moffat Douglas,bridge,easy,"Step 1: The semi-ruined mid-14th-century fortress near North Berwick is Tantallon Castle. Confidence: 0.9
Step 2: A community in Saskatchewan named after Tantallon Castle would be called Tantallon. Confidence: 0.8
Step 3: The former Canadian MP and Senator associated with naming the community would likely be from Saskatchewan and have historical ties to the region. Confidence: 0.7
Step 4: One prominent historical figure fitting this description is Senator John Burnham MacLean, who was involved in early Saskatchewan history. Confidence: 0.6
Final Answer: John Burnham MacLean Confidence: 0.5",John Burnham MacLean,0.1512,0.0,0,0
589,5a8d072e554299585d9e3798,Are both the Ariegeois and the German Longhaired Pointer dogs that are breed in Europe?,yes,comparison,medium,"Step 1: The Ariegeois is a breed of dog originating from the Ariège region in France. Confidence: 0.9
Step 2: France is part of Europe. Confidence: 1.0
Step 3: The German Longhaired Pointer is a breed of dog originating from Germany. Confidence: 0.9
Step 4: Germany is part of Europe. Confidence: 1.0
Final Answer: yes Confidence: 0.95",yes,0.7695,1.0,1,1
590,5ac3154e554299741d48a1ba,Which of the owner of Portstewart Football Club is a former Northern Ireland international footballer and manager?,Harry Gregg,bridge,medium,"Step 1: Identify Portstewart Football Club, which is a football club based in Northern Ireland. Confidence: 0.9  
Step 2: Research notable former Northern Ireland international footballers and managers who could be associated with Portstewart FC. Confidence: 0.8  
Step 3: Verify if any of these individuals have ownership ties to Portstewart FC, such as Sammy McIlroy, a prominent Northern Ireland international and former manager. Confidence: 0.7  
Final Answer: Sammy McIlroy Confidence: 0.7",Sammy McIlroy,0.3528,0.0,0,0
591,5a883c8a5542994846c1ce52,When did the location of The 2016 iHeartRadio Music Award open?,"December 30, 1967",bridge,medium,"Step 1: The iHeartRadio Music Awards is an annual awards show that honors music artists. Confidence: 0.9  
Step 2: The 2016 iHeartRadio Music Awards took place in a specific venue. Confidence: 0.95  
Step 3: The venue for the 2016 iHeartRadio Music Awards was The Forum in Inglewood, California. Confidence: 0.85  
Step 4: The Forum opened on December 30, 1967. Confidence: 0.9  
Final Answer: December 30, 1967 Confidence: 0.85","December 30, 1967",0.5559637500000001,1.0,1,1
592,5abc709f55429959677d6aba,Which has more acts Faust or Die schweigsame Frau?,Faust,comparison,medium,"Step 1: Identify the composers of the two works. Confidence: 0.9
Step 2: Faust is an opera by Charles Gounod. Confidence: 0.8
Step 3: Die schweigsame Frau is an opera by Richard Strauss. Confidence: 0.8
Step 4: Gounod's Faust has five acts. Confidence: 0.7
Step 5: Strauss's Die schweigsame Frau has three acts. Confidence: 0.7
Final Answer: Faust Confidence: 0.7",Faust,0.197568,1.0,1,1
593,5a89d8ab554299669944a5c5,"What is a 1986 Argentine drama-science fiction film written and directed by Eliseo Subiela, that has uncredited adaptations made from it to  a 2001 American science fiction-mystery film based on Gene Brewer's 1995 novel ?",Man Facing Southeast,bridge,easy,"Step 1: Identify the 1986 Argentine drama-science fiction film written and directed by Eliseo Subiela. Confidence: 0.9  
Step 2: The film is ""Hombre mirando al sudeste"" (Man Facing Southeast). Confidence: 0.9  
Step 3: Identify the 2001 American science fiction-mystery film based on Gene Brewer's 1995 novel. Confidence: 0.8  
Step 4: The 2001 film is ""K-PAX"", which shares thematic similarities with ""Hombre mirando al sudeste"". Confidence: 0.8  
Final Answer: Hombre mirando al sudeste Confidence: 0.8",Hombre mirando al sudeste,0.4147200000000001,0.0,0,1
594,5a7e35295542997cc2c47533,"Two-man bobsleigh at the 1964 Winter Olympics took place on 31 January and 1 February at Bob und Rodelbahn Igls, Innsbruck, Austria, Innsbruck is the capital city of which city, in western Austria?",Tyrol,bridge,easy,"Step 1: The question asks about the capital city of a region in western Austria where Innsbruck is located. Confidence: 0.9
Step 2: Innsbruck is the capital of the Austrian state of Tyrol. Confidence: 1.0
Final Answer: Tyrol Confidence: 1.0",Tyrol,0.9,1.0,1,1
595,5a774fb15542994aec3b7286,Which John Hughes' movie features Aleksander Krupa?,Home Alone 3,bridge,medium,"Step 1: Aleksander Krupa is a Polish actor known for his roles in American films. Confidence: 0.9
Step 2: John Hughes is a famous director known for movies like ""The Breakfast Club"" and ""Home Alone."" Confidence: 0.95
Step 3: Looking at John Hughes' filmography, Aleksander Krupa appeared in the movie ""The Package."" Confidence: 0.8
Final Answer: The Package Confidence: 0.8",The Package,0.5472,0.0,0,0
596,5ac07059554299294b218fdd,Are Patrick Tam and Wang Xiaoshuai both film directors?,yes,comparison,medium,"Step 1: Patrick Tam is a Hong Kong film director known for works like ""After This Our Exile."" Confidence: 0.9  
Step 2: Wang Xiaoshuai is a Chinese film director known for films like ""Beijing Bicycle."" Confidence: 0.9  
Final Answer: yes Confidence: 0.85",yes,0.6885,1.0,1,1
597,5ae14b6855429920d52343ac,"What is the name of this air arm of the Indian armed forces, in which MP Anil Kumar was a MiG 21 pilot?",Indian Air Force,bridge,medium,"Step 1: The question refers to the air arm of the Indian armed forces, which is one of the three branches of the Indian military. Confidence: 1.0
Step 2: The air arm of the Indian armed forces is commonly known as the Indian Air Force (IAF). Confidence: 1.0
Step 3: MP Anil Kumar served as a MiG-21 pilot, which is a fighter aircraft used by the Indian Air Force. Confidence: 0.9
Final Answer: Indian Air Force Confidence: 0.95",Indian Air Force,0.855,1.0,1,1
598,5a8cb6e0554299653c1aa0f7,What is the nationality of the athlete who created Go Dad Run ?,Welsh,bridge,medium,"Step 1: ""Go Dad Run"" is likely an event or organization created by an athlete. Confidence: 0.7  
Step 2: The creator of ""Go Dad Run"" is Matthew McConaughey, a well-known actor and public figure. Confidence: 0.9  
Step 3: Matthew McConaughey is American by nationality. Confidence: 1.0  
Final Answer: American Confidence: 0.9",American,0.5670000000000001,0.0,0,0
599,5a74d96f5542996c70cfae12,"Which Icelandic TV cast performed on the album ""Nick Holiday""?",LazyTown,bridge,medium,"Step 1: The album ""Nick Holiday"" is associated with the band Nick Holiday. Confidence: 0.8
Step 2: Nick Holiday is a fictional band created for the Icelandic TV show ""Áramótaskaupið."" Confidence: 0.7
Step 3: The cast of ""Áramótaskaupið"" performed as Nick Holiday for the album. Confidence: 0.6
Final Answer: Áramótaskaupið Confidence: 0.6",Áramótaskaupið,0.20159999999999997,0.0,0,0
600,5ae4056d55429970de88d859,Punta Gorda Airport offers numerous flights from the company that has headquarters in what city?,"Summerlin, Nevada",bridge,medium,"Step 1: Punta Gorda Airport is located in Florida, USA. Confidence: 0.9
Step 2: Punta Gorda Airport is known for being a hub for low-cost airlines. Confidence: 0.8
Step 3: A major low-cost airline that operates numerous flights from Punta Gorda Airport is Allegiant Air. Confidence: 0.7
Step 4: Allegiant Air's headquarters are located in Las Vegas, Nevada. Confidence: 0.8
Final Answer: Las Vegas Confidence: 0.7",Las Vegas,0.28224,0.0,0,1
601,5adc4a0555429944faac24c6,"Haruo Nakajima, was a Japanese actor, best known for portraying who, in twelve consecutive films, starting from the original ""Godzilla"" (1954) until ""Godzilla vs. Gigan"" (1972)?",Godzilla,bridge,easy,"Step 1: Haruo Nakajima is a Japanese actor known for his work in Godzilla films. Confidence: 1.0
Step 2: The question specifies he portrayed a character in 12 consecutive Godzilla films. Confidence: 1.0
Step 3: The character he portrayed is likely the main monster in the Godzilla series. Confidence: 0.9
Final Answer: Godzilla Confidence: 0.95",Godzilla,0.855,1.0,1,1
602,5ab6321e55429953192ad295,"Stratton is a brand of powder compacts, lipstick holders and other devices and containers for cosmetics, made in a city that had a population of how many in 2014 ?","1,101,360",bridge,medium,"Step 1: Stratton is a British brand known for producing vintage compacts and cosmetic cases. Confidence: 0.9  
Step 2: The brand is associated with Birmingham, UK, which was a major manufacturing hub for such items. Confidence: 0.8  
Step 3: In 2014, Birmingham's population was approximately 1.1 million. Confidence: 0.7  
Final Answer: 1.1 million Confidence: 0.7",1.1 million,0.3528,0.0,0,1
603,5ab55ca55542992aa134a2c9, Krusty Gets Busted revolves around the heist of what marketplace?,Kwik-E-Mart,bridge,medium,"Step 1: ""Krusty Gets Busted"" is an episode from The Simpsons. Confidence: 1.0  
Step 2: In this episode, Krusty the Clown is framed for robbing a store. Confidence: 0.9  
Step 3: The store that is robbed is the Kwik-E-Mart, a convenience store in the show. Confidence: 0.8  
Final Answer: Kwik-E-Mart Confidence: 0.8",Kwik-E-Mart,0.5760000000000001,1.0,1,1
604,5a7f68d95542992097ad2f57,What is the name of the field located at the University of Oklahoma where Bob Stoops coached the university football team?,Owen Field,bridge,medium,"Step 1: Bob Stoops was the head football coach at the University of Oklahoma. Confidence: 0.95
Step 2: The University of Oklahoma's football team plays its home games at a specific stadium. Confidence: 0.90
Step 3: The stadium where the University of Oklahoma football team plays is called Gaylord Family Oklahoma Memorial Stadium. Confidence: 0.85
Final Answer: Gaylord Family Oklahoma Memorial Stadium Confidence: 0.85",Gaylord Family Oklahoma Memorial Stadium,0.6177374999999999,0.0,0,1
605,5a7a02c45542990198eaf040,What  American young earth creationist and geophysicist was on  a research project conducted by the Creation Research Society and the Institute for Creation Research between 1997 and 2005?,John R. Baumgardner,bridge,easy,"Step 1: The question is asking about an American young earth creationist and geophysicist. Confidence: 1.0
Step 2: The individual was involved in a research project conducted by the Creation Research Society and the Institute for Creation Research. Confidence: 1.0
Step 3: The research project occurred between 1997 and 2005. Confidence: 1.0
Step 4: The most prominent young earth creationist geophysicist associated with these organizations during that time period is John Baumgardner. Confidence: 0.9
Final Answer: John Baumgardner Confidence: 0.9",John Baumgardner,0.81,0.8,0,1
606,5ae1f09a554299234fd04344,"Who has had a solo singing career, Ryan McCombs or Toshimitsu Deyama?",Toshimitsu Deyama,comparison,hard,"Step 1: Ryan McCombs is the lead vocalist of the bands Soil and Drowning Pool. Confidence: 0.9  
Step 2: Toshimitsu Deyama is better known by his stage name Hyde, who is the lead vocalist of the Japanese rock band L'Arc-en-Ciel and has also had a solo career. Confidence: 0.9  
Final Answer: Toshimitsu Deyama Confidence: 0.9",Toshimitsu Deyama,0.7290000000000001,1.0,1,1
607,5abb709d5542992ccd8e7f44,The school represented by the Tampa Spartans in the 1970 college football season offers how many master's degrees?,13,bridge,medium,"Step 1: Identify the school represented by the Tampa Spartans in the 1970 college football season. Confidence: 0.8  
Step 2: The Tampa Spartans were the athletic team name for the University of Tampa during that time. Confidence: 0.9  
Step 3: Research or recall the number of master's degrees offered by the University of Tampa. Confidence: 0.7  
Step 4: The University of Tampa currently offers around 30 master's degrees, but the number in 1970 would be lower. Confidence: 0.6  
Final Answer: 15 Confidence: 0.5",15,0.1512,0.0,0,0
608,5ae72cc75542991e8301cb94,Pabst Brewing Company is the holding company for the defunct Pacific Northwest company that was based in what city?,"Seattle, Washington",bridge,hard,"Step 1: The Pabst Brewing Company is known for its brands like Pabst Blue Ribbon. Confidence: 0.9  
Step 2: Pabst Brewing Company has acquired several other breweries over its history. Confidence: 0.8  
Step 3: The Pacific Northwest company in question is likely Olympia Brewing Company. Confidence: 0.7  
Step 4: Olympia Brewing Company was based in Tumwater, Washington. Confidence: 0.8  
Final Answer: Tumwater Confidence: 0.7",Tumwater,0.28224,0.0,0,0
609,5a77c7e75542992a6e59dfc8,"Where was the sport invented in 1891 by a Canadian-American physical educator, physician, chaplain, sports coach and innovator?","Springfield, Massachusetts",bridge,medium,"Step 1: The sport in question is likely basketball, as it was invented in 1891 by James Naismith, a Canadian-American physical educator and innovator. Confidence: 0.9
Step 2: James Naismith invented basketball while working at the International YMCA Training School in Springfield, Massachusetts. Confidence: 0.9
Final Answer: Springfield, Massachusetts Confidence: 0.85","Springfield, Massachusetts",0.6885,1.0,1,1
610,5ae39bc15542991a06ce99f8,Who invented the cipher machine of which Typex was an adaptation ? ,Arthur Scherbius,bridge,medium,"Step 1: Typex is a British cipher machine used during World War II. Confidence: 0.9  
Step 2: Typex was based on the design of the German Enigma machine. Confidence: 0.8  
Step 3: The Enigma machine was invented by Arthur Scherbius. Confidence: 0.85  
Final Answer: Arthur Scherbius Confidence: 0.7",Arthur Scherbius,0.42840000000000006,1.0,1,1
611,5ae32f1455429928c4239657,Are Fairbanks International Airport and Deadhorse Airport both located on the North Slope of Alaska?,no,comparison,medium,"Step 1: Fairbanks International Airport is located in Fairbanks, Alaska. Confidence: 0.9
Step 2: Fairbanks is located in the interior of Alaska, not on the North Slope. Confidence: 0.8
Step 3: Deadhorse Airport is located near Prudhoe Bay on the North Slope of Alaska. Confidence: 0.9
Final Answer: No Confidence: 0.8",No,0.5184000000000001,1.0,1,1
612,5abf07b05542993fe9a41dc4,"James Shomate was particularly known for his work for which American operatic mezzo-soprano born June 11, 1913?",Risë Stevens,bridge,medium,"Step 1: The question asks about an American operatic mezzo-soprano born on June 11, 1913. Confidence: 1.0
Step 2: A famous American operatic mezzo-soprano born on June 11, 1913, is Risë Stevens. Confidence: 0.9
Step 3: James Shomate was a renowned costume designer known for his work in opera and theater. Confidence: 0.8
Step 4: James Shomate designed costumes for Risë Stevens during her career. Confidence: 0.7
Final Answer: Risë Stevens Confidence: 0.8",Risë Stevens,0.4032,1.0,1,1
613,5ab7b85d55429928e1fe38a1,Odd Future is a collective that was on a television show in what genre,sketch comedy,bridge,hard,"Step 1: Odd Future is a music collective primarily known for their hip-hop and alternative music. Confidence: 0.9  
Step 2: Television shows featuring music collectives often fall into genres like music-related shows, talk shows, or animated series. Confidence: 0.8  
Step 3: Odd Future appeared in ""Loiter Squad,"" which is a sketch comedy show. Confidence: 0.9  
Final Answer: sketch comedy Confidence: 0.85",sketch comedy,0.5508000000000001,1.0,1,1
614,5a8cc8c9554299441c6b9efd,"The director of ""The Office"" episode ""Test the Store"" worked as an executive producer for what series?","""King of the Hill""",bridge,medium,"Step 1: First, I need to identify the director of ""The Office"" episode ""Test the Store."" Confidence: 0.9
Step 2: After some research, I recall that Ken Whittingham directed ""Test the Store."" Confidence: 0.8
Step 3: Next, I need to find out what series Ken Whittingham worked on as an executive producer. Confidence: 0.9
Step 4: Ken Whittingham was an executive producer for the series ""Unbreakable."" Confidence: 0.7
Final Answer: Unbreakable Confidence: 0.7",Unbreakable,0.31752,0.0,0,0
615,5ae17b9c55429901ffe4ae9d,What quantum physicist was featured in both Dalai Lama Awakening and  What the Bleep Do We Know!?,Amit Goswami,bridge,hard,"Step 1: The movies ""Dalai Lama Awakening"" and ""What the Bleep Do We Know!?"" feature discussions on quantum physics and spirituality. Confidence: 0.9  
Step 2: A well-known quantum physicist who often bridges science and spirituality is Dr. Fred Alan Wolf. Confidence: 0.8  
Step 3: Dr. Fred Alan Wolf has appeared in multiple documentaries blending physics and consciousness. Confidence: 0.7  
Final Answer: Fred Alan Wolf Confidence: 0.7",Fred Alan Wolf,0.3528,0.0,0,0
616,5a7cadfe5542996dd594b981,What was the birthdate of the composer who worked on A Bayou Legend with William Grant Still?,"February 16, 1910",bridge,medium,"Step 1: William Grant Still was an American composer known for his collaboration with other artists. Confidence: 0.9  
Step 2: ""A Bayou Legend"" is an opera composed by William Grant Still. Confidence: 0.8  
Step 3: The question is asking for the birthdate of a composer who collaborated with Still on ""A Bayou Legend."" Confidence: 0.7  
Step 4: William Grant Still primarily composed ""A Bayou Legend"" himself, with no notable co-composers. Confidence: 0.6  
Final Answer: [No co-composer found; likely Still himself, born May 11, 1895] Confidence: 0.5","[No co-composer found; likely Still himself, born May 11, 1895]",0.1512,0.0,0,0
617,5abfbb6c5542990832d3a1d5,"which game played on January 1, 2007 did 2006 Boise State Broncos football team faced Oklahoma",The 2007 Tostitos,bridge,hard,"Step 1: The 2006 Boise State Broncos football team played in the 2007 Fiesta Bowl. Confidence: 0.9  
Step 2: The 2007 Fiesta Bowl was played on January 1, 2007. Confidence: 0.9  
Step 3: The opponent for Boise State in the 2007 Fiesta Bowl was the Oklahoma Sooners. Confidence: 0.9  
Final Answer: Fiesta Bowl Confidence: 0.9",Fiesta Bowl,0.6561000000000001,0.0,0,1
618,5ac287aa55429963665199fb,"Who co-hosts a radio show on the KIIS Network with a radio announcer for the programme ""Breakfasters""?",Dave Hughes,bridge,medium,"Step 1: The KIIS Network is a popular radio network in Australia. Confidence: 0.9
Step 2: ""Breakfasters"" is a well-known breakfast radio show hosted by Jase & PJ. Confidence: 0.8
Step 3: One of the co-hosts, Jase Hawkins, is known for his work on the KIIS Network. Confidence: 0.8
Step 4: The other co-host is PJ Harding, who also co-hosts with Jase on ""Breakfasters"". Confidence: 0.8
Final Answer: PJ Harding Confidence: 0.7",PJ Harding,0.32256000000000007,0.0,0,0
619,5a8a5acf55429970aeb702b0,"Austin Sowell plays a character in ""Bridge of Spies"" who was shot down in the airspace of what country?",Soviet Union,bridge,medium,"Step 1: Austin Sowell plays the role of Francis Gary Powers in ""Bridge of Spies."" Confidence: 0.9
Step 2: Francis Gary Powers was a U-2 spy plane pilot who was shot down during a reconnaissance mission. Confidence: 0.95
Step 3: The U-2 incident involving Francis Gary Powers occurred in the airspace of the Soviet Union. Confidence: 0.98
Final Answer: Soviet Union Confidence: 0.95",Soviet Union,0.796005,1.0,1,1
620,5a8607aa55429960ec39b60a,Glyn Chamberlain last position was caretaker manager of a football club that plays in what league?,National League,bridge,medium,"Step 1: Glyn Chamberlain was the caretaker manager of Notts County. Confidence: 0.8  
Step 2: Notts County is an English football club. Confidence: 0.9  
Step 3: As of recent information, Notts County plays in the English Football League (EFL) League Two. Confidence: 0.8  

Final Answer: EFL League Two Confidence: 0.8",EFL League Two,0.4608000000000001,0.4,0,0
621,5a8712b755429960ec39b726,"After which world event, did retail establishments in the U.S. began to pursue a high-volume, low-profit-margin strategy in a type of store that sells products at prices that are lower than the typical market value and for example sells Scotsmac, an alcoholic drink consisting of a blend of wine and whisky flavouring, in 700ml bottles?",World War II,bridge,medium,"Step 1: The question refers to a type of store that sells products at lower than typical market value, which suggests discount stores or big-box retailers. Confidence: 0.9
Step 2: The mention of Scotsmac, an alcoholic drink, suggests the store likely sells a variety of goods, including alcohol, pointing to a general merchandise retailer like Walmart or similar. Confidence: 0.8
Step 3: The high-volume, low-profit-margin strategy became prominent after the post-World War II economic boom, when large retail chains expanded. Confidence: 0.7
Step 4: The specific mention of Scotsmac in 700ml bottles aligns with the rise of discount stores in the 1960s and 1970s, when such strategies became widespread. Confidence: 0.6
Final Answer: World War II Confidence: 0.6",World War II,0.18144,1.0,1,1
622,5a891a6f55429951533612c3,"What other film, beside the American neo-noir dystopian science fiction action film directed by Alex Proyas was considered a blockbuster in 2004?",Ocean's Twelve,bridge,easy,"Step 1: The American neo-noir dystopian science fiction action film directed by Alex Proyas in 2004 is ""I, Robot."" Confidence: 0.95
Step 2: In 2004, other blockbuster films included ""Spider-Man 2,"" ""Shrek 2,"" and ""Harry Potter and the Prisoner of Azkaban."" Confidence: 0.90
Final Answer: Spider-Man 2 Confidence: 0.85",Spider-Man 2,0.72675,0.0,0,0
623,5a90212155429916514e741b,Are Hegang and Weihai in the same country?,yes,comparison,medium,"Step 1: Hegang is a city in Heilongjiang Province, China. Confidence: 0.9
Step 2: Weihai is a city in Shandong Province, China. Confidence: 0.9
Final Answer: Yes Confidence: 0.9",Yes,0.7290000000000001,1.0,1,1
624,5a7708d25542993569682ca7,What show produced under Guroudev Bhalla production house stars actor Ritvik Arora?,Tu Aashiqui,bridge,hard,"Step 1: Guroudev Bhalla is known for producing Indian television shows. Confidence: 0.8  
Step 2: Ritvik Arora is an Indian television actor. Confidence: 0.9  
Step 3: Combining the producer and actor, one of the shows that fits is ""Ishq Mein Ghayal."" Confidence: 0.7  
Final Answer: Ishq Mein Ghayal Confidence: 0.7",Ishq Mein Ghayal,0.3528,0.0,0,0
625,5ab8030e55429936677940a2,"Rashtriya Swayamsevak Sangh, abbreviated as RSS, is an Indian right-wing, Hindu nationalist, paramilitary volunteer organisation that is widely regarded as the parent organisation of which ruling party of India, and is one of the two major political parties in India, along with the Indian National Congress?",Bharatiya Janata Party,bridge,easy,"Step 1: The Rashtriya Swayamsevak Sangh (RSS) is a Hindu nationalist organization in India. Confidence: 0.9  
Step 2: The RSS is known to have close ideological and organizational ties with certain political parties in India. Confidence: 0.8  
Step 3: The BJP (Bharatiya Janata Party) is one of the two major political parties in India, along with the Indian National Congress. Confidence: 0.9  
Step 4: The BJP is widely regarded as the political arm of the RSS. Confidence: 0.8  
Final Answer: BJP Confidence: 0.8",BJP,0.4147200000000001,0.0,0,1
626,5a7a688b5542990783324f43,The Arnold Air Force Base was named for a man who died in what year?,1950,bridge,medium,"Step 1: Arnold Air Force Base is named after General Henry ""Hap"" Arnold. Confidence: 0.9
Step 2: General Henry ""Hap"" Arnold died in 1950. Confidence: 0.9
Final Answer: 1950 Confidence: 0.9",1950,0.7290000000000001,1.0,1,1
627,5ab29216554299545a2cf98d,When did the artist who released Truth Serum form Tremblebee?,2006,bridge,medium,"Step 1: The artist who released ""Truth Serum"" is Troye Sivan. Confidence: 0.9
Step 2: Troye Sivan formed Tremblebee as a side project. Confidence: 0.7
Step 3: Tremblebee was formed in 2014. Confidence: 0.6
Final Answer: 2014 Confidence: 0.6",2014,0.2268,0.0,0,0
628,5a73301e55429901807dafad,Pixie Geldof's mother died of what cause?,a heroin overdose,bridge,medium,"Step 1: Pixie Geldof is the daughter of Bob Geldof and Paula Yates. Confidence: 0.9
Step 2: Paula Yates died from a heroin overdose. Confidence: 0.8
Final Answer: heroin overdose Confidence: 0.8",heroin overdose,0.5760000000000001,1.0,1,1
629,5a77650c55429972597f151b,"What funk song, recorded by a man often referred to as the ""Godfather of Soul"" , was released as a two-part single?",I Don't Want Nobody to Give Me Nothing,bridge,easy,"Step 1: The ""Godfather of Soul"" is a nickname for James Brown. Confidence: 0.9  
Step 2: James Brown recorded many funk songs, but one of his most famous is ""Papa's Got a Brand New Bag."" Confidence: 0.8  
Step 3: ""Papa's Got a Brand New Bag"" was released as a two-part single in 1965. Confidence: 0.7  
Final Answer: Papa's Got a Brand New Bag Confidence: 0.7",Papa's Got a Brand New Bag,0.3528,0.0,0,0
630,5a85a79f5542997175ce1fea,What genre was the 1940 film starring an American film actor known for portaying the cowboy hero Hopalong Cassidy?,Western,bridge,easy,"Step 1: The film actor known for portraying the cowboy hero Hopalong Cassidy is William Boyd. Confidence: 0.9  
Step 2: William Boyd starred in many Western films, including those featuring Hopalong Cassidy. Confidence: 0.9  
Step 3: The 1940 film starring William Boyd would likely be a Western, given his association with the genre. Confidence: 0.8  
Final Answer: Western Confidence: 0.8",Western,0.5184000000000001,1.0,1,1
631,5ab3a438554299233954ff6f,Diane Michelle voiced Daisy Duck in the 1999 Christmas anthology film produced by Walt Disney Home Video that won what award at the 5th Kecskemét Animation Film Festival in 1999?,Award for Best Animated Feature Film,bridge,easy,"Step 1: The 1999 Christmas anthology film produced by Walt Disney Home Video is ""Mickey's Once Upon a Christmas."" Confidence: 0.9
Step 2: Diane Michelle did indeed voice Daisy Duck in ""Mickey's Once Upon a Christmas."" Confidence: 0.8
Step 3: The 5th Kecskemét Animation Film Festival in 1999 awarded ""Mickey's Once Upon a Christmas"" the ""Best TV Production"" award. Confidence: 0.7
Final Answer: Best TV Production Confidence: 0.7",Best TV Production,0.3528,0.2222222222222222,0,0
632,5a77d0be5542995d831812f4,"The 2000 Motor City Bowl was a National Collegiate Athletic Association bowl game, it was played on December 27, 2000 at which stadium in Pontiac, Michigan, United States?",Pontiac Silverdome,bridge,easy,"Step 1: The 2000 Motor City Bowl is an NCAA college football bowl game. Confidence: 0.9  
Step 2: The game was played on December 27, 2000 in Pontiac, Michigan. Confidence: 0.9  
Step 3: Pontiac, Michigan is known for hosting major sporting events in the Pontiac Silverdome. Confidence: 0.8  
Final Answer: Pontiac Silverdome Confidence: 0.8",Pontiac Silverdome,0.5184000000000001,1.0,1,1
633,5a7d85c25542997cc2c4745a,What were the occupations of Mario Vargas Llosa and William March?,writer,comparison,medium,"Step 1: Mario Vargas Llosa is a well-known Peruvian writer and Nobel Prize laureate in Literature. Confidence: 0.95
Step 2: William March is less famous, but he is recognized as an American author, best known for his novel ""The Bad Seed."" Confidence: 0.85
Final Answer: Writer, writer Confidence: 0.85","Writer, writer",0.686375,0.6666666666666666,0,1
634,5ac10599554299294b21906f,Which team did the second-most successful Indian pace bowler in Test cricket play?,Baroda,bridge,medium,"Step 1: Identify the most successful Indian pace bowler in Test cricket. This is likely to be Kapil Dev, who has the most wickets among Indian pace bowlers. Confidence: 0.9  
Step 2: The second-most successful Indian pace bowler in Test cricket is likely to be Javagal Srinath, who has the second-highest wicket tally among Indian pacers. Confidence: 0.8  
Step 3: Javagal Srinath played for the Indian national cricket team throughout his international career. Confidence: 0.95  
Step 4: If referring to domestic or franchise teams, Srinath notably played for Karnataka in domestic cricket and represented teams like Leicestershire in county cricket. Confidence: 0.7  
Final Answer: Karnataka Confidence: 0.7",Karnataka,0.33515999999999996,0.0,0,0
635,5a7bbd06554299042af8f7d1,"What tour was Paul McCartney's first live performance since The Beatles 1966 US tour when the tour was plagued with backlash regarding the controversy of John Lennon's remark about the band being ""more popular than Jesus"", death threats, and the band's own dissatisfaction with the noise levels and their ability to perform live?",Wings Over the World tour,bridge,easy,"Step 1: Paul McCartney's first live performance since The Beatles' 1966 US tour would be after The Beatles officially disbanded in 1970. Confidence: 0.9  
Step 2: After The Beatles, McCartney formed the band Wings in 1971. Confidence: 0.9  
Step 3: Wings' first major tour was the ""Wings Over the World Tour"" in 1975-1976. Confidence: 0.8  
Step 4: Given the timeframe and context, this is likely the tour in question. Confidence: 0.7  
Final Answer: Wings Over the World Tour Confidence: 0.7",Wings Over the World Tour,0.31752,1.0,1,1
636,5a8b8dec55429949d91db5df,What country is both Foreign Affairs and Sojourners published in?,U.S.,comparison,hard,"Step 1: Foreign Affairs is a well-known American magazine focusing on international relations and foreign policy. Confidence: 0.9  
Step 2: Sojourners is a progressive Christian magazine also based in the United States, focusing on social justice issues. Confidence: 0.8  
Step 3: Both magazines are published in the same country, based on their origins and primary audiences. Confidence: 0.9  
Final Answer: United States Confidence: 0.85",United States,0.5508000000000001,0.0,0,1
637,5addca545542997dc790702b,What part did Rolls-Royce Holdings make for Sea Jet?,an underwater discharge water jet,bridge,easy,"Step 1: Rolls-Royce Holdings is a British multinational engineering company known for its aerospace, defense, and marine systems. Confidence: 0.9  
Step 2: Sea Jet is a high-speed ferry service, which suggests it would use marine propulsion systems. Confidence: 0.8  
Step 3: Rolls-Royce Holdings manufactures marine propulsion systems, including water jets and gas turbines, which are commonly used in high-speed ferries. Confidence: 0.85  
Final Answer: water jets Confidence: 0.8",water jets,0.4896000000000001,0.3333333333333333,0,1
638,5a7397c755429908901be306,"What company headquartered in Hsinchu, Taiwan manufactures processors for the Asus ZenFone series?",MediaTek,bridge,medium,"Step 1: The Asus ZenFone series uses processors from various manufacturers. Confidence: 0.9
Step 2: Qualcomm and MediaTek are common processor suppliers for smartphones, including Asus ZenFone. Confidence: 0.8
Step 3: MediaTek is headquartered in Hsinchu, Taiwan. Confidence: 0.95
Step 4: Qualcomm is headquartered in San Diego, USA, not Taiwan. Confidence: 0.9
Final Answer: MediaTek Confidence: 0.85",MediaTek,0.5232600000000001,1.0,1,1
639,5ae524725542993aec5ec15a,The 2001 Webby Awards were held an an opera house located across from the rear facade of what government building?,City Hall,bridge,medium,"Step 1: The Webby Awards are often held in San Francisco. Confidence: 0.8
Step 2: A notable opera house in San Francisco is the War Memorial Opera House. Confidence: 0.9
Step 3: The War Memorial Opera House is located in the Civic Center area of San Francisco. Confidence: 0.85
Step 4: A prominent government building in the Civic Center area is San Francisco City Hall. Confidence: 0.9
Step 5: The rear facade of San Francisco City Hall faces the War Memorial Opera House. Confidence: 0.8

Final Answer: San Francisco City Hall Confidence: 0.8",San Francisco City Hall,0.3525120000000001,0.6666666666666666,0,1
640,5ac2b35a5542996773102619,"Neal Stephenson and David McCullough had similar professions, but one received a prestigious award called what?",Presidential Medal of Freedom,comparison,medium,"Step 1: Neal Stephenson is a science fiction writer known for works like ""Snow Crash"" and ""Cryptonomicon."" Confidence: 0.9  
Step 2: David McCullough was a historian and author, famous for biographies like ""John Adams"" and ""Truman."" Confidence: 0.9  
Step 3: Both Neal Stephenson and David McCullough are authors, so their similar profession is writing. Confidence: 0.8  
Step 4: David McCullough received prestigious awards such as the Pulitzer Prize and the National Book Award. Confidence: 0.9  
Final Answer: Pulitzer Prize Confidence: 0.8",Pulitzer Prize,0.46656000000000014,0.0,0,0
641,5ac1ab265542994ab5c67dc6,The founder of Long View Farm Studios was a professor at a school located adjacent to what park?,University Park,bridge,medium,"Step 1: I need to identify the founder of Long View Farm Studios. Confidence: 0.7
Step 2: A quick search suggests that Jeffrey Baxter, a musician and producer, was involved with Long View Farm Studios. Confidence: 0.6
Step 3: Jeffrey Baxter was also a professor at Berklee College of Music. Confidence: 0.8
Step 4: Berklee College of Music is located in Boston, Massachusetts. Confidence: 0.9
Step 5: A notable park adjacent to Berklee College of Music is the Boston Common. Confidence: 0.7
Final Answer: Boston Common Confidence: 0.6",Boston Common,0.12700799999999998,0.0,0,0
642,5ac526f855429924173fb614,Jimmy Bennett is known for a role in what 2005 American action thriller that was produced by and starred Bruce Willis?,Hostage,bridge,medium,"Step 1: Jimmy Bennett is a child actor who appeared in several films. Confidence: 0.9
Step 2: Bruce Willis starred in and produced the 2005 action thriller ""Hostage."" Confidence: 0.8
Step 3: Jimmy Bennett played a significant role in ""Hostage"" as the kidnapped boy. Confidence: 0.7
Final Answer: Hostage Confidence: 0.7",Hostage,0.3528,1.0,1,1
643,5a778bc55542995d831811b6,When did the head of government of Albania officially mandate his 9th Cabinet?,September 2017,bridge,medium,"Step 1: The current head of government of Albania is Edi Rama. Confidence: 0.9  
Step 2: Edi Rama has been in office since 2013. Confidence: 0.9  
Step 3: Edi Rama has formed multiple cabinets during his tenure. Confidence: 0.8  
Step 4: The 9th Cabinet of Edi Rama was officially mandated in September 2021. Confidence: 0.7  
Final Answer: September 2021 Confidence: 0.7",September 2021,0.31752,0.5,0,0
644,5a8b88f85542997f31a41d66,How many seasons did the namesake of the River East Royal Knights' home stadium play?,21 seasons,bridge,medium,"Step 1: Identify the River East Royal Knights as a Japanese baseball team, likely from the NPB (Nippon Professional Baseball). Confidence: 0.7  
Step 2: The team's home stadium is Koshien Stadium, named after the Koshien tournament, not a person. Confidence: 0.8  
Step 3: The namesake of Koshien is likely not a player but the tournament or location itself, so no seasons played. Confidence: 0.6  
Final Answer: 0 Confidence: 0.7",0,0.23519999999999996,0.0,0,0
645,5ae1eaa05542997283cd22e1,Mayhem's lineup changed because of the murder of which founder of the early Norwegian black metal scene?,Øystein Aarseth,bridge,hard,"Step 1: Mayhem is a Norwegian black metal band known for its influential role in the early Norwegian black metal scene. Confidence: 0.9  
Step 2: The lineup of Mayhem changed significantly after the murder of one of its key members. Confidence: 0.8  
Step 3: Euronymous (Øystein Aarseth) was a founder of Mayhem and a central figure in the early Norwegian black metal scene. Confidence: 0.9  
Step 4: Euronymous was murdered by Varg Vikernes (Burzum), another prominent figure in the scene. Confidence: 0.85  
Final Answer: Euronymous Confidence: 0.85",Euronymous,0.46818000000000004,0.0,0,1
646,5ab5f1195542992aa134a3ed,What type of media does Lin-Manuel Miranda and Million Dollar Arm have in common?,film,comparison,medium,"Step 1: Lin-Manuel Miranda is known for his work in theater, particularly for writing and starring in the musical ""Hamilton."" Confidence: 0.95
Step 2: ""Million Dollar Arm"" is a Disney sports drama film released in 2014. Confidence: 0.90
Step 3: Lin-Manuel Miranda was involved in another Disney project, ""Moana,"" where he wrote the music and lyrics. Confidence: 0.85
Step 4: Both ""Million Dollar Arm"" and ""Moana"" are Disney movies, but Lin-Manuel Miranda was not directly involved in ""Million Dollar Arm."" Confidence: 0.80
Step 5: The common media type between Lin-Manuel Miranda and ""Million Dollar Arm"" is that both are associated with Disney productions. Confidence: 0.75
Final Answer: Disney Confidence: 0.70",Disney,0.30523500000000003,0.0,0,0
647,5a8a07a255429970aeb70221,Jourdan Miller won the the twentieth cycle of a reality tv show created by who?,Tyra Banks,bridge,medium,"Step 1: Jourdan Miller won the twentieth cycle of America's Next Top Model. Confidence: 0.9
Step 2: America's Next Top Model was created by Tyra Banks. Confidence: 0.95
Final Answer: Tyra Banks Confidence: 0.9",Tyra Banks,0.7695,1.0,1,1
648,5a8f57b15542992414482a67,"What is the name of the debut album by the artist, named after the Gaga plant, titled?",The Fame,bridge,medium,"Step 1: The artist named after the Gaga plant is Lady Gaga. Confidence: 0.9
Step 2: Lady Gaga's debut album is titled ""The Fame."" Confidence: 0.8
Final Answer: The Fame Confidence: 0.8",The Fame,0.5760000000000001,1.0,1,1
649,5a8a55225542995153361368," ""Take My Hand, Precious Lord""  is a gospel song written by a man who earlier in his life was a leading blues pianist known as who?",Georgia Tom,bridge,medium,"Step 1: ""Take My Hand, Precious Lord"" is a famous gospel song written by Thomas A. Dorsey. Confidence: 0.9
Step 2: Before writing gospel music, Thomas A. Dorsey was a blues pianist. Confidence: 0.9
Step 3: As a blues pianist, he was known by the nickname ""Georgia Tom."" Confidence: 0.8
Final Answer: Georgia Tom Confidence: 0.8",Georgia Tom,0.5184000000000001,1.0,1,1
650,5abfe6ba5542997d6429592c,"Which German music group produced the song ""Rhythm Is a Dancer"" as well as the album ""The Madman's Return""?",Snap!,bridge,medium,"Step 1: ""Rhythm Is a Dancer"" is a well-known dance track from the 1990s. Confidence: 0.9
Step 2: The song was produced by a German Eurodance group. Confidence: 0.8
Step 3: ""The Madman's Return"" is also a notable album from the same era, linked to the same group. Confidence: 0.7
Step 4: The German group known for these works is Snap!. Confidence: 0.8
Final Answer: Snap! Confidence: 0.8",Snap!,0.32256,1.0,1,1
651,5a76380855429976ec32bd7c,Fairy Tales was models after what November 2005 BBC One show?,ShakespeaRe-Told,bridge,medium,"Step 1: Fairy Tales is a four-part British television miniseries. Confidence: 0.9
Step 2: The miniseries was produced by BBC Northern Ireland and broadcast in 2008. Confidence: 0.9
Step 3: It was a modern retelling of classic fairy tales. Confidence: 0.8
Step 4: The show that Fairy Tales was modeled after is likely ""ShakespeaRe-Told,"" which aired on BBC One in 2005 and similarly reimagined classic stories. Confidence: 0.7
Final Answer: ShakespeaRe-Told Confidence: 0.7",ShakespeaRe-Told,0.31752,1.0,1,1
652,5aba9c3d55429901930fa85c,Which director is noted for more documentaries: Andrzej Munk or Brent Hodge?,Brent Hodge,comparison,medium,"Step 1: Andrzej Munk is a Polish filmmaker known for his work in the 1950s and 1960s. Confidence: 0.8  
Step 2: Brent Hodge is a contemporary Canadian filmmaker known for documentaries like ""I Am Chris Farley"" and ""Freaks and Geeks: The Documentary."" Confidence: 0.9  
Step 3: Andrzej Munk's notable works include fiction films like ""Eroica"" and ""Passenger,"" not documentaries. Confidence: 0.7  
Step 4: Brent Hodge has directed multiple documentaries, while Munk's focus was primarily on fiction films. Confidence: 0.8  
Final Answer: Brent Hodge Confidence: 0.8",Brent Hodge,0.32256,1.0,1,1
653,5a81e49e55429926c1cdadb2,Gong Hyo-jin  is best known for her leading role in the feature film debut of what director?,Lee Kyoung-mi,bridge,medium,"Step 1: Gong Hyo-jin is a well-known South Korean actress. Confidence: 1.0
Step 2: She starred in many Korean films and dramas, including a feature film debut for a notable director. Confidence: 0.9
Step 3: One of her early leading roles was in the 2001 film ""Volcano High."" Confidence: 0.8
Step 4: ""Volcano High"" was the feature film debut of director Kim Tae-gyun. Confidence: 0.7
Final Answer: Kim Tae-gyun Confidence: 0.7",Kim Tae-gyun,0.3528,0.0,0,0
654,5ade4682554299728e26c69e,Danish UC submarines were built by the entrepreneur who is CEO of what company?,RML Spacelab ApS,bridge,medium,"Step 1: The question mentions Danish UC submarines, which were a class of submarines used by Denmark. Confidence: 0.9
Step 2: The entrepreneur associated with building Danish UC submarines is likely Peter Madsen, who was involved in submarine construction. Confidence: 0.8
Step 3: Peter Madsen is known for being the co-founder of Rocket Madsen Space Lab, but that is not a company where he is CEO. Confidence: 0.7
Step 4: Peter Madsen is also associated with the company UC3 Nautilus, which was his submarine project. However, this may not be a formal company. Confidence: 0.6
Step 5: Given the context, the answer might refer to Copenhagen Suborbitals, a space venture he was involved in, but he was not the CEO. Confidence: 0.5
Final Answer: (No clear answer available based on provided reasoning) Confidence: 0.4",(No clear answer available based on provided reasoning),0.060480000000000006,0.0,0,0
655,5a77d9a55542995d8318130a,"The St. Louis, San Francisco and Texas Railway (SLSF), was a subsidiary railway to the St. Louis-San Francisco Railway, in 1980 it merged into which United States-based railroad company formed from a merger of four major U.S. railroads?",Burlington Northern Railroad,bridge,easy,"Step 1: The St. Louis-San Francisco Railway was commonly known as the ""Frisco."" Confidence: 0.9
Step 2: The Frisco merged into the Burlington Northern Railroad in 1980. Confidence: 0.8
Step 3: The Burlington Northern Railroad was formed from a merger of four major U.S. railroads: the Great Northern Railway, the Northern Pacific Railway, the Chicago, Burlington and Quincy Railroad, and the Spokane, Portland and Seattle Railway. Confidence: 0.7
Final Answer: Burlington Northern Confidence: 0.7",Burlington Northern,0.3528,0.8,0,1
656,5adc69465542996e68525358, Kaep is a nickname for an athlete who played college football for which university ?,University of Nevada,bridge,medium,"Step 1: Kaep is a nickname for Colin Kaepernick. Confidence: 0.9  
Step 2: Colin Kaepernick played college football for the University of Nevada. Confidence: 0.8  
Final Answer: University of Nevada Confidence: 0.7",University of Nevada,0.504,1.0,1,1
657,5a8f4ae95542997ba9cb3224,Richard E. Kraus was a United States Marine who was killed during what battle that was codenamed Operation Stalemate II?,The Battle of Peleliu,bridge,medium,"Step 1: Richard E. Kraus was a United States Marine who was killed in action. Confidence: 0.9
Step 2: Operation Stalemate II was a codename for a significant battle in the Pacific during World War II. Confidence: 0.8
Step 3: The battle codenamed Stalemate II is most likely the Battle of Peleliu. Confidence: 0.7
Step 4: Richard E. Kraus was indeed killed during the Battle of Peleliu. Confidence: 0.6
Final Answer: Battle of Peleliu Confidence: 0.6",Battle of Peleliu,0.18144,1.0,1,1
658,5ae50be455429960a22e0257,Who drafted the compromise which followed the admission of California as a state?,Henry Clay,bridge,easy,"Step 1: The admission of California as a state occurred in 1850. Confidence: 0.9  
Step 2: The Compromise of 1850 followed the admission of California as a state. Confidence: 0.9  
Step 3: The Compromise of 1850 was largely drafted by Henry Clay. Confidence: 0.85  
Final Answer: Henry Clay Confidence: 0.85",Henry Clay,0.585225,1.0,1,1
659,5ab9d85155429901930fa731,"Reen Nalli is an American music executive, she has worked with the likes of INXS, who were an Australian rock band, formed as The Farriss Brothers, in what year?",1977,bridge,easy,"Step 1: Reen Nalli is an American music executive who worked with INXS. Confidence: 0.9  
Step 2: INXS was an Australian rock band originally known as The Farriss Brothers. Confidence: 0.95  
Step 3: The Farriss Brothers was formed in 1977 before changing their name to INXS. Confidence: 0.85  
Final Answer: 1977 Confidence: 0.85",1977,0.6177374999999999,1.0,1,1
660,5ae670cf5542995703ce8b64,"Along with Barbara Bush, what other member of the Bush family has been seen at Madam's Organ Blues Bar?",Jenna Bush,bridge,medium,"Step 1: The Bush family is a political family with several prominent members, including George H.W. Bush, George W. Bush, and Jeb Bush. Confidence: 0.9
Step 2: Barbara Bush is the wife of George H.W. Bush and mother of George W. Bush and Jeb Bush. Confidence: 0.9
Step 3: Madam's Organ Blues Bar is a bar in Washington, D.C., known for its casual and lively atmosphere, making it more likely that younger members of the Bush family visited. Confidence: 0.8
Step 4: Among the younger generation, Jenna Bush (daughter of George W. Bush) is known for being more socially active and might visit such venues. Confidence: 0.7
Final Answer: Jenna Bush Confidence: 0.7",Jenna Bush,0.31752,1.0,1,1
661,5ab8f62e5542991b5579f09d,What music producer has Danielle Riley Keough's mother been married to?,Michael Lockwood,bridge,hard,"Step 1: Danielle Riley Keough's mother is Lisa Marie Presley. Confidence: 0.9
Step 2: Lisa Marie Presley has been married to several music producers, including Michael Lockwood and Michael Jackson. Confidence: 0.8
Step 3: The most notable music producer she was married to is Michael Jackson. Confidence: 0.7
Final Answer: Michael Jackson Confidence: 0.7",Michael Jackson,0.3528,0.5,0,0
662,5ac540485542993e66e82263,What did Sisomphone Vongpharkdy do at the 2000 Summer Olympics opening ceremony as mandated by the Olympic Charter?,flag bearer of Laos,bridge,hard,"Step 1: The Olympic Charter mandates that the host nation's head of state declares the games open. Confidence: 0.9
Step 2: Sisomphone Vongpharkdy was the President of Laos at the time of the 2000 Summer Olympics. Confidence: 0.8
Step 3: The 2000 Summer Olympics were held in Sydney, Australia, not Laos. Confidence: 0.95
Step 4: Therefore, Sisomphone Vongpharkdy did not have a role in the opening ceremony as per the Olympic Charter. Confidence: 0.85
Final Answer: Nothing Confidence: 0.8",Nothing,0.46512000000000003,0.0,0,0
663,5ae78d68554299540e5a55f8,Valerie Agnew was a close friend of which lead singer of The Gits?,Mia Katherine Zapata,bridge,medium,"Step 1: The Gits were a punk rock band formed in the late 1980s. Confidence: 0.9
Step 2: The lead singer of The Gits was Mia Zapata. Confidence: 0.9
Final Answer: Mia Zapata Confidence: 0.9",Mia Zapata,0.7290000000000001,0.8,0,1
664,5ae324ee55429928c4239630, Hafif Muzik was released by an American music company that was founded in 1929 as what?,American Record Corporation,bridge,medium,"Step 1: Hafif Muzik is Turkish for ""light music,"" which suggests the song is likely a jazz or easy listening genre. Confidence: 0.8  
Step 2: An American music company that released jazz or easy listening music and was founded in 1929 is likely Columbia Records. Confidence: 0.7  
Final Answer: Columbia Records Confidence: 0.7",Columbia Records,0.39199999999999996,0.0,0,1
665,5a8254f8554299676cceb26c,Who is the former Mexican drug lord and the former leader of the Gulf Cartel and Los Zetas who led the criminal organization?,Osiel Cárdenas Guillén,bridge,easy,"Step 1: The question is asking about a former Mexican drug lord who led both the Gulf Cartel and Los Zetas. Confidence: 0.9
Step 2: The Gulf Cartel and Los Zetas are two prominent drug cartels in Mexico, with Los Zetas originally being the armed wing of the Gulf Cartel before becoming a separate organization. Confidence: 0.85
Step 3: The most notorious leader associated with both the Gulf Cartel and Los Zetas is Osiel Cárdenas Guillén. Confidence: 0.8
Final Answer: Osiel Cárdenas Guillén Confidence: 0.8",Osiel Cárdenas Guillén,0.4896000000000001,1.0,1,1
666,5abcff3a5542992ac4f3818c,The Darlington Agency was a stop on the trail that had a northern post in what state?,Kansas,bridge,medium,"Step 1: The Darlington Agency was a Native American agency in Oklahoma. Confidence: 0.8
Step 2: The northern post in question is likely the end point of a trail connected to the agency. Confidence: 0.7
Step 3: A significant trail associated with Native American agencies is the Chisholm Trail. Confidence: 0.6
Step 4: The northern end of the Chisholm Trail was in Kansas. Confidence: 0.8
Final Answer: Kansas Confidence: 0.7",Kansas,0.18815999999999997,1.0,1,1
667,5ab95835554299131ca422fd,What is the length of the bridge that is named after the 38th Prime Minister of Italy?,1909 m,bridge,medium,"Step 1: The 38th Prime Minister of Italy was Romano Prodi. Confidence: 0.8
Step 2: A bridge named after Romano Prodi is the Ponte Prodi (Prodi Bridge). Confidence: 0.7
Step 3: The Ponte Prodi spans the Reno River in Bologna, Italy. Confidence: 0.6
Step 4: The length of the Ponte Prodi is approximately 180 meters. Confidence: 0.5
Final Answer: 180 meters Confidence: 0.5",180 meters,0.08399999999999999,0.0,0,0
668,5a8c2dc0554299240d9c20bd,What is the nationality of the man who scored in the 67th minute of the The 1956 European Cup Final?,Spanish,bridge,medium,"Step 1: The 1956 European Cup Final was played between Real Madrid and Stade de Reims. Confidence: 0.9
Step 2: The final score was 4-3 in favor of Real Madrid. Confidence: 0.8
Step 3: The goal in the 67th minute was scored by Marquitos, a player for Real Madrid. Confidence: 0.7
Step 4: Marquitos was born in Spain. Confidence: 0.6
Final Answer: Spanish Confidence: 0.6",Spanish,0.18144,1.0,1,1
669,5adfd58b55429906c02daa5c,Where was AMC Theatres' recent acquisition (Finnkino Oy) originally established?,Finland,bridge,easy,"Step 1: AMC Theatres' recent acquisition is Finnkino Oy. Confidence: 0.9  
Step 2: Finnkino Oy is a Finnish cinema chain. Confidence: 0.9  
Step 3: The name ""Finnkino"" suggests Finnish origins. Confidence: 0.8  
Step 4: Finnkino Oy was founded in Finland. Confidence: 0.8  
Final Answer: Finland Confidence: 0.8",Finland,0.4147200000000001,1.0,1,1
670,5a8d8313554299441c6b9ff5,"Fairlane Village Mall is anchred by Boscov's, Michaels, and a company whose first department store opened in September 1962, and that went public in what year?",1992,bridge,medium,"Step 1: Identify the anchor stores mentioned - Boscov's, Michaels, and a third company. Confidence: 1.0  
Step 2: The third company's first department store opened in September 1962. Confidence: 1.0  
Step 3: Research or recall companies that opened their first department store in September 1962. A notable example is Target. Confidence: 0.8  
Step 4: Verify if Target fits the timeline - Target's first store opened in 1962 and it went public later. Confidence: 0.9  
Step 5: Target went public in 1967. Confidence: 0.85  

Final Answer: 1967 Confidence: 0.8",1967,0.4896000000000001,0.0,0,0
671,5ab870aa5542992aa3b8c8e4,During which era of French classical music did Marc Antoine Charpentier compose music?,the Baroque era.,bridge,medium,"Step 1: Marc Antoine Charpentier was a French composer active in the 17th century. Confidence: 0.9  
Step 2: The 17th century in France is associated with the Baroque era of classical music. Confidence: 0.9  
Final Answer: Baroque Confidence: 0.85",Baroque,0.6885,0.6666666666666666,0,1
672,5ae25f4d5542992decbdccd4,On which record label did the band who released the single Feel It Still release their eighth full-length album Woodstock?,Atlantic Records,bridge,hard,"Step 1: The band that released the single ""Feel It Still"" is Portugal. The Man. Confidence: 0.9  
Step 2: Portugal. The Man's eighth full-length album is ""Woodstock."" Confidence: 0.9  
Step 3: ""Woodstock"" was released by Portugal. The Man under the record label Atlantic Records. Confidence: 0.8  
Final Answer: Atlantic Records Confidence: 0.8",Atlantic Records,0.5184000000000001,1.0,1,1
673,5a7a8a1b55429941d65f2695,The rock band whose members included Saul Davies originated in what city?,Manchester,bridge,medium,"Step 1: Saul Davies is a musician known for being a member of the British rock band James. Confidence: 0.9
Step 2: James was formed in Manchester, England. Confidence: 0.8
Final Answer: Manchester Confidence: 0.8",Manchester,0.5760000000000001,1.0,1,1
674,5a79fdca5542996a35c1706c,"Which was a film first, The Three Lives of Thomasina or Inside Out?",The Three Lives of Thomasina,comparison,medium,"Step 1: ""The Three Lives of Thomasina"" is a Disney film released in 1963. Confidence: 0.9
Step 2: ""Inside Out"" is a Pixar film released in 2015. Confidence: 0.9
Final Answer: The Three Lives of Thomasina Confidence: 0.9",The Three Lives of Thomasina,0.7290000000000001,1.0,1,1
675,5ae25e915542996483e6498e,"he Australian Conservatives is an Australian political party formed and led by Cory Bernardi, the Family First Party and their two state incumbents, Robert Brokenshire and which Australian politician?",Dennis Hood,bridge,easy,"Step 1: The Australian Conservatives party was formed by merging Cory Bernardi's Australian Conservatives with the Family First Party. Confidence: 0.8  
Step 2: Robert Brokenshire was a state incumbent from the Family First Party in South Australia. Confidence: 0.9  
Step 3: The other state incumbent from the Family First Party at the time of the merger was Dennis Hood. Confidence: 0.9  

Final Answer: Dennis Hood Confidence: 0.85",Dennis Hood,0.5508000000000001,1.0,1,1
676,5a7cfd2355429907fabef092,When was the actor who portrayed Will Turner in Pirates of the Caribbean: Dead Man's Chest named a UNICEF Goodwill Ambassador?,2009,bridge,medium,"Step 1: The actor who portrayed Will Turner in Pirates of the Caribbean: Dead Man's Chest is Orlando Bloom. Confidence: 0.95  
Step 2: Orlando Bloom was named a UNICEF Goodwill Ambassador in 2009. Confidence: 0.85  
Final Answer: 2009 Confidence: 0.85",2009,0.686375,1.0,1,1
677,5ab4ebb955429942dd415fa3,Does Generationals or Self have more current members?,Self,comparison,medium,"Step 1: Generationals is a musical band known for their indie pop and synth-pop style. Confidence: 0.9
Step 2: Self is also a musical project, known for alternative rock and experimental music. Confidence: 0.9
Step 3: Both Generationals and Self are relatively niche and do not have widely reported current membership numbers. Confidence: 0.8
Step 4: Generationals is a duo, which suggests they have 2 current members. Confidence: 0.8
Step 5: Self is primarily the solo project of Matt Mahaffey, though he occasionally collaborates with others, but the core is still 1. Confidence: 0.7
Final Answer: Generationals Confidence: 0.7",Generationals,0.254016,0.0,0,0
678,5a81cc825542990a1d231eca,"Who was Charles Robert Rattray in a Football League with that was located in Accrington, Lancashire?",Accrington Stanley,bridge,easy,"Step 1: Charles Robert Rattray was involved in the formation of the Football League in England. Confidence: 0.8
Step 2: The team associated with Accrington, Lancashire in the early Football League was Accrington F.C. (not to be confused with Accrington Stanley). Confidence: 0.9
Step 3: Charles Robert Rattray was a key figure in the formation of Accrington F.C. Confidence: 0.7
Final Answer: Accrington F.C. Confidence: 0.7",Accrington F.C.,0.3528,0.5,0,0
679,5a7606705542994ccc91868f,"Who is older, Axl Rose or Tim Wheeler?",Axl Rose,comparison,easy,"Step 1: Axl Rose was born on February 6, 1962. Confidence: 0.9
Step 2: Tim Wheeler was born on January 21, 1977. Confidence: 0.9
Final Answer: Axl Rose Confidence: 0.9",Axl Rose,0.7290000000000001,1.0,1,1
680,5a77bf0e5542995d83181298,"Martin Franklin Conway was a U.S. congressman, consul to France, abolitionist, and advocate of which movement in Kansas, the movement was by those settlers in Kansas Territory during the Bleeding Kansas era in the 1850s who opposed the extension of slavery to Kansas?",Free-Staters,bridge,easy,"Step 1: Martin Franklin Conway was involved in the Bleeding Kansas era, which was a period of violent conflict over the issue of slavery in Kansas Territory. Confidence: 0.9  
Step 2: The movement opposing the extension of slavery to Kansas during this era was known as the Free-State movement. Confidence: 0.9  
Final Answer: Free-State movement Confidence: 0.9",Free-State movement,0.7290000000000001,0.0,0,1
681,5abeda0e5542993fe9a41d55,What type of wagon inspired the dominant form of transportation on the improved trail through the Great Appalachian Valley from Pennsylvania to North Carolina?,Conestoga wagon,bridge,hard,"Step 1: The improved trail through the Great Appalachian Valley likely refers to the Great Wagon Road. Confidence: 0.8
Step 2: The Great Wagon Road was heavily used by settlers and traders in the 18th century. Confidence: 0.9
Step 3: The dominant form of transportation on the Great Wagon Road was the Conestoga wagon. Confidence: 0.7
Step 4: The Conestoga wagon was a large, sturdy wagon designed for carrying heavy loads over rough terrain. Confidence: 0.8
Final Answer: Conestoga wagon Confidence: 0.7",Conestoga wagon,0.28224,1.0,1,1
682,5a8c79fc554299240d9c217a,Han Bong-zin for the team that is controlled by which association?,DPR Korea Football Association,bridge,medium,"Step 1: Han Bong-zin is a South Korean baseball player. Confidence: 0.9
Step 2: South Korean baseball teams are controlled by the Korea Baseball Organization (KBO). Confidence: 0.8
Final Answer: Korea Baseball Organization Confidence: 0.7",Korea Baseball Organization,0.504,0.28571428571428575,0,0
683,5a8166655542995ce29dcbf9,"What country is the singer song-writer behind the album ""Sleep through the Static"" and ""Brushfire Fairytales"" from?",United States,bridge,medium,"Step 1: The singer-songwriter behind the albums ""Sleep through the Static"" and ""Brushfire Fairytales"" is Jack Johnson. Confidence: 0.9
Step 2: Jack Johnson is known for his association with Hawaii, as he was born and raised there. Confidence: 0.8
Final Answer: United States Confidence: 0.9",United States,0.6480000000000001,1.0,1,1
684,5ae5af72554299546bf82f25,When was the company that Hutchinson Travel is a member of formed?,March 2015,bridge,medium,"Step 1: Hutchinson Travel is likely a travel agency. Confidence: 0.7  
Step 2: Travel agencies often belong to larger networks or consortia. Confidence: 0.8  
Step 3: If Hutchinson Travel is a member of a larger company, the most likely candidate is a major travel consortium like the American Society of Travel Advisors (ASTA) or Virtuoso. Confidence: 0.6  
Step 4: ASTA was founded in 1931, and Virtuoso was founded in 1986. Confidence: 0.9  
Final Answer: 1931 Confidence: 0.5",1931,0.1512,0.0,0,0
685,5a8f203c554299458435d591,What was the nickname of grandfather of the man that married the former Carol Shepp in 1965?,Slew,bridge,easy,"Step 1: The man who married Carol Shepp in 1965 is Michael Jordan. Confidence: 0.9
Step 2: Michael Jordan's grandfather's nickname is not widely known or documented. Confidence: 0.6
Step 3: Research suggests that Michael Jordan's grandfather was likely James Jordan Sr. Confidence: 0.7
Step 4: There is no well-known nickname for James Jordan Sr. recorded in public sources. Confidence: 0.8
Final Answer: (No known nickname) Confidence: 0.7",(No known nickname),0.21167999999999998,0.0,0,0
686,5a8031005542992bc0c4a6d4,"What is the name of the engagement on the northern coast of France on 19 August 1942 in which the HMS ""Calpe"" participated?",Dieppe Raid,bridge,easy,"Step 1: The question refers to an engagement on the northern coast of France on 19 August 1942 involving the HMS ""Calpe."" Confidence: 0.9
Step 2: The HMS ""Calpe"" was a British destroyer involved in World War II. Confidence: 0.8
Step 3: A significant engagement on the northern coast of France during this period was the Dieppe Raid. Confidence: 0.7
Step 4: The Dieppe Raid occurred on 19 August 1942 and involved Allied forces, including the British Navy. Confidence: 0.7
Final Answer: Dieppe Raid Confidence: 0.7",Dieppe Raid,0.24695999999999999,1.0,1,1
687,5ab27166554299449642c8a4,Which English novelist authored books published by a children's book editor based in Oxford?,"Philip Pullman CBE, FRSL (born 19 October 1946)",bridge,hard,"Step 1: Identify famous English novelists known for writing children's books. Confidence: 0.9
Step 2: Consider authors associated with Oxford, as the editor is based there. Confidence: 0.8
Step 3: Think of J.R.R. Tolkien, who wrote ""The Hobbit"" and ""The Lord of the Rings,"" and was a professor at Oxford. Confidence: 0.7
Step 4: Recall that Tolkien's works were published by publishers like Allen & Unwin, which had connections to Oxford. Confidence: 0.6
Final Answer: J.R.R. Tolkien Confidence: 0.7",J.R.R. Tolkien,0.21167999999999998,0.0,0,0
688,5ae394f35542994393b9e717,"Hagia Sophia and Monastery of the Transfiguration, Kinaliada, are located in which city?",Istanbul,comparison,easy,"Step 1: Hagia Sophia is a well-known historical building located in Istanbul, Turkey. Confidence: 0.95
Step 2: Kinaliada is one of the Princes' Islands in the Sea of Marmara, near Istanbul. Confidence: 0.90
Step 3: The Monastery of the Transfiguration is located on Kinaliada, which is part of Istanbul. Confidence: 0.85
Final Answer: Istanbul Confidence: 0.90",Istanbul,0.6540750000000001,1.0,1,1
689,5ae357375542992f92d82299,The Checklist Manifesto was a nonfiction book by the surgeon and writer who practices general surgery at what facility?,Brigham and Women's Hospital,bridge,hard,"Step 1: The Checklist Manifesto is a nonfiction book written by Atul Gawande. Confidence: 1.0
Step 2: Atul Gawande is a surgeon and writer who practices general surgery. Confidence: 1.0
Step 3: Atul Gawande is associated with Brigham and Women's Hospital in Boston. Confidence: 0.9
Final Answer: Brigham and Women's Hospital Confidence: 0.9",Brigham and Women's Hospital,0.81,1.0,1,1
690,5a790bb555429970f5fffe32,"What game was released first, Bang! or Arkham Horror?",Arkham Horror,comparison,medium,"Step 1: Determine the release year of Bang! Confidence: 0.9
Step 2: Bang! was released in 2002. Confidence: 0.8
Step 3: Determine the release year of Arkham Horror. Confidence: 0.9
Step 4: Arkham Horror was originally released in 1987. Confidence: 0.7
Final Answer: Arkham Horror Confidence: 0.7",Arkham Horror,0.31752,1.0,1,1
691,5abd5d5d55429933744ab792,What type of film are both Before We Forget and Best Boy ?,documentary,comparison,medium,"Step 1: ""Before We Forget"" and ""Best Boy"" both sound like titles of documentary films. Confidence: 0.7  
Step 2: ""Best Boy"" is known to be a documentary about a developmentally disabled man, directed by Ira Wohl. Confidence: 0.9  
Step 3: ""Before We Forget"" is a lesser-known title, but its name suggests a personal or historical documentary. Confidence: 0.6  
Step 4: Both films focus on human stories or experiences, which is common in documentary filmmaking. Confidence: 0.8  
Final Answer: documentaries Confidence: 0.8",documentaries,0.24192000000000002,0.0,0,1
692,5ae08dad55429945ae9593b8,"Who is the singer of one of the songs that ""Just the Two of Us"" was behind on the ""Billboard"" Hot 100?",Kim Carnes,bridge,medium,"Step 1: ""Just the Two of Us"" is a song by Bill Withers and Grover Washington Jr. Confidence: 0.95  
Step 2: The song ""Just the Two of Us"" was released in 1981 and peaked at number 2 on the Billboard Hot 100. Confidence: 0.90  
Step 3: The song that was ahead of ""Just the Two of Us"" on the Billboard Hot 100 during its peak was ""Bette Davis Eyes"" by Kim Carnes. Confidence: 0.85  
Final Answer: Kim Carnes Confidence: 0.85",Kim Carnes,0.6177374999999999,1.0,1,1
693,5a8d4e735542994ba4e3dc62,"Which Brazilian mixed martial artist and former UFC Middleweight Champion whose title streak ended after nearly 2,500 days did Luiz Carlos Dórea train?",Anderson Silva,bridge,medium,"Step 1: The question mentions a Brazilian mixed martial artist who was a former UFC Middleweight Champion with a long title streak. Confidence: 0.9  
Step 2: The most notable Brazilian UFC Middleweight Champion with a long title reign is Anderson Silva. Confidence: 0.9  
Step 3: Anderson Silva's title streak lasted 2,457 days, which is nearly 2,500 days. Confidence: 0.8  
Step 4: Luiz Carlos Dórea is a well-known MMA coach who has trained many Brazilian fighters, including Anderson Silva. Confidence: 0.7  
Final Answer: Anderson Silva Confidence: 0.8",Anderson Silva,0.3628800000000001,1.0,1,1
694,5ac40814554299204fd21eeb,What Albania town is located on the banks of the Vjosa River in Gjirokastër County and after a 2015 local government reform the village of Progonat became part of its municipality?,Tepelenë,bridge,hard,"Step 1: The Vjosa River flows through Gjirokastër County in Albania. Confidence: 0.9
Step 2: The town located on the banks of the Vjosa River in Gjirokastër County is Tepelenë. Confidence: 0.8
Step 3: After the 2015 local government reform, the village of Progonat was incorporated into a municipality. Confidence: 0.7
Step 4: The municipality that includes Progonat after the reform is Tepelenë. Confidence: 0.6
Final Answer: Tepelenë Confidence: 0.6",Tepelenë,0.18144,1.0,1,1
695,5adcaec15542990d50227cee,"What film production company released both ""The Ugly Dachshund"" and Brother Bear?",Walt Disney,comparison,medium,"Step 1: Identify the year ""The Ugly Dachshund"" was released to narrow down the era of the production company. Confidence: 0.8
Step 2: ""The Ugly Dachshund"" was released in 1966. Confidence: 0.9
Step 3: ""Brother Bear"" was released in 2003. Confidence: 0.95
Step 4: Both films are Disney productions, based on their genres and release eras. Confidence: 0.85
Final Answer: Walt Disney Productions Confidence: 0.9",Walt Disney Productions,0.5232600000000001,0.8,0,1
696,5a7cfd9e55429907fabef094,Who wrote a letter to Orville Browning where he recognized the importance of one of the four slave states that never declared a secession in the Civil War?,Abraham Lincoln,bridge,medium,"Step 1: The four slave states that never declared secession during the Civil War were Delaware, Maryland, Kentucky, and Missouri. Confidence: 1.0
Step 2: Among these, Maryland was particularly important due to its proximity to Washington, D.C., and its strategic location. Confidence: 0.9
Step 3: A prominent figure who would have recognized Maryland's importance was Abraham Lincoln, given his role during the Civil War. Confidence: 0.9
Step 4: Abraham Lincoln corresponded with Orville Browning, a close associate and political ally, during his presidency. Confidence: 0.8
Final Answer: Maryland Confidence: 0.8",Maryland,0.5184000000000001,0.0,0,0
697,5a74f4d95542993748c8974f,One of the executives who founded a sports promotion company is CEO of what casino?,Station Casinos,bridge,medium,"Step 1: Identify a well-known sports promotion company. Confidence: 0.8
Step 2: Think of UFC, a prominent sports promotion company. Confidence: 0.7  
Step 3: Recall Dana White, one of the executives who helped found UFC. Confidence: 0.9  
Step 4: Dana White is associated with the UFC, but he's not directly CEO of a casino. However, he has connections to Lorenzo Fertitta, former UFC owner, who is linked to Station Casinos. Confidence: 0.6  
Final Answer: Station Casinos Confidence: 0.7",Station Casinos,0.21167999999999998,1.0,1,1
698,5ab3cc7e5542992ade7c6ea0,What title was Felix Salten's most famous work originally published under? ,Bambi: Eine Lebensgeschichte aus dem Walde,bridge,hard,"Step 1: Felix Salten is best known as the author of ""Bambi."" Confidence: 0.9
Step 2: ""Bambi"" was originally published in German. Confidence: 0.8
Step 3: The original German title of ""Bambi"" is ""Bambi: Eine Lebensgeschichte aus dem Walde."" Confidence: 0.7
Final Answer: Bambi: Eine Lebensgeschichte aus dem Walde Confidence: 0.7",Bambi: Eine Lebensgeschichte aus dem Walde,0.3528,1.0,1,1
699,5adcc7ba5542994734353798,"Both the movie Pippi on the Run and the character Pippi Longstocking , are based on books by what author?",Astrid Lindgren,bridge,medium,"Step 1: Pippi Longstocking is a well-known fictional character created by a Swedish author. Confidence: 0.9
Step 2: The character Pippi Longstocking first appeared in books written by Astrid Lindgren. Confidence: 0.9
Step 3: The movie Pippi on the Run is also based on the Pippi Longstocking books. Confidence: 0.8
Final Answer: Astrid Lindgren Confidence: 0.8",Astrid Lindgren,0.5184000000000001,1.0,1,1
700,5ae2aa155542996483e64a23,Tulapur is a village in which second largest city in Maharashtra?,Pune,bridge,medium,"Step 1: Identify the second-largest city in Maharashtra. Confidence: 0.9  
Step 2: The second-largest city in Maharashtra is Pune. Confidence: 0.95  
Step 3: Check if Tulapur is a village in Pune district. Confidence: 0.8  
Final Answer: Pune Confidence: 0.85",Pune,0.5814,1.0,1,1
701,5ab7c83455429928e1fe38db,What is the birthplace of the narrator of Sex in a Cold Climate?,"Churchtown, Dublin, Ireland",bridge,hard,"Step 1: The narrator of ""Sex in a Cold Climate"" is likely referring to the documentary ""Sex in a Cold Climate,"" which features testimonies from survivors of Ireland's Magdalene Laundries. Confidence: 0.8
Step 2: The documentary primarily focuses on Irish women, suggesting the narrator is likely Irish. Confidence: 0.7
Step 3: Without specific information about the narrator's identity, we can infer the birthplace is Ireland, given the context. Confidence: 0.6
Final Answer: Ireland Confidence: 0.6",Ireland,0.20159999999999997,0.5,0,1
702,5aba787f554299232ef4a2d9,"Which was directed by Kevin Lima, A Goofy Movie or Gus?",A Goofy Movie,comparison,medium,"Step 1: Kevin Lima is known for directing animated films. Confidence: 0.9
Step 2: A Goofy Movie is an animated film released in 1995. Confidence: 0.95
Step 3: Gus is a live-action film released in 1976. Confidence: 0.95
Step 4: Kevin Lima's directorial career aligns more with animated films like A Goofy Movie. Confidence: 0.85
Final Answer: A Goofy Movie Confidence: 0.9",A Goofy Movie,0.6213712499999999,1.0,1,1
703,5ac46e50554299204fd21f49,When was Pearl Jam's studio album preceding Riot Act released?,"May 16, 2000",bridge,medium,"Step 1: Pearl Jam's Riot Act was released in 2002. Confidence: 0.9  
Step 2: The studio album preceding Riot Act was Binaural. Confidence: 0.9  
Step 3: Binaural was released in 2000. Confidence: 0.8  
Final Answer: 2000 Confidence: 0.9",2000,0.5832000000000002,0.5,0,1
704,5ab447035542990594ba9beb,"What musical comedy, written by George Abbot and Douglas Wallop, contains the song, ""Whatever Lola Wants""?",Damn Yankees,bridge,medium,"Step 1: The song ""Whatever Lola Wants"" is from a musical. Confidence: 0.9  
Step 2: The song ""Whatever Lola Wants"" is famously associated with the character Lola from the musical ""Damn Yankees."" Confidence: 0.8  
Step 3: ""Damn Yankees"" was written by George Abbott and Douglas Wallop. Confidence: 0.7  
Final Answer: Damn Yankees Confidence: 0.7",Damn Yankees,0.3528,1.0,1,1
705,5a81e2e555429903bc27ba00,"What was the name of the tour that accompanied the album released on November 11, 2008 by Big Machine Records?",The Fearless Tour,bridge,medium,"Step 1: The album released on November 11, 2008 by Big Machine Records is ""Fearless"" by Taylor Swift. Confidence: 0.9
Step 2: The tour that accompanied ""Fearless"" is the ""Fearless Tour."" Confidence: 0.8
Final Answer: Fearless Tour Confidence: 0.8",Fearless Tour,0.5760000000000001,1.0,1,1
706,5ae3003655429928c423959e,What businessman and scientist proposed computational irreducibility?,Stephen Wolfram,bridge,medium,"Step 1: Computational irreducibility is a concept related to complexity and computation, often associated with Stephen Wolfram's work. Confidence: 0.8
Step 2: Stephen Wolfram is a scientist known for his contributions to computational theory and the development of Mathematica. Confidence: 0.9
Step 3: Stephen Wolfram is also a businessman, having founded Wolfram Research. Confidence: 0.85
Final Answer: Stephen Wolfram Confidence: 0.8",Stephen Wolfram,0.4896000000000001,1.0,1,1
707,5a765f5b5542992d0ec060c2,"The 2000 ICC KnockOut Trophy was a One Day International cricket tournament held in Kenya, which Jamaican cricketer who plays internationally, made his ODI debut during the competition?",Marlon Nathaniel Samuels,bridge,easy,"Step 1: The 2000 ICC KnockOut Trophy was held in Kenya, and it was a One Day International (ODI) tournament. Confidence: 0.9
Step 2: We need to identify Jamaican cricketers who made their ODI debut during this tournament. Confidence: 0.8
Step 3: Chris Gayle is a famous Jamaican cricketer who plays internationally. Confidence: 0.9
Step 4: Chris Gayle made his ODI debut in the 1999-2000 season, which aligns with the 2000 ICC KnockOut Trophy. Confidence: 0.8
Final Answer: Chris Gayle Confidence: 0.85",Chris Gayle,0.44064000000000003,0.0,0,0
708,5a8bc9c9554299240d9c208b,Are David Usher and Gregg Allman both from the same band?,no,comparison,medium,"Step 1: David Usher is a Canadian musician known for being the lead singer of the band Moist. Confidence: 0.9
Step 2: Gregg Allman was an American musician known for being a founding member of The Allman Brothers Band. Confidence: 0.9
Step 3: Moist is a Canadian rock band, while The Allman Brothers Band is an American rock band. Confidence: 0.8
Step 4: The two bands, Moist and The Allman Brothers Band, are distinct and unrelated. Confidence: 0.8
Final Answer: no Confidence: 0.9",no,0.4665600000000001,1.0,1,1
709,5ae03cae55429924de1b7071,Are Yixing and Dezhou the same level of city?,no,comparison,hard,"Step 1: Yixing is a county-level city under the jurisdiction of Wuxi, Jiangsu Province. Confidence: 0.9
Step 2: Dezhou is a prefecture-level city in Shandong Province. Confidence: 0.9
Step 3: Prefecture-level cities are higher in administrative level than county-level cities in China. Confidence: 0.9
Final Answer: No Confidence: 0.9",No,0.6561000000000001,1.0,1,1
710,5ade83eb55429939a52fe8d9,"What Gothic revival mansion in Scotland was designed by William Wilkins, and rebuilt in 1881 by the 5th Earl of Rosebery?",Barnbougle Castle,bridge,easy,"Step 1: William Wilkins was a British architect known for his Gothic revival designs. Confidence: 0.8
Step 2: The 5th Earl of Rosebery, a prominent Scottish nobleman, owned several properties in Scotland. Confidence: 0.7
Step 3: One of the most famous Gothic revival mansions associated with the Earl of Rosebery is Dalmeny House. Confidence: 0.6
Step 4: Dalmeny House was indeed redesigned in 1881 by the 5th Earl of Rosebery. Confidence: 0.7
Final Answer: Dalmeny House Confidence: 0.6",Dalmeny House,0.14111999999999997,0.0,0,0
711,5ac276715542996773102538,"Which documentary film was released first, Why We Fight or Dalai Lama Renaissance?",Why We Fight,comparison,medium,"Step 1: ""Why We Fight"" is a documentary film series directed by Frank Capra, released during World War II. Confidence: 0.9  
Step 2: ""Dalai Lama Renaissance"" is a documentary film released in 2007, focusing on the Dalai Lama and modern issues. Confidence: 0.9  
Step 3: World War II occurred in the 1940s, which is much earlier than 2007. Confidence: 1.0  
Final Answer: Why We Fight Confidence: 0.95",Why We Fight,0.7695,1.0,1,1
712,5abe39765542993f32c2a09f,Joy Malbon was a journalist who covered the verdict regarding which taxi driver?,Rodney Glen King,bridge,medium,"Step 1: Joy Malbon is a Canadian journalist known for covering high-profile legal cases. Confidence: 0.8
Step 2: One of the most notable taxi driver-related legal cases in Canada involved Robert Pickton. Confidence: 0.7
Step 3: Robert Pickton was a serial killer who targeted sex workers, not a taxi driver, so this is incorrect. Confidence: 0.9
Step 4: Another high-profile case involving a taxi driver in Canada was the murder conviction of Alek Minassian, who drove a taxi but was more known for the Toronto van attack. Confidence: 0.6
Step 5: A more likely case is the verdict regarding cab driver Rapinder (Paul) Singh, who was involved in a homicide case covered by Joy Malbon. Confidence: 0.5
Final Answer: Rapinder (Paul) Singh Confidence: 0.5",Rapinder (Paul) Singh,0.0756,0.0,0,0
713,5a72885f5542992359bc30d6,"Which restaurant has been in operation longer, Your Pie or Vocelli Pizza?","Vocelli Pizza in their Top 100 pizza franchises for 2007, based on its 2006 sales of $55 million.",comparison,easy,"Step 1: Identify when Your Pie was founded. Confidence: 0.7
Step 2: Your Pie was founded in 2008. Confidence: 0.8
Step 3: Identify when Vocelli Pizza was founded. Confidence: 0.7
Step 4: Vocelli Pizza was founded in 1988. Confidence: 0.8
Final Answer: Vocelli Pizza Confidence: 0.8",Vocelli Pizza,0.25088,0.19999999999999998,0,1
714,5a87e9085542993e715ac006,Who is this American basketball coach and former player who currently is a coach of the Missouri Tigers men's basketball team and who was with Tennessee Volunteers basketball team during the 2013-14 season?,Cuonzo Martin,bridge,medium,"Step 1: The question is asking for an American basketball coach and former player. Confidence: 1.0
Step 2: The coach is currently with the Missouri Tigers men's basketball team. Confidence: 1.0
Step 3: The coach was with the Tennessee Volunteers basketball team during the 2013-14 season. Confidence: 1.0
Step 4: Cuonzo Martin is a known basketball coach who fits these criteria. Confidence: 0.9
Final Answer: Cuonzo Martin Confidence: 0.9",Cuonzo Martin,0.81,1.0,1,1
715,5a89c94d5542993b751ca994,When did Amado Carrillo Fuentes assassinate his boss Rafael Aguilar Guajardo?,"April 12, 1993",bridge,hard,"Step 1: Amado Carrillo Fuentes was a Mexican drug lord involved in the Juárez Cartel. Confidence: 0.9
Step 2: Rafael Aguilar Guajardo was the leader of the Juárez Cartel before Amado Carrillo Fuentes took over. Confidence: 0.9
Step 3: Rafael Aguilar Guajardo's assassination occurred in 1993. Confidence: 0.8
Final Answer: 1993 Confidence: 0.8",1993,0.5184000000000001,0.5,0,1
716,5a8a0c625542992d82986e79,"RV is a 2006 American family comedy that stars what American singer wh owas raised in Foxborough, Massachusetts?",JoJo,bridge,medium,"Step 1: The movie ""RV"" is a 2006 family comedy. Confidence: 1.0
Step 2: The movie stars an American singer who was raised in Foxborough, Massachusetts. Confidence: 1.0
Step 3: A famous American singer raised in Foxborough is Robin Thicke. Confidence: 0.8
Step 4: Robin Thicke has acted in movies and TV shows, but not in ""RV."" Confidence: 0.9
Step 5: Another singer from Foxborough is JoJo, but she is not known for acting in ""RV."" Confidence: 0.7
Step 6: The correct answer is likely someone else, perhaps not primarily known as a singer. Confidence: 0.6
Final Answer: Robin Williams Confidence: 0.4",Robin Williams,0.12096000000000001,0.0,0,0
717,5a82141855429926c1cdae32,"How many guns could the battleship for the Imperial German Navy, which was the fourth pre-dreadnought and replaced ironclad battleships of 1870s and 1880s, carry?",six,bridge,medium,"Step 1: Determine the name of the fourth pre-dreadnought battleship of the Imperial German Navy. Confidence: 0.7  
Step 2: The fourth pre-dreadnought battleship of the Imperial German Navy was the Brandenburg-class. Confidence: 0.8  
Step 3: The Brandenburg-class battleships were the first pre-dreadnoughts of the German Navy, replacing earlier ironclad battleships. Confidence: 0.9  
Step 4: The Brandenburg-class was armed with six 28 cm (11 in) guns in three twin turrets. Confidence: 0.85  
Final Answer: 6 Confidence: 0.8",6,0.34272,0.0,0,1
718,5ac29827554299218029daaf,What is the name of the village between Wilmslow and Knutsford and close to Dukenfield Hall?,Mobberley,bridge,medium,"Step 1: Identify the general area mentioned, which is between Wilmslow and Knutsford in England. Confidence: 0.9  
Step 2: Recognize that Dukinfield Hall is in Cheshire, suggesting the village is in this county. Confidence: 0.8  
Step 3: Recall notable villages between Wilmslow and Knutsford, such as Alderley Edge and Mobberley. Confidence: 0.7  
Step 4: Check which of these villages is closest to Dukinfield Hall—Mobberley is nearer. Confidence: 0.6  
Final Answer: Mobberley Confidence: 0.6",Mobberley,0.18144,1.0,1,1
719,5ac187c355429964131be214,In what language are the songs in the genre for which Alberto Stylee is most famous typically sung?,Spanish,bridge,medium,"Step 1: Alberto Stylee is a famous reggae artist. Confidence: 0.9  
Step 2: Reggae music originated in Jamaica. Confidence: 0.95  
Step 3: The primary language spoken in Jamaica is English. Confidence: 0.95  
Step 4: Reggae songs are typically sung in English. Confidence: 0.9  
Final Answer: English Confidence: 0.85",English,0.6213712499999999,0.0,0,0
720,5ae3b5ee5542990afbd1e1ae,Was the band Tomahawk and the band The Amps both formed in the 90s?,yes,comparison,easy,"Step 1: Tomahawk is a band formed in 2000 by musicians from other projects like The Jesus Lizard and Faith No More. Confidence: 0.9
Step 2: The Amps were a band formed in 1995 by Kim Deal after The Breeders went on hiatus. Confidence: 0.9
Step 3: The 90s decade spans from 1990 to 1999. Confidence: 1.0
Final Answer: No Confidence: 0.9",No,0.7290000000000001,0.0,0,0
721,5ac1a7675542994d76dcce9d,Dudley Laufman is a caller in the dance style that has origins in what century?,17th century,bridge,hard,"Step 1: Dudley Laufman is known for his involvement in traditional dance, particularly contra dancing. Confidence: 0.9  
Step 2: Contra dancing is a form of folk dance that has roots in English country dancing. Confidence: 0.8  
Step 3: English country dancing became popular in the 17th century. Confidence: 0.7  
Final Answer: 17th Confidence: 0.7",17th,0.3528,0.6666666666666666,0,1
722,5abe3a4d55429976d4830a8f,Are Cattleya and Leucocoryne of the same genus of flowers?,no,comparison,hard,"Step 1: Cattleya is a genus of orchids known for their showy flowers. Confidence: 0.9
Step 2: Leucocoryne is a genus of flowering plants, commonly called glory of the sun, which are not orchids. Confidence: 0.8
Step 3: Different genera cannot be the same genus by definition. Confidence: 1.0
Final Answer: no Confidence: 0.95",no,0.684,1.0,1,1
723,5a8f7fe7554299458435d65d,Do Mollie King and David Sylvian share the same nationality?,yes,comparison,medium,"Step 1: Mollie King is a British singer and former member of The Saturdays. Confidence: 0.9  
Step 2: David Sylvian is a British musician and former lead vocalist of Japan. Confidence: 0.8  
Final Answer: Yes Confidence: 0.7",Yes,0.504,1.0,1,1
724,5ae659d65542992ae0d162e8,The idea proposed by an American Mathematician and philosopher included knowledge of what kind of properties?,statistical,bridge,hard,"Step 1: The question refers to an American Mathematician and philosopher, likely a prominent figure in the field. Confidence: 0.8  
Step 2: A well-known American Mathematician and philosopher is Charles Sanders Peirce, who contributed significantly to pragmatism and semiotics. Confidence: 0.7  
Step 3: Peirce's work often involved the study of signs and their properties, particularly in semiotics. Confidence: 0.6  
Step 4: The properties in question might relate to the categories he proposed: Firstness (qualities), Secondness (relations), and Thirdness (mediation). Confidence: 0.5  
Final Answer: Firstness, Secondness, Thirdness Confidence: 0.5","Firstness, Secondness, Thirdness",0.08399999999999999,0.0,0,0
725,5ae352965542994393b9e688,The Five Minutes Short EP was released by the band from the county seat of what Kansas county?,Douglas,bridge,hard,"Step 1: Identify the band that released ""The Five Minutes Short EP."" Confidence: 0.7
Step 2: The band associated with this EP is ""The Get Up Kids."" Confidence: 0.8
Step 3: Find the hometown of The Get Up Kids. Confidence: 0.7
Step 4: The Get Up Kids are from Kansas City, which is the county seat of Wyandotte County, Kansas. Confidence: 0.6
Final Answer: Wyandotte County Confidence: 0.6",Wyandotte County,0.14111999999999997,0.0,0,0
726,5addb0f55542997545bbbdac,What is the middle name of the man who created and designed Lois Griffin?,Woodbury,bridge,medium,"Step 1: Lois Griffin is a character from the animated TV show ""Family Guy."" Confidence: 1.0
Step 2: The man who created and designed ""Family Guy"" is Seth MacFarlane. Confidence: 1.0
Step 3: Seth MacFarlane's full name is Seth Woodbury MacFarlane. Confidence: 0.9
Final Answer: Woodbury Confidence: 0.9",Woodbury,0.81,1.0,1,1
727,5ac30dd7554299741d48a191,The Violin Concerto No. 3 in E major was composed in 1826 by an Italian violinist who died in this year?,1840,bridge,medium,"Step 1: The Violin Concerto No. 3 in E major was composed by Niccolò Paganini. Confidence: 0.9  
Step 2: Niccolò Paganini was an Italian violinist who composed the concerto in 1826. Confidence: 0.9  
Step 3: Niccolò Paganini died in 1840. Confidence: 0.9  
Final Answer: 1840 Confidence: 0.9",1840,0.6561000000000001,1.0,1,1
728,5ae1712255429920d52343d8,"Vicki L. Sato co-taught immunology with an American biochemist, physicist, molecular biology pioneer and what?",Nobel laureate,bridge,medium,"Step 1: Vicki L. Sato is a professor and biotech executive who has worked at Harvard University. Confidence: 0.9
Step 2: The American biochemist, physicist, and molecular biology pioneer she co-taught with is likely Walter Gilbert, who fits all those descriptions and was at Harvard. Confidence: 0.8
Step 3: Walter Gilbert co-taught courses with other notable Harvard faculty members. Confidence: 0.7
Step 4: One of his frequent collaborators was James D. Watson, co-discoverer of the DNA structure. Confidence: 0.6
Final Answer: James D. Watson Confidence: 0.6",James D. Watson,0.18144,0.0,0,1
729,5a8a2d7255429930ff3c0cdd,The runner-up in the 1999 World Drivers' Championship appears on the front cover of a racing video game developed by what company?,Studio 33,bridge,medium,"Step 1: First, identify the runner-up in the 1999 World Drivers' Championship. Confidence: 0.9
Step 2: The runner-up in the 1999 Formula 1 season was Eddie Irvine. Confidence: 0.8
Step 3: Find a racing video game featuring Eddie Irvine on its cover. Confidence: 0.7
Step 4: Eddie Irvine appears on the cover of ""Eddie Irvine Racing,"" a game developed by Rage Software. Confidence: 0.6
Final Answer: Rage Software Confidence: 0.6",Rage Software,0.18144,0.0,0,0
730,5a8caed75542996e8ac88b20,Who is a son of former Bosnian Serb footballer who played for the Yugoslavia national football team?,Stefan Mihajlović,bridge,easy,"Step 1: Identify former Bosnian Serb footballers who played for the Yugoslavia national football team. Confidence: 0.8  
Step 2: One notable player is Savo Milošević, a Bosnian Serb who played for Yugoslavia. Confidence: 0.7  
Step 3: Savo Milošević has a son named Nikola Milošević who is also a footballer. Confidence: 0.6  
Final Answer: Nikola Milošević Confidence: 0.6",Nikola Milošević,0.20159999999999997,0.0,0,0
731,5a7cfa2355429907fabef07e,"Who was born first, Monte Melkonian or Sid Haig?",Sid Haig,comparison,medium,"Step 1: Monte Melkonian was born on November 25, 1957. Confidence: 1.0  
Step 2: Sid Haig was born on July 14, 1939. Confidence: 1.0  
Final Answer: Sid Haig Confidence: 1.0",Sid Haig,1.0,1.0,1,1
732,5a7e1ee155429965cec5ea7f,Which album of Taylor Swift's the does the song appear that the optimistic lyrical message of Yodel It! has been compared to?,fifth album,bridge,hard,"Step 1: Identify the song ""Yodel It!"" and its optimistic lyrical message. Confidence: 0.8
Step 2: Research or recall comparisons of ""Yodel It!"" to Taylor Swift's songs with similar optimistic messages. Confidence: 0.7
Step 3: Determine which Taylor Swift song is most often compared to ""Yodel It!"" in terms of lyrical optimism. Confidence: 0.6
Step 4: Identify the album that the compared Taylor Swift song appears on. Confidence: 0.7
Final Answer: 1989 Confidence: 0.7",1989,0.16463999999999995,0.0,0,1
733,5ab6511f554299637185c680,What date was the ninth studio album by Brian Wayne Transeau released?,"August 16, 2013",bridge,medium,"Step 1: Brian Wayne Transeau is commonly known as BT. Confidence: 0.9  
Step 2: BT's ninth studio album is titled ""A Song Across Wires"". Confidence: 0.8  
Step 3: ""A Song Across Wires"" was released in 2013. Confidence: 0.8  
Final Answer: 2013 Confidence: 0.7",2013,0.4032,0.5,0,0
734,5ae1066655429945ae959498,"At which college did the quarterback, to whom Connor Cook was a third string backup, play his football ?",Fresno State.,bridge,medium,"Step 1: Connor Cook was a quarterback for Michigan State University. Confidence: 0.9  
Step 2: Connor Cook was a third-string backup to Kirk Cousins at Michigan State. Confidence: 0.8  
Step 3: Kirk Cousins played his college football at Michigan State University. Confidence: 0.9  
Final Answer: Michigan State University Confidence: 0.8",Michigan State University,0.5184000000000001,0.4,0,0
735,5ac01ee95542992a796dec98,How many of the Fortune Global 100 companies are clients of the management consulting firm that William D. Green retired from in 2013?,94,bridge,medium,"Step 1: William D. Green retired from Accenture in 2013. Confidence: 0.9  
Step 2: Accenture is a management consulting firm. Confidence: 0.9  
Step 3: Accenture serves many Fortune Global 100 companies, but exact numbers may vary. Confidence: 0.7  
Step 4: According to public data, Accenture has around 90-100 Fortune Global 500 clients, but exact Global 100 numbers are less common. Confidence: 0.6  
Final Answer: 70 Confidence: 0.6",70,0.20411999999999997,0.0,0,0
736,5a7151845542994082a3e7c3,What is the American sitcom created by Jeff Franklin and directed by Kathleen Garretson?,Fuller House,bridge,medium,"Step 1: Jeff Franklin is known for creating popular American sitcoms. Confidence: 0.9
Step 2: One of the most famous sitcoms created by Jeff Franklin is ""Full House."" Confidence: 0.8
Step 3: Kathleen Garretson directed episodes of ""Full House."" Confidence: 0.7
Final Answer: Full House Confidence: 0.7",Full House,0.3528,0.5,0,0
737,5ab3798755429969a97a8155,What bill president Clinton sign at the school mentioned in his wife’s book about childhood influences?,Goals 2000,bridge,medium,"Step 1: The question is asking about a bill that President Clinton signed at a school mentioned in Hillary Clinton's book about childhood influences. Confidence: 1.0  
Step 2: Hillary Clinton's book about childhood influences is ""It Takes a Village."" Confidence: 0.9  
Step 3: In ""It Takes a Village,"" Hillary Clinton mentions her high school, Maine South High School, as a significant influence. Confidence: 0.8  
Step 4: President Clinton signed the Family and Medical Leave Act (FMLA) into law in 1993. Confidence: 0.9  
Step 5: There is no widely known record of President Clinton signing the FMLA or any other major bill at Maine South High School. The question might be mistaken or refer to a less publicized event. Confidence: 0.7  
Final Answer: Family and Medical Leave Act Confidence: 0.6",Family and Medical Leave Act,0.27216,0.0,0,0
738,5a72ad525542994cef4bc3d0,Nico Constantine has worked with what Atlanta Gergia rock band?,Biters,bridge,medium,"Step 1: Nico Constantine is a songwriter and producer who has worked with various artists. Confidence: 0.8
Step 2: Atlanta Georgia is home to several notable rock bands, including Black Crowes and Mastodon. Confidence: 0.7
Step 3: Nico Constantine has collaborated with Mastodon, an Atlanta-based rock band. Confidence: 0.6
Final Answer: Mastodon Confidence: 0.6",Mastodon,0.20159999999999997,0.0,0,0
739,5ae1e7275542997f29b3c18b,Paul Eiding has the role of the Vault Tec Rep from the video game developed by which company?,Bethesda Game Studios,bridge,medium,"Step 1: Paul Eiding is a voice actor known for his work in video games. Confidence: 1.0
Step 2: The Vault Tec Rep is a character from the Fallout series. Confidence: 0.9
Step 3: The Fallout series was developed by Bethesda Softworks (and originally by Interplay Entertainment). Confidence: 0.8
Final Answer: Bethesda Softworks Confidence: 0.8",Bethesda Softworks,0.5760000000000001,0.4,0,0
740,5ac52ea65542996feb3fea0d,Salvador Duran Sanchez raced in which series where drivers solely represented their nation as opposed to themselves or a team?,A1 Grand Prix,bridge,medium,"Step 1: Salvador Duran Sanchez is a professional race car driver. Confidence: 0.9  
Step 2: The question asks about a racing series where drivers represent their nation. Confidence: 1.0  
Step 3: The most well-known racing series where drivers represent their nation is the A1 Grand Prix series. Confidence: 0.8  
Step 4: Salvador Duran Sanchez has competed in the A1 Grand Prix series. Confidence: 0.7  
Final Answer: A1 Grand Prix Confidence: 0.7",A1 Grand Prix,0.3528,1.0,1,1
741,5a8f1b07554299458435d579,"Which univeristy was founded first, Ege University or Pennsylvania State University?",Pennsylvania State University,comparison,medium,"Step 1: Ege University was founded in 1955. Confidence: 0.9
Step 2: Pennsylvania State University was founded in 1855. Confidence: 0.9
Final Answer: Pennsylvania State University Confidence: 0.9",Pennsylvania State University,0.7290000000000001,1.0,1,1
742,5ae3f2ac5542995ad6573cca,The Curtiss F7C Seahawk was a biplane that could be landed on which type of capital ship?,aircraft carrier,bridge,medium,"Step 1: The Curtiss F7C Seahawk was a naval biplane. Confidence: 0.9  
Step 2: Naval biplanes were typically used on aircraft carriers. Confidence: 0.8  
Step 3: The Seahawk was designed for carrier operations. Confidence: 0.7  
Final Answer: aircraft carrier Confidence: 0.7",aircraft carrier,0.3528,1.0,1,1
743,5abc175f5542996583600421,"Detective Inspector Richard Poole is a character in the crime drama television series ""Death in Paradise"", portrayed by an actor born in which year ?",1966,bridge,medium,"Step 1: Detective Inspector Richard Poole is a character in ""Death in Paradise"" portrayed by Ben Miller. Confidence: 0.9
Step 2: Ben Miller was born on February 24, 1966. Confidence: 0.9
Final Answer: 1966 Confidence: 0.8",1966,0.6480000000000001,1.0,1,1
744,5abd70e755429933744ab7da,The founder of the religious organization that established the Tama-Re village began founding Black Muslim groups in New York in what year?,1967,bridge,medium,"Step 1: The religious organization that established the Tama-Re village is the Nuwaubian Nation. Confidence: 0.8  
Step 2: The founder of the Nuwaubian Nation is Dwight York. Confidence: 0.9  
Step 3: Dwight York was initially associated with the Nation of Islam before branching out. Confidence: 0.7  
Step 4: The Nation of Islam and other Black Muslim groups began gaining prominence in New York in the 1930s. Confidence: 0.6  
Final Answer: 1930 Confidence: 0.6",1930,0.18144,0.0,0,0
745,5a7f58ed55429969796c1a09,"Romanogobio elimeius is a species of ray-finned fish in the Cyprinidae family found in Greece and the Republic of Macedonia, became a member of the United Nations in what year?",1993,bridge,easy,"Step 1: Romanogobio elimeius is a species of fish found in Greece and the Republic of Macedonia. Confidence: 1.0  
Step 2: The Republic of Macedonia is now known as North Macedonia. Confidence: 0.9  
Step 3: North Macedonia joined the United Nations on April 8, 1993. Confidence: 0.8  
Final Answer: 1993 Confidence: 0.8",1993,0.5760000000000001,1.0,1,1
746,5abe5a2d55429976d4830af7,What is the name of the only studio album that had a different tone than the album of the track The Sky is a Landfill ? ,Grace,bridge,medium,"Step 1: The track ""The Sky is a Landfill"" is by Jeff Buckley. Confidence: 0.8
Step 2: Jeff Buckley's only studio album is ""Grace."" Confidence: 0.9
Step 3: The question implies there is another album with a different tone, but Jeff Buckley only released one studio album. Confidence: 0.7
Step 4: The question might refer to posthumous releases or live albums, but none match the description. Confidence: 0.6
Final Answer: Grace Confidence: 0.7",Grace,0.21167999999999998,1.0,1,1
747,5ae75b84554299572ea547b5,The western border of Rankin County is formed by a river that flows through which US states ?,Mississippi and Louisiana,bridge,medium,"Step 1: First, I need to identify which river forms the western border of Rankin County. Confidence: 0.9  
Step 2: Rankin County is located in Mississippi, so the river in question must be the Pearl River. Confidence: 0.8  
Step 3: The Pearl River forms part of the border between Mississippi and Louisiana. Confidence: 0.7  
Step 4: The Pearl River flows through Mississippi and Louisiana before draining into the Gulf of Mexico. Confidence: 0.7  
Final Answer: Mississippi, Louisiana Confidence: 0.7","Mississippi, Louisiana",0.24695999999999999,0.8,0,1
748,5add35655542990dbb2f7dc6,Are both Noel Gallagher's High Flying Birds and Morphine English rock bands?,no,comparison,medium,"Step 1: Noel Gallagher's High Flying Birds is a band formed by Noel Gallagher, who is English and was part of the English rock band Oasis. Confidence: 0.9  
Step 2: Since Noel Gallagher is English, his band Noel Gallagher's High Flying Birds is likely an English rock band. Confidence: 0.9  
Step 3: Morphine was formed in the United States, specifically in Massachusetts. Confidence: 0.8  
Step 4: Since Morphine was formed in the US, it is not an English rock band. Confidence: 0.8  
Final Answer: No Confidence: 0.8",No,0.4147200000000001,1.0,1,1
749,5a7a75935542990783324f52,"Katerina Vladimirovna Tikhonova (born 31 August 1986) is the daughter of Vladimir Putin, an acrobatic dancer, and director of two initiatives at Moscow State University, the National Intellectual Development Foundation (NIDF) and the National Intellectual Reserve Centre (NIRC), what style of dance, that combines classical dance technique with precision acrobatic elements?",Acro dance,bridge,easy,"Step 1: Katerina Tikhonova is an acrobatic dancer. Confidence: 0.9
Step 2: The dance style that combines classical dance technique with acrobatic elements is likely to be a recognized hybrid form. Confidence: 0.8
Step 3: A well-known dance style that fits this description is ""acro dance"" or ""acrobatic dance."" Confidence: 0.7
Final Answer: acro dance Confidence: 0.7",acro dance,0.3528,1.0,1,1
750,5add39165542995b365faac0,"÷ (pronounced ""divide""), is the third studio album by English singer-songwriter Ed Sheeran, which lead single was released as a digital download on 6 January 2017 as one of the double lead singles from his third studio album ""÷"" (2017)?",Castle on the Hill,bridge,easy,"Step 1: Ed Sheeran's third studio album is titled ""÷"" (pronounced ""divide""). Confidence: 1.0  
Step 2: The album ""÷"" was released in 2017. Confidence: 1.0  
Step 3: The lead single from ""÷"" was released as a digital download on January 6, 2017. Confidence: 0.9  
Step 4: The lead single was one of the double lead singles from the album. Confidence: 0.8  
Final Answer: Shape of You Confidence: 0.85",Shape of You,0.6120000000000001,0.0,0,0
751,5a73ca3455429905862fe0be,"Krasnodar Krai Police, is the main law enforcement agency in Southern Russia, controlled system by which state or community term, commonly called, what?",Government,bridge,easy,"Step 1: Krasnodar Krai is a region in Southern Russia. Confidence: 1.0
Step 2: Police in Russia are generally controlled by the government. Confidence: 0.9
Step 3: The term commonly used for a state-controlled law enforcement system is ""police state."" Confidence: 0.7
Step 4: Another possible term is ""authoritarian state,"" but this is broader. Confidence: 0.6
Step 5: The most specific term for a state-controlled police system is ""police state."" Confidence: 0.8
Final Answer: police state Confidence: 0.8",police state,0.24192000000000002,0.0,0,0
752,5a8dd32f55429917b4a5bcbe,Where is the college located that Brian McGilloway currently teaches at?,West Tyrone,bridge,hard,"Step 1: Brian McGilloway is a Northern Irish writer known for crime fiction. Confidence: 0.9  
Step 2: Brian McGilloway has taught creative writing at various institutions. Confidence: 0.8  
Step 3: He has been associated with the Open University in the UK as a tutor. Confidence: 0.7  
Step 4: The Open University is a distance learning institution with no single physical campus. Confidence: 0.9  
Final Answer: Open University Confidence: 0.7",Open University,0.31751999999999997,0.0,0,0
753,5a75e42e55429976ec32bc7b,Which star of the Tenth Month was born on 1923 ?,Dina Merrill,bridge,medium,"Step 1: ""Tenth Month"" refers to a group of stars born in October. Confidence: 0.9  
Step 2: ""The Tenth Month"" is often associated with the Libra zodiac sign (dates: September 23 - October 22). Confidence: 0.8  
Step 3: Notable stars born in October 1923 are likely to be celebrities or historical figures. Confidence: 0.7  
Step 4: One famous person born in October 1923 is Charlton Heston (born October 4, 1923). Confidence: 0.9  
Final Answer: Charlton Heston Confidence: 0.9",Charlton Heston,0.40824,0.0,0,0
754,5a87a99e5542996e4f3088b4,Mantra began selling high-end bottled water from what village?,Vatnestrøm,bridge,medium,"Step 1: Mantra is a brand known for its premium bottled water. Confidence: 0.9
Step 2: Mantra sources its water from natural springs, often in remote or prestigious locations. Confidence: 0.8
Step 3: One of the most famous villages associated with high-end bottled water is Vergèze in France, known for Perrier. Confidence: 0.7
Step 4: Mantra is not directly linked to Vergèze; it sources its water from the Canadian Rockies. Confidence: 0.6
Step 5: The specific village in the Canadian Rockies associated with Mantra is likely to be Hope, British Columbia. Confidence: 0.5
Final Answer: Hope Confidence: 0.5",Hope,0.0756,0.0,0,0
755,5ab6c1fc554299710c8d1f4e,John P. Buchanan's lone term as governor was largely marred by a labor uprising that took place primarily in what county in Tennessee?,Anderson County,bridge,medium,"Step 1: John P. Buchanan was the governor of Tennessee from 1891 to 1893. Confidence: 0.9  
Step 2: During his term, there was a significant labor uprising known as the Coal Creek War or the Coal Creek Miners' Insurrection. Confidence: 0.9  
Step 3: The Coal Creek War primarily involved miners and occurred in the area around Coal Creek, Tennessee. Confidence: 0.8  
Step 4: Coal Creek is located in Anderson County, Tennessee. Confidence: 0.9  

Final Answer: Anderson Confidence: 0.8",Anderson,0.46656000000000014,0.6666666666666666,0,1
756,5a89ebab5542993b751ca9b6,"Jimmie Hunt , Czech, based basketball player, played for Franklin Pierce at college level, in which U.S. state?",New Hampshire,bridge,medium,"Step 1: Jimmie Hunt is a Czech basketball player who played for Franklin Pierce at the college level. Confidence: 0.9
Step 2: Franklin Pierce University is a college in the United States. Confidence: 0.9
Step 3: Franklin Pierce University is located in New Hampshire. Confidence: 0.8
Final Answer: New Hampshire Confidence: 0.8",New Hampshire,0.5184000000000001,1.0,1,1
757,5ab847f055429919ba4e229e,"Which movie that was the remake of the 1987 film of the same name stars the actor who also had a role in AMC's ""The Killing""?",RoboCop,bridge,medium,"Step 1: Identify the actor who had a role in AMC's ""The Killing."" Confidence: 0.9
Step 2: One actor from ""The Killing"" is Joel Kinnaman. Confidence: 0.8
Step 3: Check Joel Kinnaman's filmography for remakes of 1987 films. Confidence: 0.7
Step 4: Joel Kinnaman starred in the 2014 remake of ""RoboCop,"" which was originally released in 1987. Confidence: 0.8
Final Answer: RoboCop Confidence: 0.7",RoboCop,0.28224,1.0,1,1
758,5add063a5542992c1e3a2515,"The Badger Creek Wilderness is a 29057 acre wilderness area located east of Mount Hood in the northwestern Cascades of Oregon, which is located about 50 mi east-southeast of what city? ",Portland,bridge,easy,"Step 1: The Badger Creek Wilderness is located east of Mount Hood in Oregon. Confidence: 0.9  
Step 2: Mount Hood is located about 50 miles east-southeast of a major city in Oregon. Confidence: 0.8  
Step 3: The major city near Mount Hood in Oregon is Portland. Confidence: 0.9  
Final Answer: Portland Confidence: 0.8",Portland,0.5184000000000001,1.0,1,1
759,5ab7b03e5542992aa3b8c83b,Wild and Woolly starred the American actor who was also a professional in what other discipline?,dog breeder,bridge,hard,"Step 1: ""Wild and Woolly"" is a 1917 silent film. Confidence: 0.9
Step 2: The film starred Douglas Fairbanks, an American actor. Confidence: 0.9
Step 3: Douglas Fairbanks was also a professional fencer. Confidence: 0.8
Final Answer: fencing Confidence: 0.8",fencing,0.5184000000000001,0.0,0,0
760,5ab514745542991779162d71,"The revolution, in which Thomas Osborne, 1st Duke of Leads was a monarch during, is also referred to as what? ",Revolution of 1688,bridge,medium,"Step 1: Thomas Osborne, 1st Duke of Leads is a historical figure, likely from Britain. Confidence: 0.8  
Step 2: The title ""1st Duke of Leeds"" (corrected spelling) suggests he lived in the 17th or 18th century. Confidence: 0.9  
Step 3: Thomas Osborne, 1st Duke of Leeds, was a prominent political figure during the reign of Charles II and James II. Confidence: 0.8  
Step 4: The revolution during his time was likely the Glorious Revolution of 1688. Confidence: 0.7  
Final Answer: Glorious Revolution Confidence: 0.7",Glorious Revolution,0.28224,0.4,0,1
761,5a7c89505542990527d554c7,Which of the stars on Le Jaguar is also a professional poker player?,Patrick Bruel,bridge,medium,"Step 1: Le Jaguar is a French TV show, so the reference is likely to people associated with the French entertainment industry. Confidence: 0.8
Step 2: A well-known French celebrity who is also a professional poker player is Patrick Bruel. Confidence: 0.7
Step 3: Patrick Bruel has been a guest or participant in various French TV shows, including game shows and talk shows. Confidence: 0.6
Step 4: Assuming ""stars on Le Jaguar"" refers to celebrities who have appeared on the show, Patrick Bruel is a plausible candidate. Confidence: 0.5
Final Answer: Patrick Bruel Confidence: 0.5",Patrick Bruel,0.08399999999999999,1.0,1,1
762,5a89ebf7554299669944a61c,"Who were an English rock band formed in 2009, by lead vocalist Liam Gallagher, guitarists Gem Archer and Andy Bell, and drummer Chris Sharrock, all former members of Oasis, Spiritualized or Beady Eye ?",Beady Eye,comparison,easy,"Step 1: Identify the lead vocalist mentioned, Liam Gallagher, who was part of Oasis and Beady Eye. Confidence: 0.9  
Step 2: Recognize Gem Archer and Andy Bell as former members of Oasis and other bands like Heavy Stereo and Ride. Confidence: 0.8  
Step 3: Note Chris Sharrock, the drummer, who played with Oasis and other artists like Robbie Williams. Confidence: 0.8  
Step 4: Combine the information to recall that these members formed a new band after Oasis disbanded. Confidence: 0.9  
Final Answer: Beady Eye Confidence: 0.3  

(Note: The correct answer is actually ""Beady Eye,"" but the question mentions them as ""former members"" of Beady Eye, which is incorrect and confusing. Re-reading the question, the answer should be ""Beady Eye"" since they are the band formed by these members in 2009, not former members of it. Updating confidence.)  

Final Answer: Beady Eye Confidence: 0.9",Beady Eye,0.139968,1.0,1,1
763,5a73249f5542992359bc3245,"In what Belgium city, beseiged by Irish soldiers, was Madelaine Verbrugge shot & killed? ",Jadotville,bridge,hard,"Step 1: The question mentions a siege involving Irish soldiers in Belgium during a historical conflict. Confidence: 0.9  
Step 2: Historically, Irish soldiers were involved in the Siege of Antwerp in 1832 as part of the Ten Days' Campaign. Confidence: 0.8  
Step 3: Madelaine Verbrugge was likely a casualty of the Siege of Antwerp. Confidence: 0.7  
Final Answer: Antwerp Confidence: 0.7",Antwerp,0.3528,0.0,0,0
764,5adfe75555429942ec259b7a,Bacon is a native of a city whose nickname is what?,Queen City of the Ozarks,bridge,medium,"Step 1: Bacon is commonly associated with the phrase ""Bringing home the bacon,"" which originates from the English town of Dunmow. Confidence: 0.7
Step 2: The town of Dunmow is famous for its ""Dunmow Flitch Trials,"" where couples prove their marital happiness to win a side of bacon (a flitch). Confidence: 0.8
Step 3: Dunmow is sometimes referred to by the nickname ""The Bacon Town"" due to its association with the Flitch Trials. Confidence: 0.6
Final Answer: The Bacon Town Confidence: 0.7",The Bacon Town,0.23519999999999996,0.0,0,0
765,5ae49eaf55429970de88d9df,What is the miles of road which Kirkby la Thorpe village is near the start of ,62 miles,bridge,medium,"Step 1: Kirkby la Thorpe is a village in Lincolnshire, England. Confidence: 0.9  
Step 2: The question implies there is a road that starts near Kirkby la Thorpe. Confidence: 0.8  
Step 3: A notable road starting near Lincolnshire is the A17 road, which connects Newark-on-Trent to King's Lynn. Confidence: 0.7  
Step 4: The A17 road is approximately 61 miles long. Confidence: 0.7  
Final Answer: 61 Confidence: 0.6",61,0.21168,0.0,0,0
766,5adc9f2a5542994ed6169bb3,what was the nationality of both David Berman and Bugsy Siegel ? ,Jewish-American,bridge,medium,"Step 1: David Berman was a Jewish-American organized crime figure. Confidence: 0.9  
Step 2: Bugsy Siegel was also a Jewish-American organized crime figure. Confidence: 0.9  
Final Answer: American Confidence: 0.9",American,0.7290000000000001,0.0,0,0
767,5ae4beb65542995ad6573e3b,Which  American vocal group is Emperors of Soul  a 1994 box set compilation for,The Temptations,bridge,medium,"Step 1: The term ""Emperors of Soul"" suggests a group known for soul music. Confidence: 0.8  
Step 2: A 1994 box set compilation would likely be for a group with a significant catalog of hits. Confidence: 0.9  
Step 3: The Temptations are a famous American vocal group known for soul music. Confidence: 0.85  
Step 4: ""Emperors of Soul"" is indeed the title of a 1994 box set by The Temptations. Confidence: 0.9  
Final Answer: The Temptations Confidence: 0.9",The Temptations,0.49572000000000005,1.0,1,1
768,5a8ba093554299240d9c203f,The Colts' first ever draft pick was a halfback who won the Heisman Trophy in what year?,1952,bridge,medium,"Step 1: The Colts' first ever draft pick was Billy Vessels, a halfback. Confidence: 0.8
Step 2: Billy Vessels won the Heisman Trophy in 1952. Confidence: 0.9
Final Answer: 1952 Confidence: 0.9",1952,0.6480000000000001,1.0,1,1
769,5a88e4815542993b751ca8b5,Steven Gilmore who has created promotional materials for the 2008 film The Dark Night is most known for his artwork in what other form?,album cover design,bridge,hard,"Step 1: Steven Gilmore is known for his work in the music industry, particularly album artwork design. Confidence: 0.8
Step 2: He has created iconic album covers for bands like Pink Floyd and The Beatles. Confidence: 0.7
Final Answer: album artwork Confidence: 0.8",album artwork,0.44799999999999995,0.4,0,1
770,5abf0aa65542997719eab633,Kronk's New Groove is a sequel to a movie directed by whom?,Mark Dindal,bridge,medium,"Step 1: ""Kronk's New Groove"" is a direct-to-video sequel to ""The Emperor's New Groove."" Confidence: 0.9
Step 2: ""The Emperor's New Groove"" was directed by Mark Dindal. Confidence: 0.8
Final Answer: Mark Dindal Confidence: 0.72",Mark Dindal,0.5184000000000001,1.0,1,1
771,5a7dfcfb5542995f4f40236f,"Which film director was born earlier, Lewis Gilbert or Kiyoshi Kurosawa?",Lewis Gilbert,comparison,medium,"Step 1: Lewis Gilbert was born on March 6, 1920. Confidence: 0.9
Step 2: Kiyoshi Kurosawa was born on July 19, 1955. Confidence: 0.9
Final Answer: Lewis Gilbert Confidence: 0.9",Lewis Gilbert,0.7290000000000001,1.0,1,1
772,5abf0ff25542993fe9a41dce,What kind of teaching does How I Got Over and Mahalia Jackson have in common?,Gospel,bridge,medium,"Step 1: How I Got Over is a gospel song performed by Mahalia Jackson. Confidence: 0.9  
Step 2: Mahalia Jackson is known for her contributions to gospel music. Confidence: 0.95  
Step 3: Gospel music often carries religious or spiritual teachings. Confidence: 0.85  
Final Answer: gospel/spiritual teachings Confidence: 0.9",gospel/spiritual teachings,0.6540750000000001,0.0,0,1
773,5adbd0845542996e6852524c,Which party did the Prime Minister of Norway belong to when the Tresfjord Bridge was opened to traffic?,Conservative Party,bridge,medium,"Step 1: First, we need to find out when the Tresfjord Bridge was opened to traffic. Confidence: 0.9
Step 2: The Tresfjord Bridge was opened on October 31, 2015. Confidence: 0.8
Step 3: Next, we need to determine who was the Prime Minister of Norway in 2015. Confidence: 0.9
Step 4: In 2015, the Prime Minister of Norway was Erna Solberg. Confidence: 0.9
Step 5: Finally, we need to identify the political party Erna Solberg belonged to in 2015. Confidence: 0.9
Final Answer: Høyre Confidence: 0.8",Høyre,0.4199040000000001,0.0,0,1
774,5ade2dbe554299728e26c662,Mercy Drive has created entrance themes for the actor and wrestler who is currently signed to what company?,WWE,bridge,medium,"Step 1: Mercy Drive is a band known for creating entrance themes for professional wrestlers. Confidence: 0.9  
Step 2: One of the wrestlers for whom Mercy Drive created an entrance theme is John Cena. Confidence: 0.8  
Step 3: John Cena is both an actor and a wrestler. Confidence: 0.9  
Step 4: John Cena is currently signed to WWE. Confidence: 0.9  
Final Answer: WWE Confidence: 0.8",WWE,0.46656000000000014,1.0,1,1
775,5abf931e5542994516f454c4,Who was William Stephens Smith's wife named after?,her mother,bridge,hard,"Step 1: William Stephens Smith was an American lawyer and politician who was married to Abigail ""Nabby"" Adams. Confidence: 0.9  
Step 2: Abigail ""Nabby"" Adams was the daughter of John Adams and Abigail Adams. Confidence: 0.9  
Step 3: Abigail Adams is a well-known historical figure, and her name is derived from the biblical figure Abigail. Confidence: 0.8  
Final Answer: Abigail (from the Bible) Confidence: 0.8",Abigail (from the Bible),0.5184000000000001,0.0,0,0
776,5a7d248b554299452d57bb1d,What country of origin does All I Want for Christmas Is You and Merry Christmas have in common?,American,bridge,medium,"Step 1: ""All I Want for Christmas Is You"" is a popular Christmas song by Mariah Carey. Confidence: 0.9
Step 2: ""Merry Christmas"" is the album by Mariah Carey that includes ""All I Want for Christmas Is You"". Confidence: 0.9
Step 3: Mariah Carey is a singer from the United States. Confidence: 0.8
Final Answer: United States Confidence: 0.8",United States,0.5184000000000001,0.0,0,1
777,5a77f67f55429949eeb29fc5,Which mountain is located mostly in America's longest linear park?,Tomkins Mountain,bridge,hard,"Step 1: America's longest linear park is the Bay Circuit Trail in Massachusetts. Confidence: 0.7
Step 2: The Bay Circuit Trail spans 200 miles and passes through various natural areas, but it doesn't prominently feature any major mountains. Confidence: 0.6
Step 3: The park is mostly flat or rolling terrain, so the question might refer to a different park. Confidence: 0.5
Step 4: Another candidate for America's longest linear park is Minuteman Bikeway in Massachusetts, but it's also flat. Confidence: 0.4
Final Answer: No prominent mountain is located within America's longest linear park. Confidence: 0.6",No prominent mountain is located within America's longest linear park.,0.0504,0.16666666666666669,0,0
778,5a867a1955429960ec39b6b2,What 1987 film was Danny devito's directorial debute?,Throw Momma from the Train,bridge,easy,"Step 1: Danny DeVito is a well-known actor and director. Confidence: 0.9
Step 2: He has directed several films throughout his career. Confidence: 0.9
Step 3: His directorial debut was in the 1980s. Confidence: 0.8
Step 4: He directed and starred in a comedy film released in 1987. Confidence: 0.7
Final Answer: Throw Momma from the Train Confidence: 0.8",Throw Momma from the Train,0.3628800000000001,1.0,1,1
779,5adcfdb55542992c1e3a24e8,"The 2015 film ""Home"" included a song that premiered on BBC Radio by what artist?",Rihanna,bridge,medium,"Step 1: The film ""Home"" is an animated movie released in 2015. Confidence: 0.9  
Step 2: The soundtrack of ""Home"" includes a song called ""Feel the Light"" by Jennifer Lopez. Confidence: 0.8  
Step 3: ""Feel the Light"" was indeed premiered on BBC Radio 1. Confidence: 0.7  
Final Answer: Jennifer Lopez Confidence: 0.8",Jennifer Lopez,0.4032,0.0,0,0
780,5a836b6b5542992ef85e22b7,"The Broadway Mob was headed by ""Joey A"" who was born with what given name?",Giuseppe Antonio Doto,bridge,medium,"Step 1: The Broadway Mob was a New York-based organized crime group active in the early 20th century. Confidence: 0.8  
Step 2: ""Joey A"" is a known nickname for Giuseppe Arena, a prominent member of the Broadway Mob. Confidence: 0.7  
Step 3: Giuseppe Arena's given name at birth was Giuseppe, as ""Joey"" is an Anglicized version of Giuseppe. Confidence: 0.9  
Final Answer: Giuseppe Confidence: 0.8",Giuseppe,0.4032,0.5,0,0
781,5ae011cc554299025d62a3e0,"Varun Khaitan, an Indian entrepreneur and co-founder of UrbanClap, an e-commerce platform that connects local service providers with customers who are in need of their services, he was featured on a list of ""30 Under 30"", for which Indian edition of ""Forbes"" which is managed by the large Raghav Bahl-owned media conglomerate, Network 18?",Forbes India,bridge,easy,"Step 1: UrbanClap is now known as Urban Company. Confidence: 0.9  
Step 2: Varun Khaitan was featured in Forbes India's ""30 Under 30"" list. Confidence: 0.8  
Step 3: Forbes India is managed by Network 18. Confidence: 0.9  
Step 4: Network 18 is owned by Raghav Bahl. Confidence: 0.9  
Final Answer: Forbes India Confidence: 0.8",Forbes India,0.46656000000000014,1.0,1,1
782,5abaaf68554299232ef4a372,"Where is the NCAA bowl, which made its debut in the 1935-36 season, held?","El Paso, Texas",bridge,medium,"Step 1: The NCAA bowl that debuted in the 1935-36 season is the Orange Bowl. Confidence: 0.8
Step 2: The Orange Bowl is traditionally held in Miami, Florida. Confidence: 0.9
Final Answer: Miami, Florida Confidence: 0.85","Miami, Florida",0.6120000000000001,0.0,0,0
783,5ae1083e554299422ee995d7,"Which singer also produced records, Eugene Hütz or Alex Chilton?",Alexander Chilton,comparison,hard,"Step 1: Identify who Eugene Hütz is. He is the lead singer of the band Gogol Bordello. Confidence: 0.8
Step 2: Identify who Alex Chilton is. He was a singer-songwriter known for his work with Big Star and The Box Tops. Confidence: 0.8
Step 3: Check if Eugene Hütz produced records. While he is known for his eclectic performances, there is no significant record production credit associated with him. Confidence: 0.7
Step 4: Check if Alex Chilton produced records. Alex Chilton did produce records, including his own work and some for other artists. Confidence: 0.9
Final Answer: Alex Chilton Confidence: 0.9",Alex Chilton,0.36288000000000004,0.5,0,1
784,5a732b9e5542991f29ee2d2a,Which 2011 European drama film was directed by Italian film director and screenwriter Paolo Sorrentino?,This Must Be the Place,bridge,medium,"Step 1: Paolo Sorrentino is an Italian film director known for his visually stunning and often introspective films. Confidence: 0.9  
Step 2: In 2011, Sorrentino directed ""This Must Be the Place,"" which stars Sean Penn. Confidence: 0.85  
Final Answer: This Must Be the Place Confidence: 0.85",This Must Be the Place,0.65025,1.0,1,1
785,5ab826fb55429934fafe6cf3,Jeremy J. Ford and Randal Kleiser are both what?,film director,comparison,medium,"Step 1: Jeremy J. Ford and Randal Kleiser sound like names of individuals, possibly in the entertainment industry. Confidence: 0.8
Step 2: Searching for Jeremy J. Ford reveals he is an actor known for roles in films like ""The Maze Runner"" and ""The Quarry"". Confidence: 0.9
Step 3: Searching for Randal Kleiser reveals he is a director known for films like ""Grease"" and ""The Blue Lagoon"". Confidence: 0.9
Step 4: Both Jeremy J. Ford and Randal Kleiser are involved in the film industry, but in different roles (actor vs. director). Confidence: 0.8
Step 5: Considering that the question asks what they both are, the most general answer would be that they are both filmmakers or professionals in the film industry. Confidence: 0.7

Final Answer: filmmakers Confidence: 0.7",filmmakers,0.254016,0.0,0,1
786,5ae720455542996d980e7cb1,911 / Mr. Lonely features vocals by the Norwegian singer-songwriter from what city?,Gjøvik,bridge,hard,"Step 1: ""911 / Mr. Lonely"" is a song by Tyler, The Creator featuring vocals by Norwegian singer-songwriter. Confidence: 0.9  
Step 2: The Norwegian singer-songwriter featured in the song is Kali Uchis' collaborator, but this seems incorrect. The actual vocalist is Frank Ocean and Kali Uchis isn't Norwegian. Re-evaluating: the Norwegian artist is likely referring to someone else (correction needed). Confidence: 0.3  
Step 3: The Norwegian singer-songwriter featured in ""911 / Mr. Lonely"" is actually Benny Sings, not Frank Ocean or Kali Uchis. Confidence: 0.8  
Step 4: Benny Sings is from the Netherlands, not Norway (this is incorrect; correcting again). The Norwegian singer-songwriter in question is actually Anna of the North. Confidence: 0.7  
Step 5: Anna of the North is from Gjøvik, Norway. Confidence: 0.8  
Final Answer: Gjøvik Confidence: 0.7",Gjøvik,0.084672,1.0,1,1
787,5ab711595542993667793f26,"The Slender Man (also known as Slenderman) is a fictional supernatural character that originated as a creepypasta Internet meme, an activity, concept, catchphrase or piece of media which spreads, often as mimicry or for humorous purposes, from person to person via the Internet, created by which Something Awful forums user, also known as ""Victor Surge""?",Eric Knudsen,bridge,easy,"Step 1: The Slender Man was created as part of a Photoshop contest on the Something Awful forums. Confidence: 0.9
Step 2: The creator of Slender Man used the pseudonym ""Victor Surge"" on the Something Awful forums. Confidence: 0.8
Step 3: Victor Surge's real name is Eric Knudsen. Confidence: 0.7
Final Answer: Eric Knudsen Confidence: 0.7",Eric Knudsen,0.3528,1.0,1,1
788,5ab8740c55429934fafe6dcb,"In between Milky Chance and Jesus Jones which bands track is ""Right Here, Right Now"" ?",Jesus Jones,comparison,medium,"Step 1: Identify the genre or era of the bands mentioned - Milky Chance and Jesus Jones are both bands associated with alternative or indie music. Confidence: 0.8
Step 2: Recall that ""Right Here, Right Now"" is a well-known song from the late 80s or early 90s. Confidence: 0.9
Step 3: Determine which band was active during that period - Jesus Jones was active in the late 80s and early 90s, while Milky Chance emerged much later in the 2010s. Confidence: 0.85
Final Answer: Jesus Jones Confidence: 0.95",Jesus Jones,0.5814,1.0,1,1
789,5ae0b22c55429924de1b712f,"Land of Silence and Darkness and Gates of Heaven, are films of which genre?",documentary,comparison,easy,"Step 1: ""Land of Silence and Darkness"" and ""Gates of Heaven"" are titles of films. Confidence: 1.0  
Step 2: I recognize ""Land of Silence and Darkness"" as a documentary by Werner Herzog. Confidence: 0.9  
Step 3: ""Gates of Heaven"" is also a documentary, directed by Errol Morris. Confidence: 0.9  
Final Answer: documentary Confidence: 0.9",documentary,0.7290000000000001,1.0,1,1
790,5a8ce1a8554299441c6b9f4f,Ulrich Wegener was a founding member of a counter-terrorist force that is a tactical unit of what police force?,German Federal Police,bridge,hard,"Step 1: Ulrich Wegener was a founding member of GSG 9. Confidence: 0.9
Step 2: GSG 9 is a counter-terrorist and special operations unit. Confidence: 0.9
Step 3: GSG 9 is part of the German Federal Police. Confidence: 0.8
Final Answer: German Federal Police Confidence: 0.8",German Federal Police,0.5184000000000001,1.0,1,1
791,5abdd2405542991f66106050,The attraction that replaced Twister... Ride It Out in 2017 was based on what show?,"""The Tonight Show""",bridge,medium,"Step 1: Twister... Ride It Out was an attraction at Universal Studios Florida. Confidence: 0.9  
Step 2: The attraction was replaced in 2017. Confidence: 0.9  
Step 3: Universal Studios often bases attractions on popular films or TV shows. Confidence: 0.8  
Step 4: The replacement attraction in 2017 was ""Race Through New York Starring Jimmy Fallon."" Confidence: 0.7  
Step 5: Jimmy Fallon's show is ""The Tonight Show Starring Jimmy Fallon."" Confidence: 0.9  

Final Answer: The Tonight Show Starring Jimmy Fallon Confidence: 0.8",The Tonight Show Starring Jimmy Fallon,0.32659200000000005,0.5714285714285715,0,1
792,5abcf0f355429959677d6b5a,The cast of Bulldog Drummond Comes Back included an English actor who as also an amateur champion of what sport?,boxing,bridge,medium,"Step 1: ""Bulldog Drummond Comes Back"" is a 1937 film. Confidence: 0.9  
Step 2: One of the cast members of the film was John Barrymore, an English actor. Confidence: 0.8  
Step 3: John Barrymore was known not only as an actor but also for his interest in boxing. Confidence: 0.7  
Step 4: There is limited information about John Barrymore being an amateur champion, but he was associated with boxing. Confidence: 0.6  
Step 5: Assuming John Barrymore was the actor in question, the sport would likely be boxing. Confidence: 0.5  

Final Answer: boxing Confidence: 0.5",boxing,0.0756,1.0,1,1
793,5ac26d2955429951e9e685b6,Are Leping and Meixian District under the administration of the same city?,no,comparison,medium,"Step 1: Leping is a county-level city in Jiangxi Province, China. Confidence: 0.8  
Step 2: Meixian District is a district in Meizhou, Jiangxi Province, China. Confidence: 0.7  
Step 3: Leping is under the administration of Jingdezhen City, Jiangxi Province. Confidence: 0.8  
Step 4: Meixian District is under the administration of Meizhou City, Guangdong Province. Confidence: 0.8  
Step 5: Jingdezhen City and Meizhou City are two different cities. Confidence: 0.9  
Final Answer: No Confidence: 0.8",No,0.258048,1.0,1,1
794,5ac422f0554299194317392d,"Which one of the original five members of the Mission Mountain Wood Band was born in January, 1948?",Rob Quist,bridge,medium,"Step 1: Identify the original five members of the Mission Mountain Wood Band. Confidence: 0.8  
Step 2: Research or recall the birth dates of the original five members. Confidence: 0.7  
Step 3: Check which member's birth date matches January 1948. Confidence: 0.6  
Final Answer: Rob Leisy Confidence: 0.6",Rob Leisy,0.20159999999999997,0.5,0,0
795,5ab938415542996be2020451,"Which wind-instrument-heavy genre of music did Dolores Janney ""Jenni"" Rivera Saavedra play to garner the title of ""top Latin artist of 2013""?",Banda,bridge,medium,"Step 1: Dolores Janney ""Jenni"" Rivera Saavedra is a Mexican-American singer known for her work in regional Mexican music. Confidence: 0.9
Step 2: Regional Mexican music often includes subgenres like banda, norteño, and ranchera, which prominently feature wind instruments. Confidence: 0.8
Step 3: Jenni Rivera was particularly associated with the banda and norteño genres. Confidence: 0.7
Final Answer: banda Confidence: 0.7",banda,0.3528,1.0,1,1
796,5ab9721155429970cfb8eaf9,When did the person Kosti Vehanen spend a decade accompanying die?,"April 8, 1993",bridge,medium,"Step 1: Kosti Vehanen was a Finnish composer and pianist. Confidence: 0.9
Step 2: He is notably known for accompanying the singer Marian Anderson during the 1930s. Confidence: 0.8
Step 3: The decade of the 1930s spans from 1930 to 1939. Confidence: 1.0
Step 4: Therefore, Kosti Vehanen spent a decade accompanying Marian Anderson during the 1930s. Confidence: 0.7
Final Answer: 1930s Confidence: 0.7",1930s,0.3528,0.0,0,0
797,5abaf6fc5542996cc5e49f3e,"Peter Francese works with many non-profit organizations and major American corporations, such as one of  the largest global providers of insurance, annuities, and employee benefit programs with how many customers?",90 million,bridge,medium,"Step 1: Peter Francese is a demographics expert who works with non-profit organizations and major corporations. Confidence: 0.9  
Step 2: One of the largest global providers of insurance, annuities, and employee benefit programs is likely MetLife. Confidence: 0.8  
Step 3: MetLife serves approximately 100 million customers worldwide. Confidence: 0.7  
Final Answer: 100 million Confidence: 0.7",100 million,0.3528,0.5,0,0
798,5adec8ef5542995ec70e8f11,"Which comedy series aired it's second to last season opener with the title ""11 Years Later""?",Will & Grace,bridge,medium,"Step 1: The phrase ""11 Years Later"" suggests a significant time jump in the series. Confidence: 0.8
Step 2: Comedy series that have had long runs and potential for significant time jumps include ""Arrested Development"" and ""Community."" Confidence: 0.7
Step 3: ""Arrested Development"" had a notable time jump between its original run and revival, but its season openers don't match the title. Confidence: 0.6
Step 4: ""Community"" had a season opener titled ""Repilot,"" which involved a time jump, but not exactly ""11 Years Later."" Confidence: 0.5
Step 5: Another possibility is ""How I Met Your Mother,"" which had a time-jump-heavy narrative, but no season opener matches this title. Confidence: 0.4
Final Answer: Community Confidence: 0.5",Community,0.0336,0.0,0,0
799,5abde4c255429976d4830a19,"What Jennifer 8 star also appeared on the cover of ""Vogue""?",Uma Thurman,bridge,medium,"Step 1: Jennifer 8 is likely a typo or misunderstanding, and the question is probably referring to a celebrity named Jennifer with an 8-letter last name. Confidence: 0.9  
Step 2: Celebrities named Jennifer with 8-letter last names include Jennifer Aniston and Jennifer Lawrence. Confidence: 0.8  
Step 3: Both Jennifer Aniston and Jennifer Lawrence have appeared on the cover of ""Vogue."" Confidence: 0.7  
Step 4: The question specifies ""star,"" which could imply recent or highly notable appearances. Jennifer Lawrence is a more recent and frequent ""Vogue"" cover star. Confidence: 0.6  
Final Answer: Jennifer Lawrence Confidence: 0.6",Jennifer Lawrence,0.18144,0.0,0,0
800,5a7cc7cc554299683c1c6377,"Mital Sharipov (Russian: Митал Шарипов ; born April 13, 1972 in Bishkek) is a retired Kyrgyzstani weightlifter, Bishkek , formerly Pishpek and Frunze, is the capital and largest city of Kyrgyzstan, in which country ?",Kyrgyz Republic,bridge,easy,"Step 1: Mital Sharipov is a retired Kyrgyzstani weightlifter. Confidence: 0.9
Step 2: Bishkek is the capital and largest city of Kyrgyzstan. Confidence: 0.95
Step 3: The question asks about the country of Kyrgyzstan, which is already given as Kyrgyzstan. Confidence: 0.9
Final Answer: Kyrgyzstan Confidence: 0.95",Kyrgyzstan,0.7310249999999999,0.0,0,1
801,5abcd14855429965836004b2,Are both The Kooks and The Deadly Syndrome from Los Angeles?,no,comparison,medium,"Step 1: The Kooks are a British indie rock band formed in Brighton, England. Confidence: 0.9
Step 2: The Deadly Syndrome are an indie rock band from Los Angeles, California. Confidence: 0.8
Final Answer: No Confidence: 0.85",No,0.6120000000000001,1.0,1,1
802,5a73cd0255429908901be33b,"Which ""Outlaw"" star was nominated for an Emmy in 2013?",Rupert Friend,bridge,medium,"Step 1: Identify the TV show ""Outlaw"" that was around in 2013. Confidence: 0.9  
Step 2: The show ""Outlaw"" aired in 2010, so likely not in 2013, but check if any actors were nominated in 2013 for other projects. Confidence: 0.8  
Step 3: The main star of ""Outlaw"" was Jimmy Smits. Confidence: 0.95  
Step 4: Check if Jimmy Smits was nominated for an Emmy in 2013. Confidence: 0.7  
Final Answer: Jimmy Smits Confidence: 0.85",Jimmy Smits,0.40698,0.0,0,0
803,5ae1ec5e554299492dc91bad,"Yuri Bondarev and Oscar Kurganov wrote the script for the sequel to this four-part 1977 film epic, starring who?",Mikhail Ulyanov,bridge,hard,"Step 1: First, identify the four-part 1977 film epic. A well-known four-part film from 1977 is ""The Ascent"" (Voskhozhdeniye), but it is not a four-part epic. The correct film is likely ""The Dawns Here Are Quiet"" (A zori zdes tikhie), but it is not a four-part epic either. Confidence: 0.5
Step 2: The most probable four-part 1977 film epic is ""Moscow Does Not Believe in Tears,"" but it was released in 1979. This suggests another candidate: ""The Legend of Till Eulenspiegel"" is a 1977 film but not a four-part epic. Confidence: 0.3
Step 3: The correct answer is likely ""The Irony of Fate,"" but it is not a four-part epic. Another possibility is ""The Twelve Chairs,"" but it was released in 1971. Confidence: 0.2
Step 4: The most plausible four-part 1977 film epic is ""The Meeting Place Cannot Be Changed,"" but it was released in 1979 as a miniseries. Confidence: 0.1
Step 5: Given the confusion, the best guess for the four-part 1977 film epic is ""The Twelve Chairs,"" with possibly incorrect year attribution. Confidence: 0.1
Final Answer: (No confident answer due to insufficient information) Confidence: 0.0",(No confident answer due to insufficient information),0.0,0.0,0,0
804,5adda1b55542997dc790700a,"The city in which Kannada University is based is recognised as what under the name of ""Group of Monuments at Hampi""?",UNESCO World Heritage Site,bridge,medium,"Step 1: Kannada University is located in Hampi, Karnataka. Confidence: 0.9  
Step 2: Hampi is famous for its historical ruins and monuments from the Vijayanagara Empire. Confidence: 0.9  
Step 3: The ""Group of Monuments at Hampi"" is a UNESCO World Heritage Site. Confidence: 0.95  
Final Answer: UNESCO World Heritage Site Confidence: 0.95",UNESCO World Heritage Site,0.7310249999999999,1.0,1,1
805,5a7263995542997f82783996,Carl Theodor Dreyer and John Sturges have what career in common?,film director,comparison,easy,"Step 1: Carl Theodor Dreyer is a famous Danish film director, known for films like ""The Passion of Joan of Arc."" Confidence: 0.9
Step 2: John Sturges is an American film director, known for films like ""The Magnificent Seven."" Confidence: 0.9
Step 3: Both individuals are primarily recognized for their work in directing films. Confidence: 0.95
Final Answer: film directors Confidence: 0.95",film directors,0.7310249999999999,0.5,0,1
806,5ae78eb95542994a481bbda0,"What quarterback, born in 1082, was acquired by the Buffalo Bills in 2015?",Matt Cassel,bridge,medium,"Step 1: The question mentions a quarterback born in 1082, which is an impossible birth year for a modern NFL quarterback. Confidence: 1.0  
Step 2: This suggests the question might contain an error, likely a typo in the birth year (e.g., 1982 instead of 1082). Confidence: 0.9  
Step 3: The Buffalo Bills acquired Tyrod Taylor in 2015. Confidence: 0.8  
Step 4: Tyrod Taylor was born in 1989, not 1982. Confidence: 0.8  
Step 5: Checking other quarterbacks acquired by the Bills in 2015, Matt Cassel was also acquired and born in 1982. Confidence: 0.7  

Final Answer: Matt Cassel Confidence: 0.7",Matt Cassel,0.28224,1.0,1,1
807,5adf3be85542992d7e9f9300,The mother of Hillary Clinton's 2016 campaign vice chair is the director of what London-based institution?,Institute of Muslim Minority Affairs,bridge,medium,"Step 1: Identify Hillary Clinton's 2016 campaign vice chair. Confidence: 0.9  
Step 2: The vice chair of Hillary Clinton's 2016 campaign was Huma Abedin. Confidence: 0.8  
Step 3: Find the mother of Huma Abedin. Confidence: 0.8  
Step 4: Huma Abedin's mother is Saleha Mahmood Abedin. Confidence: 0.75  
Step 5: Determine which London-based institution Saleha Mahmood Abedin directed. Confidence: 0.7  
Final Answer: Oxford Centre for Islamic Studies Confidence: 0.65",Oxford Centre for Islamic Studies,0.19656,0.0,0,0
808,5a7cf37d554299683c1c63ee,"The Micro-DVI port, is a proprietary video output port found in the original MacBook Air, it is smaller than the Mini-DVI port used by MacBook, the original model used a combination of polycarbonate and fiberglass casing, which was modeled after what?",iBook G4,bridge,easy,"Step 1: The Micro-DVI port was found in the original MacBook Air. Confidence: 0.9  
Step 2: The original MacBook Air used a combination of polycarbonate and fiberglass casing. Confidence: 0.8  
Step 3: The MacBook Air's design was inspired by the MacBook Pro's unibody design, but the original MacBook Air predates the unibody MacBook Pro. Confidence: 0.7  
Step 4: The original MacBook Air's casing design was modeled after the MacBook (non-Pro), which also used polycarbonate and fiberglass. Confidence: 0.6  
Final Answer: MacBook Confidence: 0.6",MacBook,0.18144,0.0,0,0
809,5ae73e3b5542997b22f6a62b,Michael O. Steinitz is the editor of a journal established in what year?,1951,bridge,medium,"Step 1: Identify Michael O. Steinitz's area of expertise or the journal he edits. Confidence: 0.7  
Step 2: Assume Michael O. Steinitz is associated with a scientific or academic journal based on the name format. Confidence: 0.6  
Step 3: Search for notable journals edited by Michael O. Steinitz, such as ""Chemical Physics Letters."" Confidence: 0.5  
Step 4: Find the establishment year of ""Chemical Physics Letters,"" which is 1967. Confidence: 0.4  
Final Answer: 1967 Confidence: 0.4",1967,0.033600000000000005,0.0,0,0
810,5a83292e5542990548d0b1b0,"Remember to Live was released by a band formed in Temple, Texas in what year?",2002,bridge,medium,"Step 1: The band that released ""Remember to Live"" needs to be identified. Confidence: 0.8  
Step 2: ""Remember to Live"" is an album by the band Quiet Company. Confidence: 0.9  
Step 3: Quiet Company was formed in Temple, Texas. Confidence: 0.9  
Step 4: Quiet Company was formed in 2001. Confidence: 0.7  
Final Answer: 2001 Confidence: 0.7",2001,0.31752,0.0,0,0
811,5a831d6455429954d2e2ec20,Where is the English mathematician who described Twistor Space in the 1960's the  Emeritus Rouse Ball Professor of Mathematics?,Mathematical Institute of the University of Oxford,bridge,medium,"Step 1: The English mathematician who described Twistor Space in the 1960s is Roger Penrose. Confidence: 0.9
Step 2: The Rouse Ball Professorship of Mathematics is a position at the University of Oxford. Confidence: 0.8
Step 3: Roger Penrose held the position of Rouse Ball Professor of Mathematics at the University of Oxford until his retirement. Confidence: 0.7
Step 4: After retirement, he became the Emeritus Rouse Ball Professor of Mathematics at the same institution. Confidence: 0.7
Final Answer: University of Oxford Confidence: 0.7",University of Oxford,0.24695999999999999,0.6666666666666666,0,1
812,5a8d3ad75542994ba4e3dc28,"In which war did Ahsan Malik, a commander and captain defend Kamlpur during a conflict that lasted just 13 days concluding with the fall of Dacca?",Indo-Pakistani War of 1971,bridge,easy,"Step 1: The fall of Dacca refers to the surrender of Pakistani forces in Dhaka (formerly Dacca) in 1971, marking the end of the Bangladesh Liberation War. Confidence: 0.9
Step 2: The Bangladesh Liberation War was a conflict between East Pakistan (now Bangladesh) and West Pakistan, lasting from March to December 1971. Confidence: 0.9
Step 3: Kamalpur (likely misspelled as Kamlpur) was a key border outpost defended by Pakistani forces during this war. Confidence: 0.8
Step 4: Captain Ahsan Malik was a Pakistani officer who defended Kamalpur during this conflict. Confidence: 0.7
Final Answer: Bangladesh Liberation War Confidence: 0.8",Bangladesh Liberation War,0.3628800000000001,0.28571428571428575,0,1
813,5a81de10554299676cceb116,"What restaurant chain with over 15,000 locations is a sister franchise to Wing Street?",Pizza Hut,bridge,medium,"Step 1: Wing Street is known for being a wing-focused restaurant chain. Confidence: 0.9  
Step 2: Wing Street is often co-located with another restaurant chain, suggesting a sister franchise relationship. Confidence: 0.8  
Step 3: Pizza Hut is a large restaurant chain frequently paired with Wing Street in shared locations. Confidence: 0.7  
Step 4: Pizza Hut has over 15,000 locations worldwide, matching the scale mentioned in the question. Confidence: 0.9  
Final Answer: Pizza Hut Confidence: 0.85",Pizza Hut,0.38556,1.0,1,1
814,5a8e202b55429917b4a5bd38,Are Yushania and Eleutherococcus in the same family?,no,comparison,hard,"Step 1: Yushania is a genus of bamboo. Confidence: 0.9
Step 2: Bamboo is part of the Poaceae family (grasses). Confidence: 0.9
Step 3: Eleutherococcus is a genus of shrubs, commonly known as Siberian ginseng. Confidence: 0.8
Step 4: Eleutherococcus belongs to the Araliaceae family. Confidence: 0.8
Final Answer: no Confidence: 0.8",no,0.4147200000000001,1.0,1,1
815,5abef6a05542993fe9a41db7,Who was the main character in Danny McBride's 2003 film?,Selene,bridge,easy,"Step 1: Danny McBride is an actor known for his roles in comedy films. Confidence: 0.9  
Step 2: In 2003, Danny McBride appeared in the film ""All the Real Girls."" Confidence: 0.8  
Step 3: The main character of ""All the Real Girls"" is Paul, played by Paul Schneider. Confidence: 0.7  
Final Answer: Paul Schneider Confidence: 0.7",Paul Schneider,0.3528,0.0,0,0
816,5abef5c75542997ec76fd39b,Which National Basketall Association (NBA) team won the championship the year Rudy Tomjanovich's career ended?,the 1976–77 Portland Trail Blazers championship team,bridge,hard,"Step 1: Rudy Tomjanovich's playing career ended in 1981. Confidence: 0.9  
Step 2: The NBA team that won the championship in 1981 was the Boston Celtics. Confidence: 0.8  
Final Answer: Boston Celtics Confidence: 0.8",Boston Celtics,0.5760000000000001,0.0,0,0
817,5a890db4554299669944a485,"Clark is the mascot of the Chicago Cubs, introduced on the same day along with the teams top prospect an American professional baseball third baseman who attended what university?",University of San Diego,bridge,medium,"Step 1: Clark is the mascot of the Chicago Cubs, introduced in 2014. Confidence: 0.9  
Step 2: The top prospect introduced alongside Clark was Kris Bryant, a third baseman. Confidence: 0.9  
Step 3: Kris Bryant attended the University of San Diego. Confidence: 0.8  

Final Answer: University of San Diego Confidence: 0.8",University of San Diego,0.5184000000000001,1.0,1,1
818,5a8b4a885542995d1e6f1351,Which team one the oldest association football competition in the world in 2017?,Arsenal,bridge,medium,"Step 1: The oldest association football competition in the world is the FA Cup. Confidence: 0.9
Step 2: The FA Cup winner in 2017 can be found by checking historical records. Confidence: 0.8
Step 3: In 2017, Arsenal won the FA Cup. Confidence: 0.7
Final Answer: Arsenal Confidence: 0.7",Arsenal,0.3528,1.0,1,1
819,5a8e1ab855429917b4a5bd1e,In which enclaved microstate did voters pass two referendums on 29 October 2013?,San Marino,bridge,hard,"Step 1: The question is asking about an enclaved microstate where two referendums were passed on 29 October 2013. Confidence: 0.9
Step 2: An enclaved microstate is a small sovereign state entirely surrounded by another country. Examples include Vatican City, San Marino, and Liechtenstein. Confidence: 0.8
Step 3: Checking recent referendum history, Liechtenstein had referendums on 29 October 2013 regarding the use of state pension reserves and the abolition of the monarchy. Confidence: 0.7
Step 4: Both referendums in Liechtenstein on that date did pass. Confidence: 0.7
Final Answer: Liechtenstein Confidence: 0.7",Liechtenstein,0.24695999999999999,0.0,0,0
820,5ae3499f5542992e3233c36f,Name the movie in which Cuba Gooding Jr as Doris Miller who has got Navy cross award fro US Navy ?,Pearl Harbor,bridge,medium,"Step 1: Doris Miller was a real-life U.S. Navy sailor who received the Navy Cross for his actions during the attack on Pearl Harbor. Confidence: 0.9
Step 2: Cuba Gooding Jr. portrayed Doris Miller in a movie about World War II or specifically about Pearl Harbor. Confidence: 0.8
Step 3: The movie ""Pearl Harbor"" (2001) featured Cuba Gooding Jr., but his character was named Dorie Miller, which is another name for Doris Miller. Confidence: 0.7
Final Answer: Pearl Harbor Confidence: 0.7",Pearl Harbor,0.3528,1.0,1,1
821,5abe85e855429965af743f2c,The D16 class is built for Australian Iron & Steel's in which suburb of Wollongong 8 km south of the CBD and part of the Illawarra region of New South Wales?,Port Kembla,bridge,medium,"Step 1: The D16 class refers to a type of diesel locomotive used in Australia. Confidence: 0.9  
Step 2: Australian Iron & Steel (AIS) was a major steel producer in the Illawarra region of New South Wales. Confidence: 0.9  
Step 3: The suburb of Wollongong 8 km south of the CBD and part of the Illawarra region is likely Port Kembla, a major industrial area. Confidence: 0.8  
Step 4: Port Kembla is known for its steelworks and heavy industry, fitting the context of Australian Iron & Steel. Confidence: 0.8  
Final Answer: Port Kembla Confidence: 0.8",Port Kembla,0.4147200000000001,1.0,1,1
822,5ab5a48d554299637185c5cf,"Bayfront Avenue passes what resort that opened in 2010, and was billed as the world's most expensive standalone casino property?",Marina Bay Sands,bridge,medium,"Step 1: Bayfront Avenue is a well-known street in Las Vegas, Nevada. Confidence: 0.9  
Step 2: A major resort that opened in 2010 on Bayfront Avenue is likely located on the Las Vegas Strip. Confidence: 0.8  
Step 3: The Marina Bay Sands in Singapore doesn't fit the location, so this must be a different property. Confidence: 0.7  
Step 4: The Cosmopolitan of Las Vegas opened in 2010, but it doesn't fit the ""most expensive standalone casino"" description. Confidence: 0.6  
Step 5: The resort that matches all criteria is The Cosmopolitan's neighbor, likely The Marina Bay Sands' counterpart in Las Vegas, but that doesn't add up. Re-evaluating, the correct answer is probably the resort known for its high cost and casino focus. Confidence: 0.5  

Final Answer: Marina Bay Sands Confidence: 0.4",Marina Bay Sands,0.060480000000000006,1.0,1,1
823,5ab5389b554299637185c517,George Kinard played college football for a team representing what?,University of Mississippi,bridge,medium,"Step 1: George Kinard is known for playing college football in the 1940s. Confidence: 0.8  
Step 2: George Kinard played for the University of Mississippi (Ole Miss). Confidence: 0.9  
Final Answer: University of Mississippi Confidence: 0.9",University of Mississippi,0.6480000000000001,1.0,1,1
824,5a8927b9554299669944a4cf,"Who is an American author and mother of film and television producer Bryan Spears, who wrote a novel based on Britney's life?",Lynne Irene Spears,bridge,easy,"Step 1: The question mentions Bryan Spears, who is Britney Spears' brother. Confidence: 0.9  
Step 2: Since Bryan Spears is Britney's brother, the mother would be Lynne Spears. Confidence: 0.9  
Step 3: Lynne Spears is an American author and wrote the novel ""Through the Storm,"" which is based on Britney's life. Confidence: 0.8  
Final Answer: Lynne Spears Confidence: 0.8",Lynne Spears,0.5184000000000001,0.8,0,1
825,5a81f77a55429926c1cdadc8,Casey Mitchum was portrayed by an American actor best known for his portrayal of which character in Grand Theft Auto IV?,Brucie Kibbutz,bridge,medium,"Step 1: We need to identify who Casey Mitchum is portrayed by. Confidence: 0.8  
Step 2: The American actor who portrayed Casey Mitchum is Scott Hill. Confidence: 0.7  
Step 3: Scott Hill is best known for voicing a character in Grand Theft Auto IV. Confidence: 0.7  
Step 4: The character Scott Hill voiced in Grand Theft Auto IV is Little Jacob. Confidence: 0.8  
Final Answer: Little Jacob Confidence: 0.7",Little Jacob,0.21951999999999997,0.0,0,0
826,5abcf54e55429959677d6b71,The Ricks Must be Crazy is a reference to a South African comedy film that was written and directed by who? ,Jamie Uys,bridge,medium,"Step 1: ""The Ricks Must be Crazy"" is a reference to the South African film ""The Gods Must Be Crazy."" Confidence: 0.9
Step 2: ""The Gods Must Be Crazy"" was written and directed by Jamie Uys. Confidence: 0.85
Final Answer: Jamie Uys Confidence: 0.85",Jamie Uys,0.65025,1.0,1,1
827,5ae2eedf55429928c4239576,"What former Stone Temple Pilots frontman collaborated with members of Julien-K on the song ""Inside of Me""?",Chester Bennington,bridge,medium,"Step 1: The former Stone Temple Pilots frontman referred to is likely Scott Weiland, as he is the most well-known former lead singer of the band. Confidence: 0.9  
Step 2: Julien-K is an electronic rock band, and collaborations in this genre often involve notable rock or alternative artists. Confidence: 0.8  
Step 3: Scott Weiland has collaborated with various artists and bands outside of Stone Temple Pilots, including Velvet Revolver and others. Confidence: 0.85  
Step 4: The song ""Inside of Me"" by Julien-K is from their debut album ""Death to Analog,"" which features guest artists. Confidence: 0.8  
Final Answer: Scott Weiland Confidence: 0.85",Scott Weiland,0.4161600000000001,0.0,0,0
828,5a81d57055429903bc27b9d5,Ngong Forest is home to which sole member of the genus Crocuta?,spotted hyena,bridge,hard,"Step 1: Ngong Forest is located in Kenya, Africa. Confidence: 0.9  
Step 2: The genus Crocuta includes only one species, the spotted hyena. Confidence: 0.95  
Final Answer: spotted hyena Confidence: 0.93",spotted hyena,0.79515,1.0,1,1
829,5a72925f5542992359bc3107,"What was the name of the sister company of Lynx Aviation that operated out of Denver, Colorado?",Frontier Airlines,bridge,medium,"Step 1: Lynx Aviation was a regional airline based in Denver, Colorado. Confidence: 0.8
Step 2: Lynx Aviation was a subsidiary of Frontier Airlines. Confidence: 0.9
Step 3: Frontier Airlines is the most likely sister company operating out of Denver. Confidence: 0.85
Final Answer: Frontier Airlines Confidence: 0.85",Frontier Airlines,0.5202000000000001,1.0,1,1
830,5ae4740d55429913cc20446e,Which Australian rapper moved to the United States at the age of 16 to pursue a career in hip hop music and has at least one music video produced by Luti Fagbenle?,Iggy Azalea,bridge,easy,"Step 1: The question is asking about an Australian rapper who moved to the US at 16 to pursue hip hop. Confidence: 0.9  
Step 2: The rapper also has at least one music video produced by Luti Fagbenle. Confidence: 0.9  
Step 3: Luti Fagbenle is a well-known music video producer who has worked with major artists. Confidence: 0.8  
Step 4: One prominent Australian rapper who fits this description is Iggy Azalea. Confidence: 0.7  
Step 5: Iggy Azalea moved to the US at 16 and has music videos produced by Luti Fagbenle, such as ""Fancy."" Confidence: 0.8  

Final Answer: Iggy Azalea Confidence: 0.7",Iggy Azalea,0.2540160000000001,1.0,1,1
831,5abc0a0c55429959677d69ff,"Which place is more convenient for bathing, Stanley Hot Springs, Idaho or Selway-Bitterroot Wilderness?",primitive soaking pools,bridge,hard,"Step 1: Stanley Hot Springs is a known hot springs location in Idaho, which implies it has facilities for bathing. Confidence: 0.9  
Step 2: Selway-Bitterroot Wilderness is a protected wilderness area primarily focused on natural preservation, with limited infrastructure. Confidence: 0.8  
Step 3: Hot springs generally have more developed bathing facilities compared to wilderness areas. Confidence: 0.7  
Final Answer: Stanley Hot Springs Confidence: 0.8",Stanley Hot Springs,0.4032,0.0,0,0
832,5ac1c60655429964131be285,The Father of Video Games Created What Game In 1978?,Simon,bridge,medium,"Step 1: The Father of Video Games is commonly recognized as Nolan Bushnell. Confidence: 0.9
Step 2: Nolan Bushnell co-founded Atari, a company known for early video games. Confidence: 0.9
Step 3: In 1978, Atari released ""Space Invaders,"" which became a major hit. Confidence: 0.8
Final Answer: Space Invaders Confidence: 0.8",Space Invaders,0.5184000000000001,0.0,0,0
833,5ae7eabc5542993210983fbb,"In what year was the singer who wrote the song ""Tonight"" with Iggy Pop born?",1947,bridge,hard,"Step 1: The song ""Tonight"" was written by Iggy Pop and David Bowie. Confidence: 0.9
Step 2: David Bowie is the singer who collaborated with Iggy Pop on ""Tonight"". Confidence: 0.9
Step 3: David Bowie was born on January 8, 1947. Confidence: 0.9
Final Answer: 1947 Confidence: 0.9",1947,0.6561000000000001,1.0,1,1
834,5a74c67c55429974ef308c5c,"Which wrestler is older, Chuck Taylor or Ricohet?",Chuck Taylor,bridge,medium,"Step 1: First, I need to find out when Chuck Taylor was born. Confidence: 0.8  
Step 2: Chuck Taylor was born on August 20, 1985. Confidence: 0.9  
Step 3: Next, I need to find out when Ricochet was born. Confidence: 0.8  
Step 4: Ricochet was born on October 11, 1988. Confidence: 0.9  
Final Answer: Chuck Taylor Confidence: 0.9",Chuck Taylor,0.4665600000000001,1.0,1,1
835,5adcba6a5542994ed6169bd8,Which American actor starred in Surrogates ,James Oliver Cromwell,bridge,easy,"Step 1: ""Surrogates"" is a 2009 science fiction film. Confidence: 0.9  
Step 2: The lead actor in ""Surrogates"" is Bruce Willis. Confidence: 0.85  
Final Answer: Bruce Willis Confidence: 0.85",Bruce Willis,0.65025,0.0,0,0
836,5a80e0c055429938b614222d,"""New Arrangement"" the album by Jackie DeShannon contains which song written and composed by Donna Weiss and Jackie DeShannon?",Bette Davis Eyes,bridge,medium,"Step 1: I need to find out the tracklist of the album ""New Arrangement"" by Jackie DeShannon. Confidence: 0.9  
Step 2: Among the tracks on ""New Arrangement,"" I should look for a song credited to both Donna Weiss and Jackie DeShannon as writers/composers. Confidence: 0.8  
Step 3: One of the most famous collaborations between Donna Weiss and Jackie DeShannon is ""Put a Little Love in Your Heart."" Confidence: 0.7  
Step 4: I should verify if ""Put a Little Love in Your Heart"" is included in the ""New Arrangement"" album. Confidence: 0.6  
Final Answer: Put a Little Love in Your Heart Confidence: 0.7",Put a Little Love in Your Heart,0.21167999999999998,0.0,0,0
837,5a83d5135542996488c2e4f7,"Which institution is located in Turkey, Bahçeşehir University or Drexel University?",Bahçeşehir University,comparison,medium,"Step 1: Drexel University is located in the United States, specifically in Philadelphia, Pennsylvania. Confidence: 0.95
Step 2: Bahçeşehir University is a private university located in Istanbul, Turkey. Confidence: 0.90
Final Answer: Bahçeşehir University Confidence: 0.90",Bahçeşehir University,0.7695,1.0,1,1
838,5a7329765542994cef4bc486,"Len Wiseman and Ken Kwapis, are Americans, that have which occupation?",film director,comparison,easy,"Step 1: Len Wiseman is a known American director and producer, particularly in the action and sci-fi genres. Confidence: 0.9
Step 2: Ken Kwapis is also a well-known American director, primarily working in television and film, with credits like ""The Office"" and ""A Walk in the Woods."" Confidence: 0.9
Final Answer: directors Confidence: 0.85",directors,0.6885,0.0,0,1
839,5abc8328554299700f9d78dc,"Before the Ganghwa massacre, 140 people were executed in Ganghwa in what is known as which war crime against communists and suspected sympathizers that occured in the summer of 1950?",Bodo League massacre,bridge,medium,"Step 1: The Ganghwa massacre occurred during the Korean War. Confidence: 0.9  
Step 2: The Korean War took place from 1950 to 1953. Confidence: 0.95  
Step 3: The summer of 1950 was early in the war, when anti-communist purges were common. Confidence: 0.85  
Step 4: Mass executions of communists and suspected sympathizers during the Korean War were part of the Bodo League massacre. Confidence: 0.8  
Final Answer: Bodo League massacre Confidence: 0.8",Bodo League massacre,0.46512000000000003,1.0,1,1
840,5a75e054554299109176e5b3,"What mountain is a mountain in the Karakoram region of Pakistan, Malubiting or Chogolisa?",Chogolisa,comparison,easy,"Step 1: The Karakoram is a mountain range spanning the borders of Pakistan, India, and China. Confidence: 0.9
Step 2: Both Malubiting and Chogolisa are mountains in the Karakoram range. Confidence: 0.8
Step 3: Malubiting is located in the Rakaposhi-Haramosh subrange of the Karakoram in Pakistan. Confidence: 0.7
Step 4: Chogolisa is also located in the Karakoram range in Pakistan. Confidence: 0.7
Step 5: Both mountains are in the Karakoram region of Pakistan, so the question may need clarification. Confidence: 0.6
Final Answer: Both Confidence: 0.7",Both,0.148176,0.0,0,0
841,5a763d1c5542992db947374c,Which city in Ohio hosted the soccer competition for Gay Games 9?,Akron,bridge,medium,"Step 1: The Gay Games is an international sporting event that promotes LGBT+ inclusion and participation. Confidence: 0.9  
Step 2: Gay Games 9 took place in 2014. Confidence: 0.8  
Step 3: Gay Games 9 was hosted in two cities in the United States: Cleveland, Ohio, and Akron, Ohio. Confidence: 0.7  
Step 4: The soccer competition for Gay Games 9 was held in one of these two cities. Confidence: 0.6  
Final Answer: Cleveland Confidence: 0.6",Cleveland,0.18144,0.0,0,0
842,5ae0500855429942ec259c69,Who directed the 2008 film where Lance E. Nichols played Larry Williams?,David Fincher,bridge,medium,"Step 1: First, identify the 2008 film where Lance E. Nichols played Larry Williams. Confidence: 0.8  
Step 2: Lance E. Nichols played Larry Williams in ""The Curious Case of Benjamin Button."" Confidence: 0.9  
Step 3: The director of ""The Curious Case of Benjamin Button"" is David Fincher. Confidence: 0.95  
Final Answer: David Fincher Confidence: 0.9",David Fincher,0.6156,1.0,1,1
843,5ab9bbec554299131ca423e6,"The pepperoni roll is a snack popular in West Virginia and some nearby regions of the Appalachian Mountains such as Appalachian Ohio is a bioregion and political unit in the southeastern part of the state of Ohio, characterized by the western foothills of the Appalachian Mountains, and Appalachian Plateau, in which country?",U.S.,bridge,easy,"Step 1: The pepperoni roll is popular in West Virginia and nearby regions of the Appalachian Mountains. Confidence: 0.9  
Step 2: Appalachian Ohio is a region in the southeastern part of Ohio, characterized by the western foothills of the Appalachian Mountains. Confidence: 0.9  
Step 3: The Appalachian Mountains are located in the eastern United States. Confidence: 1.0  
Final Answer: United States Confidence: 1.0",United States,0.81,0.0,0,1
844,5ac41a705542991943173910,Dylan Moran worked on Shaun of the Dead what English actor who co-wrote and starred in the Three Flavours Cornetto trilogy of films?,Simon John Pegg,bridge,medium,"Step 1: Dylan Moran is an Irish comedian and actor. Confidence: 0.9  
Step 2: Dylan Moran appeared in ""Shaun of the Dead"" playing the character David. Confidence: 0.8  
Step 3: The ""Three Flavours Cornetto trilogy"" consists of ""Shaun of the Dead,"" ""Hot Fuzz,"" and ""The World's End."" Confidence: 0.9  
Step 4: The filmmaker and actor who co-wrote and starred in the Cornetto trilogy is Edgar Wright. Confidence: 0.1 (This is incorrect; Edgar Wright directed and co-wrote the films but did not star in them.)  
Step 5: The actor who starred in and co-wrote the Cornetto trilogy is Simon Pegg. Confidence: 0.9  
Final Answer: Simon Pegg Confidence: 0.9",Simon Pegg,0.052488000000000014,0.8,0,1
845,5adfffa355429942ec259bcb,"The Merchant of Venice is a 16th-century play by William Shakespeare in which a merchant in Venice must default on a large loan provided by an abused Jewish moneylender, notable is Portia's speech about which titled quote by Portia in William Shakespeare's ""The Merchant of Venice""; it occurs during Act IV, Scene 1, set in a Venetian Court of Justice?",The quality of mercy,bridge,easy,"Step 1: Identify the play and key characters: The play is ""The Merchant of Venice"" by William Shakespeare, featuring Portia and Shylock. Confidence: 1.0  
Step 2: Recognize the scene in question: Act IV, Scene 1 is the trial scene where Portia delivers a famous speech. Confidence: 1.0  
Step 3: Recall Portia's most notable speech in this scene: It is about mercy, beginning with ""The quality of mercy is not strained."" Confidence: 0.9  
Step 4: Verify the title of the quote: The speech is commonly referred to as ""The Quality of Mercy"" speech. Confidence: 0.8  
Final Answer: The Quality of Mercy Confidence: 0.9",The Quality of Mercy,0.6480000000000001,1.0,1,1
846,5adde43f5542997545bbbdc4,Are Epipactis and Gaillardia both genus of plants ?,yes,comparison,medium,"Step 1: Epipactis is a genus of orchids, which are flowering plants. Confidence: 0.9
Step 2: Gaillardia is a genus of flowering plants commonly known as blanket flowers. Confidence: 0.9
Final Answer: Yes Confidence: 0.9",Yes,0.7290000000000001,1.0,1,1
847,5a909e9b5542995651fb51be,In what ballpark did the Ducks play against the Aberdeen Arsenal?,Bethpage Ballpark,bridge,medium,"Step 1: The ""Ducks"" could refer to a minor league baseball team. Confidence: 0.8  
Step 2: The Aberdeen Arsenal sounds like a historical or minor league team name. Confidence: 0.7  
Step 3: Research suggests the Long Island Ducks have played against various minor league teams. Confidence: 0.6  
Step 4: The Aberdeen Arsenal might be a defunct team, making historical records scarce. Confidence: 0.5  
Final Answer: Bethpage Ballpark Confidence: 0.6",Bethpage Ballpark,0.10079999999999999,1.0,1,1
848,5a8dcbab554299441c6ba08c,What actor who was born and raised in London to Indian parents played Sonny in The Best Exotic Marigold Hotel?,Dev Patel,bridge,easy,"Step 1: The actor must be of Indian descent and born in London. Confidence: 0.9
Step 2: The actor must have played Sonny in *The Best Exotic Marigold Hotel*. Confidence: 0.9
Step 3: The actor is Dev Patel, who is of Indian descent and born in London. Confidence: 0.8
Final Answer: Dev Patel Confidence: 0.8",Dev Patel,0.5184000000000001,1.0,1,1
849,5ae72d565542991e8301cb9c,"Steve Haworth did body modification on Dennis Avner, who underwent how many surgeries? ",14,bridge,medium,"Step 1: Dennis Avner, also known as ""Stalking Cat,"" was known for his extensive body modifications to resemble a tiger. Confidence: 0.9
Step 2: Steve Haworth is a well-known body modification artist who performed many of Avner's procedures. Confidence: 0.8
Step 3: Avner's exact number of surgeries is not well-documented, but estimates suggest around 20 procedures, including implants, piercings, and tattoos. Confidence: 0.7
Final Answer: 20 Confidence: 0.7",20,0.3528,0.0,0,0
850,5a7b6a3d55429931da12ca9d,"Who appeared in 270 films between 1910 and 1952 and directed 38 silent films between 1915 and 1927, Richard Boleslawski or Howard M. Mitchell?",Howard M. Mitchell,comparison,easy,"Step 1: Identify the time period in question, which is 1910 to 1952 for acting and 1915 to 1927 for directing silent films. Confidence: 1.0  
Step 2: Recognize that Richard Boleslawski was a director and actor active in the early 20th century. Confidence: 0.9  
Step 3: Note that Howard M. Mitchell was a prolific actor and director during the silent film era. Confidence: 0.8  
Step 4: Compare the two figures - Boleslawski is more known for his later work in sound films, while Mitchell fits the earlier, high-volume silent film era. Confidence: 0.7  
Final Answer: Howard M. Mitchell Confidence: 0.7",Howard M. Mitchell,0.3528,1.0,1,1
851,5ae5156955429913cc204583,What is the middle name of the actress who portrayed the main character in the film based on the first full-length biography of Ayn Rand? ,Lydia,bridge,medium,"Step 1: The first full-length biography of Ayn Rand is ""The Passion of Ayn Rand"" by Barbara Branden. Confidence: 0.9
Step 2: The film based on this biography is ""The Passion of Ayn Rand"" (1999). Confidence: 0.9
Step 3: The main character in the film is Ayn Rand, portrayed by actress Helen Mirren. Confidence: 0.9
Step 4: Helen Mirren's full name is Dame Helen Lydia Mirren. Confidence: 0.9
Final Answer: Lydia Confidence: 0.8",Lydia,0.5248800000000001,1.0,1,1
852,5a78cbb6554299029c4b5e98,In what year was the star of a film dramatizing the manhunt for Osama bin Laden born?,1974,bridge,medium,"Step 1: The film dramatizing the manhunt for Osama bin Laden is likely ""Zero Dark Thirty."" Confidence: 0.9
Step 2: The star of ""Zero Dark Thirty"" is Jessica Chastain. Confidence: 0.8
Step 3: Jessica Chastain was born on March 24, 1977. Confidence: 0.9
Final Answer: 1977 Confidence: 0.8",1977,0.5184000000000001,0.0,0,0
853,5ab61a45554299488d4d9ab4,What Australian program featured the character of Tess Silverman McCleod?,McLeod's Daughters,bridge,medium,"Step 1: Tess Silverman McCleod is a fictional character from the Australian television show ""All Saints."" Confidence: 0.8
Final Answer: All Saints Confidence: 0.9",All Saints,0.7200000000000001,0.0,0,0
854,5a7d542f5542990b8f50397d,Which person on the Angel of Retribution album is gay?,Rob Halford,bridge,medium,"Step 1: The ""Angel of Retribution"" is an album by the band Judas Priest. Confidence: 0.9  
Step 2: Judas Priest has had several members, but the most well-known is the lead vocalist Rob Halford. Confidence: 0.9  
Step 3: Rob Halford publicly came out as gay in 1998. Confidence: 1.0  
Final Answer: Rob Halford Confidence: 1.0",Rob Halford,0.81,1.0,1,1
855,5ab419455542996a3a969f33,Both Gaobeidian and Longhai City are located within what country?,People's Republic of China,comparison,hard,"Step 1: Gaobeidian is a city in Hebei Province, China. Confidence: 0.9
Step 2: Longhai City is a county-level city in Henan Province, China. Confidence: 0.9
Step 3: Both Hebei Province and Henan Province are administrative divisions of China. Confidence: 1.0
Final Answer: China Confidence: 1.0",China,0.81,0.4,0,1
856,5adc1274554299438c868d36,Zsa Zsa Speck took part of his stage name from which mass murderer?,Richard Benjamin Speck,bridge,medium,"Step 1: Zsa Zsa Speck is a stage name used by the musician Patrik Fitzgerald. Confidence: 0.8  
Step 2: The name ""Speck"" in Zsa Zsa Speck is likely derived from Richard Speck, a notorious mass murderer. Confidence: 0.9  
Final Answer: Richard Speck Confidence: 0.9",Richard Speck,0.6480000000000001,0.8,0,1
857,5ae382bc5542991a06ce99d8,Who is the husband of the female star of the film Showdown ?,Alex Karras,bridge,medium,"Step 1: First, we need to identify the female star of the film ""Showdown."" Confidence: 0.8
Step 2: The female star of ""Showdown"" (1973) is Marilyn Burns. Confidence: 0.7
Step 3: Next, we need to find out who Marilyn Burns' husband is. Confidence: 0.7
Step 4: Marilyn Burns was married to Douglas Chapin. Confidence: 0.6
Final Answer: Douglas Chapin Confidence: 0.6",Douglas Chapin,0.14111999999999997,0.0,0,0
858,5abb14185542996cc5e49f8d,For what theater does the narrator of the film A Ballerina's Tale dance for?,American Ballet Theatre,bridge,medium,"Step 1: The film ""A Ballerina's Tale"" is a documentary about Misty Copeland. Confidence: 0.9  
Step 2: Misty Copeland is a principal dancer for the American Ballet Theatre. Confidence: 0.95  
Final Answer: American Ballet Theatre Confidence: 0.9",American Ballet Theatre,0.7695,1.0,1,1
859,5ae0c76655429906c02dab44,How many universities are included with Zhejiang University in the official alliance which produces 20% of the nations academic publications and 30% of total citations in China?,an official alliance of nine elite and prestigious universities,bridge,easy,"Step 1: Zhejiang University is part of the C9 League, a group of elite universities in China. Confidence: 0.9
Step 2: The C9 League consists of 9 universities, including Zhejiang University. Confidence: 0.9
Final Answer: 8 Confidence: 0.85",8,0.6885,0.0,0,0
860,5ab5b95d554299637185c5f8,"ICarly starred which actress who got her start in ""School of Rock""?",Miranda Taylor Cosgrove,bridge,medium,"Step 1: ""School of Rock"" starred Jack Black and several child actors. Confidence: 0.9
Step 2: One of the child actors in ""School of Rock"" was Miranda Cosgrove. Confidence: 0.8
Step 3: Miranda Cosgrove later starred in the TV show ""iCarly."" Confidence: 0.9
Final Answer: Miranda Cosgrove Confidence: 0.8",Miranda Cosgrove,0.5184000000000001,0.8,0,1
861,5a790c6d55429970f5fffe34,Q: What year did Pauline Collins and her husband star in Thomas & Sarah for the first time?,1979,bridge,medium,"Step 1: Pauline Collins is a British actress. Confidence: 0.9  
Step 2: Thomas & Sarah is a British television series. Confidence: 0.8  
Step 3: Pauline Collins starred in Thomas & Sarah alongside her husband, John Alderton. Confidence: 0.7  
Step 4: Thomas & Sarah first aired in 1979. Confidence: 0.8  
Final Answer: 1979 Confidence: 0.7",1979,0.28224,1.0,1,1
862,5a724a4a5542990c210a40bf,What American actress and comedian studied alongside Doreen Cannon?,Anne Meara,bridge,medium,"Step 1: Doreen Cannon is a British vocal coach and acting teacher known for her work with actors. Confidence: 0.9
Step 2: Many famous actors and actresses have studied under Doreen Cannon, including Hugh Jackman and Anne Hathaway. Confidence: 0.8
Step 3: Anne Hathaway is an American actress who has worked in both dramatic and comedic roles. Confidence: 0.9
Final Answer: Anne Hathaway Confidence: 0.8",Anne Hathaway,0.5184000000000001,0.5,0,0
863,5ab4935955429942dd415f6d,Faline is a fictional character in two Disney films the first of which came out in what year?,1942,bridge,medium,"Step 1: Faline is a character from Disney's ""Bambi."" Confidence: 0.9
Step 2: The first ""Bambi"" film was released by Disney in 1942. Confidence: 0.9
Final Answer: 1942 Confidence: 0.8",1942,0.6480000000000001,1.0,1,1
864,5a7d25b25542995ed0d16605,Who currently holds the same title that Ian Gundry-White held in 1961?,Air Vice Maxwell Mantsebi-Tei Nagai,bridge,hard,"Step 1: First, we need to determine what title Ian Gundry-White held in 1961. Confidence: 0.8
Step 2: Ian Gundry-White was the President of the Cambridge Union in 1961. Confidence: 0.9
Step 3: Next, we need to find out who is the current President of the Cambridge Union. Confidence: 0.7
Step 4: The current President of the Cambridge Union (as of 2023) is Sepy Baghaei. Confidence: 0.6
Final Answer: Sepy Baghaei Confidence: 0.6",Sepy Baghaei,0.18144,0.0,0,0
865,5a7fbafc5542994857a767e1,What was the sport utility vehicle that was replaced by the Jeep Liberty originally marketed as?,Sportwagons,bridge,medium,"Step 1: The Jeep Liberty is a model that was introduced in the early 2000s as a replacement for another Jeep model. Confidence: 0.9
Step 2: Before the Liberty, Jeep had a model called the Cherokee, which was a popular SUV. Confidence: 0.9
Step 3: The Jeep Cherokee was marketed in the US and other markets as the Jeep Cherokee. Confidence: 0.9
Step 4: In some international markets, the Jeep Cherokee was marketed under a different name. Confidence: 0.8
Step 5: In the UK and other right-hand drive markets, the Jeep Cherokee was marketed as the ""Jeep Cherokee."" There was no significant rebranding. Confidence: 0.7
Final Answer: Jeep Cherokee Confidence: 0.8",Jeep Cherokee,0.326592,0.0,0,0
866,5a85c6c65542992a431d1b9d,"Patrick Reynolds is an American music executive, record producer and songwriter noted for working with prominent artists such as an American rapper and actor from where?","Queens, New York",bridge,hard,"Step 1: Patrick Reynolds is noted for working with prominent artists, one of whom is an American rapper and actor. Confidence: 0.9  
Step 2: A well-known American rapper and actor who has worked with music executives like Patrick Reynolds is Will Smith. Confidence: 0.8  
Step 3: Will Smith is from Philadelphia, Pennsylvania. Confidence: 0.9  
Final Answer: Philadelphia Confidence: 0.8",Philadelphia,0.5184000000000001,0.0,0,0
867,5ab8fff25542991b5579f0bf,In what country did The Mission of Nahuel Huapi on the Nahuel Huapi Lake exist?,Argentina,bridge,easy,"Step 1: The Mission of Nahuel Huapi was a Jesuit mission. Confidence: 0.8  
Step 2: Jesuit missions were established in various parts of South America. Confidence: 0.9  
Step 3: Nahuel Huapi Lake is located in the Patagonian region. Confidence: 0.9  
Step 4: The Patagonian region is shared by Argentina and Chile, but Nahuel Huapi Lake is primarily in Argentina. Confidence: 0.85  
Final Answer: Argentina Confidence: 0.8",Argentina,0.4406400000000001,1.0,1,1
868,5adddafd5542992200553b5f,"Who was the father of the man who refused to grant Lower Lorraine to Henry II, Duke of Limburg?",Duke Frederick I,bridge,hard,"Step 1: Identify the man who refused to grant Lower Lorraine to Henry II, Duke of Limburg. According to historical records, this was Godfrey III, Count of Louvain. Confidence: 0.8  
Step 2: Determine the father of Godfrey III, Count of Louvain. Historical sources indicate that his father was Henry II, Count of Louvain. Confidence: 0.7  
Final Answer: Henry II, Count of Louvain Confidence: 0.7","Henry II, Count of Louvain",0.39199999999999996,0.0,0,0
869,5a87b95c5542996e4f3088ed,"Which director was from England, Alan Parker or Peter Segal?",Sir Alan William Parker,comparison,medium,"Step 1: Alan Parker is a well-known British director. Confidence: 0.9  
Step 2: Peter Segal is an American director known for comedy films. Confidence: 0.8  
Final Answer: Alan Parker Confidence: 0.85",Alan Parker,0.6120000000000001,0.6666666666666666,0,1
870,5ae31abf55429928c42395f1,Danziger Echo was a newspaper that was published in the city state that existed between which years?,1920 and 1939,bridge,medium,"Step 1: ""Danziger Echo"" suggests a connection to the city of Danzig (modern-day Gdańsk, Poland). Confidence: 0.9  
Step 2: Danzig was a city-state known as the Free City of Danzig. Confidence: 0.9  
Step 3: The Free City of Danzig existed after World War I. Confidence: 0.8  
Step 4: The Free City of Danzig was established in 1920. Confidence: 0.8  
Step 5: The Free City of Danzig ceased to exist after being annexed by Nazi Germany in 1939. Confidence: 0.8  
Final Answer: 1920-1939 Confidence: 0.7",1920-1939,0.29030400000000006,0.0,0,1
871,5ab32a48554299233954ff3b,Which Florence Reece Song was written during United Mine Workers Strike?,Which Side Are You On,bridge,medium,"Step 1: Florence Reece was a labor activist and folk singer who wrote songs related to labor movements and strikes. Confidence: 0.9  
Step 2: The United Mine Workers Strike was a significant labor conflict, particularly in the early 20th century. Confidence: 0.9  
Step 3: One of Florence Reece's most famous songs is ""Which Side Are You On?"" which was written during a labor struggle. Confidence: 0.8  
Step 4: ""Which Side Are You On?"" was specifically written during the Harlan County War, which involved the United Mine Workers. Confidence: 0.7  

Final Answer: Which Side Are You On? Confidence: 0.8",Which Side Are You On?,0.3628800000000001,1.0,1,1
872,5a77d2b055429949eeb29f6d," In which state was the founder of the village of Boonesborough, Kentucky born?",Pennsylvania,bridge,medium,"Step 1: The founder of the village of Boonesborough, Kentucky, is Daniel Boone. Confidence: 0.9  
Step 2: Daniel Boone was born in the United States. Confidence: 1.0  
Step 3: Daniel Boone was born in the colony of Pennsylvania before the United States became a country. Confidence: 0.8  
Final Answer: Pennsylvania Confidence: 0.8",Pennsylvania,0.5760000000000001,1.0,1,1
873,5ae8093e554299540e5a56f7,"Mennonites are traditionally multilingual with which Low Prussian dialect of East Low German, with Dutch influence language was their first?",Plautdietsch,bridge,easy,"Step 1: Mennonites historically originated from the Dutch and German regions, specifically in the area of the Low Countries and northern Germany. Confidence: 0.9
Step 2: The Low Prussian dialect is part of the East Low German dialect group, which was spoken in parts of Prussia. Confidence: 0.8
Step 3: Mennonites who migrated to Prussia from the Netherlands adopted a version of Low German with Dutch influence, known as Plautdietsch. Confidence: 0.85
Final Answer: Plautdietsch Confidence: 0.85",Plautdietsch,0.5202000000000001,1.0,1,1
874,5adf6a305542993344016c87,Jack Twist was a character portrayed by which American actor who debuted in City Slickers?,Jacob Benjamin Gyllenhaal,bridge,medium,"Step 1: Jack Twist is a character from the movie ""Brokeback Mountain."" Confidence: 0.9  
Step 2: The actor who portrayed Jack Twist in ""Brokeback Mountain"" is Jake Gyllenhaal. Confidence: 0.95  
Step 3: Jake Gyllenhaal's debut film was ""City Slickers,"" where he appeared in a small role. Confidence: 0.85  
Final Answer: Jake Gyllenhaal Confidence: 0.85",Jake Gyllenhaal,0.6177374999999999,0.4,0,1
875,5adfdff955429925eb1afae4,"Kansas vs. Darwin is a feature-length documentary film, released in which year, about the Kansas evolution hearings, were a series of hearings held in Topeka, Kansas, United States from May 5 to 12, 2005 by the Kansas State Board of Education and its State Board Science Hearing Committee to change how evolution and the origin of life would be taught in the state's public high school science classes?",2005,bridge,easy,"Step 1: The question asks about the release year of the documentary ""Kansas vs. Darwin,"" which is about the Kansas evolution hearings held in May 2005. Confidence: 0.9
Step 2: Documentary films typically take some time to produce after the events they cover. Confidence: 0.8
Step 3: A reasonable estimate would be that the documentary was released within a few years after the hearings. Confidence: 0.7
Step 4: Research indicates that ""Kansas vs. Darwin"" was released in 2008. Confidence: 0.6
Final Answer: 2008 Confidence: 0.6",2008,0.18144,0.0,0,0
876,5add23bd5542994734353870,"Paul Young and David Draiman, share which mutual occupation?",songwriter,comparison,easy,"Step 1: Paul Young is a British singer known for being the lead vocalist of the band Mike + The Mechanics. Confidence: 0.8
Step 2: David Draiman is an American singer known for being the lead vocalist of the band Disturbed. Confidence: 0.9
Step 3: Both Paul Young and David Draiman are vocalists for their respective bands. Confidence: 0.95
Final Answer: Singers Confidence: 0.9",Singers,0.6156,0.0,0,0
877,5a90637155429933b8a2050e,"Which drink was distributed first, Solo or Aquafina?",Solo,comparison,medium,"Step 1: Solo is a carbonated soft drink brand. Confidence: 0.9
Step 2: Aquafina is a bottled water brand. Confidence: 0.9
Step 3: Solo was introduced by Schweppes Australia in the 1970s. Confidence: 0.8
Step 4: Aquafina was introduced by PepsiCo in 1994. Confidence: 0.9
Final Answer: Solo Confidence: 0.85",Solo,0.4957200000000001,1.0,1,1
878,5a72190955429971e9dc9267,What British actress born in May started in a television series set in a fictional Sussex coastal town? ,Geraldine McEwan,bridge,medium,"Step 1: The British television series set in a fictional Sussex coastal town is likely ""Doc Martin,"" which is set in Portwenn, a fictional village in Cornwall, but it's not Sussex, so this might not be correct. Alternatively, ""The Durrells"" is set in Corfu, also not Sussex. Another possibility is ""The Crown,"" but its settings are real. Maybe ""The Suspicions of Mr Whicher,"" but not sure if it's set in Sussex. Confidence: 0.4
Step 2: Alternatively, ""Midsomer Murders"" is set in the fictional county of Midsomer, but its inspiration is from Oxfordshire/Buckinghamshire, not Sussex. Perhaps ""Detectorists"" is set in Essex, but again, not Sussex. This suggests the initial assumption about the show's setting might be incorrect. Confidence: 0.3
Step 3: Looking for British actresses born in May, we have Sarah Parish (born May 7), who starred in ""Mistresses,"" not set in Sussex. Joanna Lumley (born May 1) starred in ""Absolutely Fabulous,"" which is set in London. Dame Maggie Smith (born December 28) doesn't fit. Confidence: 0.2
Step 4: Re-evaluating the question, perhaps the show is ""EastEnders,"" but it's set in London. ""Broadchurch"" is set in Dorset. ""The Paradise"" is set in a fictional northern town. This might be a tougher question than initially thought. Confidence: 0.2
Step 5: Considering lesser-known shows, ""Crime Traveller"" or ""Sea of Souls"" don't seem to fit. The most plausible guess, albeit uncertain, is Joanna Lumley, as she is a British actress born in May, though the show setting might not match. Confidence: 0.3

Final Answer: Joanna Lumley Confidence: 0.3",Joanna Lumley,0.00043200000000000004,0.0,0,0
879,5ab43c8c5542991779162c25,The song Please Send Me Someone to Love appeared in the soundtrack of a film directed by who ?,Jonathan Demme,bridge,medium,"Step 1: ""Please Send Me Someone to Love"" is a song by Percy Mayfield. Confidence: 0.9
Step 2: The song was featured in the 1990 film ""Dick Tracy."" Confidence: 0.8
Step 3: ""Dick Tracy"" was directed by Warren Beatty. Confidence: 0.9
Final Answer: Warren Beatty Confidence: 0.8",Warren Beatty,0.5184000000000001,0.0,0,0
880,5ac076ec5542996f0d89cbe3,Little Heath Pit is part of an estate situated in what Area of Outstanding Natural Beauty?,Chiltern Hills,bridge,medium,"Step 1: Little Heath Pit sounds like a quarry or small excavation site, which is likely named after its location. Confidence: 0.7
Step 2: ""Heath"" in the name suggests it might be located in a heathland area, such as the New Forest or Dorset. Confidence: 0.8
Step 3: The New Forest is an Area of Outstanding Natural Beauty (AONB) in England. Confidence: 0.9
Final Answer: New Forest Confidence: 0.8",New Forest,0.4032,0.0,0,0
881,5a77f09f5542992a6e59e010,"What industrial metal band formed in Sion, Switzerland in 1987, released an album named, ""Reign of Light""?",Samael,bridge,medium,"Step 1: The industrial metal genre includes bands like Rammstein and Ministry. Confidence: 0.8
Step 2: The band is from Sion, Switzerland, narrowing down the options. Confidence: 0.9
Step 3: The band released an album named ""Reign of Light,"" which is a clue to their identity. Confidence: 0.8
Step 4: The band formed in 1987, further narrowing the possibilities. Confidence: 0.7
Final Answer: Samael Confidence: 0.7",Samael,0.28224,1.0,1,1
882,5a77666755429972597f1522,"Between the two writers Ferenc Molnár and Karen Joy Fowler, who was born earlier?",Ferenc Molnár,comparison,hard,"Step 1: Ferenc Molnár was a Hungarian writer, known for works like ""The Paul Street Boys."" Confidence: 0.9  
Step 2: Ferenc Molnár was born on January 12, 1878. Confidence: 0.8  
Step 3: Karen Joy Fowler is an American writer, known for works like ""We Are All Completely Beside Ourselves."" Confidence: 0.9  
Step 4: Karen Joy Fowler was born on February 7, 1950. Confidence: 0.8  
Final Answer: Ferenc Molnár Confidence: 1.0",Ferenc Molnár,0.5184000000000001,1.0,1,1
883,5a800e195542992e7d278df5,"Who directed the film inspired by the life and work of the Marquis de Sade, ""Quills"" re-imagines the last years of the Marquis's incarceration in the insane asylum at Charenton, who's costume designers work has been recognized in numerous films such as ""The Curious Case of Benjamin Button""?",Philip Kaufman,bridge,easy,"Step 1: The film ""Quills"" is inspired by the life and work of the Marquis de Sade. Confidence: 1.0  
Step 2: ""Quills"" re-imagines the last years of the Marquis de Sade's incarceration in the insane asylum at Charenton. Confidence: 1.0  
Step 3: The director of ""Quills"" is Philip Kaufman. Confidence: 0.9  
Step 4: The costume designer for ""Quills"" is Jacqueline West, who also worked on ""The Curious Case of Benjamin Button."" Confidence: 0.8  
Final Answer: Philip Kaufman Confidence: 0.9",Philip Kaufman,0.6480000000000001,1.0,1,1
884,5ac55e365542993e66e8236d,The Estonian Philharmonic Chamber Choir performs works by which Estonian classical and religious composer?,Arvo Pärt,bridge,medium,"Step 1: The Estonian Philharmonic Chamber Choir is known for performing works by Estonian composers. Confidence: 0.9  
Step 2: One of the most famous Estonian classical and religious composers is Arvo Pärt. Confidence: 0.8  
Final Answer: Arvo Pärt Confidence: 0.8",Arvo Pärt,0.5760000000000001,1.0,1,1
885,5ae319555542991a06ce9926,How long was the reign of the king who criminalized Theftbote ?,50 years,bridge,medium,"Step 1: Theftbote was criminalized during the reign of King Henry III of England. Confidence: 0.8
Step 2: King Henry III ruled England from October 28, 1216, until his death on November 16, 1272. Confidence: 0.9
Step 3: The duration of his reign is calculated from 1216 to 1272. Confidence: 0.95
Final Answer: 56 years Confidence: 0.9",56 years,0.6156,0.5,0,0
886,5ac0b6c5554299012d1db61b,Sian Evans was known for being a Front woman and singer-songwriter of a band based in which city ?,Bristol,bridge,medium,"Step 1: Sian Evans is best known as the lead vocalist of the band Kosheen. Confidence: 0.9
Step 2: Kosheen was formed in Bristol, United Kingdom. Confidence: 0.8
Final Answer: Bristol Confidence: 0.8",Bristol,0.5760000000000001,1.0,1,1
887,5a83594f5542996488c2e421,One of the actor's from Harm's way received his most praised role as a war veteran Fred Derry.  What was the name of the movie Fred Derry is from?,The Best Years of Our Lives,bridge,medium,"Step 1: Identify the actor from ""Harm's Way"" who played Fred Derry. Confidence: 0.7
Step 2: Dana Andrews was an actor in ""Harm's Way"" and is known for playing war veterans. Confidence: 0.8
Step 3: Dana Andrews' most praised role as a war veteran named Fred Derry was in ""The Best Years of Our Lives."" Confidence: 0.9
Final Answer: The Best Years of Our Lives Confidence: 0.85",The Best Years of Our Lives,0.4284,1.0,1,1
888,5ae4f47355429960a22e0224,"Who has a wider scope of profession, Tom Forman or Richard Linklater?",Tom Forman,comparison,medium,"Step 1: Tom Forman is known as a film and television producer and director. Confidence: 0.8
Step 2: Richard Linklater is known as a film director, producer, and screenwriter. Confidence: 0.9
Step 3: The scope of profession can be measured by the number of distinct roles they have taken in their careers. Confidence: 0.7
Step 4: Richard Linklater has been involved in more distinct roles (director, producer, screenwriter) compared to Tom Forman (producer, director). Confidence: 0.8
Final Answer: Richard Linklater Confidence: 0.75",Richard Linklater,0.3024,0.0,0,0
889,5a8e98f05542990e94052b69,"In Irish and Scottish mythology, Uathach was the daughter of a warrior woman associated with which Isle ?",Isle of Skye,bridge,hard,"Step 1: Uathach is a figure from Irish mythology associated with the warrior woman Scáthach. Confidence: 0.8
Step 2: Scáthach is known to reside on the Isle of Skye in Scottish folklore. Confidence: 0.9
Final Answer: Skye Confidence: 0.9",Skye,0.6480000000000001,0.5,0,1
890,5a743f7055429979e28828c0, The Göttingen Seven included what professor born on October 24 1804?,Wilhelm Eduard Weber,bridge,medium,"Step 1: The Göttingen Seven were a group of seven professors from the University of Göttingen who protested against the abolition of the constitution of the Kingdom of Hanover by King Ernest Augustus in 1837. Confidence: 0.9
Step 2: Among these seven professors, one of the most notable was the mathematician and physicist Carl Friedrich Gauss. Confidence: 0.7
Step 3: Carl Friedrich Gauss was born on April 30, 1777, so he does not match the birthdate given in the question. Confidence: 0.9
Step 4: Another famous member of the Göttingen Seven was the physicist and mathematician Wilhelm Eduard Weber. Confidence: 0.8
Step 5: Wilhelm Eduard Weber was born on October 24, 1804, which matches the birthdate in the question. Confidence: 0.9
Final Answer: Wilhelm Eduard Weber Confidence: 0.8",Wilhelm Eduard Weber,0.32659200000000005,1.0,1,1
891,5abaa73a55429901930fa87a,The film Citizen Cohn follows the life of a man who was chief counsel to a Senator from which state?,Wisconsin,bridge,medium,"Step 1: The film ""Citizen Cohn"" is about Roy Cohn, a controversial lawyer. Confidence: 0.9
Step 2: Roy Cohn was chief counsel to Senator Joseph McCarthy. Confidence: 0.9
Step 3: Senator Joseph McCarthy represented the state of Wisconsin. Confidence: 0.9
Final Answer: Wisconsin Confidence: 0.9",Wisconsin,0.6561000000000001,1.0,1,1
892,5ab5f68c554299110f21999a,What was the region that the music that Tut Taylor played was influenced by?,Appalachia,bridge,medium,"Step 1: Tut Taylor was a musician known for playing the resonator guitar. Confidence: 0.8  
Step 2: The resonator guitar is commonly associated with bluegrass and country music. Confidence: 0.9  
Step 3: Bluegrass and country music have roots in the Appalachian region of the United States. Confidence: 0.85  
Final Answer: Appalachian Confidence: 0.8",Appalachian,0.4896000000000001,0.0,0,1
893,5a7908a8554299148911f9cc,Mark E. Mitchell was awarded the Distinguished Service Cross for his actions during a battle uncorrectly referred to as what?,Battle of Mazar-i-Sharif,bridge,medium,"Step 1: Mark E. Mitchell was a U.S. Army officer who received the Distinguished Service Cross for valor. Confidence: 0.8  
Step 2: The Distinguished Service Cross is awarded for extraordinary heroism in combat. Confidence: 0.9  
Step 3: Mitchell's award was related to his actions during the Battle of Columbus, which is often incorrectly referred to as the ""Last Battle of the Civil War."" Confidence: 0.7  
Final Answer: Last Battle of the Civil War Confidence: 0.7",Last Battle of the Civil War,0.3528,0.5,0,0
894,5aba12e55542994dbf0198a8,"Who did the U.S. Representative for New York 's 19 congressional district since January 3, 2017 run against in the 2002 New York Comptroller election?",Alan G. Hevesi,bridge,hard,"Step 1: The U.S. Representative for New York's 19th congressional district since January 3, 2017 is Antonio Delgado. Confidence: 0.9  
Step 2: Antonio Delgado was not in New York politics in 2002, so he was not a candidate in the 2002 New York Comptroller election. Confidence: 0.8  
Step 3: The current U.S. Representative for NY-19 since 2019 is Antonio Delgado, but before him, the representative from January 3, 2017, was John Faso. Confidence: 0.9  
Step 4: John Faso ran for New York Comptroller in 2002. Confidence: 0.9  
Step 5: In the 2002 New York Comptroller election, John Faso ran against Alan Hevesi. Confidence: 0.9  

Final Answer: Alan Hevesi Confidence: 0.85",Alan Hevesi,0.4461480000000001,0.8,0,1
895,5a7fa8475542992097ad2fad,"Which rock band was formed first, Classic Case or Panic! at the Disco?",Classic Case,comparison,medium,"Step 1: Research when Panic! at the Disco was formed. Confidence: 0.9
Step 2: Panic! at the Disco was formed in 2004. Confidence: 0.9
Step 3: Research when Classic Case was formed. Confidence: 0.8
Step 4: Classic Case was formed in 2001. Confidence: 0.7
Final Answer: Classic Case Confidence: 0.7",Classic Case,0.31752,1.0,1,1
896,5ae7b03e5542993210983ef6,"Who owns a mall in Youngstown, Ohio with a BAM! store?",Cafaro Company,bridge,hard,"Step 1: Identify the mall in Youngstown, Ohio that has a BAM! store. Confidence: 0.8
Step 2: Research or recall that the Southern Park Mall in Youngstown, Ohio has a BAM! store. Confidence: 0.7
Step 3: Determine the current owner of the Southern Park Mall. Confidence: 0.6
Step 4: Find that Washington Prime Group owns the Southern Park Mall. Confidence: 0.7
Final Answer: Washington Prime Group Confidence: 0.6",Washington Prime Group,0.14111999999999997,0.0,0,0
897,5a8d12765542994ba4e3dbe1,The man Paul Livingstone discipled under composed what kind of music?,Hindustani classical music,bridge,medium,"Step 1: The name ""Paul Livingstone"" suggests he is a musician or composer. Confidence: 0.7  
Step 2: ""Discipled under"" implies he studied under or was mentored by another notable musician or composer. Confidence: 0.8  
Step 3: Searching for Paul Livingstone's influences or mentors would reveal who he studied under. Confidence: 0.7  
Step 4: Paul Livingstone is known for studying under Pandit Ravi Shankar, a famous sitar player and composer of Indian classical music. Confidence: 0.9  
Step 5: Pandit Ravi Shankar composed Indian classical music. Confidence: 1.0  

Final Answer: Indian classical Confidence: 0.9",Indian classical,0.31751999999999997,0.4,0,1
898,5a7cfdda55429907fabef095,Which borough of New York City was the roller coaster the Texas Cyclone was modeled after located in?,Brooklyn,bridge,medium,"Step 1: The Texas Cyclone was a famous roller coaster located in AstroWorld, an amusement park in Houston, Texas. Confidence: 0.9
Step 2: The Texas Cyclone was modeled after the Coney Island Cyclone, a roller coaster in Coney Island. Confidence: 0.8
Step 3: Coney Island is located in the borough of Brooklyn in New York City. Confidence: 0.95
Final Answer: Brooklyn Confidence: 0.85",Brooklyn,0.5814,1.0,1,1
899,5a7e467d554299495941996d,What county is Cyhi the Prince from?,DeKalb County,bridge,medium,"Step 1: Cyhi the Prince is a rapper from the United States. Confidence: 0.9
Step 2: Cyhi the Prince is known to be from Georgia, a state in the U.S. Confidence: 0.8
Step 3: Within Georgia, Cyhi the Prince is specifically from DeKalb County. Confidence: 0.7
Final Answer: DeKalb County Confidence: 0.7",DeKalb County,0.3528,1.0,1,1
900,5a832c8455429954d2e2ec42,Ock Joo-hyun participated in what musical based on a book by T.S. Eliot?,Cats,bridge,medium,"Step 1: Ock Joo-hyun is a South Korean singer and musical theatre actress. Confidence: 0.9
Step 2: T.S. Eliot wrote ""Old Possum's Book of Practical Cats,"" which was adapted into the musical ""Cats."" Confidence: 0.95
Step 3: Ock Joo-hyun has performed in the Korean production of the musical ""Cats."" Confidence: 0.85
Final Answer: Cats Confidence: 0.85",Cats,0.6177374999999999,1.0,1,1
901,5a81a14f5542990a1d231e29,Scholar and educator  Isaac S.D. Sassoon is a member of the Sassoon family because of their great wealth they accumulated they are also called what?,"""Rothschilds of the East""",bridge,medium,"Step 1: The Sassoon family is known for their significant wealth and influence in trade, particularly in the 19th and early 20th centuries. Confidence: 0.9  
Step 2: Due to their extensive trading networks and wealth, the Sassoon family was often compared to the Rothschild family, another prominent wealthy family. Confidence: 0.8  
Step 3: The Sassoon family was sometimes referred to as the ""Rothschilds of the East"" because of their prominence in Asian trade. Confidence: 0.7  
Final Answer: Rothschilds of the East Confidence: 0.7",Rothschilds of the East,0.3528,1.0,1,1
902,5ab46fd75542991751b4d771,"Anupam Kher starred in the thriller film ""Lust, Caution"" directed by whom?",Ang Lee,bridge,hard,"Step 1: Anupam Kher is an Indian actor known for his work in Bollywood and international films. Confidence: 0.9
Step 2: ""Lust, Caution"" is a 2007 thriller film set in World War II-era Shanghai. Confidence: 0.9
Step 3: The director of ""Lust, Caution"" is Ang Lee, a renowned Taiwanese filmmaker. Confidence: 0.9
Final Answer: Ang Lee Confidence: 0.9",Ang Lee,0.6561000000000001,1.0,1,1
903,5ab5b0235542992aa134a38a,"Which dog comes from the Romagna sub-region of Italy, Lagotto Romagnolo or Magyar agár?",The Lagotto Romagnolo,comparison,medium,"Step 1: The question asks about the origin of two dog breeds, specifically which one comes from the Romagna sub-region of Italy. Confidence: 1.0
Step 2: The Lagotto Romagnolo's name includes ""Romagnolo,"" which suggests a connection to Romagna. Confidence: 0.9
Step 3: The Magyar agár's name includes ""Magyar,"" which is a term associated with Hungary, not Italy. Confidence: 0.9
Final Answer: Lagotto Romagnolo Confidence: 0.95",Lagotto Romagnolo,0.7695,1.0,1,1
904,5a7344945542991f9a20c6cd,"Chinses Artist Association of Hong Kong is a non-profit association of what type of traditional Chinese art form involving music, singing, martial arts, acrobatics, and acting?",Cantonese opera,bridge,medium,"Step 1: The question mentions a traditional Chinese art form that includes music, singing, martial arts, acrobatics, and acting. Confidence: 0.9
Step 2: These elements are characteristic of Chinese opera, which combines all these components. Confidence: 0.9
Step 3: The Chinese Artists Association of Hong Kong is likely related to Cantonese opera, a prominent traditional opera style in Hong Kong. Confidence: 0.8
Final Answer: Cantonese opera Confidence: 0.8",Cantonese opera,0.5184000000000001,1.0,1,1
905,5a79dc6a5542994bb94570fb,When did the cat who was aboard the same ship as Commander Stuart Hett die?,28 November 1949,bridge,medium,"Step 1: Commander Stuart Hett was a Royal Navy officer who served on HMS Beagle. Confidence: 0.8
Step 2: HMS Beagle famously carried Charles Darwin on its second voyage (1831–1836). Confidence: 0.9
Step 3: The ship's cat during that voyage was named ""Jenny"" and was known to Darwin. Confidence: 0.7
Step 4: Historical records suggest Jenny the cat died in 1833 during the voyage. Confidence: 0.6
Final Answer: 1833 Confidence: 0.6",1833,0.18144,0.0,0,0
906,5abd150e5542992ac4f381c4,"Which documentary came first, ""A Diary for Timothy"" or ""For Which We Stand""?",A Diary for Timothy,comparison,medium,"Step 1: ""A Diary for Timothy"" is a British documentary film directed by Humphrey Jennings, released in 1945. Confidence: 0.9  
Step 2: ""For Which We Stand"" is a 2020 American documentary film about the U.S. government and democracy. Confidence: 0.9  
Final Answer: ""A Diary for Timothy"" Confidence: 0.95","""A Diary for Timothy""",0.7695,1.0,1,1
907,5ab285e05542997061209650,"What is the name of large shopping centre and residential complex in Wood Green, north London where A105 road serves as the main route?",The Mall Wood Green,bridge,easy,"Step 1: The A105 road is known as Green Lanes in the Wood Green area of north London. Confidence: 0.9
Step 2: Wood Green is home to a large shopping centre and residential complex called ""Wood Green Shopping City,"" which was later rebranded. Confidence: 0.8
Step 3: The shopping centre was rebranded as ""The Mall Wood Green."" Confidence: 0.7
Step 4: The complex includes both retail and residential components, making it a significant landmark in the area. Confidence: 0.8
Final Answer: The Mall Wood Green Confidence: 0.7",The Mall Wood Green,0.28224,1.0,1,1
908,5ac3525f554299741d48a24d,when was the Australian rules football club in which Greg Taube played for extablished ,in 1874,bridge,hard,"Step 1: Greg Taube played for the North Melbourne Football Club in the Australian Football League (AFL). Confidence: 0.8  
Step 2: The North Melbourne Football Club was established in 1869. Confidence: 0.9  
Final Answer: 1869 Confidence: 0.8",1869,0.5760000000000001,0.0,0,0
909,5ac40398554299076e296d2e,Where was the game Velocity developed?,Japan,bridge,easy,"Step 1: Velocity is a video game, so first I need to identify which game with this name is being referred to. Confidence: 0.9  
Step 2: The most well-known game called Velocity is ""Velocity"" or ""Velocity 2X,"" developed by FuturLab. Confidence: 0.8  
Step 3: FuturLab is a game development studio based in the United Kingdom. Confidence: 0.9  
Final Answer: United Kingdom Confidence: 0.8",United Kingdom,0.5184000000000001,0.0,0,0
910,5a78f49c55429970f5fffdf3,Worker: Billy McFarland was charged with fraud involving a music festival set to take place on what Bahamian island?,Great Exuma,bridge,medium,"Step 1: Billy McFarland is known for his involvement with the Fyre Festival. Confidence: 0.9  
Step 2: The Fyre Festival was famously set to take place on an island in the Bahamas. Confidence: 0.9  
Step 3: The specific island where the Fyre Festival was planned is Great Exuma. Confidence: 0.8  

Final Answer: Great Exuma Confidence: 0.8",Great Exuma,0.5184000000000001,1.0,1,1
911,5a85f9625542994775f606d3,What company was established as part of the Great Norther Railway Act of 1846 and has a first station west of Louth?,Great Northern Railway,bridge,hard,"Step 1: The Great Northern Railway Act of 1846 established the Great Northern Railway in the UK. Confidence: 0.9  
Step 2: The Great Northern Railway had a first station west of Louth, which is likely to be in the Lincolnshire area. Confidence: 0.8  
Step 3: Research indicates that the first station west of Louth on the Great Northern Railway line was Ludborough. Confidence: 0.7  
Final Answer: Great Northern Railway Confidence: 0.8",Great Northern Railway,0.4032,1.0,1,1
912,5a7ca81955429907fabeefed,Heartsounds was made into a 1984 film starring an actor who died in what year?,2014,bridge,medium,"Step 1: ""Heartsounds"" is a 1984 film. Confidence: 1.0
Step 2: The main actor in ""Heartsounds"" was James Garner. Confidence: 0.9
Step 3: James Garner died in 2014. Confidence: 0.95
Final Answer: 2014 Confidence: 0.9",2014,0.7695,1.0,1,1
913,5a7e892555429949594199f8,"Who had Five of his films nominated for the ""Palme d'Or"" at the Cannes Film Festival, Károly Makk or Robert Stevenson?",Károly Makk,comparison,easy,"Step 1: Identify the professions of Károly Makk and Robert Stevenson. Confidence: 0.9
Step 2: Károly Makk was a Hungarian film director, known for his work in European cinema. Confidence: 0.8
Step 3: Robert Stevenson was a British director, known for his work in Hollywood, particularly for Disney. Confidence: 0.8
Step 4: The Cannes Film Festival, particularly the Palme d'Or, is more associated with European and arthouse cinema. Confidence: 0.7
Step 5: Károly Makk is more likely to have had films nominated for the Palme d'Or due to his European background and arthouse style. Confidence: 0.7
Final Answer: Károly Makk Confidence: 0.7",Károly Makk,0.197568,1.0,1,1
914,5ac31c2e554299741d48a1fe,Avon Saxon created the role of Friar Tuck in the opera by which English composer?,Sir Arthur Seymour Sullivan MVO,bridge,medium,"Step 1: Friar Tuck is a character from the Robin Hood legends, often associated with operas or musical works based on those stories. Confidence: 0.8  
Step 2: Among English composers, Sir Arthur Sullivan is known for his operatic works, particularly those written with W.S. Gilbert (Gilbert and Sullivan). Confidence: 0.7  
Step 3: One of Gilbert and Sullivan's works, ""The Yeomen of the Guard,"" includes Robin Hood-related themes, though it doesn't feature Friar Tuck explicitly. Confidence: 0.5  
Step 4: Avon Saxon is associated with 20th-century opera, narrowing the scope to composers active during that time. Confidence: 0.6  
Step 5: Benjamin Britten is an English composer known for operas in the 20th century, but his works don't prominently feature Robin Hood or Friar Tuck. Confidence: 0.4  
Final Answer: Arthur Sullivan Confidence: 0.5",Arthur Sullivan,0.0336,0.5714285714285715,0,1
915,5ae749b35542997b22f6a67e,What is the nickname of Gairy St. Clair's hometown?,Garden City of the Caribbean,bridge,hard,"Step 1: Gairy St. Clair is a former professional boxer from Guyana. Confidence: 0.9  
Step 2: His hometown is Linden, Guyana. Confidence: 0.8  
Step 3: Linden is nicknamed ""The Garden City."" Confidence: 0.7  
Final Answer: The Garden City Confidence: 0.7",The Garden City,0.3528,0.6666666666666666,0,1
916,5a8b524555429950cd6afca1,What company is headquartered at a casino formerly known as Vegas World?,American Casino & Entertainment Properties,bridge,medium,"Step 1: The casino formerly known as Vegas World is the Stratosphere Casino, Hotel & Tower. Confidence: 0.8  
Step 2: The Stratosphere Casino, Hotel & Tower is owned by Golden Entertainment, Inc. Confidence: 0.9  
Final Answer: Golden Entertainment Confidence: 0.85",Golden Entertainment,0.6120000000000001,0.3333333333333333,0,1
917,5ab26a00554299449642c894,What progressive American magazine did a review of the 2009 LP of the Mirrors?,Mother Jones,bridge,easy,"Step 1: The Mirrors are a band known for their psychedelic rock and garage rock style. Confidence: 0.8  
Step 2: The band's 2009 LP would likely be reviewed by a magazine that covers underground or independent music. Confidence: 0.7  
Step 3: Progressive American magazines that review independent music include The Nation, The Progressive, and The Baffler. Confidence: 0.6  
Step 4: The Baffler is known for its cultural criticism and music reviews, making it a likely candidate. Confidence: 0.7  
Final Answer: The Baffler Confidence: 0.6",The Baffler,0.14111999999999997,0.0,0,0
918,5a7e25495542995ed0d166ac,"The double Irish arrangement is a tax strategy, that some multinational corporations used to lower their corporate tax liability, it relies on the fact that Irish tax law does not include transfer pricing rules as does the United States and those of many other jurisdictions, the standard rate of corporation tax is among the lowest in the world at 12.5%, in Ireland there is an income tax, a value added tax (VAT), and various other taxes, is called?",Irish tax law,bridge,easy,"Step 1: The question describes the ""double Irish arrangement,"" which is a tax strategy used by multinational corporations. Confidence: 0.9  
Step 2: The strategy involves Ireland's tax laws, including low corporate tax rates (12.5%) and the absence of transfer pricing rules. Confidence: 0.9  
Step 3: The question asks for the name of this arrangement, which is already mentioned in the question as the ""double Irish."" Confidence: 0.8  
Final Answer: double Irish Confidence: 0.8",double Irish,0.5184000000000001,0.4,0,0
919,5a8a032655429970aeb70200,Lady Amelia Spencer is the daughter of a British nobleman born in which year ?,1964,bridge,hard,"Step 1: Lady Amelia Spencer is the daughter of Charles Spencer, 9th Earl Spencer Confidence: 0.9
Step 2: Charles Spencer, 9th Earl Spencer was born on May 20, 1964 Confidence: 0.9
Final Answer: 1964 Confidence: 0.8",1964,0.6480000000000001,1.0,1,1
920,5a8b3d275542997f31a41cc0,"Which band came first, Moose or Quix*o*tic?",Moose,comparison,medium,"Step 1: Moose is a British alternative rock band formed in the late 1980s. Confidence: 0.8
Step 2: Quix*o*tic is an American punk band formed in the late 1990s. Confidence: 0.8
Step 3: Comparing the formation dates, the late 1980s is earlier than the late 1990s. Confidence: 0.9
Final Answer: Moose Confidence: 0.8",Moose,0.46080000000000015,1.0,1,1
921,5ae1d147554299492dc91b93,When was Sonam Dechan Wangchuck's half brother born?,21 February 1980,bridge,hard,"Step 1: Sonam Dechan Wangchuck is likely related to the Bhutanese royal family, and the name suggests she is the daughter of a former king. Confidence: 0.8  
Step 2: The most notable Bhutanese king is Jigme Singye Wangchuck, who had multiple wives and children. Confidence: 0.7  
Step 3: Jigme Singye Wangchuck's children include Jigme Khesar Namgyel Wangchuck (current king) and Dechen Wangmo Wangchuck (among others). Confidence: 0.6  
Step 4: Assuming ""Sonam Dechan Wangchuck"" is a misspelling of Dechen Wangmo Wangchuck, her half-brother is Jigme Khesar Namgyel Wangchuck. Confidence: 0.5  
Step 5: Jigme Khesar Namgyel Wangchuck was born on February 21, 1980. Confidence: 0.9  
Final Answer: February 21, 1980 Confidence: 0.5","February 21, 1980",0.0756,1.0,0,1
922,5a8d802555429941ae14dfe4,What former Miss Massachusetts book was made into a made-for-TV film?,Lisa Kleypas,bridge,medium,"Step 1: The question refers to a former Miss Massachusetts whose book was adapted into a made-for-TV film. Confidence: 0.9
Step 2: Former Miss Massachusetts who became an author is likely to be a well-known public figure. Confidence: 0.8
Step 3: A notable former Miss Massachusetts is Marla Maples, who is also known for her public life and media presence. Confidence: 0.7
Step 4: Marla Maples penned a book titled ""All That Glitters,"" which was adapted into a TV film. Confidence: 0.6
Final Answer: All That Glitters Confidence: 0.6",All That Glitters,0.18144,0.0,0,0
923,5add14175542990d50227db7,So Fly was a song co-produced by the rapper who began her career with what R&B group?,Sista,bridge,medium,"Step 1: The song ""So Fly"" was released in 2005 by the rapper Silkk the Shocker. Confidence: 0.8
Step 2: Silkk the Shocker is the brother of rapper Master P, who began his career with No Limit Records. Confidence: 0.7
Step 3: Master P was not part of an R&B group but rather a rap group. Confidence: 0.9
Step 4: Another rapper who co-produced ""So Fly"" was The Notorious B.I.G., but he did not start with an R&B group. Confidence: 0.6
Step 5: The correct co-producer of ""So Fly"" was Mannie Fresh, who was part of Cash Money Records but started with an R&B group called Deuce. Confidence: 0.5
Final Answer: Deuce Confidence: 0.5",Deuce,0.0756,0.0,0,0
924,5ab449f95542990594ba9bf6,The birthplace of Valerie Brisco-Hooks is located in which county?,Leflore County,bridge,medium,"Step 1: Valerie Brisco-Hooks is an American Olympic sprinter. Confidence: 0.9
Step 2: Valerie Brisco-Hooks was born in Greenwood, Mississippi. Confidence: 0.8
Step 3: Greenwood is located in Leflore County, Mississippi. Confidence: 0.7
Final Answer: Leflore Confidence: 0.7",Leflore,0.3528,0.6666666666666666,0,1
925,5ab70c385542993667793f18,How many Primetime Emmy Awards did Susan Silverman's sister win?,two,bridge,medium,"Step 1: Susan Silverman is a fictional character from the TV show ""The O.C."" Confidence: 0.9
Step 2: Susan Silverman's sister in ""The O.C."" is Rachel Bilson's character, Summer Roberts. Confidence: 0.8
Step 3: Rachel Bilson has not won any Primetime Emmy Awards in real life. Confidence: 0.7
Final Answer: 0 Confidence: 0.7",0,0.3528,0.0,0,0
926,5ae6047a55429929b0807a5a,"In music, an ostinato, is a motif or phrase that persistently repeats in the same musical voice, usually at the same pitch, well-known ostinato-based pieces include both classical compositions such as Donna Summer, was an American singer, songwriter, and painter, and she gained prominence during the disco era of which late era?",1970s,bridge,easy,"Step 1: An ostinato is a repeating musical motif or phrase. Confidence: 1.0  
Step 2: Donna Summer was a prominent American singer during the disco era. Confidence: 1.0  
Step 3: The disco era was most prominent in the late 1970s. Confidence: 0.9  
Final Answer: 1970s Confidence: 0.9",1970s,0.81,1.0,1,1
927,5ab5416e5542997d4ad1f0df,"In the screenplay Sweethearts, Victor Herbert's play was was used. What type of performance was this?",“play within a play”,bridge,hard,"Step 1: The question refers to the screenplay ""Sweethearts"" and mentions Victor Herbert's play. Confidence: 0.9  
Step 2: Victor Herbert was a composer known for his operettas and musical theatre works. Confidence: 0.9  
Step 3: ""Sweethearts"" is a 1938 film adaptation of Victor Herbert's 1913 operetta of the same name. Confidence: 0.8  
Step 4: Operettas are a form of light opera, combining music, singing, and dialogue, often with a comedic or romantic theme. Confidence: 0.9  

Final Answer: operetta Confidence: 0.85",operetta,0.4957200000000001,0.0,0,0
928,5a8ddbda5542995a26add428,Academy for Advanced Academics is located in a Florida school district founded in what year?,1885,bridge,medium,"Step 1: Identify the Florida school district where Academy for Advanced Academics is located. Confidence: 0.8
Step 2: Research the founding year of the identified school district. Confidence: 0.7
Final Answer: 1960 Confidence: 0.6",1960,0.33599999999999997,0.0,0,0
929,5a8af98e55429971feec45b7,Which star of the film Tamango was nominated for a Gold Globe Award in 1959 ?,Dorothy Jean Dandridge,bridge,hard,"Step 1: Identify the film ""Tamango"" and its release year. Confidence: 0.8
Step 2: Determine the main stars of ""Tamango"" released in the late 1950s. Confidence: 0.7
Step 3: Look for nominees of the Golden Globe Awards in 1959. Confidence: 0.9
Step 4: Cross-reference the stars of ""Tamango"" with the 1959 Golden Globe nominees. Confidence: 0.6
Final Answer: Dorothy Dandridge Confidence: 0.7",Dorothy Dandridge,0.21167999999999998,0.8,0,1
930,5abc2f6f55429959677d6a2b,What was the name of one of the actors in one of Nick Love's films?,Danny Dyer,bridge,medium,"Step 1: Nick Love is a British film director known for his crime and drama films. Confidence: 0.9
Step 2: One of Nick Love's well-known films is ""The Football Factory"" (2004). Confidence: 0.85
Step 3: ""The Football Factory"" stars actors like Danny Dyer and Frank Harper. Confidence: 0.8
Final Answer: Danny Dyer Confidence: 0.75",Danny Dyer,0.4590000000000001,1.0,1,1
931,5ac29c96554299218029dabf,What year did the band who had a top 40 hit in the UK and a promotional video directed by Spike Jonze have a reunion tour?,2010,bridge,hard,"Step 1: Identify bands with top 40 hits in the UK and promotional videos directed by Spike Jonze. Confidence: 0.8  
Step 2: One notable band fitting this description is Daft Punk, as they had a UK top 40 hit and a video directed by Spike Jonze (e.g., ""Da Funk""). Confidence: 0.7  
Step 3: Daft Punk had a reunion tour called ""Alive 2007"" in 2006–2007. Confidence: 0.6  
Final Answer: 2006 Confidence: 0.6",2006,0.20159999999999997,0.0,0,0
932,5a7c4e8e55429935c91b5153,"This 2009 computer-animated science film, starring the voice of Elijah Wood is an adaption of a 2005 student project from which University?",UCLA,bridge,hard,"Step 1: The 2009 computer-animated science film starring Elijah Wood is likely ""9."" Confidence: 0.9
Step 2: ""9"" is based on a short film by Shane Acker. Confidence: 0.9
Step 3: Shane Acker created the original short film as part of his student project. Confidence: 0.8
Step 4: Shane Acker attended the University of California, Los Angeles (UCLA). Confidence: 0.8
Final Answer: UCLA Confidence: 0.7",UCLA,0.36288000000000004,1.0,1,1
933,5a7926db55429907847277cd,"Edward Keonjian and Edward Avedisian, have what in common?",Edward,comparison,easy,"Step 1: Edward Keonjian was a pioneer in the field of microelectronics and low-power electronics. Confidence: 0.8
Step 2: Edward Avedisian was a renowned test pilot and aviation expert. Confidence: 0.8
Step 3: Both individuals were influential in their respective fields of engineering and aviation. Confidence: 0.7
Step 4: Looking for a specific commonality, such as awards, institutions, or collaborations. Confidence: 0.6
Step 5: Both were recipients of the prestigious IEEE Edison Medal for their contributions to their fields. Confidence: 0.5

Final Answer: IEEE Edison Medal Confidence: 0.5",IEEE Edison Medal,0.06720000000000001,0.0,0,0
934,5ac250155542992f1f2b384a,In which stadium does the defender Jack Hobbs play his home football matches in the Championship?,the City Ground,bridge,medium,"Step 1: Jack Hobbs is a former professional footballer who played as a defender. Confidence: 0.9
Step 2: Jack Hobbs played for several clubs during his career, including Nottingham Forest in the Championship. Confidence: 0.8
Step 3: Nottingham Forest's home stadium is the City Ground. Confidence: 0.95
Final Answer: City Ground Confidence: 0.76",City Ground,0.5198400000000001,1.0,1,1
935,5aba52c155429939ce03dc93,The star of the film I Love Lee Tae-ri made his television debut in which Korean television drama?,April Kiss,bridge,medium,"Step 1: The film ""I Love Lee Tae-ri"" stars actor Kim Sang-kyung. Confidence: 0.8  
Step 2: Kim Sang-kyung made his television debut in the Korean drama ""Propose"" (1997). Confidence: 0.7  
Final Answer: Propose Confidence: 0.7",Propose,0.39199999999999996,0.0,0,0
936,5ab3b107554299753aec59a2,The ancestral home of George Henry Moore was burned down during a conflict that ended on what date?,24 May 1923,bridge,hard,"Step 1: George Henry Moore was an Irish politician and landowner. Confidence: 0.8  
Step 2: His ancestral home was Moore Hall in County Mayo, Ireland. Confidence: 0.7  
Step 3: Moore Hall was burned down during the Irish Civil War. Confidence: 0.6  
Step 4: The Irish Civil War ended on May 24, 1923. Confidence: 0.8  
Final Answer: May 24, 1923 Confidence: 0.6","May 24, 1923",0.16127999999999998,1.0,0,1
937,5a8471065542992ef85e23fb,"Howard Harris was a comedy writer whose credits included what show starring Groucho Marx, known as a master of quick wit and is widely considered one of the best comedians of the modern era?","""Copacabana""",bridge,easy,"Step 1: Howard Harris was a comedy writer who worked with Groucho Marx. Confidence: 0.8  
Step 2: Groucho Marx was known for his quick wit and is considered one of the best comedians of the modern era. Confidence: 0.9  
Step 3: A popular show starring Groucho Marx was ""You Bet Your Life."" Confidence: 0.85  
Step 4: Howard Harris wrote for ""You Bet Your Life."" Confidence: 0.7  
Final Answer: You Bet Your Life Confidence: 0.75",You Bet Your Life,0.32130000000000003,0.0,0,0
938,5adf3e945542992d7e9f930f,The Visitors was directed by a man that died in what year?,2003,bridge,medium,"Step 1: ""The Visitors"" is a 1972 French comedy film. Confidence: 0.9  
Step 2: The director of ""The Visitors"" was Jean-Marie Poiré. Confidence: 0.8  
Step 3: Jean-Marie Poiré is still alive as of 2023. Confidence: 0.7  
Step 4: Since the director is still alive, the question cannot be answered accurately. Confidence: 0.6  
Final Answer: [No answer; director is alive] Confidence: 0.6",[No answer; director is alive],0.18144,0.0,0,0
939,5a8f62b45542992414482aa2,What is character for which the ballet dancer who appeared in a 1946 American romantic comedy directed by Alfred Green was known?,Daniel Pontipee,bridge,medium,"Step 1: The 1946 American romantic comedy directed by Alfred Green is likely ""The Jolson Story."" Confidence: 0.8
Step 2: ""The Jolson Story"" is a biographical musical film about Al Jolson, not a romantic comedy, so this might not be the correct movie. Confidence: 0.9
Step 3: Alfred Green directed another romantic comedy in 1946 called ""The Bachelor's Daughters."" Confidence: 0.7
Step 4: ""The Bachelor's Daughters"" does not prominently feature a ballet dancer, so the correct film might still be ""The Jolson Story,"" despite the genre discrepancy. Confidence: 0.5
Step 5: In ""The Jolson Story,"" Larry Parks plays Al Jolson, but a ballet dancer is not central to the plot, so the character might be a minor role or the question may refer to another film. Confidence: 0.4

Final Answer: Al Jolson Confidence: 0.4",Al Jolson,0.04032,0.0,0,0
940,5a8cc5b4554299653c1aa119,What Company manufactured The Riddler's Revenge and the Green Lantern?,Bolliger & Mabillard,bridge,medium,"Step 1: The Riddler's Revenge and the Green Lantern are roller coasters. Confidence: 0.9
Step 2: These roller coasters are located at Six Flags Magic Mountain. Confidence: 0.8
Step 3: Six Flags often contracts various manufacturers to build their roller coasters. Confidence: 0.85
Step 4: The Riddler's Revenge is a stand-up roller coaster manufactured by Bolliger & Mabillard. Confidence: 0.75
Step 5: The Green Lantern (originally known as Chang) is also manufactured by Bolliger & Mabillard. Confidence: 0.75
Final Answer: Bolliger & Mabillard Confidence: 0.75",Bolliger & Mabillard,0.2581875,1.0,1,1
941,5a90bc5155429933b8a205cc,"""Hunger Strike"" is a song by a band that formed in which city ?",Seattle,bridge,medium,"Step 1: ""Hunger Strike"" is a song by the band Temple of the Dog. Confidence: 0.9
Step 2: Temple of the Dog was formed in Seattle, Washington. Confidence: 0.9
Step 3: Therefore, ""Hunger Strike"" is a song by a band that formed in Seattle. Confidence: 0.9
Final Answer: Seattle Confidence: 0.9",Seattle,0.6561000000000001,1.0,1,1
942,5ae3d2ee5542992f92d82384,What state is Cape Cod located in?,MA,bridge,easy,"Step 1: Cape Cod is a well-known peninsula in the northeastern United States. Confidence: 0.9  
Step 2: The northeastern United States includes states like Massachusetts, Maine, and New Hampshire. Confidence: 0.8  
Step 3: Cape Cod is a popular tourist destination, often associated with Massachusetts. Confidence: 0.7  
Final Answer: Massachusetts Confidence: 0.8",Massachusetts,0.4032,0.0,0,1
943,5ae469bc55429970de88d94e,Who wrote the novel from which the 2015 British romantic drama was adapted where Matthias Schoenaerts plays Gabriel Oak?,Thomas Hardy,bridge,medium,"Step 1: The 2015 British romantic drama film mentioned is ""Far from the Madding Crowd."" Confidence: 0.9
Step 2: Matthias Schoenaerts played the character Gabriel Oak in ""Far from the Madding Crowd."" Confidence: 0.9
Step 3: The novel ""Far from the Madding Crowd"" was written by Thomas Hardy. Confidence: 0.95
Final Answer: Thomas Hardy Confidence: 0.9",Thomas Hardy,0.69255,1.0,1,1
944,5ab86abb55429934fafe6db0,When did an actor in the live action remake of Timon and Pumbaa win a Daytime Emmy Award?,2013,bridge,medium,"Step 1: Identify the live action remake of Timon and Pumbaa. Confidence: 0.7
Step 2: The actor involved in the remake who is likely to have won a Daytime Emmy is Seth Rogen. Confidence: 0.6
Step 3: Seth Rogen provided the voice for Pumbaa in the live action ""The Lion King"" (2019). Confidence: 0.8
Step 4: Seth Rogen won a Daytime Emmy Award in 2014 for ""Seth Rogen's Hilarity for Charity Stand-Up Special."" Confidence: 0.9
Final Answer: 2014 Confidence: 0.7",2014,0.21167999999999998,0.0,0,0
945,5a8f61fd5542997ba9cb323d,"What type of shoe did Tokuko Takagi wear that evolved o enable dancers to dance ""en pointe"" (on the tips of their toes) for extended periods of time?",Pointe shoes,bridge,easy,"Step 1: Tokuko Takagi is likely associated with ballet, given the context of dancing ""en pointe."" Confidence: 0.8
Step 2: Shoes that enable dancers to dance ""en pointe"" are called pointe shoes. Confidence: 0.9
Step 3: The evolution of pointe shoes involved making them sturdier to support extended periods of dancing on the toes. Confidence: 0.7
Final Answer: pointe shoes Confidence: 0.85",pointe shoes,0.4284,1.0,1,1
946,5addfd095542992200553bcb,Isla Fisher had a comedic role in the 2008 romantic-comedy film directed by whom?,Adam Brooks,bridge,medium,"Step 1: Isla Fisher is known for her comedic roles in films like ""Wedding Crashers"" and ""Confessions of a Shopaholic."" Confidence: 0.9  
Step 2: In 2008, Isla Fisher starred in ""Confessions of a Shopaholic,"" a romantic-comedy. Confidence: 0.85  
Step 3: ""Confessions of a Shopaholic"" was directed by P.J. Hogan. Confidence: 0.8  
Final Answer: P.J. Hogan Confidence: 0.8",P.J. Hogan,0.4896000000000001,0.0,0,0
947,5a84808b5542997175ce1ecc,"Which company which is split into three major industry areas, is headquartered in Wattens? ",Swarovski,bridge,medium,"Step 1: The question asks for a company headquartered in Wattens. Confidence: 1.0
Step 2: Wattens is a small town in Austria, known for hosting a major company. Confidence: 0.9
Step 3: The company headquartered in Wattens is Swarovski. Confidence: 0.9
Step 4: Swarovski is split into three major industry areas: Swarovski Crystal Business, Swarovski Optik, and Tyrolit. Confidence: 0.8
Final Answer: Swarovski Confidence: 0.8",Swarovski,0.5184000000000001,1.0,1,1
948,5ae6477b5542995703ce8b4d,What nationality is the scientist who along with Antony Hewish discovered PSR B1919+21 ?,Northern Irish,bridge,medium,"Step 1: PSR B1919+21 is the first discovered pulsar. Confidence: 0.9  
Step 2: The discovery of PSR B1919+21 was made by Jocelyn Bell Burnell and Antony Hewish. Confidence: 0.9  
Step 3: Jocelyn Bell Burnell is British. Confidence: 0.8  
Final Answer: British Confidence: 0.8",British,0.5184000000000001,0.0,0,1
949,5a7754c55542993569682d50,"Which American poet was born first, Grace Paley or Edwin Arlington Robinson?",Edwin Arlington Robinson,comparison,medium,"Step 1: Grace Paley was born on December 11, 1922. Confidence: 0.9
Step 2: Edwin Arlington Robinson was born on December 22, 1869. Confidence: 0.9
Final Answer: Edwin Arlington Robinson Confidence: 0.9",Edwin Arlington Robinson,0.7290000000000001,1.0,1,1
950,5ae6506e5542992ae0d162d1,"The John N. and Mary L. (Rankin) Irwin House in Keokuk, Iowa, is a historic house that was listed on the National Register of Historic Places in 1999, John N. Irwin, who bought the house and raised his family there with his wife Mary, was a five-term mayor of Keokuk who went on to serve as the territorial governor of the Idaho Territory and the Arizona Territory, are in which country?",United States,bridge,easy,"Step 1: The question mentions Keokuk, Iowa, which is a city in the United States. Confidence: 1.0  
Step 2: The house is listed on the National Register of Historic Places, which is a U.S. federal program. Confidence: 1.0  
Final Answer: United States Confidence: 1.0",United States,1.0,1.0,1,1
951,5ae280a55542996483e649ca,What is the name of a movie that the subject of a documentary by Lada Negrul produced?,Spetsnaz,bridge,easy,"Step 1: Lada Negrul is a film producer and director known for her documentary work. Confidence: 0.8  
Step 2: One of her well-known documentaries is ""Meeting Gorbachev,"" which features the former Soviet leader Mikhail Gorbachev. Confidence: 0.9  
Step 3: Mikhail Gorbachev is not primarily known for acting in movies, so there likely isn't a feature film he starred in. Confidence: 0.7  
Step 4: However, Gorbachev has appeared in documentaries, like ""Meeting Gorbachev,"" but not in fictional films. Confidence: 0.8  
Final Answer: N/A Confidence: 0.7",N/A,0.28224,0.0,0,0
952,5adc343d55429947ff17390b,"What game has more illustrators, Colt Express or Kill Doctor Lucky?",Colt Express,comparison,medium,"Step 1: Colt Express is a board game designed by Christophe Raimbault and published in 2014. Confidence: 0.9
Step 2: Kill Doctor Lucky is a board game designed by James Ernest and published in 1996. Confidence: 0.9
Step 3: Colt Express has illustrations by Jordi Valbuena, Ian Parovel, and Piotr Socha. Confidence: 0.8
Step 4: Kill Doctor Lucky has illustrations by James Ernest and Paul Peterson. Confidence: 0.8
Final Answer: Colt Express Confidence: 0.85",Colt Express,0.44064000000000003,1.0,1,1
953,5a89f31255429970aeb701a4,"What fungus, which is widely distributed across the Northern Hemisphere is related to the fungus Bloetus austroedulis?",Boletus edulis,bridge,medium,"Step 1: The question asks for a fungus related to Bloetus austroedulis that is widely distributed in the Northern Hemisphere. Confidence: 0.9
Step 2: Bloetus austroedulis is part of the genus Bloetus, which is closely related to the genus Boletus. Confidence: 0.8
Step 3: Boletus edulis, commonly known as the porcini mushroom, is a widely distributed fungus in the Northern Hemisphere. Confidence: 0.9
Final Answer: Boletus edulis Confidence: 0.85",Boletus edulis,0.5508000000000001,1.0,1,1
954,5ade0e8155429975fa854e25,Who created the TV series in which Isaac Dumford has the role of Cory Schluter ?,J. J. Johnson.,bridge,medium,"Step 1: Identify who Isaac Dumford is. Confidence: 0.3  
Step 2: Assume Isaac Dumford is an actor playing the role of Cory Schluter. Confidence: 0.5  
Step 3: Search for TV series where a character named Cory Schluter appears. Confidence: 0.2  
Step 4: The name ""Cory Schluter"" might be a misspelling or a very obscure character. Confidence: 0.1  
Step 5: The name ""Isaac Dumford"" might actually be John Francis Daley, who co-created ""Freaks and Geeks,"" where a character named Cory Schluter could be a very minor or misremembered role. Confidence: 0.1  

Final Answer: John Francis Daley Confidence: 0.1",John Francis Daley,3.0000000000000004e-05,0.0,0,0
955,5a824ee855429940e5e1a83f,"El Retiro is a historic site in Lake Wales, Florida, that since 1970 has been part of a national historic landmark that consists of how many acres of garden?",250,bridge,medium,"Step 1: El Retiro is a historic site in Lake Wales, Florida. Confidence: 1.0  
Step 2: Since 1970, it has been part of a national historic landmark. Confidence: 1.0  
Step 3: The national historic landmark it is part of is the Bok Tower Gardens. Confidence: 0.9  
Step 4: Bok Tower Gardens consists of roughly 250 acres. Confidence: 0.8  
Final Answer: 250 Confidence: 0.8",250,0.5760000000000001,1.0,1,1
956,5a72f6915542992359bc31ed,Grealeaf is a television series exexutive produced by the queen of what?,All Media,bridge,hard,"Step 1: I need to identify who or what ""Grealeaf"" is, as it might be a misspelling. Confidence: 0.8  
Step 2: ""Grealeaf"" is likely a misspelling of ""Greenleaf,"" a television series. Confidence: 0.9  
Step 3: ""Greenleaf"" is a drama series executive produced by Oprah Winfrey. Confidence: 0.9  
Step 4: Oprah Winfrey is often referred to as the ""Queen of All Media."" Confidence: 0.85  
Final Answer: All Media Confidence: 0.8",All Media,0.4406400000000001,1.0,1,1
957,5a806e9d5542996402f6a50e,"What was a secret program of the Joint Intelligence Objectives Agency, that was connected to a German scientist who's field of expertise was guided missiles?",Operation Paperclip,bridge,easy,"Step 1: The Joint Intelligence Objectives Agency (JIOA) was involved in Operation Paperclip, which aimed to recruit German scientists after WWII. Confidence: 0.9  
Step 2: One notable German scientist involved in guided missile research was Wernher von Braun. Confidence: 0.9  
Final Answer: Operation Paperclip Confidence: 0.85",Operation Paperclip,0.6885,1.0,1,1
958,5ae758c65542991e8301cc68,The winner of America's Got Talent wins the chance to headline a show on a strip of land that is approximately how many miles long?,4.2,bridge,medium,"Step 1: The winner of America's Got Talent headlines a show in Las Vegas. Confidence: 0.9  
Step 2: The strip in Las Vegas is famous for its concentration of hotels and casinos. Confidence: 0.9  
Step 3: The Las Vegas Strip is approximately 4.2 miles long. Confidence: 0.8  
Final Answer: 4.2 Confidence: 0.8",4.2,0.5184000000000001,1.0,1,1
959,5a7e0a3e5542995f4f4023bd,In what year was the notorious troublemaker captured by the 2007–08 U.C. Sampdoria team born?,1982,bridge,medium,"Step 1: Identify ""the notorious troublemaker"" associated with the 2007–08 U.C. Sampdoria team. Confidence: 0.8  
Step 2: The most notorious troublemaker linked to Sampdoria during that period is likely Antonio Cassano. Confidence: 0.7  
Step 3: Determine Antonio Cassano's birth year, which is 1982. Confidence: 0.9  

Final Answer: 1982 Confidence: 0.8",1982,0.4032,1.0,1,1
960,5adfc53b55429906c02daa33,"Lakeshore General Hospital is located in the 2nd-most populous province in Canada, which is?",Quebec,bridge,easy,"Step 1: Lakeshore General Hospital is known to be located in the province of Quebec. Confidence: 0.9  
Step 2: The most populous province in Canada is Ontario. Confidence: 0.95  
Final Answer: Quebec Confidence: 0.85",Quebec,0.72675,1.0,1,1
961,5ab9cc6f55429955dce3ed85,What CD music retailer operates in the most densely populated borough of New York City?,Other Music,bridge,medium,"Step 1: The most densely populated borough of New York City is Manhattan. Confidence: 0.9  
Step 2: A well-known CD music retailer that operates in Manhattan is Tower Records. Confidence: 0.8  
Final Answer: Tower Records Confidence: 0.7",Tower Records,0.504,0.0,0,0
962,5add8b905542992200553b4e,Where did the actor who plays Ross Geller attend college?,Northwestern University,bridge,medium,"Step 1: Ross Geller is a character in the TV show ""Friends"". Confidence: 1.0
Step 2: The actor who plays Ross Geller is David Schwimmer. Confidence: 1.0
Step 3: David Schwimmer attended Northwestern University. Confidence: 1.0
Final Answer: Northwestern University Confidence: 1.0",Northwestern University,1.0,1.0,1,1
963,5a8d9f8d554299441c6ba01a,Are Pingdingshan and Huadu District both located in China?,yes,comparison,medium,"Step 1: Pingdingshan is a city in Henan Province, China. Confidence: 0.9
Step 2: Huadu District is a district of Guangzhou, which is a city in Guangdong Province, China. Confidence: 0.9
Final Answer: yes Confidence: 0.9",yes,0.7290000000000001,1.0,1,1
964,5a90bf715542995651fb51d8,"In November 2006, Ivan Foster challenged a politician that was born in what year ?",1926,bridge,medium,"Step 1: Ivan Foster is a Northern Irish politician and former Moderator of the Free Presbyterian Church of Ulster. Confidence: 0.9  
Step 2: In November 2006, Ivan Foster challenged then-Prime Minister Tony Blair over the St Andrews Agreement. Confidence: 0.8  
Step 3: Tony Blair was born on May 6, 1953. Confidence: 0.95  
Final Answer: 1953 Confidence: 0.85",1953,0.5814,0.0,0,0
965,5abc327c55429959677d6a3d,"The American actress, who made her acting debut in the 2009 film ""Precious"" and also starred in American Horror Story: Hotel, the fifth season of the anthology television series ""American Horror Story"" also starred in the Showtime series ""The Big C"" from when to when?",2010 to 2013,bridge,easy,"Step 1: The American actress described is Gabourey Sidibe, who debuted in ""Precious"" (2009) and starred in ""American Horror Story: Hotel."" Confidence: 0.9  
Step 2: Gabourey Sidibe appeared in ""The Big C"" as Andrea Jackson. Confidence: 0.8  
Step 3: ""The Big C"" aired on Showtime from August 16, 2010, to May 20, 2013. Confidence: 0.9  
Final Answer: 2010 to 2013 Confidence: 0.8",2010 to 2013,0.5184000000000001,1.0,1,1
966,5addcfb15542990dbb2f7e8e,In which country is the Dreieckiger Pfahl and the former Kingdom of Hanover?,Germany,bridge,medium,"Step 1: The Dreieckiger Pfahl is a boundary marker located in Germany. Confidence: 0.8
Step 2: The former Kingdom of Hanover was a historical state in what is now modern-day Germany. Confidence: 0.9
Final Answer: Germany Confidence: 0.85",Germany,0.6120000000000001,1.0,1,1
967,5ae4ab4e55429970de88d9fe,Which 2006 British fictional drama film did Peter Morgan wrote ,The Queen,bridge,hard,"Step 1: Peter Morgan is a screenwriter known for his work on films about British royalty and politics. Confidence: 0.9  
Step 2: In 2006, a notable British fictional drama film written by Peter Morgan is ""The Queen."" Confidence: 0.8  
Final Answer: The Queen Confidence: 0.85",The Queen,0.6120000000000001,1.0,1,1
968,5aba985e554299232ef4a35a,The 2006 FIFA World Cup Final featured a headbutt of which future manager of Chennaiyin?,Marco Materazzi,bridge,medium,"Step 1: The 2006 FIFA World Cup Final was between France and Italy. Confidence: 1.0
Step 2: The infamous headbutt in the final was committed by French player Zinedine Zidane against Marco Materazzi. Confidence: 1.0
Step 3: Marco Materazzi later became a manager in Indian Super League. Confidence: 0.9
Step 4: Marco Materazzi managed Chennaiyin FC in the Indian Super League. Confidence: 0.8
Final Answer: Marco Materazzi Confidence: 0.8",Marco Materazzi,0.5760000000000001,1.0,1,1
969,5abc5572554299700f9d7872,Marcia A. Karrow succeeded the congressman who has served his district in the US House since what year?,2009,bridge,medium,"Step 1: First, identify Marcia A. Karrow's connection to the US House of Representatives. Confidence: 0.8
Step 2: Determine the congressman whom Marcia A. Karrow succeeded. Confidence: 0.7
Step 3: Find out the year the identified congressman first began serving in the US House. Confidence: 0.6
Final Answer: 2009 Confidence: 0.5",2009,0.16799999999999998,1.0,1,1
970,5abcebd6554299114383a196,In what war did Werner Schröer and Hans-Joachim Marseille fly?,World War II,bridge,medium,"Step 1: Werner Schröer and Hans-Joachim Marseille were German fighter pilots. Confidence: 0.9  
Step 2: German fighter pilots were active during World War II. Confidence: 0.95  
Final Answer: World War II Confidence: 0.95",World War II,0.8122499999999999,1.0,1,1
971,5ae1e6205542997f29b3c183,The National Education Goals Panel discontinued their reports by the Act that reauthorized which piece of legislation?,Elementary and Secondary Education Act,bridge,medium,"Step 1: The National Education Goals Panel was involved in monitoring progress toward national education goals. Confidence: 0.8
Step 2: The panel was discontinued as part of a reauthorization act that affected education-related legislation. Confidence: 0.7
Step 3: The Elementary and Secondary Education Act (ESEA) is a major piece of education legislation that has been reauthorized multiple times. Confidence: 0.8
Step 4: The panel's discontinuation likely occurred during a reauthorization of the ESEA. Confidence: 0.6
Final Answer: Elementary and Secondary Education Act Confidence: 0.6",Elementary and Secondary Education Act,0.16127999999999998,1.0,1,1
972,5a8e207955429917b4a5bd3c,Since when has the dish required to be made in the first round of Time Machine Chefs been prepared?,the imperial era,bridge,medium,"Step 1: Time Machine Chefs is a cooking competition show where chefs prepare historical dishes. Confidence: 0.8  
Step 2: The first round typically involves preparing a dish from a specific historical period. Confidence: 0.7  
Step 3: The show's premise suggests that the dish must be from a time before the show's airing. Confidence: 0.6  
Step 4: Without specific information about the exact dish or historical period, it's impossible to determine the exact year. Confidence: 0.5  

Final Answer: Unknown Confidence: 0.5",Unknown,0.08399999999999999,0.0,0,0
973,5abb09a45542996cc5e49f69,LinkBike has a station at the largest mall in what Malaysian city?,Penang,bridge,medium,"Step 1: LinkBike is a bike-sharing service in Malaysia. Confidence: 0.9  
Step 2: The largest mall in Malaysia is the 1 Utama Shopping Centre. Confidence: 0.8  
Step 3: The 1 Utama Shopping Centre is located in Petaling Jaya. Confidence: 0.8  
Final Answer: Petaling Jaya Confidence: 0.7",Petaling Jaya,0.4032,0.0,0,0
974,5a8b821b5542997f31a41d55,at what age did Vivienne Haigh-Wood Eliot's husband renounce his American citizenship?,39,bridge,medium,"Step 1: Vivienne Haigh-Wood Eliot's husband was the famous poet T.S. Eliot. Confidence: 0.9
Step 2: T.S. Eliot was born on September 26, 1888. Confidence: 0.9
Step 3: T.S. Eliot renounced his American citizenship in 1927. Confidence: 0.8
Step 4: To calculate his age in 1927, subtract his birth year (1888) from the year he renounced his citizenship (1927). Confidence: 0.9
Final Answer: 39 Confidence: 0.8",39,0.46656000000000014,1.0,1,1
975,5ade49ed5542997c77adedd3,"The raid of the Po Valley in 203 BC was the culmination of a major war, carried out by the Carthaginian commander Mago, son of Hamilcar Barca, at the end of the Second Punic war between Rome and which location, that was a Phoenician city-state, during the 7th to 3rd centuries BC?",Carthage,bridge,easy,"Step 1: The Second Punic War was fought between Rome and Carthage. Confidence: 0.9
Step 2: Mago, son of Hamilcar Barca, was a Carthaginian commander. Confidence: 0.9
Step 3: Carthage was a Phoenician city-state during the 7th to 3rd centuries BC. Confidence: 0.9
Final Answer: Carthage Confidence: 0.9",Carthage,0.6561000000000001,1.0,1,1
976,5abc457f55429959677d6a6e,Shin Eun-kyung is best known for her leading role in a South Korean film about a female gang boss who needs to get married to fulfill what?,her dying sister's wishes,bridge,medium,"Step 1: Shin Eun-kyung is a South Korean actress known for her roles in comedy and action films. Confidence: 0.8  
Step 2: One of her most famous films is ""My Wife is a Gangster"" (2001), where she plays a female gang boss. Confidence: 0.9  
Step 3: In ""My Wife is a Gangster,"" the protagonist needs to get married to fulfill her dying sister's wish. Confidence: 0.85  
Final Answer: her dying sister's wish Confidence: 0.85",her dying sister's wish,0.5202000000000001,0.75,0,1
977,5add07eb5542990d50227d9c,Are Samira Makhmalbaf 's father and Alfred Hitchcock both directors ?,yes,comparison,medium,"Step 1: Samira Makhmalbaf is an Iranian filmmaker. Confidence: 0.9  
Step 2: Samira Makhmalbaf's father is Mohsen Makhmalbaf, also a renowned Iranian filmmaker. Confidence: 0.9  
Step 3: Alfred Hitchcock is a famous British-American film director. Confidence: 1.0  
Final Answer: yes Confidence: 0.8",yes,0.6480000000000001,1.0,1,1
978,5ae227b65542996483e6490b,"A Nightmare on Elm Street 3: Dream Warriors is a 1987 American slasher film, the film stars which American actor, playwright, director and producer, best known for playing Morpheus in ""The Matrix trilogy""?",Larry Fishburne,bridge,easy,"Step 1: The question asks about an actor known for playing Morpheus in ""The Matrix trilogy."" Confidence: 1.0  
Step 2: The actor who played Morpheus in ""The Matrix trilogy"" is Laurence Fishburne. Confidence: 1.0  
Step 3: We need to verify if Laurence Fishburne starred in ""A Nightmare on Elm Street 3: Dream Warriors."" Confidence: 0.8  
Step 4: Laurence Fishburne did indeed appear in ""A Nightmare on Elm Street 3: Dream Warriors"" as Max. Confidence: 0.9  

Final Answer: Laurence Fishburne Confidence: 0.9",Laurence Fishburne,0.6480000000000001,0.5,0,1
979,5abff4425542997ec76fd481,"This is a list of NFL Draft selections by the Indianapolis Colts, the first draft that the current incarnation of the Colts franchise participated in was 1953, in which they made which gridiron football player, of Oklahoma their first ever selection?",Billy Dale Vessels,bridge,easy,"Step 1: The current incarnation of the Indianapolis Colts franchise began in 1953 when they were still the Baltimore Colts. Confidence: 0.9  
Step 2: The Colts' first pick in the 1953 NFL Draft was the first overall selection. Confidence: 0.8  
Step 3: The first overall pick in the 1953 NFL Draft was a player from the University of Oklahoma. Confidence: 0.7  
Step 4: The player from Oklahoma selected first overall in the 1953 NFL Draft was quarterback Harry Babcock. Confidence: 0.6  
Final Answer: Harry Babcock Confidence: 0.6",Harry Babcock,0.18144,0.0,0,0
980,5a8c993b5542995e66a47636,"Does The Island at the Top of the World have more computer animated characters than Monsters, Inc.?",no,comparison,medium,"Step 1: ""The Island at the Top of the World"" is a live-action film released in 1974, which predates widespread use of computer animation. Confidence: 0.9  
Step 2: ""Monsters, Inc."" is a fully computer-animated film released in 2001 by Pixar. Confidence: 0.95  
Step 3: Since ""The Island at the Top of the World"" is live-action, it likely has minimal to no computer-animated characters. Confidence: 0.85  
Step 4: ""Monsters, Inc."" has a large cast of entirely computer-animated characters. Confidence: 0.95  
Final Answer: No Confidence: 0.95",No,0.6558918749999999,1.0,1,1
981,5ae1157e55429920d52342c5,Are the genus Chasmanthium and Cosmos both members of the sunflower family,no,comparison,medium,"Step 1: The sunflower family is scientifically known as Asteraceae. Confidence: 0.9
Step 2: Chasmanthium is a genus of grasses, which belong to the Poaceae family, not Asteraceae. Confidence: 0.8
Step 3: Cosmos is a genus of flowering plants and is a member of the Asteraceae family. Confidence: 0.9
Final Answer: no Confidence: 0.8",no,0.5184000000000001,1.0,1,1
982,5ae3279b5542990afbd1e0b7,What song by Jessi Colter did Erika Jo sing?,"""I'm Not Lisa""",bridge,medium,"Step 1: Identify Jessi Colter's famous songs. Confidence: 0.8  
Step 2: ""I'm Not Lisa"" is one of Jessi Colter's most well-known songs. Confidence: 0.9  
Step 3: Erika Jo is a country singer who has performed covers of classic country songs. Confidence: 0.7  
Step 4: Search for evidence of Erika Jo performing Jessi Colter's songs. Confidence: 0.6  
Final Answer: I'm Not Lisa Confidence: 0.7",I'm Not Lisa,0.21167999999999998,1.0,1,1
983,5ae331de55429928c423966d,The Anna Louise Inn is a contributing building to which Cincinnati historic district?,Lytle Park Historic District,bridge,medium,"Step 1: The Anna Louise Inn is a historic building located in Cincinnati, Ohio. Confidence: 0.9  
Step 2: The Anna Louise Inn is affiliated with the Lytle Park neighborhood in Cincinnati. Confidence: 0.8  
Step 3: The Lytle Park neighborhood includes the Lytle Park Historic District, which is a recognized historic district. Confidence: 0.7  
Final Answer: Lytle Park Historic District Confidence: 0.7",Lytle Park Historic District,0.3528,1.0,1,1
984,5a81e76c554299676cceb14e," In the 2012–13 season, Sion competes in the Swiss Super League and the Swiss Cup, in the summer transfer window, they brought in Italian World Cup winner, Gennaro Ivan ""Rino"" Gattuso, an Italian football manager in charge of which organization, and a former footballer?",A.C. Milan Primavera,bridge,easy,"Step 1: Gennaro Ivan ""Rino"" Gattuso is a former Italian footballer known for his aggressive playing style. Confidence: 0.95  
Step 2: Gattuso later became a football manager after retiring as a player. Confidence: 0.95  
Step 3: He managed several clubs, including Napoli, AC Milan, and Valencia. Confidence: 0.90  
Step 4: As of the latest information, Gattuso is the manager of Olympique de Marseille. Confidence: 0.85  

Final Answer: Olympique de Marseille Confidence: 0.85",Olympique de Marseille,0.586850625,0.0,0,0
985,5ac1645a5542994d76dcce08,Who created the series in which Gary Cole voiced the title character? ,Michael Ouweleen and Erik Richter,bridge,medium,"Step 1: Gary Cole is a voice actor known for several roles, including his work in animated series. Confidence: 0.9
Step 2: One of Gary Cole's most notable voice roles is as the title character in ""Harvey Birdman, Attorney at Law."" Confidence: 0.8
Step 3: ""Harvey Birdman, Attorney at Law"" was created by Michael Ouweleen and Erik Richter. Confidence: 0.8
Final Answer: Michael Ouweleen and Erik Richter Confidence: 0.8",Michael Ouweleen and Erik Richter,0.4608000000000001,1.0,1,1
986,5a83a500554299123d8c2180,"Godric is a novel published in 1981, written by Frederick Buechner, that tells the semi-fictionalised life story of medieval Catholic unofficial saint, or Saint Goderic, c. 1065 – 21 May 1170, was an English hermit, merchant and popular medieval saint, although he was never formally canonised?",Godric of Finchale,bridge,easy,"Step 1: The question provides details about the novel ""Godric"" written by Frederick Buechner in 1981. Confidence: 1.0
Step 2: The novel tells the semi-fictionalized life story of Saint Goderic, an English hermit and merchant from the medieval period. Confidence: 1.0
Step 3: Saint Goderic lived approximately from 1065 to 1170. Confidence: 1.0
Step 4: Saint Goderic was a popular medieval saint but was never formally canonized. Confidence: 1.0

Final Answer: The question is a statement providing information about the novel ""Godric"" and Saint Goderic. Confidence: 1.0","The question is a statement providing information about the novel ""Godric"" and Saint Goderic.",1.0,0.14285714285714288,0,0
987,5a8ce8e4554299585d9e3762,What state in Somalia does Taleh belong?,Somaliland,bridge,hard,"Step 1: Taleh is a historical town in Somalia known for being the capital of the Dervish State. Confidence: 0.8  
Step 2: The Dervish State was primarily located in the northeastern part of Somalia. Confidence: 0.9  
Step 3: The northeastern part of Somalia corresponds to the modern-day state of Sool. Confidence: 0.7  
Final Answer: Sool Confidence: 0.7",Sool,0.3528,0.0,0,0
988,5abc5bc4554299700f9d7889,The Maine Guides were an American minor league baseball franchise that played in a town with a population at the 2010 census of what?,"8,624",bridge,medium,"Step 1: The Maine Guides were a minor league baseball team that played in the 1980s. Confidence: 0.9  
Step 2: The Maine Guides were based in Old Orchard Beach, Maine. Confidence: 0.8  
Step 3: The population of Old Orchard Beach at the 2010 census was 8,624. Confidence: 0.7  
Final Answer: 8,624 Confidence: 0.7","8,624",0.3528,1.0,1,1
989,5a7523e55542993748c897ca,Who is older Mike Patton or Eric Bazilian?,Eric M. Bazilian,comparison,medium,"Step 1: Mike Patton was born on January 27, 1968. Confidence: 0.95  
Step 2: Eric Bazilian was born on July 21, 1953. Confidence: 0.95  
Final Answer: Eric Bazilian Confidence: 0.99",Eric Bazilian,0.8934749999999999,0.8,0,1
990,5a8d763b554299441c6b9fe9,Francesco Dominici played a role in what Wagner opera that lasts about four and a half hours?,"""Die Meistersinger von Nürnberg""",bridge,medium,"Step 1: Francesco Dominici is an Italian bass-baritone. Confidence: 0.9  
Step 2: Wagner operas known for their length include ""Der Ring des Nibelungen,"" ""Tristan und Isolde,"" and ""Parsifal."" Confidence: 0.8  
Step 3: ""Der Ring des Nibelungen"" is a cycle of four operas, each lasting around 2.5-4.5 hours. Confidence: 0.7  
Step 4: ""Parsifal"" is a standalone Wagner opera that lasts about 4.5 hours. Confidence: 0.8  
Step 5: Francesco Dominici has performed in Wagner's ""Parsifal."" Confidence: 0.6  

Final Answer: Parsifal Confidence: 0.6",Parsifal,0.145152,0.0,0,0
991,5a8f75ee5542997ba9cb3276,Are both  Moist and Plain White T's opera groups?,no,comparison,hard,"Step 1: ""Moist"" is a term associated with a musical group, but it is more commonly known as a rock band rather than an opera group. Confidence: 0.8  
Step 2: ""Plain White T's"" is a well-known pop/rock band, famous for songs like ""Hey There Delilah,"" and not associated with opera. Confidence: 0.9  
Final Answer: No Confidence: 0.85",No,0.6120000000000001,1.0,1,1
992,5a83c6f2554299334474608e,Jeffry Fortes is a Dutch-born professional footballer who currently plays as a defensive midfielder for a football club founded on what date?,23 July 1902,bridge,medium,"Step 1: Jeffry Fortes is a Dutch-born professional footballer who plays as a defensive midfielder. Confidence: 0.9  
Step 2: He currently plays for FC Emmen, a Dutch football club. Confidence: 0.8  
Step 3: FC Emmen was founded on August 21, 1925. Confidence: 0.7  
Final Answer: August 21, 1925 Confidence: 0.7","August 21, 1925",0.3528,0.0,0,0
993,5ae5397655429960a22e0275,Jaina Proudmoore is currently voiced by the voice actress who started out in what roles on Dragon Ball Z?,Kid Trunks and Kid Dende,bridge,medium,"Step 1: Jaina Proudmoore is a character in World of Warcraft. Confidence: 0.9  
Step 2: The current voice actress for Jaina Proudmoore is Laura Bailey. Confidence: 0.8  
Step 3: Laura Bailey started her voice acting career with roles in Dragon Ball Z. Confidence: 0.7  
Step 4: On Dragon Ball Z, Laura Bailey voiced Kid Trunks and other minor roles. Confidence: 0.6  
Final Answer: Kid Trunks Confidence: 0.6",Kid Trunks,0.18144,0.5714285714285715,0,0
994,5a7cfbe955429907fabef088,When was the national park Mount Le Conte is located in chartered by Congress?,1934,bridge,hard,"Step 1: Mount Le Conte is located in the Great Smoky Mountains National Park. Confidence: 0.9  
Step 2: The Great Smoky Mountains National Park was established by Congress in 1934. Confidence: 0.8  
Final Answer: 1934 Confidence: 0.8",1934,0.5760000000000001,1.0,1,1
995,5a7f8a675542992097ad2f98,"Which school has undergone more name changes, Kettering University or The College of New Jersey?",The College of New Jersey,comparison,medium,"Step 1: Kettering University was formerly known as General Motors Institute (GMI). Confidence: 0.9
Step 2: The College of New Jersey was previously known as Trenton State College. Confidence: 0.9
Step 3: Kettering University has had one name change—from General Motors Institute to Kettering University. Confidence: 0.8
Step 4: The College of New Jersey has had one name change—from Trenton State College to The College of New Jersey. Confidence: 0.8
Final Answer: Neither (both have the same number of name changes) Confidence: 0.7",Neither (both have the same number of name changes),0.36288000000000004,0.16666666666666666,0,0
996,5a77af405542992a6e59df84,"The 2022 FIFA World Cup will be held in Qatar, what is the next quadrennial international men's football championship called that will take place in 2026?",23rd FIFA World Cup,bridge,easy,"Step 1: The 2022 FIFA World Cup is held in Qatar. Confidence: 1.0
Step 2: The next quadrennial championship after 2022 would be in 2026. Confidence: 1.0
Step 3: The international men's football championship held every four years is called the FIFA World Cup. Confidence: 1.0
Final Answer: 2026 FIFA World Cup Confidence: 1.0",2026 FIFA World Cup,1.0,0.75,0,1
997,5a78b93d55429974737f7863,"What theme park has a land area of 25 ha, which is home to a flight motion simulation attraction?",Enchanted Kingdom,bridge,medium,"Step 1: First, identify that 25 ha (hectares) is a significant land area for a theme park. Confidence: 0.9
Step 2: Flight motion simulation attractions are often found in major theme parks like Disney or Universal. Confidence: 0.8
Step 3: Disney theme parks often have lands dedicated to specific themes. Confidence: 0.85
Step 4: Disney's Pandora - The World of Avatar in Disney's Animal Kingdom is around 25 hectares and features a flight simulation attraction called ""Avatar Flight of Passage."" Confidence: 0.75
Final Answer: Pandora - The World of Avatar Confidence: 0.75",Pandora - The World of Avatar,0.34425000000000006,0.0,0,0
998,5a79098355429970f5fffe2a,"Q: Who is older, Wayne Black or Byron Black?",Byron Black,comparison,medium,"Step 1: Wayne Black and Byron Black are both professional tennis players from Zimbabwe. Confidence: 0.9
Step 2: Byron Black was born on October 6, 1969. Confidence: 0.8
Step 3: Wayne Black was born on November 17, 1973. Confidence: 0.8
Final Answer: Byron Black Confidence: 0.8",Byron Black,0.4608000000000001,1.0,1,1
999,5a7cb12f5542996dd594b98a,What audience were Young Woman's Journal and the publication published by Naj for?,women,comparison,easy,"Step 1: Young Woman's Journal was a periodical published by The Church of Jesus Christ of Latter-day Saints (LDS Church) beginning in the late 19th century. Confidence: 0.9
Step 2: The Young Woman's Journal was specifically targeted at young women within the LDS Church, providing religious and moral instruction. Confidence: 0.8
Step 3: ""Naj"" likely refers to the magazine ""al-Najah,"" which is an Arabic publication. Confidence: 0.7
Step 4: ""al-Najah"" was aimed at young Muslim women, focusing on religious and social topics relevant to them. Confidence: 0.7
Final Answer: LDS young women and Muslim young women Confidence: 0.7",LDS young women and Muslim young women,0.24695999999999999,0.25,0,0
